scene,net,sta,cha,sps,lat,lon,name,rms_um,peak_um,above_floor
CAPELLA_C02_SP_CPHD_HH_20210122225353_20210122225418,AM,R5791,EHZ,100.0,40.873873873873876,-73.96025745354171,Raspberry Shake Citizen Science Station,0.2057,0.4307,0
CAPELLA_C02_SS_CPHD_HH_20210129163354_20210129163410,TX,FW01,HH1,100.0,32.684047,-96.87833,Dallas Executive Airport,0.2693,0.571,0
CAPELLA_C02_SS_CPHD_HH_20210129163354_20210129163410,TX,FW01,HH2,100.0,32.684047,-96.87833,Dallas Executive Airport,0.3908,1.1738,0
CAPELLA_C02_SS_CPHD_HH_20210129163354_20210129163410,TX,FW01,HHZ,100.0,32.684047,-96.87833,Dallas Executive Airport,0.2952,0.6171,0
CAPELLA_C02_SS_CPHD_HH_20210129163354_20210129163410,TX,FW01,HN1,200.0,32.684047,-96.87833,Dallas Executive Airport,0.0082,0.031,0
CAPELLA_C02_SS_CPHD_HH_20210129163354_20210129163410,TX,FW01,HN2,200.0,32.684047,-96.87833,Dallas Executive Airport,0.0078,0.0263,0
CAPELLA_C02_SS_CPHD_HH_20210129163354_20210129163410,TX,FW01,HNZ,200.0,32.684047,-96.87833,Dallas Executive Airport,0.0147,0.0504,0
CAPELLA_C05_SP_CPHD_HH_20211020065906_20211020065928,Z2,HASL,HHE,200.0,18.3845,-73.415,L'Asile,0.3159,0.8513,0
CAPELLA_C05_SP_CPHD_HH_20211020065906_20211020065928,Z2,HASL,HHN,200.0,18.3845,-73.415,L'Asile,0.3825,0.9513,0
CAPELLA_C05_SP_CPHD_HH_20211020065906_20211020065928,Z2,HASL,HHZ,200.0,18.3845,-73.415,L'Asile,0.119,0.3149,0
CAPELLA_C02_SP_CPHD_HH_20210212074546_20210212074612,FR,CURIE,HHE,100.0,48.8445,2.3558,bâtiment Curie,1.3611,3.1287,0
CAPELLA_C02_SP_CPHD_HH_20210212074546_20210212074612,FR,CURIE,HHN,100.0,48.8445,2.3558,bâtiment Curie,2.476,5.8448,0
CAPELLA_C02_SP_CPHD_HH_20210212074546_20210212074612,FR,CURIE,HHZ,100.0,48.8445,2.3558,bâtiment Curie,1.0998,2.4913,0
CAPELLA_C02_SP_CPHD_HH_20210310215642_20210310215708,IV,VENL,HNE,100.0,45.4167,12.3765,Venezia Lido,0.0871,0.3537,0
CAPELLA_C02_SP_CPHD_HH_20210310215642_20210310215708,IV,VENL,HNN,100.0,45.4167,12.3765,Venezia Lido,0.0992,0.322,0
CAPELLA_C02_SP_CPHD_HH_20210310215642_20210310215708,IV,VENL,HNZ,100.0,45.4167,12.3765,Venezia Lido,0.1506,0.5293,0
CAPELLA_C03_SP_CPHD_HH_20210918105851_20210918105915,ES,CDLV,HHE,100.0,29.16311,-13.44389,"Haria (Lanzarote),Spain",0.2606,0.6422,0
CAPELLA_C03_SP_CPHD_HH_20210918105851_20210918105915,ES,CDLV,HHN,100.0,29.16311,-13.44389,"Haria (Lanzarote),Spain",0.1601,0.4759,0
CAPELLA_C03_SP_CPHD_HH_20210918105851_20210918105915,ES,CDLV,HHZ,100.0,29.16311,-13.44389,"Haria (Lanzarote),Spain",0.2627,0.6863,0
CAPELLA_C06_SS_CPHD_HH_20210923045403_20210923045419,ES,EXILP,HNE,200.0,28.66082,-17.912222,"Los Llanos de Aridane - La Palma,Spain",0.6799,2.1201,0
CAPELLA_C06_SS_CPHD_HH_20210923045403_20210923045419,ES,EXILP,HNN,200.0,28.66082,-17.912222,"Los Llanos de Aridane - La Palma,Spain",0.6413,1.9074,0
CAPELLA_C06_SS_CPHD_HH_20210923045403_20210923045419,ES,EXILP,HNZ,200.0,28.66082,-17.912222,"Los Llanos de Aridane - La Palma,Spain",0.3346,1.0791,0
CAPELLA_C03_SP_CPHD_HH_20210924111937_20210924112002,ES,CENR,HHE,100.0,28.62581,-17.84609,"El Paso (La Palma),Spain",5.8657,21.5717,1
CAPELLA_C03_SP_CPHD_HH_20210924111937_20210924112002,ES,CENR,HHN,100.0,28.62581,-17.84609,"El Paso (La Palma),Spain",5.2313,19.148,0
CAPELLA_C03_SP_CPHD_HH_20210924111937_20210924112002,ES,CENR,HHZ,100.0,28.62581,-17.84609,"El Paso (La Palma),Spain",3.4779,12.3258,0
CAPELLA_C06_SP_CPHD_HH_20210926185511_20210926185538,ES,CENR,HHE,100.0,28.62581,-17.84609,"El Paso (La Palma),Spain",5.1393,15.9952,0
CAPELLA_C06_SP_CPHD_HH_20210926185511_20210926185538,ES,CENR,HHN,100.0,28.62581,-17.84609,"El Paso (La Palma),Spain",4.2986,15.9122,0
CAPELLA_C06_SP_CPHD_HH_20210926185511_20210926185538,ES,CENR,HHZ,100.0,28.62581,-17.84609,"El Paso (La Palma),Spain",2.9689,9.1418,0
CAPELLA_C05_SP_CPHD_HH_20210929031840_20210929031905,ES,CENR,HHE,100.0,28.62581,-17.84609,"El Paso (La Palma),Spain",1.9979,6.0531,0
CAPELLA_C05_SP_CPHD_HH_20210929031840_20210929031905,ES,CENR,HHN,100.0,28.62581,-17.84609,"El Paso (La Palma),Spain",2.0054,5.7143,0
CAPELLA_C05_SP_CPHD_HH_20210929031840_20210929031905,ES,CENR,HHZ,100.0,28.62581,-17.84609,"El Paso (La Palma),Spain",1.1703,4.2315,0
CAPELLA_C02_SP_CPHD_HH_20220112174811_20220112174835,AM,R349C,EHZ,100.0,44.03603603603604,-123.06843625304975,Raspberry Shake Citizen Science Station,1.0078,3.2145,0
CAPELLA_C02_SP_CPHD_HH_20220112174811_20220112174835,AM,R349C,ENE,100.0,44.03603603603604,-123.06843625304975,Raspberry Shake Citizen Science Station,21.9299,56.0964,1
CAPELLA_C02_SP_CPHD_HH_20220112174811_20220112174835,AM,R349C,ENN,100.0,44.03603603603604,-123.06843625304975,Raspberry Shake Citizen Science Station,20.2979,56.3331,1
CAPELLA_C02_SP_CPHD_HH_20220112174811_20220112174835,AM,R349C,ENZ,100.0,44.03603603603604,-123.06843625304975,Raspberry Shake Citizen Science Station,18.518,49.6917,1
CAPELLA_C02_SP_CPHD_HH_20220210054325_20220210054349,AM,R349C,EHZ,100.0,44.03603603603604,-123.06843625304975,Raspberry Shake Citizen Science Station,1.1441,3.5516,0
CAPELLA_C02_SP_CPHD_HH_20220210054325_20220210054349,AM,R349C,ENE,100.0,44.03603603603604,-123.06843625304975,Raspberry Shake Citizen Science Station,22.3712,82.6362,1
CAPELLA_C02_SP_CPHD_HH_20220210054325_20220210054349,AM,R349C,ENN,100.0,44.03603603603604,-123.06843625304975,Raspberry Shake Citizen Science Station,22.5558,70.3423,1
CAPELLA_C02_SP_CPHD_HH_20220210054325_20220210054349,AM,R349C,ENZ,100.0,44.03603603603604,-123.06843625304975,Raspberry Shake Citizen Science Station,22.7515,62.202,1
CAPELLA_C05_SP_CPHD_HH_20220226093242_20220226093305,AM,R349C,EHZ,100.0,44.03603603603604,-123.06843625304975,Raspberry Shake Citizen Science Station,1.1166,3.0718,0
CAPELLA_C05_SP_CPHD_HH_20220226093242_20220226093305,AM,R349C,ENE,100.0,44.03603603603604,-123.06843625304975,Raspberry Shake Citizen Science Station,27.7007,75.2912,1
CAPELLA_C05_SP_CPHD_HH_20220226093242_20220226093305,AM,R349C,ENN,100.0,44.03603603603604,-123.06843625304975,Raspberry Shake Citizen Science Station,23.0591,66.2241,1
CAPELLA_C05_SP_CPHD_HH_20220226093242_20220226093305,AM,R349C,ENZ,100.0,44.03603603603604,-123.06843625304975,Raspberry Shake Citizen Science Station,23.6801,107.2381,1
CAPELLA_C06_SP_CPHD_HH_20220312195320_20220312195347,AM,R349C,EHZ,100.0,44.03603603603604,-123.06843625304975,Raspberry Shake Citizen Science Station,2.6569,9.1656,0
CAPELLA_C06_SP_CPHD_HH_20220312195320_20220312195347,AM,R349C,ENE,100.0,44.03603603603604,-123.06843625304975,Raspberry Shake Citizen Science Station,21.987,62.3172,1
CAPELLA_C06_SP_CPHD_HH_20220312195320_20220312195347,AM,R349C,ENN,100.0,44.03603603603604,-123.06843625304975,Raspberry Shake Citizen Science Station,23.0026,66.213,1
CAPELLA_C06_SP_CPHD_HH_20220312195320_20220312195347,AM,R349C,ENZ,100.0,44.03603603603604,-123.06843625304975,Raspberry Shake Citizen Science Station,20.9027,64.643,1
CAPELLA_C06_SP_CPHD_HH_20220324164025_20220324164043,AM,R349C,EHZ,100.0,44.03603603603604,-123.06843625304975,Raspberry Shake Citizen Science Station,1.0018,2.842,0
CAPELLA_C06_SP_CPHD_HH_20220324164025_20220324164043,AM,R349C,ENE,100.0,44.03603603603604,-123.06843625304975,Raspberry Shake Citizen Science Station,24.5083,76.3533,1
CAPELLA_C06_SP_CPHD_HH_20220324164025_20220324164043,AM,R349C,ENN,100.0,44.03603603603604,-123.06843625304975,Raspberry Shake Citizen Science Station,26.0555,92.2528,1
CAPELLA_C06_SP_CPHD_HH_20220324164025_20220324164043,AM,R349C,ENZ,100.0,44.03603603603604,-123.06843625304975,Raspberry Shake Citizen Science Station,19.8934,68.388,1
CAPELLA_C06_SP_CPHD_HH_20220329150235_20220329150255,AM,R349C,EHZ,100.0,44.03603603603604,-123.06843625304975,Raspberry Shake Citizen Science Station,1.0191,2.8855,0
CAPELLA_C06_SP_CPHD_HH_20220329150235_20220329150255,AM,R349C,ENE,100.0,44.03603603603604,-123.06843625304975,Raspberry Shake Citizen Science Station,25.9608,78.4041,1
CAPELLA_C06_SP_CPHD_HH_20220329150235_20220329150255,AM,R349C,ENN,100.0,44.03603603603604,-123.06843625304975,Raspberry Shake Citizen Science Station,24.1636,79.8848,1
CAPELLA_C06_SP_CPHD_HH_20220329150235_20220329150255,AM,R349C,ENZ,100.0,44.03603603603604,-123.06843625304975,Raspberry Shake Citizen Science Station,23.9867,63.0857,1
CAPELLA_C06_SP_CPHD_HH_20220415032324_20220415032345,AM,R349C,EHZ,100.0,44.03603603603604,-123.06843625304975,Raspberry Shake Citizen Science Station,1.1387,3.5957,0
CAPELLA_C06_SP_CPHD_HH_20220415032324_20220415032345,AM,R349C,ENE,100.0,44.03603603603604,-123.06843625304975,Raspberry Shake Citizen Science Station,29.984,82.5722,1
CAPELLA_C06_SP_CPHD_HH_20220415032324_20220415032345,AM,R349C,ENN,100.0,44.03603603603604,-123.06843625304975,Raspberry Shake Citizen Science Station,23.8192,68.3847,1
CAPELLA_C06_SP_CPHD_HH_20220415032324_20220415032345,AM,R349C,ENZ,100.0,44.03603603603604,-123.06843625304975,Raspberry Shake Citizen Science Station,29.1124,71.697,1
CAPELLA_C06_SP_CPHD_HH_20220421064500_20220421064519,AM,R349C,EHZ,100.0,44.03603603603604,-123.06843625304975,Raspberry Shake Citizen Science Station,1.3697,5.5004,0
CAPELLA_C06_SP_CPHD_HH_20220421064500_20220421064519,AM,R349C,ENE,100.0,44.03603603603604,-123.06843625304975,Raspberry Shake Citizen Science Station,28.3265,86.7313,1
CAPELLA_C06_SP_CPHD_HH_20220421064500_20220421064519,AM,R349C,ENN,100.0,44.03603603603604,-123.06843625304975,Raspberry Shake Citizen Science Station,24.7266,66.6305,1
CAPELLA_C06_SP_CPHD_HH_20220421064500_20220421064519,AM,R349C,ENZ,100.0,44.03603603603604,-123.06843625304975,Raspberry Shake Citizen Science Station,19.7323,64.2995,1
CAPELLA_C06_SP_CPHD_HH_20220407114459_20220407114518,AM,R349C,EHZ,100.0,44.03603603603604,-123.06843625304975,Raspberry Shake Citizen Science Station,1.0029,2.7247,0
CAPELLA_C06_SP_CPHD_HH_20220407114459_20220407114518,AM,R349C,ENE,100.0,44.03603603603604,-123.06843625304975,Raspberry Shake Citizen Science Station,27.6921,77.4549,1
CAPELLA_C06_SP_CPHD_HH_20220407114459_20220407114518,AM,R349C,ENN,100.0,44.03603603603604,-123.06843625304975,Raspberry Shake Citizen Science Station,24.0234,68.0638,1
CAPELLA_C06_SP_CPHD_HH_20220407114459_20220407114518,AM,R349C,ENZ,100.0,44.03603603603604,-123.06843625304975,Raspberry Shake Citizen Science Station,26.4996,82.8608,1
CAPELLA_C09_SP_CPHD_HH_20231119132416_20231119132442,NN,CC12,HNE,200.0,36.1337,-115.1709,Clark County Firehouse 12; ANSS SM w84gm,0.017,0.0792,0
CAPELLA_C09_SP_CPHD_HH_20231119132416_20231119132442,NN,CC12,HNN,200.0,36.1337,-115.1709,Clark County Firehouse 12; ANSS SM w84gm,0.0182,0.0744,0
CAPELLA_C09_SP_CPHD_HH_20231119132416_20231119132442,NN,CC12,HNZ,200.0,36.1337,-115.1709,Clark County Firehouse 12; ANSS SM w84gm,0.0238,0.0829,0
CAPELLA_C09_SP_CPHD_HH_20231119132416_20231119132442,NN,UNVG,HHE,100.0,36.1106,-115.1446,"UNLV greenhouse area, Las Vegas Valley",0.1642,0.4354,0
CAPELLA_C09_SP_CPHD_HH_20231119132416_20231119132442,NN,UNVG,HHN,100.0,36.1106,-115.1446,"UNLV greenhouse area, Las Vegas Valley",0.174,0.4058,0
CAPELLA_C09_SP_CPHD_HH_20231119132416_20231119132442,NN,UNVG,HHZ,100.0,36.1106,-115.1446,"UNLV greenhouse area, Las Vegas Valley",0.1295,0.3688,0
CAPELLA_C09_SP_CPHD_HH_20231119132416_20231119132442,NN,UNVG,HNE,200.0,36.1106,-115.1446,"UNLV greenhouse area, Las Vegas Valley",0.025,0.2132,0
CAPELLA_C09_SP_CPHD_HH_20231119132416_20231119132442,NN,UNVG,HNN,200.0,36.1106,-115.1446,"UNLV greenhouse area, Las Vegas Valley",0.0199,0.1011,0
CAPELLA_C09_SP_CPHD_HH_20231119132416_20231119132442,NN,UNVG,HNZ,200.0,36.1106,-115.1446,"UNLV greenhouse area, Las Vegas Valley",0.0615,0.4485,0
CAPELLA_C09_SP_CPHD_HH_20231119132416_20231119132442,NN,CC12,HNE,200.0,36.133701,-115.170898,Clark County Firehouse 12; ANSS SM w84gm,0.017,0.0792,0
CAPELLA_C09_SP_CPHD_HH_20231119132416_20231119132442,NN,CC12,HNN,200.0,36.133701,-115.170898,Clark County Firehouse 12; ANSS SM w84gm,0.0182,0.0744,0
CAPELLA_C09_SP_CPHD_HH_20231119132416_20231119132442,NN,CC12,HNZ,200.0,36.133701,-115.170898,Clark County Firehouse 12; ANSS SM w84gm,0.0238,0.0829,0
CAPELLA_C09_SP_CPHD_HH_20231119132416_20231119132442,NN,UNVG,HHE,100.0,36.1106,-115.1446,"UNLV greenhouse area, Las Vegas Valley",0.1642,0.4354,0
CAPELLA_C09_SP_CPHD_HH_20231119132416_20231119132442,NN,UNVG,HHN,100.0,36.1106,-115.1446,"UNLV greenhouse area, Las Vegas Valley",0.174,0.4058,0
CAPELLA_C09_SP_CPHD_HH_20231119132416_20231119132442,NN,UNVG,HHZ,100.0,36.1106,-115.1446,"UNLV greenhouse area, Las Vegas Valley",0.1295,0.3688,0
CAPELLA_C09_SP_CPHD_HH_20231119132416_20231119132442,NN,UNVG,HNE,200.0,36.1106,-115.1446,"UNLV greenhouse area, Las Vegas Valley",0.025,0.2132,0
CAPELLA_C09_SP_CPHD_HH_20231119132416_20231119132442,NN,UNVG,HNN,200.0,36.1106,-115.1446,"UNLV greenhouse area, Las Vegas Valley",0.0199,0.1011,0
CAPELLA_C09_SP_CPHD_HH_20231119132416_20231119132442,NN,UNVG,HNZ,200.0,36.1106,-115.1446,"UNLV greenhouse area, Las Vegas Valley",0.0615,0.4485,0
CAPELLA_C13_SP_CPHD_HH_20241001184147_20241001184220,1I,MH36,EHE,250.0,45.980278,7.670195,"Zermatt, Position 36, VS",0.0143,0.0358,0
CAPELLA_C13_SP_CPHD_HH_20241001184147_20241001184220,1I,MH36,EHN,250.0,45.980278,7.670195,"Zermatt, Position 36, VS",0.0172,0.045,0
CAPELLA_C13_SP_CPHD_HH_20241001184147_20241001184220,1I,MH36,EHZ,250.0,45.980278,7.670195,"Zermatt, Position 36, VS",0.0164,0.0649,0
CAPELLA_C13_SP_CPHD_HH_20241001184147_20241001184220,1I,MH44,EHE,250.0,45.981289,7.671071,"Zermatt, Position 44, VS",0.0142,0.037,0
CAPELLA_C13_SP_CPHD_HH_20241001184147_20241001184220,1I,MH44,EHN,250.0,45.981289,7.671071,"Zermatt, Position 44, VS",0.0156,0.0512,0
CAPELLA_C13_SP_CPHD_HH_20241001184147_20241001184220,1I,MH44,EHZ,250.0,45.981289,7.671071,"Zermatt, Position 44, VS",0.0108,0.0348,0
CAPELLA_C13_SP_CPHD_HH_20241001184147_20241001184220,1I,MH48,EHE,250.0,45.97872,7.663,"Zermatt, Position 48, VS",0.022,0.0581,0
CAPELLA_C13_SP_CPHD_HH_20241001184147_20241001184220,1I,MH48,EHN,250.0,45.97872,7.663,"Zermatt, Position 48, VS",0.0262,0.0875,0
CAPELLA_C13_SP_CPHD_HH_20241001184147_20241001184220,1I,MH48,EHZ,250.0,45.97872,7.663,"Zermatt, Position 48, VS",0.017,0.0696,0
CAPELLA_C13_SP_CPHD_HH_20241001184147_20241001184220,1I,MH48,EHE,250.0,45.97872,7.663,"Zermatt, Position 48, VS",0.1224,0.4135,0
CAPELLA_C13_SP_CPHD_HH_20241001184147_20241001184220,1I,MH48,EHN,250.0,45.97872,7.663,"Zermatt, Position 48, VS",0.1469,0.3486,0
CAPELLA_C13_SP_CPHD_HH_20241001184147_20241001184220,1I,MH48,EHZ,250.0,45.97872,7.663,"Zermatt, Position 48, VS",0.1001,0.2466,0
CAPELLA_C13_SP_CPHD_HH_20241010111409_20241010111443,HV,PAUD,HHE,100.0,19.373785,-155.2155,"Pauahi, Hawaii Digital",2.6576,5.5607,0
CAPELLA_C13_SP_CPHD_HH_20241010111409_20241010111443,HV,PAUD,HHN,100.0,19.373785,-155.2155,"Pauahi, Hawaii Digital",3.6524,8.3108,0
CAPELLA_C13_SP_CPHD_HH_20241010111409_20241010111443,HV,PAUD,HHZ,100.0,19.373785,-155.2155,"Pauahi, Hawaii Digital",2.4239,6.1929,0
CAPELLA_C13_SP_CPHD_HH_20241010111409_20241010111443,HV,PAUD,HNE,100.0,19.373785,-155.2155,"Pauahi, Hawaii Digital",0.068,0.1842,0
CAPELLA_C13_SP_CPHD_HH_20241010111409_20241010111443,HV,PAUD,HNN,100.0,19.373785,-155.2155,"Pauahi, Hawaii Digital",0.1006,0.2441,0
CAPELLA_C13_SP_CPHD_HH_20241010111409_20241010111443,HV,PAUD,HNZ,100.0,19.373785,-155.2155,"Pauahi, Hawaii Digital",0.0557,0.1551,0
CAPELLA_C15_SP_CPHD_HH_20241011085812_20241011085836,HV,PAUD,HHE,100.0,19.373785,-155.2155,"Pauahi, Hawaii Digital",1.9487,5.922,0
CAPELLA_C15_SP_CPHD_HH_20241011085812_20241011085836,HV,PAUD,HHN,100.0,19.373785,-155.2155,"Pauahi, Hawaii Digital",2.2644,5.1949,0
CAPELLA_C15_SP_CPHD_HH_20241011085812_20241011085836,HV,PAUD,HHZ,100.0,19.373785,-155.2155,"Pauahi, Hawaii Digital",1.1337,2.4559,0
CAPELLA_C15_SP_CPHD_HH_20241011085812_20241011085836,HV,PAUD,HNE,100.0,19.373785,-155.2155,"Pauahi, Hawaii Digital",0.057,0.2049,0
CAPELLA_C15_SP_CPHD_HH_20241011085812_20241011085836,HV,PAUD,HNN,100.0,19.373785,-155.2155,"Pauahi, Hawaii Digital",0.093,0.2546,0
CAPELLA_C15_SP_CPHD_HH_20241011085812_20241011085836,HV,PAUD,HNZ,100.0,19.373785,-155.2155,"Pauahi, Hawaii Digital",0.0412,0.1246,0
CAPELLA_C15_SP_CPHD_HH_20241012090329_20241012090356,HV,PAUD,HHE,100.0,19.373785,-155.2155,"Pauahi, Hawaii Digital",2.1153,5.5073,0
CAPELLA_C15_SP_CPHD_HH_20241012090329_20241012090356,HV,PAUD,HHN,100.0,19.373785,-155.2155,"Pauahi, Hawaii Digital",2.884,7.5443,0
CAPELLA_C15_SP_CPHD_HH_20241012090329_20241012090356,HV,PAUD,HHZ,100.0,19.373785,-155.2155,"Pauahi, Hawaii Digital",1.483,3.8887,0
CAPELLA_C15_SP_CPHD_HH_20241012090329_20241012090356,HV,PAUD,HNE,100.0,19.373785,-155.2155,"Pauahi, Hawaii Digital",0.0626,0.1825,0
CAPELLA_C15_SP_CPHD_HH_20241012090329_20241012090356,HV,PAUD,HNN,100.0,19.373785,-155.2155,"Pauahi, Hawaii Digital",0.0936,0.2641,0
CAPELLA_C15_SP_CPHD_HH_20241012090329_20241012090356,HV,PAUD,HNZ,100.0,19.373785,-155.2155,"Pauahi, Hawaii Digital",0.0496,0.136,0
CAPELLA_C13_SP_CPHD_HH_20241003024738_20241003024817,HV,PAUD,HHE,100.0,19.373785,-155.2155,"Pauahi, Hawaii Digital",1.1232,3.1971,0
CAPELLA_C13_SP_CPHD_HH_20241003024738_20241003024817,HV,PAUD,HHN,100.0,19.373785,-155.2155,"Pauahi, Hawaii Digital",1.425,4.2092,0
CAPELLA_C13_SP_CPHD_HH_20241003024738_20241003024817,HV,PAUD,HHZ,100.0,19.373785,-155.2155,"Pauahi, Hawaii Digital",0.8136,1.8286,0
CAPELLA_C13_SP_CPHD_HH_20241003024738_20241003024817,HV,PAUD,HNE,100.0,19.373785,-155.2155,"Pauahi, Hawaii Digital",0.0529,0.17,0
CAPELLA_C13_SP_CPHD_HH_20241003024738_20241003024817,HV,PAUD,HNN,100.0,19.373785,-155.2155,"Pauahi, Hawaii Digital",0.0803,0.2498,0
CAPELLA_C13_SP_CPHD_HH_20241003024738_20241003024817,HV,PAUD,HNZ,100.0,19.373785,-155.2155,"Pauahi, Hawaii Digital",0.0421,0.1515,0
CAPELLA_C15_SP_CPHD_HH_20241006083015_20241006083043,HV,PAUD,HHE,100.0,19.373785,-155.2155,"Pauahi, Hawaii Digital",1.6269,3.3026,0
CAPELLA_C15_SP_CPHD_HH_20241006083015_20241006083043,HV,PAUD,HHN,100.0,19.373785,-155.2155,"Pauahi, Hawaii Digital",1.6469,3.9491,0
CAPELLA_C15_SP_CPHD_HH_20241006083015_20241006083043,HV,PAUD,HHZ,100.0,19.373785,-155.2155,"Pauahi, Hawaii Digital",1.4291,3.1983,0
CAPELLA_C15_SP_CPHD_HH_20241006083015_20241006083043,HV,PAUD,HNE,100.0,19.373785,-155.2155,"Pauahi, Hawaii Digital",0.0457,0.1344,0
CAPELLA_C15_SP_CPHD_HH_20241006083015_20241006083043,HV,PAUD,HNN,100.0,19.373785,-155.2155,"Pauahi, Hawaii Digital",0.0709,0.22,0
CAPELLA_C15_SP_CPHD_HH_20241006083015_20241006083043,HV,PAUD,HNZ,100.0,19.373785,-155.2155,"Pauahi, Hawaii Digital",0.0431,0.1447,0
CAPELLA_C13_SP_CPHD_HH_20241008104829_20241008104908,HV,PAUD,HHE,100.0,19.373785,-155.2155,"Pauahi, Hawaii Digital",1.7361,4.252,0
CAPELLA_C13_SP_CPHD_HH_20241008104829_20241008104908,HV,PAUD,HHN,100.0,19.373785,-155.2155,"Pauahi, Hawaii Digital",1.9602,5.9042,0
CAPELLA_C13_SP_CPHD_HH_20241008104829_20241008104908,HV,PAUD,HHZ,100.0,19.373785,-155.2155,"Pauahi, Hawaii Digital",1.5595,3.4356,0
CAPELLA_C13_SP_CPHD_HH_20241008104829_20241008104908,HV,PAUD,HNE,100.0,19.373785,-155.2155,"Pauahi, Hawaii Digital",0.0637,0.1678,0
CAPELLA_C13_SP_CPHD_HH_20241008104829_20241008104908,HV,PAUD,HNN,100.0,19.373785,-155.2155,"Pauahi, Hawaii Digital",0.0665,0.2204,0
CAPELLA_C13_SP_CPHD_HH_20241008104829_20241008104908,HV,PAUD,HNZ,100.0,19.373785,-155.2155,"Pauahi, Hawaii Digital",0.0444,0.165,0
CAPELLA_C13_SP_CPHD_HH_20241009004436_20241009004512,HV,PAUD,HHE,100.0,19.373785,-155.2155,"Pauahi, Hawaii Digital",1.7149,3.8027,0
CAPELLA_C13_SP_CPHD_HH_20241009004436_20241009004512,HV,PAUD,HHN,100.0,19.373785,-155.2155,"Pauahi, Hawaii Digital",1.8078,5.4371,0
CAPELLA_C13_SP_CPHD_HH_20241009004436_20241009004512,HV,PAUD,HHZ,100.0,19.373785,-155.2155,"Pauahi, Hawaii Digital",1.2998,3.0378,0
CAPELLA_C13_SP_CPHD_HH_20241009004436_20241009004512,HV,PAUD,HNE,100.0,19.373785,-155.2155,"Pauahi, Hawaii Digital",0.0493,0.1508,0
CAPELLA_C13_SP_CPHD_HH_20241009004436_20241009004512,HV,PAUD,HNN,100.0,19.373785,-155.2155,"Pauahi, Hawaii Digital",0.0899,0.3134,0
CAPELLA_C13_SP_CPHD_HH_20241009004436_20241009004512,HV,PAUD,HNZ,100.0,19.373785,-155.2155,"Pauahi, Hawaii Digital",0.0452,0.1511,0
CAPELLA_C13_SP_CPHD_HH_20241114042855_20241114042929,AM,RC269,EHZ,100.0,47.47747747747748,19.049177505045154,Raspberry Shake Citizen Science Station,0.1309,0.4031,0
CAPELLA_C15_SP_CPHD_HH_20241114212350_20241114212427,AM,RC269,EHZ,100.0,47.47747747747748,19.049177505045154,Raspberry Shake Citizen Science Station,0.1185,0.2765,0
CAPELLA_C15_SP_CPHD_HH_20241115212743_20241115212823,AM,RC269,EHZ,100.0,47.47747747747748,19.049177505045154,Raspberry Shake Citizen Science Station,0.106,0.343,0
CAPELLA_C11_SP_CPHD_HH_20241121042705_20241121042736,IU,RAR,BH1,40.0,-21.2125,-159.7733,"Rarotonga, Cook Islands",1.8251,4.3054,0
CAPELLA_C11_SP_CPHD_HH_20241121042705_20241121042736,IU,RAR,BH2,40.0,-21.2125,-159.7733,"Rarotonga, Cook Islands",1.2916,3.2326,0
CAPELLA_C11_SP_CPHD_HH_20241121042705_20241121042736,IU,RAR,BHZ,40.0,-21.2125,-159.7733,"Rarotonga, Cook Islands",1.0716,2.9716,0
CAPELLA_C11_SP_CPHD_HH_20241121042705_20241121042736,IU,RAR,BH1,40.0,-21.2125,-159.7733,"Rarotonga, Cook Islands",1.3121,3.3021,0
CAPELLA_C11_SP_CPHD_HH_20241121042705_20241121042736,IU,RAR,BH2,40.0,-21.2125,-159.7733,"Rarotonga, Cook Islands",1.8732,4.3667,0
CAPELLA_C11_SP_CPHD_HH_20241121042705_20241121042736,IU,RAR,BHZ,40.0,-21.2125,-159.7733,"Rarotonga, Cook Islands",1.0778,3.0247,0
CAPELLA_C14_SP_CPHD_HH_20241121212541_20241121212609,HI,ATH5,HNE,100.0,37.975421,23.737098,"Greek Parliament,Athens,Attica",0.0169,0.0621,0
CAPELLA_C14_SP_CPHD_HH_20241121212541_20241121212609,HI,ATH5,HNN,100.0,37.975421,23.737098,"Greek Parliament,Athens,Attica",0.0186,0.0548,0
CAPELLA_C14_SP_CPHD_HH_20241121212541_20241121212609,HI,ATH5,HNZ,100.0,37.975421,23.737098,"Greek Parliament,Athens,Attica",0.0163,0.0559,0
CAPELLA_C14_SP_CPHD_HH_20241121212541_20241121212609,HL,ATH,HHE,100.0,37.97384,23.71767,"Athens,Greece",0.219,0.5241,0
CAPELLA_C14_SP_CPHD_HH_20241121212541_20241121212609,HL,ATH,HHN,100.0,37.97384,23.71767,"Athens,Greece",0.1572,0.3934,0
CAPELLA_C14_SP_CPHD_HH_20241121212541_20241121212609,HL,ATH,HHZ,100.0,37.97384,23.71767,"Athens,Greece",0.1314,0.3111,0
CAPELLA_C14_SP_CPHD_HH_20241121212541_20241121212609,HL,NOAC,HNZ,200.0,37.97384,23.71767,"NOA-Athens,Greece",0.0066,0.0259,0
CAPELLA_C14_SP_CPHD_HH_20241121212541_20241121212609,HL,NOAC,HNN,200.0,37.97384,23.71767,"NOA-Athens,Greece",0.0067,0.0229,0
CAPELLA_C14_SP_CPHD_HH_20241121212541_20241121212609,HL,NOAC,HNE,200.0,37.97384,23.71767,"NOA-Athens,Greece",0.0068,0.0241,0
CAPELLA_C11_SP_CPHD_HH_20241125040648_20241125040720,AU,NIUE,BHE,40.0,-19.0763,-169.9272,"Niue Island, Niue",4.7543,14.906,0
CAPELLA_C11_SP_CPHD_HH_20241125040648_20241125040720,AU,NIUE,BHN,40.0,-19.0763,-169.9272,"Niue Island, Niue",5.0875,12.9615,0
CAPELLA_C11_SP_CPHD_HH_20241125040648_20241125040720,AU,NIUE,BHZ,40.0,-19.0763,-169.9272,"Niue Island, Niue",2.0387,5.5577,0
CAPELLA_C10_SS_CPHD_VV_20240516031104_20240516031119,BW,RMOA,BHE,40.0,47.76154,12.86441,"Piding/Moar Alm, Bavaria, BW-Net",0.0804,0.2145,0
CAPELLA_C10_SS_CPHD_VV_20240516031104_20240516031119,BW,RMOA,BHN,40.0,47.76154,12.86441,"Piding/Moar Alm, Bavaria, BW-Net",0.1741,0.3698,0
CAPELLA_C10_SS_CPHD_VV_20240516031104_20240516031119,BW,RMOA,BHZ,40.0,47.76154,12.86441,"Piding/Moar Alm, Bavaria, BW-Net",0.1733,0.3478,0
CAPELLA_C10_SS_CPHD_VV_20240516031104_20240516031119,BW,RMOA,HHE,200.0,47.76154,12.86441,"Piding/Moar Alm, Bavaria, BW-Net",0.0804,0.2128,0
CAPELLA_C10_SS_CPHD_VV_20240516031104_20240516031119,BW,RMOA,HHN,200.0,47.76154,12.86441,"Piding/Moar Alm, Bavaria, BW-Net",0.1741,0.3698,0
CAPELLA_C10_SS_CPHD_VV_20240516031104_20240516031119,BW,RMOA,HHZ,200.0,47.76154,12.86441,"Piding/Moar Alm, Bavaria, BW-Net",0.1734,0.3477,0
CAPELLA_C10_SS_CPHD_VV_20240516031104_20240516031119,BW,RNHA,HHE,200.0,47.805721,12.818837,"Neuhaus, Bavaria, BW-Net",0.1183,0.2752,0
CAPELLA_C10_SS_CPHD_VV_20240516031104_20240516031119,BW,RNHA,HHN,200.0,47.805721,12.818837,"Neuhaus, Bavaria, BW-Net",0.2469,0.4998,0
CAPELLA_C10_SS_CPHD_VV_20240516031104_20240516031119,BW,RNHA,HHZ,200.0,47.805721,12.818837,"Neuhaus, Bavaria, BW-Net",0.2032,0.4287,0
CAPELLA_C10_SS_CPHD_VV_20240516031104_20240516031119,BW,RTSA,BHE,20.0,47.76834,12.84195,"Steiner Alm, Bavaria, BW-Net",0.09,0.2119,0
CAPELLA_C10_SS_CPHD_VV_20240516031104_20240516031119,BW,RTSA,BHN,20.0,47.76834,12.84195,"Steiner Alm, Bavaria, BW-Net",0.277,0.4945,0
CAPELLA_C10_SS_CPHD_VV_20240516031104_20240516031119,BW,RTSA,BHZ,20.0,47.76834,12.84195,"Steiner Alm, Bavaria, BW-Net",0.1755,0.4002,0
CAPELLA_C10_SS_CPHD_VV_20240516031104_20240516031119,BW,RTSA,HHE,200.0,47.76834,12.84195,"Steiner Alm, Bavaria, BW-Net",0.0899,0.2125,0
CAPELLA_C10_SS_CPHD_VV_20240516031104_20240516031119,BW,RTSA,HHN,200.0,47.76834,12.84195,"Steiner Alm, Bavaria, BW-Net",0.2744,0.4832,0
CAPELLA_C10_SS_CPHD_VV_20240516031104_20240516031119,BW,RTSA,HHZ,200.0,47.76834,12.84195,"Steiner Alm, Bavaria, BW-Net",0.1756,0.3999,0
CAPELLA_C10_SS_CPHD_VV_20240516031104_20240516031119,BW,RTSH,BHE,20.0,47.75448,12.84988,"Staufenhaus, Bavaria, BW-Net",0.2693,0.7534,0
CAPELLA_C10_SS_CPHD_VV_20240516031104_20240516031119,BW,RTSH,BHN,20.0,47.75448,12.84988,"Staufenhaus, Bavaria, BW-Net",0.3235,0.6689,0
CAPELLA_C10_SS_CPHD_VV_20240516031104_20240516031119,BW,RTSH,BHZ,20.0,47.75448,12.84988,"Staufenhaus, Bavaria, BW-Net",0.1496,0.3215,0
CAPELLA_C10_SS_CPHD_VV_20240516031104_20240516031119,BW,RTSH,HHE,200.0,47.75448,12.84988,"Staufenhaus, Bavaria, BW-Net",0.2687,0.7513,0
CAPELLA_C10_SS_CPHD_VV_20240516031104_20240516031119,BW,RTSH,HHN,200.0,47.75448,12.84988,"Staufenhaus, Bavaria, BW-Net",0.3232,0.667,0
CAPELLA_C10_SS_CPHD_VV_20240516031104_20240516031119,BW,RTSH,HHZ,200.0,47.75448,12.84988,"Staufenhaus, Bavaria, BW-Net",0.1497,0.3208,0
CAPELLA_C14_SP_CPHD_HH_20240610013244_20240610013313,HV,KKO,HHE,100.0,19.398242,-155.266032,Keanakakoi Crater,2.3716,6.6117,0
CAPELLA_C14_SP_CPHD_HH_20240610013244_20240610013313,HV,KKO,HHN,100.0,19.398242,-155.266032,Keanakakoi Crater,2.7657,7.7169,0
CAPELLA_C14_SP_CPHD_HH_20240610013244_20240610013313,HV,KKO,HHZ,100.0,19.398242,-155.266032,Keanakakoi Crater,1.6008,4.2188,0
CAPELLA_C14_SP_CPHD_HH_20240610013244_20240610013313,HV,KKO,HNE,100.0,19.398242,-155.266032,Keanakakoi Crater,0.0657,0.1932,0
CAPELLA_C14_SP_CPHD_HH_20240610013244_20240610013313,HV,KKO,HNN,100.0,19.398242,-155.266032,Keanakakoi Crater,0.134,0.3895,0
CAPELLA_C14_SP_CPHD_HH_20240610013244_20240610013313,HV,KKO,HNZ,100.0,19.398242,-155.266032,Keanakakoi Crater,0.0439,0.1168,0
CAPELLA_C14_SP_CPHD_HH_20240610013244_20240610013313,HV,OTLD,HHE,100.0,19.386532,-155.281715,Outlet Digital,2.3002,5.8219,0
CAPELLA_C14_SP_CPHD_HH_20240610013244_20240610013313,HV,OTLD,HHN,100.0,19.386532,-155.281715,Outlet Digital,2.0423,4.609,0
CAPELLA_C14_SP_CPHD_HH_20240610013244_20240610013313,HV,OTLD,HHZ,100.0,19.386532,-155.281715,Outlet Digital,1.5274,3.6834,0
CAPELLA_C14_SP_CPHD_HH_20240610013244_20240610013313,HV,RIMD,HHE,100.0,19.395368,-155.273643,Caldera Rim Hawaii Digital,1.533,4.2034,0
CAPELLA_C14_SP_CPHD_HH_20240610013244_20240610013313,HV,RIMD,HHN,100.0,19.395368,-155.273643,Caldera Rim Hawaii Digital,0.0334,0.1077,0
CAPELLA_C14_SP_CPHD_HH_20240610013244_20240610013313,HV,RIMD,HHZ,100.0,19.395368,-155.273643,Caldera Rim Hawaii Digital,1.0706,2.9371,0
CAPELLA_C14_SP_CPHD_HH_20240610013244_20240610013313,HV,RIMD,HNE,100.0,19.395368,-155.273643,Caldera Rim Hawaii Digital,0.0688,0.2044,0
CAPELLA_C14_SP_CPHD_HH_20240610013244_20240610013313,HV,RIMD,HNN,100.0,19.395368,-155.273643,Caldera Rim Hawaii Digital,0.1166,0.3668,0
CAPELLA_C14_SP_CPHD_HH_20240610013244_20240610013313,HV,RIMD,HNZ,100.0,19.395368,-155.273643,Caldera Rim Hawaii Digital,0.0362,0.1097,0
CAPELLA_C14_SP_CPHD_HH_20240610013244_20240610013313,HV,SDH,HHE,100.0,19.390003,-155.293995,Sand Hill,2.4001,5.9263,0
CAPELLA_C14_SP_CPHD_HH_20240610013244_20240610013313,HV,SDH,HHN,100.0,19.390003,-155.293995,Sand Hill,1.7331,3.5733,0
CAPELLA_C14_SP_CPHD_HH_20240610013244_20240610013313,HV,SDH,HHZ,100.0,19.390003,-155.293995,Sand Hill,1.6004,3.4613,0
CAPELLA_C14_SP_CPHD_HH_20240610013244_20240610013313,HV,UWB,HHE,100.0,19.42476,-155.277582,Uwekahuna Bluff Hawaii,11.7809,32.8306,1
CAPELLA_C14_SP_CPHD_HH_20240610013244_20240610013313,HV,UWB,HHN,100.0,19.42476,-155.277582,Uwekahuna Bluff Hawaii,3.0721,9.3217,0
CAPELLA_C14_SP_CPHD_HH_20240610013244_20240610013313,HV,UWB,HHZ,100.0,19.42476,-155.277582,Uwekahuna Bluff Hawaii,1.5415,4.8259,0
CAPELLA_C14_SP_CPHD_HH_20240610013244_20240610013313,HV,UWE,HHE,100.0,19.420972,-155.291162,Uwekahuna Vault Hawaii,2.8707,7.6306,0
CAPELLA_C14_SP_CPHD_HH_20240610013244_20240610013313,HV,UWE,HHN,100.0,19.420972,-155.291162,Uwekahuna Vault Hawaii,2.0237,5.2719,0
CAPELLA_C14_SP_CPHD_HH_20240610013244_20240610013313,HV,UWE,HHZ,100.0,19.420972,-155.291162,Uwekahuna Vault Hawaii,1.4948,4.4267,0
CAPELLA_C14_SP_CPHD_HH_20240610013244_20240610013313,HV,UWE,HNE,100.0,19.420972,-155.291162,Uwekahuna Vault Hawaii,0.1252,0.3819,0
CAPELLA_C14_SP_CPHD_HH_20240610013244_20240610013313,HV,UWE,HNN,100.0,19.420972,-155.291162,Uwekahuna Vault Hawaii,0.0929,0.2504,0
CAPELLA_C14_SP_CPHD_HH_20240610013244_20240610013313,HV,UWE,HNZ,100.0,19.420972,-155.291162,Uwekahuna Vault Hawaii,0.0459,0.1371,0
CAPELLA_C14_SP_CPHD_HH_20240610013244_20240610013313,HV,WRM,HHE,100.0,19.406623,-155.300005,West Rim Hawaii Digital,5.5947,14.3518,1
CAPELLA_C14_SP_CPHD_HH_20240610013244_20240610013313,HV,WRM,HHN,100.0,19.406623,-155.300005,West Rim Hawaii Digital,0.8294,2.3099,0
CAPELLA_C14_SP_CPHD_HH_20240610013244_20240610013313,HV,WRM,HHZ,100.0,19.406623,-155.300005,West Rim Hawaii Digital,1.4974,3.8309,0
CAPELLA_C10_SP_CPHD_HH_20240611004012_20240611004047,HV,KKO,HHE,100.0,19.398242,-155.266032,Keanakakoi Crater,2.0513,5.4377,0
CAPELLA_C10_SP_CPHD_HH_20240611004012_20240611004047,HV,KKO,HHN,100.0,19.398242,-155.266032,Keanakakoi Crater,2.6983,5.6714,0
CAPELLA_C10_SP_CPHD_HH_20240611004012_20240611004047,HV,KKO,HHZ,100.0,19.398242,-155.266032,Keanakakoi Crater,1.402,3.315,0
CAPELLA_C10_SP_CPHD_HH_20240611004012_20240611004047,HV,KKO,HNE,100.0,19.398242,-155.266032,Keanakakoi Crater,0.0616,0.2107,0
CAPELLA_C10_SP_CPHD_HH_20240611004012_20240611004047,HV,KKO,HNN,100.0,19.398242,-155.266032,Keanakakoi Crater,0.1409,0.453,0
CAPELLA_C10_SP_CPHD_HH_20240611004012_20240611004047,HV,KKO,HNZ,100.0,19.398242,-155.266032,Keanakakoi Crater,0.0394,0.1196,0
CAPELLA_C10_SP_CPHD_HH_20240611004012_20240611004047,HV,OTLD,HHE,100.0,19.386532,-155.281715,Outlet Digital,2.0818,4.6219,0
CAPELLA_C10_SP_CPHD_HH_20240611004012_20240611004047,HV,OTLD,HHN,100.0,19.386532,-155.281715,Outlet Digital,2.2129,4.9917,0
CAPELLA_C10_SP_CPHD_HH_20240611004012_20240611004047,HV,OTLD,HHZ,100.0,19.386532,-155.281715,Outlet Digital,1.2639,2.9277,0
CAPELLA_C10_SP_CPHD_HH_20240611004012_20240611004047,HV,RIMD,HHE,100.0,19.395368,-155.273643,Caldera Rim Hawaii Digital,1.5099,4.0736,0
CAPELLA_C10_SP_CPHD_HH_20240611004012_20240611004047,HV,RIMD,HHN,100.0,19.395368,-155.273643,Caldera Rim Hawaii Digital,0.051,0.1297,0
CAPELLA_C10_SP_CPHD_HH_20240611004012_20240611004047,HV,RIMD,HHZ,100.0,19.395368,-155.273643,Caldera Rim Hawaii Digital,1.0604,2.8587,0
CAPELLA_C10_SP_CPHD_HH_20240611004012_20240611004047,HV,RIMD,HNE,100.0,19.395368,-155.273643,Caldera Rim Hawaii Digital,0.0747,0.2196,0
CAPELLA_C10_SP_CPHD_HH_20240611004012_20240611004047,HV,RIMD,HNN,100.0,19.395368,-155.273643,Caldera Rim Hawaii Digital,0.1103,0.2964,0
CAPELLA_C10_SP_CPHD_HH_20240611004012_20240611004047,HV,RIMD,HNZ,100.0,19.395368,-155.273643,Caldera Rim Hawaii Digital,0.0402,0.119,0
CAPELLA_C10_SP_CPHD_HH_20240611004012_20240611004047,HV,SDH,HHE,100.0,19.390003,-155.293995,Sand Hill,2.1504,4.6958,0
CAPELLA_C10_SP_CPHD_HH_20240611004012_20240611004047,HV,SDH,HHN,100.0,19.390003,-155.293995,Sand Hill,1.8256,4.0753,0
CAPELLA_C10_SP_CPHD_HH_20240611004012_20240611004047,HV,SDH,HHZ,100.0,19.390003,-155.293995,Sand Hill,1.4101,3.4695,0
CAPELLA_C10_SP_CPHD_HH_20240611004012_20240611004047,HV,UWB,HHE,100.0,19.42476,-155.277582,Uwekahuna Bluff Hawaii,4.628,12.2903,0
CAPELLA_C10_SP_CPHD_HH_20240611004012_20240611004047,HV,UWB,HHN,100.0,19.42476,-155.277582,Uwekahuna Bluff Hawaii,3.258,8.8705,0
CAPELLA_C10_SP_CPHD_HH_20240611004012_20240611004047,HV,UWB,HHZ,100.0,19.42476,-155.277582,Uwekahuna Bluff Hawaii,1.4642,3.3082,0
CAPELLA_C10_SP_CPHD_HH_20240611004012_20240611004047,HV,UWE,HHE,100.0,19.420972,-155.291162,Uwekahuna Vault Hawaii,2.3663,6.5677,0
CAPELLA_C10_SP_CPHD_HH_20240611004012_20240611004047,HV,UWE,HHN,100.0,19.420972,-155.291162,Uwekahuna Vault Hawaii,2.1379,5.707,0
CAPELLA_C10_SP_CPHD_HH_20240611004012_20240611004047,HV,UWE,HHZ,100.0,19.420972,-155.291162,Uwekahuna Vault Hawaii,1.5245,3.3241,0
CAPELLA_C10_SP_CPHD_HH_20240611004012_20240611004047,HV,UWE,HNE,100.0,19.420972,-155.291162,Uwekahuna Vault Hawaii,0.1478,0.4207,0
CAPELLA_C10_SP_CPHD_HH_20240611004012_20240611004047,HV,UWE,HNN,100.0,19.420972,-155.291162,Uwekahuna Vault Hawaii,0.1118,0.418,0
CAPELLA_C10_SP_CPHD_HH_20240611004012_20240611004047,HV,UWE,HNZ,100.0,19.420972,-155.291162,Uwekahuna Vault Hawaii,0.0457,0.1569,0
CAPELLA_C10_SP_CPHD_HH_20240611004012_20240611004047,HV,WRM,HHE,100.0,19.406623,-155.300005,West Rim Hawaii Digital,4.4495,10.8871,0
CAPELLA_C10_SP_CPHD_HH_20240611004012_20240611004047,HV,WRM,HHN,100.0,19.406623,-155.300005,West Rim Hawaii Digital,0.9667,1.9128,0
CAPELLA_C10_SP_CPHD_HH_20240611004012_20240611004047,HV,WRM,HHZ,100.0,19.406623,-155.300005,West Rim Hawaii Digital,1.5258,3.5587,0
CAPELLA_C10_SP_CPHD_HH_20240612090414_20240612090444,HV,HAT,HHE,100.0,19.423037,-155.26094,Halemaumau Trail,1.0842,2.7243,0
CAPELLA_C10_SP_CPHD_HH_20240612090414_20240612090444,HV,HAT,HHN,100.0,19.423037,-155.26094,Halemaumau Trail,1.1828,2.6661,0
CAPELLA_C10_SP_CPHD_HH_20240612090414_20240612090444,HV,HAT,HHZ,100.0,19.423037,-155.26094,Halemaumau Trail,0.6128,1.952,0
CAPELLA_C10_SP_CPHD_HH_20240612090414_20240612090444,HV,KKO,HHE,100.0,19.398242,-155.266032,Keanakakoi Crater,0.7755,1.7078,0
CAPELLA_C10_SP_CPHD_HH_20240612090414_20240612090444,HV,KKO,HHN,100.0,19.398242,-155.266032,Keanakakoi Crater,1.249,4.2354,0
CAPELLA_C10_SP_CPHD_HH_20240612090414_20240612090444,HV,KKO,HHZ,100.0,19.398242,-155.266032,Keanakakoi Crater,0.7737,2.1614,0
CAPELLA_C10_SP_CPHD_HH_20240612090414_20240612090444,HV,KKO,HNE,100.0,19.398242,-155.266032,Keanakakoi Crater,0.0455,0.126,0
CAPELLA_C10_SP_CPHD_HH_20240612090414_20240612090444,HV,KKO,HNN,100.0,19.398242,-155.266032,Keanakakoi Crater,0.0958,0.318,0
CAPELLA_C10_SP_CPHD_HH_20240612090414_20240612090444,HV,KKO,HNZ,100.0,19.398242,-155.266032,Keanakakoi Crater,0.026,0.0818,0
CAPELLA_C10_SP_CPHD_HH_20240612090414_20240612090444,HV,OTLD,HHE,100.0,19.386532,-155.281715,Outlet Digital,0.728,1.9029,0
CAPELLA_C10_SP_CPHD_HH_20240612090414_20240612090444,HV,OTLD,HHN,100.0,19.386532,-155.281715,Outlet Digital,0.9963,2.1654,0
CAPELLA_C10_SP_CPHD_HH_20240612090414_20240612090444,HV,OTLD,HHZ,100.0,19.386532,-155.281715,Outlet Digital,0.752,1.7816,0
CAPELLA_C10_SP_CPHD_HH_20240612090414_20240612090444,HV,RIMD,HHE,100.0,19.395368,-155.273643,Caldera Rim Hawaii Digital,0.6148,1.6268,0
CAPELLA_C10_SP_CPHD_HH_20240612090414_20240612090444,HV,RIMD,HHN,100.0,19.395368,-155.273643,Caldera Rim Hawaii Digital,0.0453,0.1655,0
CAPELLA_C10_SP_CPHD_HH_20240612090414_20240612090444,HV,RIMD,HHZ,100.0,19.395368,-155.273643,Caldera Rim Hawaii Digital,0.4278,1.127,0
CAPELLA_C10_SP_CPHD_HH_20240612090414_20240612090444,HV,RIMD,HNE,100.0,19.395368,-155.273643,Caldera Rim Hawaii Digital,0.0515,0.1447,0
CAPELLA_C10_SP_CPHD_HH_20240612090414_20240612090444,HV,RIMD,HNN,100.0,19.395368,-155.273643,Caldera Rim Hawaii Digital,0.0873,0.2271,0
CAPELLA_C10_SP_CPHD_HH_20240612090414_20240612090444,HV,RIMD,HNZ,100.0,19.395368,-155.273643,Caldera Rim Hawaii Digital,0.0263,0.0823,0
CAPELLA_C10_SP_CPHD_HH_20240612090414_20240612090444,HV,SBL,HHE,100.0,19.427078,-155.267682,Steam Bluff Hawaii,0.0004,0.0012,0
CAPELLA_C10_SP_CPHD_HH_20240612090414_20240612090444,HV,SBL,HHN,100.0,19.427078,-155.267682,Steam Bluff Hawaii,0.0004,0.0014,0
CAPELLA_C10_SP_CPHD_HH_20240612090414_20240612090444,HV,SBL,HHZ,100.0,19.427078,-155.267682,Steam Bluff Hawaii,0.0003,0.001,0
CAPELLA_C10_SP_CPHD_HH_20240612090414_20240612090444,HV,UWB,HHE,100.0,19.42476,-155.277582,Uwekahuna Bluff Hawaii,1.2453,3.6017,0
CAPELLA_C10_SP_CPHD_HH_20240612090414_20240612090444,HV,UWB,HHN,100.0,19.42476,-155.277582,Uwekahuna Bluff Hawaii,1.1278,3.2079,0
CAPELLA_C10_SP_CPHD_HH_20240612090414_20240612090444,HV,UWB,HHZ,100.0,19.42476,-155.277582,Uwekahuna Bluff Hawaii,0.7029,1.7901,0
CAPELLA_C10_SP_CPHD_HH_20240612090414_20240612090444,HV,UWE,HHE,100.0,19.420972,-155.291162,Uwekahuna Vault Hawaii,1.8941,5.0835,0
CAPELLA_C10_SP_CPHD_HH_20240612090414_20240612090444,HV,UWE,HHN,100.0,19.420972,-155.291162,Uwekahuna Vault Hawaii,1.7063,4.7767,0
CAPELLA_C10_SP_CPHD_HH_20240612090414_20240612090444,HV,UWE,HHZ,100.0,19.420972,-155.291162,Uwekahuna Vault Hawaii,0.8818,2.1674,0
CAPELLA_C10_SP_CPHD_HH_20240612090414_20240612090444,HV,UWE,HNE,100.0,19.420972,-155.291162,Uwekahuna Vault Hawaii,0.1064,0.2758,0
CAPELLA_C10_SP_CPHD_HH_20240612090414_20240612090444,HV,UWE,HNN,100.0,19.420972,-155.291162,Uwekahuna Vault Hawaii,0.0844,0.3333,0
CAPELLA_C10_SP_CPHD_HH_20240612090414_20240612090444,HV,UWE,HNZ,100.0,19.420972,-155.291162,Uwekahuna Vault Hawaii,0.0343,0.1045,0
CAPELLA_C10_SP_CPHD_HH_20240612090414_20240612090444,HV,WRM,HHE,100.0,19.406623,-155.300005,West Rim Hawaii Digital,4.1813,10.6151,0
CAPELLA_C10_SP_CPHD_HH_20240612090414_20240612090444,HV,WRM,HHN,100.0,19.406623,-155.300005,West Rim Hawaii Digital,0.4774,1.2636,0
CAPELLA_C10_SP_CPHD_HH_20240612090414_20240612090444,HV,WRM,HHZ,100.0,19.406623,-155.300005,West Rim Hawaii Digital,0.8851,1.9715,0
CAPELLA_C09_SP_CPHD_HH_20240613070349_20240613070421,HV,KKO,HHE,100.0,19.398242,-155.266032,Keanakakoi Crater,1.1093,3.0846,0
CAPELLA_C09_SP_CPHD_HH_20240613070349_20240613070421,HV,KKO,HHN,100.0,19.398242,-155.266032,Keanakakoi Crater,1.9886,5.8166,0
CAPELLA_C09_SP_CPHD_HH_20240613070349_20240613070421,HV,KKO,HHZ,100.0,19.398242,-155.266032,Keanakakoi Crater,0.7872,2.143,0
CAPELLA_C09_SP_CPHD_HH_20240613070349_20240613070421,HV,KKO,HNE,100.0,19.398242,-155.266032,Keanakakoi Crater,0.0457,0.1391,0
CAPELLA_C09_SP_CPHD_HH_20240613070349_20240613070421,HV,KKO,HNN,100.0,19.398242,-155.266032,Keanakakoi Crater,0.1058,0.3369,0
CAPELLA_C09_SP_CPHD_HH_20240613070349_20240613070421,HV,KKO,HNZ,100.0,19.398242,-155.266032,Keanakakoi Crater,0.0273,0.0967,0
CAPELLA_C09_SP_CPHD_HH_20240613070349_20240613070421,HV,OTLD,HHE,100.0,19.386532,-155.281715,Outlet Digital,0.9987,2.6424,0
CAPELLA_C09_SP_CPHD_HH_20240613070349_20240613070421,HV,OTLD,HHN,100.0,19.386532,-155.281715,Outlet Digital,1.4976,3.9393,0
CAPELLA_C09_SP_CPHD_HH_20240613070349_20240613070421,HV,OTLD,HHZ,100.0,19.386532,-155.281715,Outlet Digital,0.7719,1.8759,0
CAPELLA_C09_SP_CPHD_HH_20240613070349_20240613070421,HV,RIMD,HHE,100.0,19.395368,-155.273643,Caldera Rim Hawaii Digital,1.2959,4.2197,0
CAPELLA_C09_SP_CPHD_HH_20240613070349_20240613070421,HV,RIMD,HHN,100.0,19.395368,-155.273643,Caldera Rim Hawaii Digital,1.9177,5.5778,0
CAPELLA_C09_SP_CPHD_HH_20240613070349_20240613070421,HV,RIMD,HHZ,100.0,19.395368,-155.273643,Caldera Rim Hawaii Digital,0.7755,1.918,0
CAPELLA_C09_SP_CPHD_HH_20240613070349_20240613070421,HV,RIMD,HNE,100.0,19.395368,-155.273643,Caldera Rim Hawaii Digital,0.0568,0.1818,0
CAPELLA_C09_SP_CPHD_HH_20240613070349_20240613070421,HV,RIMD,HNN,100.0,19.395368,-155.273643,Caldera Rim Hawaii Digital,0.1011,0.2686,0
CAPELLA_C09_SP_CPHD_HH_20240613070349_20240613070421,HV,RIMD,HNZ,100.0,19.395368,-155.273643,Caldera Rim Hawaii Digital,0.0269,0.0868,0
CAPELLA_C09_SP_CPHD_HH_20240613070349_20240613070421,HV,SDH,HHE,100.0,19.390003,-155.293995,Sand Hill,1.1772,3.0963,0
CAPELLA_C09_SP_CPHD_HH_20240613070349_20240613070421,HV,SDH,HHN,100.0,19.390003,-155.293995,Sand Hill,1.3231,3.2034,0
CAPELLA_C09_SP_CPHD_HH_20240613070349_20240613070421,HV,SDH,HHZ,100.0,19.390003,-155.293995,Sand Hill,0.7635,1.9104,0
CAPELLA_C09_SP_CPHD_HH_20240613070349_20240613070421,HV,UWB,HHE,100.0,19.42476,-155.277582,Uwekahuna Bluff Hawaii,1.7029,3.8555,0
CAPELLA_C09_SP_CPHD_HH_20240613070349_20240613070421,HV,UWB,HHN,100.0,19.42476,-155.277582,Uwekahuna Bluff Hawaii,1.6371,4.6897,0
CAPELLA_C09_SP_CPHD_HH_20240613070349_20240613070421,HV,UWB,HHZ,100.0,19.42476,-155.277582,Uwekahuna Bluff Hawaii,1.0346,2.5655,0
CAPELLA_C09_SP_CPHD_HH_20240613070349_20240613070421,HV,UWE,HHE,100.0,19.420972,-155.291162,Uwekahuna Vault Hawaii,2.1043,5.939,0
CAPELLA_C09_SP_CPHD_HH_20240613070349_20240613070421,HV,UWE,HHN,100.0,19.420972,-155.291162,Uwekahuna Vault Hawaii,1.9175,5.5263,0
CAPELLA_C09_SP_CPHD_HH_20240613070349_20240613070421,HV,UWE,HHZ,100.0,19.420972,-155.291162,Uwekahuna Vault Hawaii,1.016,2.4946,0
CAPELLA_C09_SP_CPHD_HH_20240613070349_20240613070421,HV,UWE,HNE,100.0,19.420972,-155.291162,Uwekahuna Vault Hawaii,0.1122,0.3416,0
CAPELLA_C09_SP_CPHD_HH_20240613070349_20240613070421,HV,UWE,HNN,100.0,19.420972,-155.291162,Uwekahuna Vault Hawaii,0.0981,0.3647,0
CAPELLA_C09_SP_CPHD_HH_20240613070349_20240613070421,HV,UWE,HNZ,100.0,19.420972,-155.291162,Uwekahuna Vault Hawaii,0.0376,0.1102,0
CAPELLA_C09_SP_CPHD_HH_20240613070349_20240613070421,HV,WRM,HHE,100.0,19.406623,-155.300005,West Rim Hawaii Digital,4.3881,9.7312,0
CAPELLA_C09_SP_CPHD_HH_20240613070349_20240613070421,HV,WRM,HHN,100.0,19.406623,-155.300005,West Rim Hawaii Digital,0.522,1.1863,0
CAPELLA_C09_SP_CPHD_HH_20240613070349_20240613070421,HV,WRM,HHZ,100.0,19.406623,-155.300005,West Rim Hawaii Digital,45.2258,142.8459,1
CAPELLA_C09_SP_CPHD_HH_20240614221859_20240614221928,HV,KKO,HHE,100.0,19.398242,-155.266032,Keanakakoi Crater,1.6823,3.8798,0
CAPELLA_C09_SP_CPHD_HH_20240614221859_20240614221928,HV,KKO,HHN,100.0,19.398242,-155.266032,Keanakakoi Crater,1.457,3.6554,0
CAPELLA_C09_SP_CPHD_HH_20240614221859_20240614221928,HV,KKO,HHZ,100.0,19.398242,-155.266032,Keanakakoi Crater,0.7344,2.2364,0
CAPELLA_C09_SP_CPHD_HH_20240614221859_20240614221928,HV,KKO,HNE,100.0,19.398242,-155.266032,Keanakakoi Crater,0.0578,0.196,0
CAPELLA_C09_SP_CPHD_HH_20240614221859_20240614221928,HV,KKO,HNN,100.0,19.398242,-155.266032,Keanakakoi Crater,0.1256,0.3474,0
CAPELLA_C09_SP_CPHD_HH_20240614221859_20240614221928,HV,KKO,HNZ,100.0,19.398242,-155.266032,Keanakakoi Crater,0.0342,0.0938,0
CAPELLA_C09_SP_CPHD_HH_20240614221859_20240614221928,HV,OTLD,HHE,100.0,19.386532,-155.281715,Outlet Digital,1.4312,3.4963,0
CAPELLA_C09_SP_CPHD_HH_20240614221859_20240614221928,HV,OTLD,HHN,100.0,19.386532,-155.281715,Outlet Digital,1.4365,4.1712,0
CAPELLA_C09_SP_CPHD_HH_20240614221859_20240614221928,HV,OTLD,HHZ,100.0,19.386532,-155.281715,Outlet Digital,0.7186,2.1211,0
CAPELLA_C09_SP_CPHD_HH_20240614221859_20240614221928,HV,RIMD,HHE,100.0,19.395368,-155.273643,Caldera Rim Hawaii Digital,1.6827,4.4369,0
CAPELLA_C09_SP_CPHD_HH_20240614221859_20240614221928,HV,RIMD,HHN,100.0,19.395368,-155.273643,Caldera Rim Hawaii Digital,1.4135,4.2223,0
CAPELLA_C09_SP_CPHD_HH_20240614221859_20240614221928,HV,RIMD,HHZ,100.0,19.395368,-155.273643,Caldera Rim Hawaii Digital,0.7594,2.444,0
CAPELLA_C09_SP_CPHD_HH_20240614221859_20240614221928,HV,RIMD,HNE,100.0,19.395368,-155.273643,Caldera Rim Hawaii Digital,0.0724,0.2534,0
CAPELLA_C09_SP_CPHD_HH_20240614221859_20240614221928,HV,RIMD,HNN,100.0,19.395368,-155.273643,Caldera Rim Hawaii Digital,0.1201,0.3897,0
CAPELLA_C09_SP_CPHD_HH_20240614221859_20240614221928,HV,RIMD,HNZ,100.0,19.395368,-155.273643,Caldera Rim Hawaii Digital,0.0303,0.0992,0
CAPELLA_C09_SP_CPHD_HH_20240614221859_20240614221928,HV,SDH,HHE,100.0,19.390003,-155.293995,Sand Hill,1.5886,4.282,0
CAPELLA_C09_SP_CPHD_HH_20240614221859_20240614221928,HV,SDH,HHN,100.0,19.390003,-155.293995,Sand Hill,1.479,3.2562,0
CAPELLA_C09_SP_CPHD_HH_20240614221859_20240614221928,HV,SDH,HHZ,100.0,19.390003,-155.293995,Sand Hill,0.892,1.9834,0
CAPELLA_C09_SP_CPHD_HH_20240614221859_20240614221928,HV,UWB,HHE,100.0,19.42476,-155.277582,Uwekahuna Bluff Hawaii,3.6548,11.5084,0
CAPELLA_C09_SP_CPHD_HH_20240614221859_20240614221928,HV,UWB,HHN,100.0,19.42476,-155.277582,Uwekahuna Bluff Hawaii,1.8404,4.0009,0
CAPELLA_C09_SP_CPHD_HH_20240614221859_20240614221928,HV,UWB,HHZ,100.0,19.42476,-155.277582,Uwekahuna Bluff Hawaii,0.829,1.9759,0
CAPELLA_C09_SP_CPHD_HH_20240614221859_20240614221928,HV,UWE,HHE,100.0,19.420972,-155.291162,Uwekahuna Vault Hawaii,2.1203,5.2901,0
CAPELLA_C09_SP_CPHD_HH_20240614221859_20240614221928,HV,UWE,HHN,100.0,19.420972,-155.291162,Uwekahuna Vault Hawaii,2.1441,5.4922,0
CAPELLA_C09_SP_CPHD_HH_20240614221859_20240614221928,HV,UWE,HHZ,100.0,19.420972,-155.291162,Uwekahuna Vault Hawaii,0.9292,2.5673,0
CAPELLA_C09_SP_CPHD_HH_20240614221859_20240614221928,HV,UWE,HNE,100.0,19.420972,-155.291162,Uwekahuna Vault Hawaii,0.1308,0.3836,0
CAPELLA_C09_SP_CPHD_HH_20240614221859_20240614221928,HV,UWE,HNN,100.0,19.420972,-155.291162,Uwekahuna Vault Hawaii,0.115,0.3232,0
CAPELLA_C09_SP_CPHD_HH_20240614221859_20240614221928,HV,UWE,HNZ,100.0,19.420972,-155.291162,Uwekahuna Vault Hawaii,0.0388,0.1312,0
CAPELLA_C09_SP_CPHD_HH_20240614221859_20240614221928,HV,WRM,HHE,100.0,19.406623,-155.300005,West Rim Hawaii Digital,4.7475,13.9176,0
CAPELLA_C09_SP_CPHD_HH_20240614221859_20240614221928,HV,WRM,HHN,100.0,19.406623,-155.300005,West Rim Hawaii Digital,0.4667,1.1161,0
CAPELLA_C09_SP_CPHD_HH_20240614221859_20240614221928,HV,WRM,HHZ,100.0,19.406623,-155.300005,West Rim Hawaii Digital,10.0873,26.8804,1
CAPELLA_C14_SP_CPHD_HH_20240614090521_20240614090549,HV,KKO,HHE,100.0,19.398242,-155.266032,Keanakakoi Crater,1.2435,3.3694,0
CAPELLA_C14_SP_CPHD_HH_20240614090521_20240614090549,HV,KKO,HHN,100.0,19.398242,-155.266032,Keanakakoi Crater,1.5885,3.6633,0
CAPELLA_C14_SP_CPHD_HH_20240614090521_20240614090549,HV,KKO,HHZ,100.0,19.398242,-155.266032,Keanakakoi Crater,0.5866,1.5225,0
CAPELLA_C14_SP_CPHD_HH_20240614090521_20240614090549,HV,KKO,HNE,100.0,19.398242,-155.266032,Keanakakoi Crater,0.0452,0.1525,0
CAPELLA_C14_SP_CPHD_HH_20240614090521_20240614090549,HV,KKO,HNN,100.0,19.398242,-155.266032,Keanakakoi Crater,0.0924,0.2879,0
CAPELLA_C14_SP_CPHD_HH_20240614090521_20240614090549,HV,KKO,HNZ,100.0,19.398242,-155.266032,Keanakakoi Crater,0.0284,0.0777,0
CAPELLA_C14_SP_CPHD_HH_20240614090521_20240614090549,HV,OTLD,HHE,100.0,19.386532,-155.281715,Outlet Digital,1.1015,3.0237,0
CAPELLA_C14_SP_CPHD_HH_20240614090521_20240614090549,HV,OTLD,HHN,100.0,19.386532,-155.281715,Outlet Digital,1.4125,3.6404,0
CAPELLA_C14_SP_CPHD_HH_20240614090521_20240614090549,HV,OTLD,HHZ,100.0,19.386532,-155.281715,Outlet Digital,0.627,1.5106,0
CAPELLA_C14_SP_CPHD_HH_20240614090521_20240614090549,HV,RIMD,HHE,100.0,19.395368,-155.273643,Caldera Rim Hawaii Digital,1.2285,3.555,0
CAPELLA_C14_SP_CPHD_HH_20240614090521_20240614090549,HV,RIMD,HHN,100.0,19.395368,-155.273643,Caldera Rim Hawaii Digital,1.5914,4.1457,0
CAPELLA_C14_SP_CPHD_HH_20240614090521_20240614090549,HV,RIMD,HHZ,100.0,19.395368,-155.273643,Caldera Rim Hawaii Digital,0.6193,1.6175,0
CAPELLA_C14_SP_CPHD_HH_20240614090521_20240614090549,HV,RIMD,HNE,100.0,19.395368,-155.273643,Caldera Rim Hawaii Digital,0.0568,0.1854,0
CAPELLA_C14_SP_CPHD_HH_20240614090521_20240614090549,HV,RIMD,HNN,100.0,19.395368,-155.273643,Caldera Rim Hawaii Digital,0.0907,0.2364,0
CAPELLA_C14_SP_CPHD_HH_20240614090521_20240614090549,HV,RIMD,HNZ,100.0,19.395368,-155.273643,Caldera Rim Hawaii Digital,0.0274,0.1146,0
CAPELLA_C14_SP_CPHD_HH_20240614090521_20240614090549,HV,SDH,HHE,100.0,19.390003,-155.293995,Sand Hill,1.2703,2.9294,0
CAPELLA_C14_SP_CPHD_HH_20240614090521_20240614090549,HV,SDH,HHN,100.0,19.390003,-155.293995,Sand Hill,1.0886,2.6264,0
CAPELLA_C14_SP_CPHD_HH_20240614090521_20240614090549,HV,SDH,HHZ,100.0,19.390003,-155.293995,Sand Hill,0.6015,1.5497,0
CAPELLA_C14_SP_CPHD_HH_20240614090521_20240614090549,HV,UWE,HHE,100.0,19.420972,-155.291162,Uwekahuna Vault Hawaii,1.665,3.6503,0
CAPELLA_C14_SP_CPHD_HH_20240614090521_20240614090549,HV,UWE,HHN,100.0,19.420972,-155.291162,Uwekahuna Vault Hawaii,1.8861,6.0238,0
CAPELLA_C14_SP_CPHD_HH_20240614090521_20240614090549,HV,UWE,HHZ,100.0,19.420972,-155.291162,Uwekahuna Vault Hawaii,0.454,1.0761,0
CAPELLA_C14_SP_CPHD_HH_20240614090521_20240614090549,HV,UWE,HNE,100.0,19.420972,-155.291162,Uwekahuna Vault Hawaii,0.1164,0.3081,0
CAPELLA_C14_SP_CPHD_HH_20240614090521_20240614090549,HV,UWE,HNN,100.0,19.420972,-155.291162,Uwekahuna Vault Hawaii,0.0962,0.3372,0
CAPELLA_C14_SP_CPHD_HH_20240614090521_20240614090549,HV,UWE,HNZ,100.0,19.420972,-155.291162,Uwekahuna Vault Hawaii,0.0297,0.0829,0
CAPELLA_C14_SP_CPHD_HH_20240614090521_20240614090549,HV,WRM,HHE,100.0,19.406623,-155.300005,West Rim Hawaii Digital,2.3122,6.5411,0
CAPELLA_C14_SP_CPHD_HH_20240614090521_20240614090549,HV,WRM,HHN,100.0,19.406623,-155.300005,West Rim Hawaii Digital,0.3726,0.8902,0
CAPELLA_C14_SP_CPHD_HH_20240614090521_20240614090549,HV,WRM,HHZ,100.0,19.406623,-155.300005,West Rim Hawaii Digital,9.6401,24.9604,1
CAPELLA_C10_SP_CPHD_HH_20240615223406_20240615223440,HV,KKO,HHE,100.0,19.398242,-155.266032,Keanakakoi Crater,0.9502,2.6834,0
CAPELLA_C10_SP_CPHD_HH_20240615223406_20240615223440,HV,KKO,HHN,100.0,19.398242,-155.266032,Keanakakoi Crater,1.7255,4.4323,0
CAPELLA_C10_SP_CPHD_HH_20240615223406_20240615223440,HV,KKO,HHZ,100.0,19.398242,-155.266032,Keanakakoi Crater,0.8547,2.3712,0
CAPELLA_C10_SP_CPHD_HH_20240615223406_20240615223440,HV,KKO,HNE,100.0,19.398242,-155.266032,Keanakakoi Crater,0.0459,0.1581,0
CAPELLA_C10_SP_CPHD_HH_20240615223406_20240615223440,HV,KKO,HNN,100.0,19.398242,-155.266032,Keanakakoi Crater,0.1213,0.3081,0
CAPELLA_C10_SP_CPHD_HH_20240615223406_20240615223440,HV,KKO,HNZ,100.0,19.398242,-155.266032,Keanakakoi Crater,0.0336,0.0908,0
CAPELLA_C10_SP_CPHD_HH_20240615223406_20240615223440,HV,OTLD,HHE,100.0,19.386532,-155.281715,Outlet Digital,0.9798,2.7906,0
CAPELLA_C10_SP_CPHD_HH_20240615223406_20240615223440,HV,OTLD,HHN,100.0,19.386532,-155.281715,Outlet Digital,1.3387,4.3206,0
CAPELLA_C10_SP_CPHD_HH_20240615223406_20240615223440,HV,OTLD,HHZ,100.0,19.386532,-155.281715,Outlet Digital,0.8015,2.3958,0
CAPELLA_C10_SP_CPHD_HH_20240615223406_20240615223440,HV,RIMD,HHE,100.0,19.395368,-155.273643,Caldera Rim Hawaii Digital,1.0975,2.7931,0
CAPELLA_C10_SP_CPHD_HH_20240615223406_20240615223440,HV,RIMD,HHN,100.0,19.395368,-155.273643,Caldera Rim Hawaii Digital,1.6232,4.3112,0
CAPELLA_C10_SP_CPHD_HH_20240615223406_20240615223440,HV,RIMD,HHZ,100.0,19.395368,-155.273643,Caldera Rim Hawaii Digital,0.8672,2.6371,0
CAPELLA_C10_SP_CPHD_HH_20240615223406_20240615223440,HV,RIMD,HNE,100.0,19.395368,-155.273643,Caldera Rim Hawaii Digital,0.0611,0.161,0
CAPELLA_C10_SP_CPHD_HH_20240615223406_20240615223440,HV,RIMD,HNN,100.0,19.395368,-155.273643,Caldera Rim Hawaii Digital,0.0936,0.3462,0
CAPELLA_C10_SP_CPHD_HH_20240615223406_20240615223440,HV,RIMD,HNZ,100.0,19.395368,-155.273643,Caldera Rim Hawaii Digital,0.0328,0.0987,0
CAPELLA_C10_SP_CPHD_HH_20240615223406_20240615223440,HV,SDH,HHE,100.0,19.390003,-155.293995,Sand Hill,1.092,3.4373,0
CAPELLA_C10_SP_CPHD_HH_20240615223406_20240615223440,HV,SDH,HHN,100.0,19.390003,-155.293995,Sand Hill,1.1836,3.3194,0
CAPELLA_C10_SP_CPHD_HH_20240615223406_20240615223440,HV,SDH,HHZ,100.0,19.390003,-155.293995,Sand Hill,0.7549,2.3758,0
CAPELLA_C10_SP_CPHD_HH_20240615223406_20240615223440,HV,UWB,HHE,100.0,19.42476,-155.277582,Uwekahuna Bluff Hawaii,8.192,25.6028,1
CAPELLA_C10_SP_CPHD_HH_20240615223406_20240615223440,HV,UWB,HHN,100.0,19.42476,-155.277582,Uwekahuna Bluff Hawaii,1.8338,4.6258,0
CAPELLA_C10_SP_CPHD_HH_20240615223406_20240615223440,HV,UWB,HHZ,100.0,19.42476,-155.277582,Uwekahuna Bluff Hawaii,0.6228,1.3896,0
CAPELLA_C10_SP_CPHD_HH_20240615223406_20240615223440,HV,UWE,HHE,100.0,19.420972,-155.291162,Uwekahuna Vault Hawaii,1.8771,4.412,0
CAPELLA_C10_SP_CPHD_HH_20240615223406_20240615223440,HV,UWE,HHN,100.0,19.420972,-155.291162,Uwekahuna Vault Hawaii,1.3278,3.5801,0
CAPELLA_C10_SP_CPHD_HH_20240615223406_20240615223440,HV,UWE,HHZ,100.0,19.420972,-155.291162,Uwekahuna Vault Hawaii,0.566,1.4304,0
CAPELLA_C10_SP_CPHD_HH_20240615223406_20240615223440,HV,UWE,HNE,100.0,19.420972,-155.291162,Uwekahuna Vault Hawaii,0.1188,0.3258,0
CAPELLA_C10_SP_CPHD_HH_20240615223406_20240615223440,HV,UWE,HNN,100.0,19.420972,-155.291162,Uwekahuna Vault Hawaii,0.0797,0.2249,0
CAPELLA_C10_SP_CPHD_HH_20240615223406_20240615223440,HV,UWE,HNZ,100.0,19.420972,-155.291162,Uwekahuna Vault Hawaii,0.033,0.1008,0
CAPELLA_C10_SP_CPHD_HH_20240615223406_20240615223440,HV,WRM,HHE,100.0,19.406623,-155.300005,West Rim Hawaii Digital,3.3822,8.8909,0
CAPELLA_C10_SP_CPHD_HH_20240615223406_20240615223440,HV,WRM,HHN,100.0,19.406623,-155.300005,West Rim Hawaii Digital,0.2911,0.6495,0
CAPELLA_C10_SP_CPHD_HH_20240615223406_20240615223440,HV,WRM,HHZ,100.0,19.406623,-155.300005,West Rim Hawaii Digital,8.0051,32.8489,1
CAPELLA_C09_SP_CPHD_HH_20240617201311_20240617201337,HV,KKO,HHE,100.0,19.398242,-155.266032,Keanakakoi Crater,1.0798,2.3264,0
CAPELLA_C09_SP_CPHD_HH_20240617201311_20240617201337,HV,KKO,HHN,100.0,19.398242,-155.266032,Keanakakoi Crater,1.3621,3.9825,0
CAPELLA_C09_SP_CPHD_HH_20240617201311_20240617201337,HV,KKO,HHZ,100.0,19.398242,-155.266032,Keanakakoi Crater,0.6082,1.7349,0
CAPELLA_C09_SP_CPHD_HH_20240617201311_20240617201337,HV,KKO,HNE,100.0,19.398242,-155.266032,Keanakakoi Crater,0.0441,0.1322,0
CAPELLA_C09_SP_CPHD_HH_20240617201311_20240617201337,HV,KKO,HNN,100.0,19.398242,-155.266032,Keanakakoi Crater,0.0928,0.3006,0
CAPELLA_C09_SP_CPHD_HH_20240617201311_20240617201337,HV,KKO,HNZ,100.0,19.398242,-155.266032,Keanakakoi Crater,0.0289,0.0789,0
CAPELLA_C09_SP_CPHD_HH_20240617201311_20240617201337,HV,OTLD,HHE,100.0,19.386532,-155.281715,Outlet Digital,0.8845,2.0253,0
CAPELLA_C09_SP_CPHD_HH_20240617201311_20240617201337,HV,OTLD,HHN,100.0,19.386532,-155.281715,Outlet Digital,1.3907,3.4293,0
CAPELLA_C09_SP_CPHD_HH_20240617201311_20240617201337,HV,OTLD,HHZ,100.0,19.386532,-155.281715,Outlet Digital,0.4862,1.1011,0
CAPELLA_C09_SP_CPHD_HH_20240617201311_20240617201337,HV,RIMD,HHE,100.0,19.395368,-155.273643,Caldera Rim Hawaii Digital,1.1509,3.0999,0
CAPELLA_C09_SP_CPHD_HH_20240617201311_20240617201337,HV,RIMD,HHN,100.0,19.395368,-155.273643,Caldera Rim Hawaii Digital,1.3658,3.26,0
CAPELLA_C09_SP_CPHD_HH_20240617201311_20240617201337,HV,RIMD,HHZ,100.0,19.395368,-155.273643,Caldera Rim Hawaii Digital,0.5803,1.475,0
CAPELLA_C09_SP_CPHD_HH_20240617201311_20240617201337,HV,RIMD,HNE,100.0,19.395368,-155.273643,Caldera Rim Hawaii Digital,0.0585,0.1896,0
CAPELLA_C09_SP_CPHD_HH_20240617201311_20240617201337,HV,RIMD,HNN,100.0,19.395368,-155.273643,Caldera Rim Hawaii Digital,0.0871,0.2872,0
CAPELLA_C09_SP_CPHD_HH_20240617201311_20240617201337,HV,RIMD,HNZ,100.0,19.395368,-155.273643,Caldera Rim Hawaii Digital,0.0257,0.0728,0
CAPELLA_C09_SP_CPHD_HH_20240617201311_20240617201337,HV,SDH,HHE,100.0,19.390003,-155.293995,Sand Hill,1.1093,2.9412,0
CAPELLA_C09_SP_CPHD_HH_20240617201311_20240617201337,HV,SDH,HHN,100.0,19.390003,-155.293995,Sand Hill,1.3472,3.1552,0
CAPELLA_C09_SP_CPHD_HH_20240617201311_20240617201337,HV,SDH,HHZ,100.0,19.390003,-155.293995,Sand Hill,0.5312,1.1223,0
CAPELLA_C09_SP_CPHD_HH_20240617201311_20240617201337,HV,UWB,HHE,100.0,19.42476,-155.277582,Uwekahuna Bluff Hawaii,1.9531,5.306,0
CAPELLA_C09_SP_CPHD_HH_20240617201311_20240617201337,HV,UWB,HHN,100.0,19.42476,-155.277582,Uwekahuna Bluff Hawaii,2.6091,5.8745,0
CAPELLA_C09_SP_CPHD_HH_20240617201311_20240617201337,HV,UWB,HHZ,100.0,19.42476,-155.277582,Uwekahuna Bluff Hawaii,0.533,1.4608,0
CAPELLA_C09_SP_CPHD_HH_20240617201311_20240617201337,HV,UWE,HHE,100.0,19.420972,-155.291162,Uwekahuna Vault Hawaii,1.553,3.9344,0
CAPELLA_C09_SP_CPHD_HH_20240617201311_20240617201337,HV,UWE,HHN,100.0,19.420972,-155.291162,Uwekahuna Vault Hawaii,1.4796,4.8869,0
CAPELLA_C09_SP_CPHD_HH_20240617201311_20240617201337,HV,UWE,HHZ,100.0,19.420972,-155.291162,Uwekahuna Vault Hawaii,0.6694,1.5595,0
CAPELLA_C09_SP_CPHD_HH_20240617201311_20240617201337,HV,UWE,HNE,100.0,19.420972,-155.291162,Uwekahuna Vault Hawaii,0.1094,0.3295,0
CAPELLA_C09_SP_CPHD_HH_20240617201311_20240617201337,HV,UWE,HNN,100.0,19.420972,-155.291162,Uwekahuna Vault Hawaii,0.0968,0.2679,0
CAPELLA_C09_SP_CPHD_HH_20240617201311_20240617201337,HV,UWE,HNZ,100.0,19.420972,-155.291162,Uwekahuna Vault Hawaii,0.0377,0.1135,0
CAPELLA_C09_SP_CPHD_HH_20240617201311_20240617201337,HV,WRM,HHE,100.0,19.406623,-155.300005,West Rim Hawaii Digital,3.5384,7.8765,0
CAPELLA_C09_SP_CPHD_HH_20240617201311_20240617201337,HV,WRM,HHN,100.0,19.406623,-155.300005,West Rim Hawaii Digital,0.4097,1.0047,0
CAPELLA_C09_SP_CPHD_HH_20240617201311_20240617201337,HV,WRM,HHZ,100.0,19.406623,-155.300005,West Rim Hawaii Digital,0.6856,2.4731,0
CAPELLA_C14_SP_CPHD_HH_20240617075329_20240617075357,HV,KKO,HHE,100.0,19.398242,-155.266032,Keanakakoi Crater,0.9498,2.0717,0
CAPELLA_C14_SP_CPHD_HH_20240617075329_20240617075357,HV,KKO,HHN,100.0,19.398242,-155.266032,Keanakakoi Crater,1.3038,3.7552,0
CAPELLA_C14_SP_CPHD_HH_20240617075329_20240617075357,HV,KKO,HHZ,100.0,19.398242,-155.266032,Keanakakoi Crater,0.3123,0.8851,0
CAPELLA_C14_SP_CPHD_HH_20240617075329_20240617075357,HV,KKO,HNE,100.0,19.398242,-155.266032,Keanakakoi Crater,0.0468,0.138,0
CAPELLA_C14_SP_CPHD_HH_20240617075329_20240617075357,HV,KKO,HNN,100.0,19.398242,-155.266032,Keanakakoi Crater,0.0988,0.2878,0
CAPELLA_C14_SP_CPHD_HH_20240617075329_20240617075357,HV,KKO,HNZ,100.0,19.398242,-155.266032,Keanakakoi Crater,0.0197,0.0565,0
CAPELLA_C14_SP_CPHD_HH_20240617075329_20240617075357,HV,OTLD,HHE,100.0,19.386532,-155.281715,Outlet Digital,0.7623,1.7757,0
CAPELLA_C14_SP_CPHD_HH_20240617075329_20240617075357,HV,OTLD,HHN,100.0,19.386532,-155.281715,Outlet Digital,1.3469,3.7432,0
CAPELLA_C14_SP_CPHD_HH_20240617075329_20240617075357,HV,OTLD,HHZ,100.0,19.386532,-155.281715,Outlet Digital,0.3275,0.8197,0
CAPELLA_C14_SP_CPHD_HH_20240617075329_20240617075357,HV,RIMD,HHE,100.0,19.395368,-155.273643,Caldera Rim Hawaii Digital,1.0372,2.5493,0
CAPELLA_C14_SP_CPHD_HH_20240617075329_20240617075357,HV,RIMD,HHN,100.0,19.395368,-155.273643,Caldera Rim Hawaii Digital,1.3201,3.3674,0
CAPELLA_C14_SP_CPHD_HH_20240617075329_20240617075357,HV,RIMD,HHZ,100.0,19.395368,-155.273643,Caldera Rim Hawaii Digital,0.2904,0.7471,0
CAPELLA_C14_SP_CPHD_HH_20240617075329_20240617075357,HV,RIMD,HNE,100.0,19.395368,-155.273643,Caldera Rim Hawaii Digital,0.0611,0.164,0
CAPELLA_C14_SP_CPHD_HH_20240617075329_20240617075357,HV,RIMD,HNN,100.0,19.395368,-155.273643,Caldera Rim Hawaii Digital,0.1013,0.2802,0
CAPELLA_C14_SP_CPHD_HH_20240617075329_20240617075357,HV,RIMD,HNZ,100.0,19.395368,-155.273643,Caldera Rim Hawaii Digital,0.0187,0.0572,0
CAPELLA_C14_SP_CPHD_HH_20240617075329_20240617075357,HV,SDH,HHE,100.0,19.390003,-155.293995,Sand Hill,0.7928,1.9639,0
CAPELLA_C14_SP_CPHD_HH_20240617075329_20240617075357,HV,SDH,HHN,100.0,19.390003,-155.293995,Sand Hill,0.9937,2.9701,0
CAPELLA_C14_SP_CPHD_HH_20240617075329_20240617075357,HV,SDH,HHZ,100.0,19.390003,-155.293995,Sand Hill,0.4277,0.9842,0
CAPELLA_C14_SP_CPHD_HH_20240617075329_20240617075357,HV,UWB,HHE,100.0,19.42476,-155.277582,Uwekahuna Bluff Hawaii,2.0036,5.6707,0
CAPELLA_C14_SP_CPHD_HH_20240617075329_20240617075357,HV,UWB,HHN,100.0,19.42476,-155.277582,Uwekahuna Bluff Hawaii,1.6635,4.1047,0
CAPELLA_C14_SP_CPHD_HH_20240617075329_20240617075357,HV,UWB,HHZ,100.0,19.42476,-155.277582,Uwekahuna Bluff Hawaii,0.419,1.1274,0
CAPELLA_C14_SP_CPHD_HH_20240617075329_20240617075357,HV,UWE,HHE,100.0,19.420972,-155.291162,Uwekahuna Vault Hawaii,1.638,3.8181,0
CAPELLA_C14_SP_CPHD_HH_20240617075329_20240617075357,HV,UWE,HHN,100.0,19.420972,-155.291162,Uwekahuna Vault Hawaii,1.0241,2.5224,0
CAPELLA_C14_SP_CPHD_HH_20240617075329_20240617075357,HV,UWE,HHZ,100.0,19.420972,-155.291162,Uwekahuna Vault Hawaii,0.5078,1.6046,0
CAPELLA_C14_SP_CPHD_HH_20240617075329_20240617075357,HV,UWE,HNE,100.0,19.420972,-155.291162,Uwekahuna Vault Hawaii,0.1139,0.3551,0
CAPELLA_C14_SP_CPHD_HH_20240617075329_20240617075357,HV,UWE,HNN,100.0,19.420972,-155.291162,Uwekahuna Vault Hawaii,0.0741,0.2106,0
CAPELLA_C14_SP_CPHD_HH_20240617075329_20240617075357,HV,UWE,HNZ,100.0,19.420972,-155.291162,Uwekahuna Vault Hawaii,0.0339,0.1068,0
CAPELLA_C14_SP_CPHD_HH_20240617075329_20240617075357,HV,WRM,HHE,100.0,19.406623,-155.300005,West Rim Hawaii Digital,2.8027,6.5472,0
CAPELLA_C14_SP_CPHD_HH_20240617075329_20240617075357,HV,WRM,HHN,100.0,19.406623,-155.300005,West Rim Hawaii Digital,0.2759,0.6685,0
CAPELLA_C14_SP_CPHD_HH_20240617075329_20240617075357,HV,WRM,HHZ,100.0,19.406623,-155.300005,West Rim Hawaii Digital,0.4252,0.898,0
CAPELLA_C10_SP_CPHD_HH_20240619050651_20240619050722,HV,KKO,HHE,100.0,19.398242,-155.266032,Keanakakoi Crater,0.8417,2.3793,0
CAPELLA_C10_SP_CPHD_HH_20240619050651_20240619050722,HV,KKO,HHN,100.0,19.398242,-155.266032,Keanakakoi Crater,1.4775,4.2113,0
CAPELLA_C10_SP_CPHD_HH_20240619050651_20240619050722,HV,KKO,HHZ,100.0,19.398242,-155.266032,Keanakakoi Crater,0.4708,1.1948,0
CAPELLA_C10_SP_CPHD_HH_20240619050651_20240619050722,HV,KKO,HNE,100.0,19.398242,-155.266032,Keanakakoi Crater,0.0558,0.1601,0
CAPELLA_C10_SP_CPHD_HH_20240619050651_20240619050722,HV,KKO,HNN,100.0,19.398242,-155.266032,Keanakakoi Crater,0.1094,0.3503,0
CAPELLA_C10_SP_CPHD_HH_20240619050651_20240619050722,HV,KKO,HNZ,100.0,19.398242,-155.266032,Keanakakoi Crater,0.0255,0.0739,0
CAPELLA_C10_SP_CPHD_HH_20240619050651_20240619050722,HV,OTLD,HHE,100.0,19.386532,-155.281715,Outlet Digital,0.7878,2.2458,0
CAPELLA_C10_SP_CPHD_HH_20240619050651_20240619050722,HV,OTLD,HHN,100.0,19.386532,-155.281715,Outlet Digital,0.9139,2.4567,0
CAPELLA_C10_SP_CPHD_HH_20240619050651_20240619050722,HV,OTLD,HHZ,100.0,19.386532,-155.281715,Outlet Digital,0.4334,1.0115,0
CAPELLA_C10_SP_CPHD_HH_20240619050651_20240619050722,HV,RIMD,HHE,100.0,19.395368,-155.273643,Caldera Rim Hawaii Digital,0.7839,2.0531,0
CAPELLA_C10_SP_CPHD_HH_20240619050651_20240619050722,HV,RIMD,HHN,100.0,19.395368,-155.273643,Caldera Rim Hawaii Digital,1.334,4.138,0
CAPELLA_C10_SP_CPHD_HH_20240619050651_20240619050722,HV,RIMD,HHZ,100.0,19.395368,-155.273643,Caldera Rim Hawaii Digital,0.4758,1.2236,0
CAPELLA_C10_SP_CPHD_HH_20240619050651_20240619050722,HV,RIMD,HNE,100.0,19.395368,-155.273643,Caldera Rim Hawaii Digital,0.0519,0.1827,0
CAPELLA_C10_SP_CPHD_HH_20240619050651_20240619050722,HV,RIMD,HNN,100.0,19.395368,-155.273643,Caldera Rim Hawaii Digital,0.0833,0.3148,0
CAPELLA_C10_SP_CPHD_HH_20240619050651_20240619050722,HV,RIMD,HNZ,100.0,19.395368,-155.273643,Caldera Rim Hawaii Digital,0.0255,0.0832,0
CAPELLA_C10_SP_CPHD_HH_20240619050651_20240619050722,HV,SDH,HHE,100.0,19.390003,-155.293995,Sand Hill,0.9166,2.5089,0
CAPELLA_C10_SP_CPHD_HH_20240619050651_20240619050722,HV,SDH,HHN,100.0,19.390003,-155.293995,Sand Hill,0.7696,2.2279,0
CAPELLA_C10_SP_CPHD_HH_20240619050651_20240619050722,HV,SDH,HHZ,100.0,19.390003,-155.293995,Sand Hill,0.4268,1.2203,0
CAPELLA_C10_SP_CPHD_HH_20240619050651_20240619050722,HV,UWB,HHE,100.0,19.42476,-155.277582,Uwekahuna Bluff Hawaii,2.1872,4.8757,0
CAPELLA_C10_SP_CPHD_HH_20240619050651_20240619050722,HV,UWB,HHN,100.0,19.42476,-155.277582,Uwekahuna Bluff Hawaii,1.5215,4.1943,0
CAPELLA_C10_SP_CPHD_HH_20240619050651_20240619050722,HV,UWB,HHZ,100.0,19.42476,-155.277582,Uwekahuna Bluff Hawaii,0.5141,1.3377,0
CAPELLA_C10_SP_CPHD_HH_20240619050651_20240619050722,HV,UWE,HHE,100.0,19.420972,-155.291162,Uwekahuna Vault Hawaii,1.6303,4.2699,0
CAPELLA_C10_SP_CPHD_HH_20240619050651_20240619050722,HV,UWE,HHN,100.0,19.420972,-155.291162,Uwekahuna Vault Hawaii,1.7131,5.6956,0
CAPELLA_C10_SP_CPHD_HH_20240619050651_20240619050722,HV,UWE,HHZ,100.0,19.420972,-155.291162,Uwekahuna Vault Hawaii,0.5216,1.4116,0
CAPELLA_C10_SP_CPHD_HH_20240619050651_20240619050722,HV,UWE,HNE,100.0,19.420972,-155.291162,Uwekahuna Vault Hawaii,0.1133,0.3479,0
CAPELLA_C10_SP_CPHD_HH_20240619050651_20240619050722,HV,UWE,HNN,100.0,19.420972,-155.291162,Uwekahuna Vault Hawaii,0.1067,0.3631,0
CAPELLA_C10_SP_CPHD_HH_20240619050651_20240619050722,HV,UWE,HNZ,100.0,19.420972,-155.291162,Uwekahuna Vault Hawaii,0.0368,0.112,0
CAPELLA_C10_SP_CPHD_HH_20240619050651_20240619050722,HV,WRM,HHE,100.0,19.406623,-155.300005,West Rim Hawaii Digital,2.5555,7.8615,0
CAPELLA_C10_SP_CPHD_HH_20240619050651_20240619050722,HV,WRM,HHN,100.0,19.406623,-155.300005,West Rim Hawaii Digital,0.2829,0.8107,0
CAPELLA_C10_SP_CPHD_HH_20240619050651_20240619050722,HV,WRM,HHZ,100.0,19.406623,-155.300005,West Rim Hawaii Digital,0.2379,0.7057,0
CAPELLA_C09_SP_CPHD_HH_20240620194700_20240620194728,HV,KKO,HHE,100.0,19.398242,-155.266032,Keanakakoi Crater,1.1018,2.8514,0
CAPELLA_C09_SP_CPHD_HH_20240620194700_20240620194728,HV,KKO,HHN,100.0,19.398242,-155.266032,Keanakakoi Crater,1.2067,3.3666,0
CAPELLA_C09_SP_CPHD_HH_20240620194700_20240620194728,HV,KKO,HHZ,100.0,19.398242,-155.266032,Keanakakoi Crater,0.4959,1.0684,0
CAPELLA_C09_SP_CPHD_HH_20240620194700_20240620194728,HV,KKO,HNE,100.0,19.398242,-155.266032,Keanakakoi Crater,0.0549,0.1445,0
CAPELLA_C09_SP_CPHD_HH_20240620194700_20240620194728,HV,KKO,HNN,100.0,19.398242,-155.266032,Keanakakoi Crater,0.1053,0.3543,0
CAPELLA_C09_SP_CPHD_HH_20240620194700_20240620194728,HV,KKO,HNZ,100.0,19.398242,-155.266032,Keanakakoi Crater,0.0272,0.1049,0
CAPELLA_C09_SP_CPHD_HH_20240620194700_20240620194728,HV,OTLD,HHE,100.0,19.386532,-155.281715,Outlet Digital,0.9289,2.4784,0
CAPELLA_C09_SP_CPHD_HH_20240620194700_20240620194728,HV,OTLD,HHN,100.0,19.386532,-155.281715,Outlet Digital,1.0156,3.0488,0
CAPELLA_C09_SP_CPHD_HH_20240620194700_20240620194728,HV,OTLD,HHZ,100.0,19.386532,-155.281715,Outlet Digital,0.457,1.1307,0
CAPELLA_C09_SP_CPHD_HH_20240620194700_20240620194728,HV,RIMD,HHE,100.0,19.395368,-155.273643,Caldera Rim Hawaii Digital,1.1512,3.1223,0
CAPELLA_C09_SP_CPHD_HH_20240620194700_20240620194728,HV,RIMD,HHN,100.0,19.395368,-155.273643,Caldera Rim Hawaii Digital,1.1798,2.8295,0
CAPELLA_C09_SP_CPHD_HH_20240620194700_20240620194728,HV,RIMD,HHZ,100.0,19.395368,-155.273643,Caldera Rim Hawaii Digital,0.5068,1.0256,0
CAPELLA_C09_SP_CPHD_HH_20240620194700_20240620194728,HV,RIMD,HNE,100.0,19.395368,-155.273643,Caldera Rim Hawaii Digital,0.0672,0.2117,0
CAPELLA_C09_SP_CPHD_HH_20240620194700_20240620194728,HV,RIMD,HNN,100.0,19.395368,-155.273643,Caldera Rim Hawaii Digital,0.1129,0.3084,0
CAPELLA_C09_SP_CPHD_HH_20240620194700_20240620194728,HV,RIMD,HNZ,100.0,19.395368,-155.273643,Caldera Rim Hawaii Digital,0.0282,0.0824,0
CAPELLA_C09_SP_CPHD_HH_20240620194700_20240620194728,HV,SDH,HHE,100.0,19.390003,-155.293995,Sand Hill,1.1302,3.2388,0
CAPELLA_C09_SP_CPHD_HH_20240620194700_20240620194728,HV,SDH,HHN,100.0,19.390003,-155.293995,Sand Hill,0.9296,2.7285,0
CAPELLA_C09_SP_CPHD_HH_20240620194700_20240620194728,HV,SDH,HHZ,100.0,19.390003,-155.293995,Sand Hill,0.4276,1.0795,0
CAPELLA_C09_SP_CPHD_HH_20240620194700_20240620194728,HV,UWB,HHE,100.0,19.42476,-155.277582,Uwekahuna Bluff Hawaii,1.6906,3.5485,0
CAPELLA_C09_SP_CPHD_HH_20240620194700_20240620194728,HV,UWB,HHN,100.0,19.42476,-155.277582,Uwekahuna Bluff Hawaii,1.2214,2.6605,0
CAPELLA_C09_SP_CPHD_HH_20240620194700_20240620194728,HV,UWB,HHZ,100.0,19.42476,-155.277582,Uwekahuna Bluff Hawaii,0.5133,1.5085,0
CAPELLA_C09_SP_CPHD_HH_20240620194700_20240620194728,HV,UWE,HHE,100.0,19.420972,-155.291162,Uwekahuna Vault Hawaii,1.8022,4.8044,0
CAPELLA_C09_SP_CPHD_HH_20240620194700_20240620194728,HV,UWE,HHN,100.0,19.420972,-155.291162,Uwekahuna Vault Hawaii,1.1454,3.0295,0
CAPELLA_C09_SP_CPHD_HH_20240620194700_20240620194728,HV,UWE,HHZ,100.0,19.420972,-155.291162,Uwekahuna Vault Hawaii,0.5909,1.4795,0
CAPELLA_C09_SP_CPHD_HH_20240620194700_20240620194728,HV,UWE,HNE,100.0,19.420972,-155.291162,Uwekahuna Vault Hawaii,0.1456,0.457,0
CAPELLA_C09_SP_CPHD_HH_20240620194700_20240620194728,HV,UWE,HNN,100.0,19.420972,-155.291162,Uwekahuna Vault Hawaii,0.0853,0.2636,0
CAPELLA_C09_SP_CPHD_HH_20240620194700_20240620194728,HV,UWE,HNZ,100.0,19.420972,-155.291162,Uwekahuna Vault Hawaii,0.036,0.1307,0
CAPELLA_C09_SP_CPHD_HH_20240620194700_20240620194728,HV,WRM,HHE,100.0,19.406623,-155.300005,West Rim Hawaii Digital,3.6929,8.9094,0
CAPELLA_C09_SP_CPHD_HH_20240620194700_20240620194728,HV,WRM,HHN,100.0,19.406623,-155.300005,West Rim Hawaii Digital,0.2659,0.7608,0
CAPELLA_C09_SP_CPHD_HH_20240620194700_20240620194728,HV,WRM,HHZ,100.0,19.406623,-155.300005,West Rim Hawaii Digital,0.2501,0.588,0
CAPELLA_C14_SP_CPHD_HH_20240620064136_20240620064205,HV,KKO,HHE,100.0,19.398242,-155.266032,Keanakakoi Crater,0.9783,2.5575,0
CAPELLA_C14_SP_CPHD_HH_20240620064136_20240620064205,HV,KKO,HHN,100.0,19.398242,-155.266032,Keanakakoi Crater,1.3413,3.5669,0
CAPELLA_C14_SP_CPHD_HH_20240620064136_20240620064205,HV,KKO,HHZ,100.0,19.398242,-155.266032,Keanakakoi Crater,0.4091,1.0711,0
CAPELLA_C14_SP_CPHD_HH_20240620064136_20240620064205,HV,KKO,HNE,100.0,19.398242,-155.266032,Keanakakoi Crater,0.0514,0.1516,0
CAPELLA_C14_SP_CPHD_HH_20240620064136_20240620064205,HV,KKO,HNN,100.0,19.398242,-155.266032,Keanakakoi Crater,0.1076,0.3466,0
CAPELLA_C14_SP_CPHD_HH_20240620064136_20240620064205,HV,KKO,HNZ,100.0,19.398242,-155.266032,Keanakakoi Crater,0.0255,0.0862,0
CAPELLA_C14_SP_CPHD_HH_20240620064136_20240620064205,HV,OTLD,HHE,100.0,19.386532,-155.281715,Outlet Digital,0.9436,2.5196,0
CAPELLA_C14_SP_CPHD_HH_20240620064136_20240620064205,HV,OTLD,HHN,100.0,19.386532,-155.281715,Outlet Digital,0.8403,2.688,0
CAPELLA_C14_SP_CPHD_HH_20240620064136_20240620064205,HV,OTLD,HHZ,100.0,19.386532,-155.281715,Outlet Digital,0.4283,1.083,0
CAPELLA_C14_SP_CPHD_HH_20240620064136_20240620064205,HV,RIMD,HHE,100.0,19.395368,-155.273643,Caldera Rim Hawaii Digital,1.0314,2.5595,0
CAPELLA_C14_SP_CPHD_HH_20240620064136_20240620064205,HV,RIMD,HHN,100.0,19.395368,-155.273643,Caldera Rim Hawaii Digital,1.1362,2.6574,0
CAPELLA_C14_SP_CPHD_HH_20240620064136_20240620064205,HV,RIMD,HHZ,100.0,19.395368,-155.273643,Caldera Rim Hawaii Digital,0.4253,1.0537,0
CAPELLA_C14_SP_CPHD_HH_20240620064136_20240620064205,HV,RIMD,HNE,100.0,19.395368,-155.273643,Caldera Rim Hawaii Digital,0.0562,0.1585,0
CAPELLA_C14_SP_CPHD_HH_20240620064136_20240620064205,HV,RIMD,HNN,100.0,19.395368,-155.273643,Caldera Rim Hawaii Digital,0.0868,0.2473,0
CAPELLA_C14_SP_CPHD_HH_20240620064136_20240620064205,HV,RIMD,HNZ,100.0,19.395368,-155.273643,Caldera Rim Hawaii Digital,0.0227,0.0821,0
CAPELLA_C14_SP_CPHD_HH_20240620064136_20240620064205,HV,SDH,HHE,100.0,19.390003,-155.293995,Sand Hill,1.0259,3.249,0
CAPELLA_C14_SP_CPHD_HH_20240620064136_20240620064205,HV,SDH,HHN,100.0,19.390003,-155.293995,Sand Hill,0.7827,1.8496,0
CAPELLA_C14_SP_CPHD_HH_20240620064136_20240620064205,HV,SDH,HHZ,100.0,19.390003,-155.293995,Sand Hill,0.4052,1.1326,0
CAPELLA_C14_SP_CPHD_HH_20240620064136_20240620064205,HV,UWB,HHE,100.0,19.42476,-155.277582,Uwekahuna Bluff Hawaii,2.4774,6.5501,0
CAPELLA_C14_SP_CPHD_HH_20240620064136_20240620064205,HV,UWB,HHN,100.0,19.42476,-155.277582,Uwekahuna Bluff Hawaii,4.1997,14.0888,0
CAPELLA_C14_SP_CPHD_HH_20240620064136_20240620064205,HV,UWB,HHZ,100.0,19.42476,-155.277582,Uwekahuna Bluff Hawaii,0.4361,1.0968,0
CAPELLA_C14_SP_CPHD_HH_20240620064136_20240620064205,HV,UWE,HHE,100.0,19.420972,-155.291162,Uwekahuna Vault Hawaii,1.4681,3.6242,0
CAPELLA_C14_SP_CPHD_HH_20240620064136_20240620064205,HV,UWE,HHN,100.0,19.420972,-155.291162,Uwekahuna Vault Hawaii,1.6289,3.598,0
CAPELLA_C14_SP_CPHD_HH_20240620064136_20240620064205,HV,UWE,HHZ,100.0,19.420972,-155.291162,Uwekahuna Vault Hawaii,0.4463,1.0526,0
CAPELLA_C14_SP_CPHD_HH_20240620064136_20240620064205,HV,UWE,HNE,100.0,19.420972,-155.291162,Uwekahuna Vault Hawaii,0.1041,0.3034,0
CAPELLA_C14_SP_CPHD_HH_20240620064136_20240620064205,HV,UWE,HNN,100.0,19.420972,-155.291162,Uwekahuna Vault Hawaii,0.1052,0.3189,0
CAPELLA_C14_SP_CPHD_HH_20240620064136_20240620064205,HV,UWE,HNZ,100.0,19.420972,-155.291162,Uwekahuna Vault Hawaii,0.0304,0.0857,0
CAPELLA_C14_SP_CPHD_HH_20240620064136_20240620064205,HV,WRM,HHE,100.0,19.406623,-155.300005,West Rim Hawaii Digital,2.6696,6.4205,0
CAPELLA_C14_SP_CPHD_HH_20240620064136_20240620064205,HV,WRM,HHN,100.0,19.406623,-155.300005,West Rim Hawaii Digital,0.2725,0.8336,0
CAPELLA_C14_SP_CPHD_HH_20240620064136_20240620064205,HV,WRM,HHZ,100.0,19.406623,-155.300005,West Rim Hawaii Digital,0.2317,0.4929,0
CAPELLA_C10_SP_CPHD_HH_20240622045032_20240622045100,HV,KKO,HHE,100.0,19.398242,-155.266032,Keanakakoi Crater,0.8239,2.2856,0
CAPELLA_C10_SP_CPHD_HH_20240622045032_20240622045100,HV,KKO,HHN,100.0,19.398242,-155.266032,Keanakakoi Crater,1.6094,3.9199,0
CAPELLA_C10_SP_CPHD_HH_20240622045032_20240622045100,HV,KKO,HHZ,100.0,19.398242,-155.266032,Keanakakoi Crater,0.4887,1.7166,0
CAPELLA_C10_SP_CPHD_HH_20240622045032_20240622045100,HV,KKO,HNE,100.0,19.398242,-155.266032,Keanakakoi Crater,0.0474,0.1723,0
CAPELLA_C10_SP_CPHD_HH_20240622045032_20240622045100,HV,KKO,HNN,100.0,19.398242,-155.266032,Keanakakoi Crater,0.1196,0.3216,0
CAPELLA_C10_SP_CPHD_HH_20240622045032_20240622045100,HV,KKO,HNZ,100.0,19.398242,-155.266032,Keanakakoi Crater,0.0289,0.0944,0
CAPELLA_C10_SP_CPHD_HH_20240622045032_20240622045100,HV,OTLD,HHE,100.0,19.386532,-155.281715,Outlet Digital,0.655,2.0528,0
CAPELLA_C10_SP_CPHD_HH_20240622045032_20240622045100,HV,OTLD,HHN,100.0,19.386532,-155.281715,Outlet Digital,1.0985,3.148,0
CAPELLA_C10_SP_CPHD_HH_20240622045032_20240622045100,HV,OTLD,HHZ,100.0,19.386532,-155.281715,Outlet Digital,0.4293,1.2677,0
CAPELLA_C10_SP_CPHD_HH_20240622045032_20240622045100,HV,RIMD,HHE,100.0,19.395368,-155.273643,Caldera Rim Hawaii Digital,0.9431,2.9375,0
CAPELLA_C10_SP_CPHD_HH_20240622045032_20240622045100,HV,RIMD,HHN,100.0,19.395368,-155.273643,Caldera Rim Hawaii Digital,1.5003,4.2206,0
CAPELLA_C10_SP_CPHD_HH_20240622045032_20240622045100,HV,RIMD,HHZ,100.0,19.395368,-155.273643,Caldera Rim Hawaii Digital,0.4736,1.5768,0
CAPELLA_C10_SP_CPHD_HH_20240622045032_20240622045100,HV,RIMD,HNE,100.0,19.395368,-155.273643,Caldera Rim Hawaii Digital,0.0641,0.1728,0
CAPELLA_C10_SP_CPHD_HH_20240622045032_20240622045100,HV,RIMD,HNN,100.0,19.395368,-155.273643,Caldera Rim Hawaii Digital,0.1061,0.3393,0
CAPELLA_C10_SP_CPHD_HH_20240622045032_20240622045100,HV,RIMD,HNZ,100.0,19.395368,-155.273643,Caldera Rim Hawaii Digital,0.0281,0.099,0
CAPELLA_C10_SP_CPHD_HH_20240622045032_20240622045100,HV,SDH,HHE,100.0,19.390003,-155.293995,Sand Hill,0.9083,2.5531,0
CAPELLA_C10_SP_CPHD_HH_20240622045032_20240622045100,HV,SDH,HHN,100.0,19.390003,-155.293995,Sand Hill,0.8788,2.9436,0
CAPELLA_C10_SP_CPHD_HH_20240622045032_20240622045100,HV,SDH,HHZ,100.0,19.390003,-155.293995,Sand Hill,0.401,0.8578,0
CAPELLA_C10_SP_CPHD_HH_20240622045032_20240622045100,HV,UWB,HHE,100.0,19.42476,-155.277582,Uwekahuna Bluff Hawaii,1.746,5.6365,0
CAPELLA_C10_SP_CPHD_HH_20240622045032_20240622045100,HV,UWB,HHN,100.0,19.42476,-155.277582,Uwekahuna Bluff Hawaii,1.1663,2.645,0
CAPELLA_C10_SP_CPHD_HH_20240622045032_20240622045100,HV,UWB,HHZ,100.0,19.42476,-155.277582,Uwekahuna Bluff Hawaii,0.4858,1.2741,0
CAPELLA_C10_SP_CPHD_HH_20240622045032_20240622045100,HV,UWE,HHE,100.0,19.420972,-155.291162,Uwekahuna Vault Hawaii,1.6621,4.9093,0
CAPELLA_C10_SP_CPHD_HH_20240622045032_20240622045100,HV,UWE,HHN,100.0,19.420972,-155.291162,Uwekahuna Vault Hawaii,1.534,5.939,0
CAPELLA_C10_SP_CPHD_HH_20240622045032_20240622045100,HV,UWE,HHZ,100.0,19.420972,-155.291162,Uwekahuna Vault Hawaii,0.5236,1.4172,0
CAPELLA_C10_SP_CPHD_HH_20240622045032_20240622045100,HV,UWE,HNE,100.0,19.420972,-155.291162,Uwekahuna Vault Hawaii,0.1294,0.4652,0
CAPELLA_C10_SP_CPHD_HH_20240622045032_20240622045100,HV,UWE,HNN,100.0,19.420972,-155.291162,Uwekahuna Vault Hawaii,0.0867,0.257,0
CAPELLA_C10_SP_CPHD_HH_20240622045032_20240622045100,HV,UWE,HNZ,100.0,19.420972,-155.291162,Uwekahuna Vault Hawaii,0.0342,0.0895,0
CAPELLA_C10_SP_CPHD_HH_20240622045032_20240622045100,HV,WRM,HHE,100.0,19.406623,-155.300005,West Rim Hawaii Digital,2.5735,5.692,0
CAPELLA_C10_SP_CPHD_HH_20240622045032_20240622045100,HV,WRM,HHN,100.0,19.406623,-155.300005,West Rim Hawaii Digital,0.2681,0.6317,0
CAPELLA_C10_SP_CPHD_HH_20240622045032_20240622045100,HV,WRM,HHZ,100.0,19.406623,-155.300005,West Rim Hawaii Digital,0.2512,0.7047,0
CAPELLA_C14_SP_CPHD_HH_20240623052958_20240623053027,HV,KKO,HHE,100.0,19.398242,-155.266032,Keanakakoi Crater,0.7987,2.0017,0
CAPELLA_C14_SP_CPHD_HH_20240623052958_20240623053027,HV,KKO,HHN,100.0,19.398242,-155.266032,Keanakakoi Crater,1.0877,3.0883,0
CAPELLA_C14_SP_CPHD_HH_20240623052958_20240623053027,HV,KKO,HHZ,100.0,19.398242,-155.266032,Keanakakoi Crater,0.7015,1.7386,0
CAPELLA_C14_SP_CPHD_HH_20240623052958_20240623053027,HV,KKO,HNE,100.0,19.398242,-155.266032,Keanakakoi Crater,0.0573,0.1592,0
CAPELLA_C14_SP_CPHD_HH_20240623052958_20240623053027,HV,KKO,HNN,100.0,19.398242,-155.266032,Keanakakoi Crater,0.1104,0.2873,0
CAPELLA_C14_SP_CPHD_HH_20240623052958_20240623053027,HV,KKO,HNZ,100.0,19.398242,-155.266032,Keanakakoi Crater,0.0315,0.0883,0
CAPELLA_C14_SP_CPHD_HH_20240623052958_20240623053027,HV,OTLD,HHE,100.0,19.386532,-155.281715,Outlet Digital,0.6698,1.6255,0
CAPELLA_C14_SP_CPHD_HH_20240623052958_20240623053027,HV,OTLD,HHN,100.0,19.386532,-155.281715,Outlet Digital,0.9147,2.598,0
CAPELLA_C14_SP_CPHD_HH_20240623052958_20240623053027,HV,OTLD,HHZ,100.0,19.386532,-155.281715,Outlet Digital,0.6899,1.8998,0
CAPELLA_C14_SP_CPHD_HH_20240623052958_20240623053027,HV,RIMD,HHE,100.0,19.395368,-155.273643,Caldera Rim Hawaii Digital,0.8308,2.1567,0
CAPELLA_C14_SP_CPHD_HH_20240623052958_20240623053027,HV,RIMD,HHN,100.0,19.395368,-155.273643,Caldera Rim Hawaii Digital,0.9972,2.9913,0
CAPELLA_C14_SP_CPHD_HH_20240623052958_20240623053027,HV,RIMD,HHZ,100.0,19.395368,-155.273643,Caldera Rim Hawaii Digital,0.7643,1.8163,0
CAPELLA_C14_SP_CPHD_HH_20240623052958_20240623053027,HV,RIMD,HNE,100.0,19.395368,-155.273643,Caldera Rim Hawaii Digital,0.0629,0.1747,0
CAPELLA_C14_SP_CPHD_HH_20240623052958_20240623053027,HV,RIMD,HNN,100.0,19.395368,-155.273643,Caldera Rim Hawaii Digital,0.0969,0.3409,0
CAPELLA_C14_SP_CPHD_HH_20240623052958_20240623053027,HV,RIMD,HNZ,100.0,19.395368,-155.273643,Caldera Rim Hawaii Digital,0.0345,0.0968,0
CAPELLA_C14_SP_CPHD_HH_20240623052958_20240623053027,HV,SDH,HHE,100.0,19.390003,-155.293995,Sand Hill,0.9338,2.3517,0
CAPELLA_C14_SP_CPHD_HH_20240623052958_20240623053027,HV,SDH,HHN,100.0,19.390003,-155.293995,Sand Hill,0.8052,1.8909,0
CAPELLA_C14_SP_CPHD_HH_20240623052958_20240623053027,HV,SDH,HHZ,100.0,19.390003,-155.293995,Sand Hill,0.6061,1.7581,0
CAPELLA_C14_SP_CPHD_HH_20240623052958_20240623053027,HV,UWB,HHE,100.0,19.42476,-155.277582,Uwekahuna Bluff Hawaii,2.0288,6.5605,0
CAPELLA_C14_SP_CPHD_HH_20240623052958_20240623053027,HV,UWB,HHN,100.0,19.42476,-155.277582,Uwekahuna Bluff Hawaii,1.1539,2.6,0
CAPELLA_C14_SP_CPHD_HH_20240623052958_20240623053027,HV,UWB,HHZ,100.0,19.42476,-155.277582,Uwekahuna Bluff Hawaii,0.508,1.4322,0
CAPELLA_C14_SP_CPHD_HH_20240623052958_20240623053027,HV,UWE,HHE,100.0,19.420972,-155.291162,Uwekahuna Vault Hawaii,1.7048,5.1417,0
CAPELLA_C14_SP_CPHD_HH_20240623052958_20240623053027,HV,UWE,HHN,100.0,19.420972,-155.291162,Uwekahuna Vault Hawaii,1.3182,3.0556,0
CAPELLA_C14_SP_CPHD_HH_20240623052958_20240623053027,HV,UWE,HHZ,100.0,19.420972,-155.291162,Uwekahuna Vault Hawaii,0.5253,1.7304,0
CAPELLA_C14_SP_CPHD_HH_20240623052958_20240623053027,HV,UWE,HNE,100.0,19.420972,-155.291162,Uwekahuna Vault Hawaii,0.1197,0.4508,0
CAPELLA_C14_SP_CPHD_HH_20240623052958_20240623053027,HV,UWE,HNN,100.0,19.420972,-155.291162,Uwekahuna Vault Hawaii,0.0816,0.2605,0
CAPELLA_C14_SP_CPHD_HH_20240623052958_20240623053027,HV,UWE,HNZ,100.0,19.420972,-155.291162,Uwekahuna Vault Hawaii,0.0332,0.0915,0
CAPELLA_C14_SP_CPHD_HH_20240623052958_20240623053027,HV,WRM,HHE,100.0,19.406623,-155.300005,West Rim Hawaii Digital,2.4053,6.8006,0
CAPELLA_C14_SP_CPHD_HH_20240623052958_20240623053027,HV,WRM,HHN,100.0,19.406623,-155.300005,West Rim Hawaii Digital,0.2617,0.6417,0
CAPELLA_C14_SP_CPHD_HH_20240623052958_20240623053027,HV,WRM,HHZ,100.0,19.406623,-155.300005,West Rim Hawaii Digital,0.281,0.6852,0
CAPELLA_C10_SP_CPHD_HH_20240624025907_20240624025940,HV,BYL,HHE,100.0,19.412087,-155.259877,Byron's Ledge,0.2087,0.5498,0
CAPELLA_C10_SP_CPHD_HH_20240624025907_20240624025940,HV,BYL,HHN,100.0,19.412087,-155.259877,Byron's Ledge,0.3425,0.9032,0
CAPELLA_C10_SP_CPHD_HH_20240624025907_20240624025940,HV,BYL,HHZ,100.0,19.412087,-155.259877,Byron's Ledge,2.1346,5.6296,0
CAPELLA_C10_SP_CPHD_HH_20240624025907_20240624025940,HV,KKO,HHE,100.0,19.398242,-155.266032,Keanakakoi Crater,0.7825,2.3096,0
CAPELLA_C10_SP_CPHD_HH_20240624025907_20240624025940,HV,KKO,HHN,100.0,19.398242,-155.266032,Keanakakoi Crater,1.3391,3.3002,0
CAPELLA_C10_SP_CPHD_HH_20240624025907_20240624025940,HV,KKO,HHZ,100.0,19.398242,-155.266032,Keanakakoi Crater,0.5581,1.711,0
CAPELLA_C10_SP_CPHD_HH_20240624025907_20240624025940,HV,KKO,HNE,100.0,19.398242,-155.266032,Keanakakoi Crater,0.0566,0.1875,0
CAPELLA_C10_SP_CPHD_HH_20240624025907_20240624025940,HV,KKO,HNN,100.0,19.398242,-155.266032,Keanakakoi Crater,0.1325,0.41,0
CAPELLA_C10_SP_CPHD_HH_20240624025907_20240624025940,HV,KKO,HNZ,100.0,19.398242,-155.266032,Keanakakoi Crater,0.0304,0.1044,0
CAPELLA_C10_SP_CPHD_HH_20240624025907_20240624025940,HV,OTLD,HHE,100.0,19.386532,-155.281715,Outlet Digital,0.6042,1.5309,0
CAPELLA_C10_SP_CPHD_HH_20240624025907_20240624025940,HV,OTLD,HHN,100.0,19.386532,-155.281715,Outlet Digital,0.8687,2.4551,0
CAPELLA_C10_SP_CPHD_HH_20240624025907_20240624025940,HV,OTLD,HHZ,100.0,19.386532,-155.281715,Outlet Digital,0.5685,1.4901,0
CAPELLA_C10_SP_CPHD_HH_20240624025907_20240624025940,HV,RIMD,HHE,100.0,19.395368,-155.273643,Caldera Rim Hawaii Digital,0.9663,2.961,0
CAPELLA_C10_SP_CPHD_HH_20240624025907_20240624025940,HV,RIMD,HHN,100.0,19.395368,-155.273643,Caldera Rim Hawaii Digital,1.3654,3.4155,0
CAPELLA_C10_SP_CPHD_HH_20240624025907_20240624025940,HV,RIMD,HHZ,100.0,19.395368,-155.273643,Caldera Rim Hawaii Digital,0.6014,1.9431,0
CAPELLA_C10_SP_CPHD_HH_20240624025907_20240624025940,HV,RIMD,HNE,100.0,19.395368,-155.273643,Caldera Rim Hawaii Digital,0.0808,0.2203,0
CAPELLA_C10_SP_CPHD_HH_20240624025907_20240624025940,HV,RIMD,HNN,100.0,19.395368,-155.273643,Caldera Rim Hawaii Digital,0.1373,0.3648,0
CAPELLA_C10_SP_CPHD_HH_20240624025907_20240624025940,HV,RIMD,HNZ,100.0,19.395368,-155.273643,Caldera Rim Hawaii Digital,0.0321,0.134,0
CAPELLA_C10_SP_CPHD_HH_20240624025907_20240624025940,HV,SDH,HHE,100.0,19.390003,-155.293995,Sand Hill,0.8344,1.9791,0
CAPELLA_C10_SP_CPHD_HH_20240624025907_20240624025940,HV,SDH,HHN,100.0,19.390003,-155.293995,Sand Hill,0.9744,3.6012,0
CAPELLA_C10_SP_CPHD_HH_20240624025907_20240624025940,HV,SDH,HHZ,100.0,19.390003,-155.293995,Sand Hill,0.5117,1.5025,0
CAPELLA_C10_SP_CPHD_HH_20240624025907_20240624025940,HV,UWB,HHE,100.0,19.42476,-155.277582,Uwekahuna Bluff Hawaii,12.1241,43.2489,1
CAPELLA_C10_SP_CPHD_HH_20240624025907_20240624025940,HV,UWB,HHN,100.0,19.42476,-155.277582,Uwekahuna Bluff Hawaii,6.9035,21.2449,1
CAPELLA_C10_SP_CPHD_HH_20240624025907_20240624025940,HV,UWB,HHZ,100.0,19.42476,-155.277582,Uwekahuna Bluff Hawaii,0.4332,1.0289,0
CAPELLA_C10_SP_CPHD_HH_20240624025907_20240624025940,HV,UWE,HHE,100.0,19.420972,-155.291162,Uwekahuna Vault Hawaii,1.6786,3.9457,0
CAPELLA_C10_SP_CPHD_HH_20240624025907_20240624025940,HV,UWE,HHN,100.0,19.420972,-155.291162,Uwekahuna Vault Hawaii,1.1133,3.4585,0
CAPELLA_C10_SP_CPHD_HH_20240624025907_20240624025940,HV,UWE,HHZ,100.0,19.420972,-155.291162,Uwekahuna Vault Hawaii,0.4536,1.4367,0
CAPELLA_C10_SP_CPHD_HH_20240624025907_20240624025940,HV,UWE,HNE,100.0,19.420972,-155.291162,Uwekahuna Vault Hawaii,0.1406,0.3795,0
CAPELLA_C10_SP_CPHD_HH_20240624025907_20240624025940,HV,UWE,HNN,100.0,19.420972,-155.291162,Uwekahuna Vault Hawaii,0.0867,0.2763,0
CAPELLA_C10_SP_CPHD_HH_20240624025907_20240624025940,HV,UWE,HNZ,100.0,19.420972,-155.291162,Uwekahuna Vault Hawaii,0.0523,0.1526,0
CAPELLA_C10_SP_CPHD_HH_20240624025907_20240624025940,HV,WRM,HHE,100.0,19.406623,-155.300005,West Rim Hawaii Digital,3.2418,6.7944,0
CAPELLA_C10_SP_CPHD_HH_20240624025907_20240624025940,HV,WRM,HHN,100.0,19.406623,-155.300005,West Rim Hawaii Digital,0.2837,0.8312,0
CAPELLA_C10_SP_CPHD_HH_20240624025907_20240624025940,HV,WRM,HHZ,100.0,19.406623,-155.300005,West Rim Hawaii Digital,0.2438,0.6057,0
CAPELLA_C10_SP_CPHD_HH_20240625025337_20240625025402,HV,BYL,HHE,100.0,19.412087,-155.259877,Byron's Ledge,0.0521,0.1236,0
CAPELLA_C10_SP_CPHD_HH_20240625025337_20240625025402,HV,BYL,HHN,100.0,19.412087,-155.259877,Byron's Ledge,0.0852,0.2042,0
CAPELLA_C10_SP_CPHD_HH_20240625025337_20240625025402,HV,BYL,HHZ,100.0,19.412087,-155.259877,Byron's Ledge,0.5288,1.2236,0
CAPELLA_C10_SP_CPHD_HH_20240625025337_20240625025402,HV,KKO,HHE,100.0,19.398242,-155.266032,Keanakakoi Crater,0.8214,2.57,0
CAPELLA_C10_SP_CPHD_HH_20240625025337_20240625025402,HV,KKO,HHN,100.0,19.398242,-155.266032,Keanakakoi Crater,0.9062,2.2728,0
CAPELLA_C10_SP_CPHD_HH_20240625025337_20240625025402,HV,KKO,HHZ,100.0,19.398242,-155.266032,Keanakakoi Crater,0.5628,1.4074,0
CAPELLA_C10_SP_CPHD_HH_20240625025337_20240625025402,HV,KKO,HNE,100.0,19.398242,-155.266032,Keanakakoi Crater,0.0486,0.1176,0
CAPELLA_C10_SP_CPHD_HH_20240625025337_20240625025402,HV,KKO,HNN,100.0,19.398242,-155.266032,Keanakakoi Crater,0.1183,0.3091,0
CAPELLA_C10_SP_CPHD_HH_20240625025337_20240625025402,HV,KKO,HNZ,100.0,19.398242,-155.266032,Keanakakoi Crater,0.0301,0.1011,0
CAPELLA_C10_SP_CPHD_HH_20240625025337_20240625025402,HV,OTLD,HHE,100.0,19.386532,-155.281715,Outlet Digital,0.6423,1.5564,0
CAPELLA_C10_SP_CPHD_HH_20240625025337_20240625025402,HV,OTLD,HHN,100.0,19.386532,-155.281715,Outlet Digital,1.185,2.9892,0
CAPELLA_C10_SP_CPHD_HH_20240625025337_20240625025402,HV,OTLD,HHZ,100.0,19.386532,-155.281715,Outlet Digital,0.4928,1.1994,0
CAPELLA_C10_SP_CPHD_HH_20240625025337_20240625025402,HV,RIMD,HHE,100.0,19.395368,-155.273643,Caldera Rim Hawaii Digital,0.9778,2.5941,0
CAPELLA_C10_SP_CPHD_HH_20240625025337_20240625025402,HV,RIMD,HHN,100.0,19.395368,-155.273643,Caldera Rim Hawaii Digital,1.0502,3.0324,0
CAPELLA_C10_SP_CPHD_HH_20240625025337_20240625025402,HV,RIMD,HHZ,100.0,19.395368,-155.273643,Caldera Rim Hawaii Digital,0.5771,1.4058,0
CAPELLA_C10_SP_CPHD_HH_20240625025337_20240625025402,HV,RIMD,HNE,100.0,19.395368,-155.273643,Caldera Rim Hawaii Digital,0.0657,0.1803,0
CAPELLA_C10_SP_CPHD_HH_20240625025337_20240625025402,HV,RIMD,HNN,100.0,19.395368,-155.273643,Caldera Rim Hawaii Digital,0.0886,0.2535,0
CAPELLA_C10_SP_CPHD_HH_20240625025337_20240625025402,HV,RIMD,HNZ,100.0,19.395368,-155.273643,Caldera Rim Hawaii Digital,0.0305,0.084,0
CAPELLA_C10_SP_CPHD_HH_20240625025337_20240625025402,HV,SDH,HHE,100.0,19.390003,-155.293995,Sand Hill,0.8625,2.2629,0
CAPELLA_C10_SP_CPHD_HH_20240625025337_20240625025402,HV,SDH,HHN,100.0,19.390003,-155.293995,Sand Hill,0.9012,1.9556,0
CAPELLA_C10_SP_CPHD_HH_20240625025337_20240625025402,HV,SDH,HHZ,100.0,19.390003,-155.293995,Sand Hill,0.4837,1.0775,0
CAPELLA_C10_SP_CPHD_HH_20240625025337_20240625025402,HV,UWB,HHE,100.0,19.42476,-155.277582,Uwekahuna Bluff Hawaii,1.9282,5.1509,0
CAPELLA_C10_SP_CPHD_HH_20240625025337_20240625025402,HV,UWB,HHN,100.0,19.42476,-155.277582,Uwekahuna Bluff Hawaii,2.0934,7.1352,0
CAPELLA_C10_SP_CPHD_HH_20240625025337_20240625025402,HV,UWB,HHZ,100.0,19.42476,-155.277582,Uwekahuna Bluff Hawaii,0.3687,0.9672,0
CAPELLA_C10_SP_CPHD_HH_20240625025337_20240625025402,HV,UWE,HHE,100.0,19.420972,-155.291162,Uwekahuna Vault Hawaii,1.5646,3.2611,0
CAPELLA_C10_SP_CPHD_HH_20240625025337_20240625025402,HV,UWE,HHN,100.0,19.420972,-155.291162,Uwekahuna Vault Hawaii,1.2123,2.7359,0
CAPELLA_C10_SP_CPHD_HH_20240625025337_20240625025402,HV,UWE,HHZ,100.0,19.420972,-155.291162,Uwekahuna Vault Hawaii,0.4205,1.1348,0
CAPELLA_C10_SP_CPHD_HH_20240625025337_20240625025402,HV,UWE,HNE,100.0,19.420972,-155.291162,Uwekahuna Vault Hawaii,0.1255,0.3492,0
CAPELLA_C10_SP_CPHD_HH_20240625025337_20240625025402,HV,UWE,HNN,100.0,19.420972,-155.291162,Uwekahuna Vault Hawaii,0.101,0.3246,0
CAPELLA_C10_SP_CPHD_HH_20240625025337_20240625025402,HV,UWE,HNZ,100.0,19.420972,-155.291162,Uwekahuna Vault Hawaii,0.0354,0.108,0
CAPELLA_C10_SP_CPHD_HH_20240625025337_20240625025402,HV,WRM,HHE,100.0,19.406623,-155.300005,West Rim Hawaii Digital,3.4504,9.4319,0
CAPELLA_C10_SP_CPHD_HH_20240625025337_20240625025402,HV,WRM,HHN,100.0,19.406623,-155.300005,West Rim Hawaii Digital,0.2367,0.5864,0
CAPELLA_C10_SP_CPHD_HH_20240625025337_20240625025402,HV,WRM,HHZ,100.0,19.406623,-155.300005,West Rim Hawaii Digital,0.1982,0.4702,0
CAPELLA_C14_SP_CPHD_HH_20240626041819_20240626041848,HV,BYL,HHE,100.0,19.412087,-155.259877,Byron's Ledge,0.0552,0.1505,0
CAPELLA_C14_SP_CPHD_HH_20240626041819_20240626041848,HV,BYL,HHN,100.0,19.412087,-155.259877,Byron's Ledge,0.0905,0.249,0
CAPELLA_C14_SP_CPHD_HH_20240626041819_20240626041848,HV,BYL,HHZ,100.0,19.412087,-155.259877,Byron's Ledge,0.5617,1.5301,0
CAPELLA_C14_SP_CPHD_HH_20240626041819_20240626041848,HV,KKO,HHE,100.0,19.398242,-155.266032,Keanakakoi Crater,1.185,3.2195,0
CAPELLA_C14_SP_CPHD_HH_20240626041819_20240626041848,HV,KKO,HHN,100.0,19.398242,-155.266032,Keanakakoi Crater,1.1793,3.3279,0
CAPELLA_C14_SP_CPHD_HH_20240626041819_20240626041848,HV,KKO,HHZ,100.0,19.398242,-155.266032,Keanakakoi Crater,0.559,1.1158,0
CAPELLA_C14_SP_CPHD_HH_20240626041819_20240626041848,HV,KKO,HNE,100.0,19.398242,-155.266032,Keanakakoi Crater,0.0566,0.1753,0
CAPELLA_C14_SP_CPHD_HH_20240626041819_20240626041848,HV,KKO,HNN,100.0,19.398242,-155.266032,Keanakakoi Crater,0.1089,0.3851,0
CAPELLA_C14_SP_CPHD_HH_20240626041819_20240626041848,HV,KKO,HNZ,100.0,19.398242,-155.266032,Keanakakoi Crater,0.0267,0.0871,0
CAPELLA_C14_SP_CPHD_HH_20240626041819_20240626041848,HV,OTLD,HHE,100.0,19.386532,-155.281715,Outlet Digital,1.0048,2.9499,0
CAPELLA_C14_SP_CPHD_HH_20240626041819_20240626041848,HV,OTLD,HHN,100.0,19.386532,-155.281715,Outlet Digital,0.9629,2.3391,0
CAPELLA_C14_SP_CPHD_HH_20240626041819_20240626041848,HV,OTLD,HHZ,100.0,19.386532,-155.281715,Outlet Digital,0.597,1.4045,0
CAPELLA_C14_SP_CPHD_HH_20240626041819_20240626041848,HV,RIMD,HHE,100.0,19.395368,-155.273643,Caldera Rim Hawaii Digital,1.1844,3.9835,0
CAPELLA_C14_SP_CPHD_HH_20240626041819_20240626041848,HV,RIMD,HHN,100.0,19.395368,-155.273643,Caldera Rim Hawaii Digital,1.1772,2.763,0
CAPELLA_C14_SP_CPHD_HH_20240626041819_20240626041848,HV,RIMD,HHZ,100.0,19.395368,-155.273643,Caldera Rim Hawaii Digital,0.5803,1.1976,0
CAPELLA_C14_SP_CPHD_HH_20240626041819_20240626041848,HV,RIMD,HNE,100.0,19.395368,-155.273643,Caldera Rim Hawaii Digital,0.0635,0.2147,0
CAPELLA_C14_SP_CPHD_HH_20240626041819_20240626041848,HV,RIMD,HNN,100.0,19.395368,-155.273643,Caldera Rim Hawaii Digital,0.0915,0.2751,0
CAPELLA_C14_SP_CPHD_HH_20240626041819_20240626041848,HV,RIMD,HNZ,100.0,19.395368,-155.273643,Caldera Rim Hawaii Digital,0.0257,0.0692,0
CAPELLA_C14_SP_CPHD_HH_20240626041819_20240626041848,HV,SBL,HHE,100.0,19.427078,-155.267682,Steam Bluff Hawaii,0.0004,0.0012,0
CAPELLA_C14_SP_CPHD_HH_20240626041819_20240626041848,HV,SBL,HHN,100.0,19.427078,-155.267682,Steam Bluff Hawaii,0.0003,0.001,0
CAPELLA_C14_SP_CPHD_HH_20240626041819_20240626041848,HV,SBL,HHZ,100.0,19.427078,-155.267682,Steam Bluff Hawaii,0.0004,0.0013,0
CAPELLA_C14_SP_CPHD_HH_20240626041819_20240626041848,HV,SDH,HHE,100.0,19.390003,-155.293995,Sand Hill,1.149,2.9147,0
CAPELLA_C14_SP_CPHD_HH_20240626041819_20240626041848,HV,SDH,HHN,100.0,19.390003,-155.293995,Sand Hill,0.9041,2.7832,0
CAPELLA_C14_SP_CPHD_HH_20240626041819_20240626041848,HV,SDH,HHZ,100.0,19.390003,-155.293995,Sand Hill,0.6448,1.5399,0
CAPELLA_C14_SP_CPHD_HH_20240626041819_20240626041848,HV,UWB,HHE,100.0,19.42476,-155.277582,Uwekahuna Bluff Hawaii,1.6577,4.5817,0
CAPELLA_C14_SP_CPHD_HH_20240626041819_20240626041848,HV,UWB,HHN,100.0,19.42476,-155.277582,Uwekahuna Bluff Hawaii,1.0727,2.6388,0
CAPELLA_C14_SP_CPHD_HH_20240626041819_20240626041848,HV,UWB,HHZ,100.0,19.42476,-155.277582,Uwekahuna Bluff Hawaii,0.5025,1.2646,0
CAPELLA_C14_SP_CPHD_HH_20240626041819_20240626041848,HV,UWE,HHE,100.0,19.420972,-155.291162,Uwekahuna Vault Hawaii,1.2892,3.825,0
CAPELLA_C14_SP_CPHD_HH_20240626041819_20240626041848,HV,UWE,HHN,100.0,19.420972,-155.291162,Uwekahuna Vault Hawaii,1.2796,3.8929,0
CAPELLA_C14_SP_CPHD_HH_20240626041819_20240626041848,HV,UWE,HHZ,100.0,19.420972,-155.291162,Uwekahuna Vault Hawaii,0.5268,1.3495,0
CAPELLA_C14_SP_CPHD_HH_20240626041819_20240626041848,HV,UWE,HNE,100.0,19.420972,-155.291162,Uwekahuna Vault Hawaii,0.2339,0.9423,0
CAPELLA_C14_SP_CPHD_HH_20240626041819_20240626041848,HV,UWE,HNN,100.0,19.420972,-155.291162,Uwekahuna Vault Hawaii,0.1833,0.8281,0
CAPELLA_C14_SP_CPHD_HH_20240626041819_20240626041848,HV,UWE,HNZ,100.0,19.420972,-155.291162,Uwekahuna Vault Hawaii,0.2254,0.9622,0
CAPELLA_C14_SP_CPHD_HH_20240626041819_20240626041848,HV,WRM,HHE,100.0,19.406623,-155.300005,West Rim Hawaii Digital,3.2999,9.4575,0
CAPELLA_C14_SP_CPHD_HH_20240626041819_20240626041848,HV,WRM,HHN,100.0,19.406623,-155.300005,West Rim Hawaii Digital,0.2886,0.7929,0
CAPELLA_C14_SP_CPHD_HH_20240626041819_20240626041848,HV,WRM,HHZ,100.0,19.406623,-155.300005,West Rim Hawaii Digital,0.2811,0.5614,0
CAPELLA_C10_SP_CPHD_HH_20240627162715_20240627162745,HV,KKO,HHE,100.0,19.398242,-155.266032,Keanakakoi Crater,0.6245,1.6454,0
CAPELLA_C10_SP_CPHD_HH_20240627162715_20240627162745,HV,KKO,HHN,100.0,19.398242,-155.266032,Keanakakoi Crater,1.0709,2.7981,0
CAPELLA_C10_SP_CPHD_HH_20240627162715_20240627162745,HV,KKO,HHZ,100.0,19.398242,-155.266032,Keanakakoi Crater,0.3912,1.1562,0
CAPELLA_C10_SP_CPHD_HH_20240627162715_20240627162745,HV,KKO,HNE,100.0,19.398242,-155.266032,Keanakakoi Crater,0.0327,0.0916,0
CAPELLA_C10_SP_CPHD_HH_20240627162715_20240627162745,HV,KKO,HNN,100.0,19.398242,-155.266032,Keanakakoi Crater,0.0792,0.2541,0
CAPELLA_C10_SP_CPHD_HH_20240627162715_20240627162745,HV,KKO,HNZ,100.0,19.398242,-155.266032,Keanakakoi Crater,0.02,0.0599,0
CAPELLA_C10_SP_CPHD_HH_20240627162715_20240627162745,HV,OTLD,HHE,100.0,19.386532,-155.281715,Outlet Digital,0.5692,1.5133,0
CAPELLA_C10_SP_CPHD_HH_20240627162715_20240627162745,HV,OTLD,HHN,100.0,19.386532,-155.281715,Outlet Digital,0.8531,2.1975,0
CAPELLA_C10_SP_CPHD_HH_20240627162715_20240627162745,HV,OTLD,HHZ,100.0,19.386532,-155.281715,Outlet Digital,0.3151,0.8305,0
CAPELLA_C10_SP_CPHD_HH_20240627162715_20240627162745,HV,RIMD,HHE,100.0,19.395368,-155.273643,Caldera Rim Hawaii Digital,0.652,1.9751,0
CAPELLA_C10_SP_CPHD_HH_20240627162715_20240627162745,HV,RIMD,HHN,100.0,19.395368,-155.273643,Caldera Rim Hawaii Digital,0.9601,2.1893,0
CAPELLA_C10_SP_CPHD_HH_20240627162715_20240627162745,HV,RIMD,HHZ,100.0,19.395368,-155.273643,Caldera Rim Hawaii Digital,0.3714,1.0906,0
CAPELLA_C10_SP_CPHD_HH_20240627162715_20240627162745,HV,RIMD,HNE,100.0,19.395368,-155.273643,Caldera Rim Hawaii Digital,0.0354,0.1173,0
CAPELLA_C10_SP_CPHD_HH_20240627162715_20240627162745,HV,RIMD,HNN,100.0,19.395368,-155.273643,Caldera Rim Hawaii Digital,0.057,0.1792,0
CAPELLA_C10_SP_CPHD_HH_20240627162715_20240627162745,HV,RIMD,HNZ,100.0,19.395368,-155.273643,Caldera Rim Hawaii Digital,0.019,0.0645,0
CAPELLA_C10_SP_CPHD_HH_20240627162715_20240627162745,HV,SDH,HHE,100.0,19.390003,-155.293995,Sand Hill,0.7647,2.3594,0
CAPELLA_C10_SP_CPHD_HH_20240627162715_20240627162745,HV,SDH,HHN,100.0,19.390003,-155.293995,Sand Hill,0.6871,1.8281,0
CAPELLA_C10_SP_CPHD_HH_20240627162715_20240627162745,HV,SDH,HHZ,100.0,19.390003,-155.293995,Sand Hill,0.2911,0.7514,0
CAPELLA_C10_SP_CPHD_HH_20240627162715_20240627162745,HV,UWB,HHE,100.0,19.42476,-155.277582,Uwekahuna Bluff Hawaii,2.6072,7.7207,0
CAPELLA_C10_SP_CPHD_HH_20240627162715_20240627162745,HV,UWB,HHN,100.0,19.42476,-155.277582,Uwekahuna Bluff Hawaii,4.305,13.8947,0
CAPELLA_C10_SP_CPHD_HH_20240627162715_20240627162745,HV,UWB,HHZ,100.0,19.42476,-155.277582,Uwekahuna Bluff Hawaii,0.3401,1.0997,0
CAPELLA_C10_SP_CPHD_HH_20240627162715_20240627162745,HV,UWE,HHE,100.0,19.420972,-155.291162,Uwekahuna Vault Hawaii,1.2292,3.1958,0
CAPELLA_C10_SP_CPHD_HH_20240627162715_20240627162745,HV,UWE,HHN,100.0,19.420972,-155.291162,Uwekahuna Vault Hawaii,1.1229,2.9282,0
CAPELLA_C10_SP_CPHD_HH_20240627162715_20240627162745,HV,UWE,HHZ,100.0,19.420972,-155.291162,Uwekahuna Vault Hawaii,0.3887,1.2178,0
CAPELLA_C10_SP_CPHD_HH_20240627162715_20240627162745,HV,UWE,HNE,100.0,19.420972,-155.291162,Uwekahuna Vault Hawaii,0.092,0.3054,0
CAPELLA_C10_SP_CPHD_HH_20240627162715_20240627162745,HV,UWE,HNN,100.0,19.420972,-155.291162,Uwekahuna Vault Hawaii,0.0786,0.211,0
CAPELLA_C10_SP_CPHD_HH_20240627162715_20240627162745,HV,UWE,HNZ,100.0,19.420972,-155.291162,Uwekahuna Vault Hawaii,0.0299,0.1104,0
CAPELLA_C10_SP_CPHD_HH_20240627162715_20240627162745,HV,WRM,HHE,100.0,19.406623,-155.300005,West Rim Hawaii Digital,1.9592,5.2092,0
CAPELLA_C10_SP_CPHD_HH_20240627162715_20240627162745,HV,WRM,HHN,100.0,19.406623,-155.300005,West Rim Hawaii Digital,0.2379,0.6233,0
CAPELLA_C10_SP_CPHD_HH_20240627162715_20240627162745,HV,WRM,HHZ,100.0,19.406623,-155.300005,West Rim Hawaii Digital,0.1552,0.3671,0
CAPELLA_C14_SP_CPHD_HH_20240627182210_20240627182238,HV,BYL,HHE,100.0,19.412087,-155.259877,Byron's Ledge,46.5848,87.3733,1
CAPELLA_C14_SP_CPHD_HH_20240627182210_20240627182238,HV,BYL,HHN,100.0,19.412087,-155.259877,Byron's Ledge,80.5177,150.9382,1
CAPELLA_C14_SP_CPHD_HH_20240627182210_20240627182238,HV,BYL,HHZ,100.0,19.412087,-155.259877,Byron's Ledge,32.5346,63.8905,1
CAPELLA_C14_SP_CPHD_HH_20240627182210_20240627182238,HV,KKO,HHE,100.0,19.398242,-155.266032,Keanakakoi Crater,0.7976,1.7521,0
CAPELLA_C14_SP_CPHD_HH_20240627182210_20240627182238,HV,KKO,HHN,100.0,19.398242,-155.266032,Keanakakoi Crater,0.934,2.4309,0
CAPELLA_C14_SP_CPHD_HH_20240627182210_20240627182238,HV,KKO,HHZ,100.0,19.398242,-155.266032,Keanakakoi Crater,0.5085,1.116,0
CAPELLA_C14_SP_CPHD_HH_20240627182210_20240627182238,HV,KKO,HNE,100.0,19.398242,-155.266032,Keanakakoi Crater,0.0374,0.1171,0
CAPELLA_C14_SP_CPHD_HH_20240627182210_20240627182238,HV,KKO,HNN,100.0,19.398242,-155.266032,Keanakakoi Crater,0.0793,0.2638,0
CAPELLA_C14_SP_CPHD_HH_20240627182210_20240627182238,HV,KKO,HNZ,100.0,19.398242,-155.266032,Keanakakoi Crater,0.0251,0.0763,0
CAPELLA_C14_SP_CPHD_HH_20240627182210_20240627182238,HV,OTLD,HHE,100.0,19.386532,-155.281715,Outlet Digital,0.5406,1.5767,0
CAPELLA_C14_SP_CPHD_HH_20240627182210_20240627182238,HV,OTLD,HHN,100.0,19.386532,-155.281715,Outlet Digital,0.8128,2.0588,0
CAPELLA_C14_SP_CPHD_HH_20240627182210_20240627182238,HV,OTLD,HHZ,100.0,19.386532,-155.281715,Outlet Digital,0.518,1.4947,0
CAPELLA_C14_SP_CPHD_HH_20240627182210_20240627182238,HV,RIMD,HHE,100.0,19.395368,-155.273643,Caldera Rim Hawaii Digital,0.7292,1.6638,0
CAPELLA_C14_SP_CPHD_HH_20240627182210_20240627182238,HV,RIMD,HHN,100.0,19.395368,-155.273643,Caldera Rim Hawaii Digital,0.8703,2.3859,0
CAPELLA_C14_SP_CPHD_HH_20240627182210_20240627182238,HV,RIMD,HHZ,100.0,19.395368,-155.273643,Caldera Rim Hawaii Digital,0.5285,1.427,0
CAPELLA_C14_SP_CPHD_HH_20240627182210_20240627182238,HV,RIMD,HNE,100.0,19.395368,-155.273643,Caldera Rim Hawaii Digital,0.0473,0.1276,0
CAPELLA_C14_SP_CPHD_HH_20240627182210_20240627182238,HV,RIMD,HNN,100.0,19.395368,-155.273643,Caldera Rim Hawaii Digital,0.0778,0.2518,0
CAPELLA_C14_SP_CPHD_HH_20240627182210_20240627182238,HV,RIMD,HNZ,100.0,19.395368,-155.273643,Caldera Rim Hawaii Digital,0.024,0.0852,0
CAPELLA_C14_SP_CPHD_HH_20240627182210_20240627182238,HV,SDH,HHE,100.0,19.390003,-155.293995,Sand Hill,0.6078,1.8028,0
CAPELLA_C14_SP_CPHD_HH_20240627182210_20240627182238,HV,SDH,HHN,100.0,19.390003,-155.293995,Sand Hill,0.7903,1.9042,0
CAPELLA_C14_SP_CPHD_HH_20240627182210_20240627182238,HV,SDH,HHZ,100.0,19.390003,-155.293995,Sand Hill,0.477,1.2878,0
CAPELLA_C14_SP_CPHD_HH_20240627182210_20240627182238,HV,UWB,HHE,100.0,19.42476,-155.277582,Uwekahuna Bluff Hawaii,3.4983,12.8182,0
CAPELLA_C14_SP_CPHD_HH_20240627182210_20240627182238,HV,UWB,HHN,100.0,19.42476,-155.277582,Uwekahuna Bluff Hawaii,3.9351,15.555,0
CAPELLA_C14_SP_CPHD_HH_20240627182210_20240627182238,HV,UWB,HHZ,100.0,19.42476,-155.277582,Uwekahuna Bluff Hawaii,0.4362,1.0401,0
CAPELLA_C14_SP_CPHD_HH_20240627182210_20240627182238,HV,UWE,HHE,100.0,19.420972,-155.291162,Uwekahuna Vault Hawaii,1.3791,3.8516,0
CAPELLA_C14_SP_CPHD_HH_20240627182210_20240627182238,HV,UWE,HHN,100.0,19.420972,-155.291162,Uwekahuna Vault Hawaii,0.847,2.225,0
CAPELLA_C14_SP_CPHD_HH_20240627182210_20240627182238,HV,UWE,HHZ,100.0,19.420972,-155.291162,Uwekahuna Vault Hawaii,0.4498,1.2981,0
CAPELLA_C14_SP_CPHD_HH_20240627182210_20240627182238,HV,UWE,HNE,100.0,19.420972,-155.291162,Uwekahuna Vault Hawaii,0.1133,0.3256,0
CAPELLA_C14_SP_CPHD_HH_20240627182210_20240627182238,HV,UWE,HNN,100.0,19.420972,-155.291162,Uwekahuna Vault Hawaii,0.0711,0.2753,0
CAPELLA_C14_SP_CPHD_HH_20240627182210_20240627182238,HV,UWE,HNZ,100.0,19.420972,-155.291162,Uwekahuna Vault Hawaii,0.0406,0.1588,0
CAPELLA_C14_SP_CPHD_HH_20240627182210_20240627182238,HV,WRM,HHE,100.0,19.406623,-155.300005,West Rim Hawaii Digital,2.5221,7.5132,0
CAPELLA_C14_SP_CPHD_HH_20240627182210_20240627182238,HV,WRM,HHN,100.0,19.406623,-155.300005,West Rim Hawaii Digital,0.23,0.6086,0
CAPELLA_C14_SP_CPHD_HH_20240627182210_20240627182238,HV,WRM,HHZ,100.0,19.406623,-155.300005,West Rim Hawaii Digital,0.2082,0.5085,0
CAPELLA_C14_SP_CPHD_HH_20240630171031_20240630171100,HV,KKO,HHE,100.0,19.398242,-155.266032,Keanakakoi Crater,0.8228,2.3926,0
CAPELLA_C14_SP_CPHD_HH_20240630171031_20240630171100,HV,KKO,HHN,100.0,19.398242,-155.266032,Keanakakoi Crater,0.8721,2.282,0
CAPELLA_C14_SP_CPHD_HH_20240630171031_20240630171100,HV,KKO,HHZ,100.0,19.398242,-155.266032,Keanakakoi Crater,0.3487,0.8523,0
CAPELLA_C14_SP_CPHD_HH_20240630171031_20240630171100,HV,KKO,HNE,100.0,19.398242,-155.266032,Keanakakoi Crater,0.0372,0.1006,0
CAPELLA_C14_SP_CPHD_HH_20240630171031_20240630171100,HV,KKO,HNN,100.0,19.398242,-155.266032,Keanakakoi Crater,0.066,0.2088,0
CAPELLA_C14_SP_CPHD_HH_20240630171031_20240630171100,HV,KKO,HNZ,100.0,19.398242,-155.266032,Keanakakoi Crater,0.0176,0.0546,0
CAPELLA_C14_SP_CPHD_HH_20240630171031_20240630171100,HV,OTLD,HHE,100.0,19.386532,-155.281715,Outlet Digital,0.7086,1.8009,0
CAPELLA_C14_SP_CPHD_HH_20240630171031_20240630171100,HV,OTLD,HHN,100.0,19.386532,-155.281715,Outlet Digital,0.7462,2.1308,0
CAPELLA_C14_SP_CPHD_HH_20240630171031_20240630171100,HV,OTLD,HHZ,100.0,19.386532,-155.281715,Outlet Digital,0.4396,0.8876,0
CAPELLA_C14_SP_CPHD_HH_20240630171031_20240630171100,HV,RIMD,HHE,100.0,19.395368,-155.273643,Caldera Rim Hawaii Digital,0.8707,2.4952,0
CAPELLA_C14_SP_CPHD_HH_20240630171031_20240630171100,HV,RIMD,HHN,100.0,19.395368,-155.273643,Caldera Rim Hawaii Digital,0.875,2.7123,0
CAPELLA_C14_SP_CPHD_HH_20240630171031_20240630171100,HV,RIMD,HHZ,100.0,19.395368,-155.273643,Caldera Rim Hawaii Digital,0.4093,0.9629,0
CAPELLA_C14_SP_CPHD_HH_20240630171031_20240630171100,HV,RIMD,HNE,100.0,19.395368,-155.273643,Caldera Rim Hawaii Digital,0.0461,0.1612,0
CAPELLA_C14_SP_CPHD_HH_20240630171031_20240630171100,HV,RIMD,HNN,100.0,19.395368,-155.273643,Caldera Rim Hawaii Digital,0.0711,0.2045,0
CAPELLA_C14_SP_CPHD_HH_20240630171031_20240630171100,HV,RIMD,HNZ,100.0,19.395368,-155.273643,Caldera Rim Hawaii Digital,0.0182,0.0598,0
CAPELLA_C14_SP_CPHD_HH_20240630171031_20240630171100,HV,SDH,HHE,100.0,19.390003,-155.293995,Sand Hill,0.8183,1.9283,0
CAPELLA_C14_SP_CPHD_HH_20240630171031_20240630171100,HV,SDH,HHN,100.0,19.390003,-155.293995,Sand Hill,0.6571,1.7672,0
CAPELLA_C14_SP_CPHD_HH_20240630171031_20240630171100,HV,SDH,HHZ,100.0,19.390003,-155.293995,Sand Hill,0.5008,1.0325,0
CAPELLA_C14_SP_CPHD_HH_20240630171031_20240630171100,HV,UWB,HHE,100.0,19.42476,-155.277582,Uwekahuna Bluff Hawaii,617.0984,1759.1766,1
CAPELLA_C14_SP_CPHD_HH_20240630171031_20240630171100,HV,UWB,HHN,100.0,19.42476,-155.277582,Uwekahuna Bluff Hawaii,653.649,2249.8585,1
CAPELLA_C14_SP_CPHD_HH_20240630171031_20240630171100,HV,UWB,HHZ,100.0,19.42476,-155.277582,Uwekahuna Bluff Hawaii,689.8937,2890.4283,1
CAPELLA_C14_SP_CPHD_HH_20240630171031_20240630171100,HV,UWE,HHE,100.0,19.420972,-155.291162,Uwekahuna Vault Hawaii,1.0396,2.7232,0
CAPELLA_C14_SP_CPHD_HH_20240630171031_20240630171100,HV,UWE,HHN,100.0,19.420972,-155.291162,Uwekahuna Vault Hawaii,1.0628,3.1514,0
CAPELLA_C14_SP_CPHD_HH_20240630171031_20240630171100,HV,UWE,HHZ,100.0,19.420972,-155.291162,Uwekahuna Vault Hawaii,0.4851,1.1024,0
CAPELLA_C14_SP_CPHD_HH_20240630171031_20240630171100,HV,UWE,HNE,100.0,19.420972,-155.291162,Uwekahuna Vault Hawaii,0.071,0.2237,0
CAPELLA_C14_SP_CPHD_HH_20240630171031_20240630171100,HV,UWE,HNN,100.0,19.420972,-155.291162,Uwekahuna Vault Hawaii,0.0598,0.183,0
CAPELLA_C14_SP_CPHD_HH_20240630171031_20240630171100,HV,UWE,HNZ,100.0,19.420972,-155.291162,Uwekahuna Vault Hawaii,0.0254,0.0785,0
CAPELLA_C14_SP_CPHD_HH_20240630171031_20240630171100,HV,WRM,HHE,100.0,19.406623,-155.300005,West Rim Hawaii Digital,2.782,8.6088,0
CAPELLA_C14_SP_CPHD_HH_20240630171031_20240630171100,HV,WRM,HHN,100.0,19.406623,-155.300005,West Rim Hawaii Digital,0.1849,0.4957,0
CAPELLA_C14_SP_CPHD_HH_20240630171031_20240630171100,HV,WRM,HHZ,100.0,19.406623,-155.300005,West Rim Hawaii Digital,0.2177,0.4614,0
CAPELLA_C14_SP_CPHD_HH_20240604035617_20240604035645,HV,KKO,HHE,100.0,19.398242,-155.266032,Keanakakoi Crater,1.3261,3.3955,0
CAPELLA_C14_SP_CPHD_HH_20240604035617_20240604035645,HV,KKO,HHN,100.0,19.398242,-155.266032,Keanakakoi Crater,1.8934,5.5335,0
CAPELLA_C14_SP_CPHD_HH_20240604035617_20240604035645,HV,KKO,HHZ,100.0,19.398242,-155.266032,Keanakakoi Crater,0.8457,2.2934,0
CAPELLA_C14_SP_CPHD_HH_20240604035617_20240604035645,HV,KKO,HNE,100.0,19.398242,-155.266032,Keanakakoi Crater,0.0857,0.2464,0
CAPELLA_C14_SP_CPHD_HH_20240604035617_20240604035645,HV,KKO,HNN,100.0,19.398242,-155.266032,Keanakakoi Crater,0.1908,0.6237,0
CAPELLA_C14_SP_CPHD_HH_20240604035617_20240604035645,HV,KKO,HNZ,100.0,19.398242,-155.266032,Keanakakoi Crater,0.0529,0.1691,0
CAPELLA_C14_SP_CPHD_HH_20240604035617_20240604035645,HV,OTLD,HHE,100.0,19.386532,-155.281715,Outlet Digital,1.3177,3.0216,0
CAPELLA_C14_SP_CPHD_HH_20240604035617_20240604035645,HV,OTLD,HHN,100.0,19.386532,-155.281715,Outlet Digital,1.6886,4.6525,0
CAPELLA_C14_SP_CPHD_HH_20240604035617_20240604035645,HV,OTLD,HHZ,100.0,19.386532,-155.281715,Outlet Digital,1.0454,2.6199,0
CAPELLA_C14_SP_CPHD_HH_20240604035617_20240604035645,HV,RIMD,HHE,100.0,19.395368,-155.273643,Caldera Rim Hawaii Digital,1.4127,4.2574,0
CAPELLA_C14_SP_CPHD_HH_20240604035617_20240604035645,HV,RIMD,HHN,100.0,19.395368,-155.273643,Caldera Rim Hawaii Digital,1.9324,5.5733,0
CAPELLA_C14_SP_CPHD_HH_20240604035617_20240604035645,HV,RIMD,HHZ,100.0,19.395368,-155.273643,Caldera Rim Hawaii Digital,0.955,2.3022,0
CAPELLA_C14_SP_CPHD_HH_20240604035617_20240604035645,HV,RIMD,HNE,100.0,19.395368,-155.273643,Caldera Rim Hawaii Digital,0.1122,0.3876,0
CAPELLA_C14_SP_CPHD_HH_20240604035617_20240604035645,HV,RIMD,HNN,100.0,19.395368,-155.273643,Caldera Rim Hawaii Digital,0.1778,0.5071,0
CAPELLA_C14_SP_CPHD_HH_20240604035617_20240604035645,HV,RIMD,HNZ,100.0,19.395368,-155.273643,Caldera Rim Hawaii Digital,0.0495,0.1298,0
CAPELLA_C14_SP_CPHD_HH_20240604035617_20240604035645,HV,SDH,HHE,100.0,19.390003,-155.293995,Sand Hill,1.6479,3.8747,0
CAPELLA_C14_SP_CPHD_HH_20240604035617_20240604035645,HV,SDH,HHN,100.0,19.390003,-155.293995,Sand Hill,1.3935,4.3729,0
CAPELLA_C14_SP_CPHD_HH_20240604035617_20240604035645,HV,SDH,HHZ,100.0,19.390003,-155.293995,Sand Hill,0.9462,2.3349,0
CAPELLA_C14_SP_CPHD_HH_20240604035617_20240604035645,HV,UWB,HHE,100.0,19.42476,-155.277582,Uwekahuna Bluff Hawaii,2.3999,5.5725,0
CAPELLA_C14_SP_CPHD_HH_20240604035617_20240604035645,HV,UWB,HHN,100.0,19.42476,-155.277582,Uwekahuna Bluff Hawaii,1.8475,4.827,0
CAPELLA_C14_SP_CPHD_HH_20240604035617_20240604035645,HV,UWB,HHZ,100.0,19.42476,-155.277582,Uwekahuna Bluff Hawaii,0.6959,1.6083,0
CAPELLA_C14_SP_CPHD_HH_20240604035617_20240604035645,HV,UWE,HHE,100.0,19.420972,-155.291162,Uwekahuna Vault Hawaii,1.7132,4.5097,0
CAPELLA_C14_SP_CPHD_HH_20240604035617_20240604035645,HV,UWE,HHN,100.0,19.420972,-155.291162,Uwekahuna Vault Hawaii,2.2389,4.6696,0
CAPELLA_C14_SP_CPHD_HH_20240604035617_20240604035645,HV,UWE,HHZ,100.0,19.420972,-155.291162,Uwekahuna Vault Hawaii,0.795,2.3423,0
CAPELLA_C14_SP_CPHD_HH_20240604035617_20240604035645,HV,UWE,HNE,100.0,19.420972,-155.291162,Uwekahuna Vault Hawaii,0.1549,0.5008,0
CAPELLA_C14_SP_CPHD_HH_20240604035617_20240604035645,HV,UWE,HNN,100.0,19.420972,-155.291162,Uwekahuna Vault Hawaii,0.1539,0.3815,0
CAPELLA_C14_SP_CPHD_HH_20240604035617_20240604035645,HV,UWE,HNZ,100.0,19.420972,-155.291162,Uwekahuna Vault Hawaii,0.0489,0.1525,0
CAPELLA_C14_SP_CPHD_HH_20240604035617_20240604035645,HV,WRM,HHE,100.0,19.406623,-155.300005,West Rim Hawaii Digital,2.6179,6.2475,0
CAPELLA_C14_SP_CPHD_HH_20240604035617_20240604035645,HV,WRM,HHN,100.0,19.406623,-155.300005,West Rim Hawaii Digital,1.8333,4.9023,0
CAPELLA_C14_SP_CPHD_HH_20240604035617_20240604035645,HV,WRM,HHZ,100.0,19.406623,-155.300005,West Rim Hawaii Digital,0.7678,2.8401,0
CAPELLA_C09_SP_CPHD_HH_20240605112941_20240605113010,HV,KKO,HHE,100.0,19.398242,-155.266032,Keanakakoi Crater,1.2249,3.8615,0
CAPELLA_C09_SP_CPHD_HH_20240605112941_20240605113010,HV,KKO,HHN,100.0,19.398242,-155.266032,Keanakakoi Crater,2.101,6.4068,0
CAPELLA_C09_SP_CPHD_HH_20240605112941_20240605113010,HV,KKO,HHZ,100.0,19.398242,-155.266032,Keanakakoi Crater,0.885,2.3286,0
CAPELLA_C09_SP_CPHD_HH_20240605112941_20240605113010,HV,KKO,HNE,100.0,19.398242,-155.266032,Keanakakoi Crater,0.0535,0.1941,0
CAPELLA_C09_SP_CPHD_HH_20240605112941_20240605113010,HV,KKO,HNN,100.0,19.398242,-155.266032,Keanakakoi Crater,0.0992,0.4415,0
CAPELLA_C09_SP_CPHD_HH_20240605112941_20240605113010,HV,KKO,HNZ,100.0,19.398242,-155.266032,Keanakakoi Crater,0.0335,0.1067,0
CAPELLA_C09_SP_CPHD_HH_20240605112941_20240605113010,HV,OTLD,HHE,100.0,19.386532,-155.281715,Outlet Digital,1.2828,2.9923,0
CAPELLA_C09_SP_CPHD_HH_20240605112941_20240605113010,HV,OTLD,HHN,100.0,19.386532,-155.281715,Outlet Digital,2.0398,4.3543,0
CAPELLA_C09_SP_CPHD_HH_20240605112941_20240605113010,HV,OTLD,HHZ,100.0,19.386532,-155.281715,Outlet Digital,1.0988,2.6008,0
CAPELLA_C09_SP_CPHD_HH_20240605112941_20240605113010,HV,RIMD,HHE,100.0,19.395368,-155.273643,Caldera Rim Hawaii Digital,1.339,3.2357,0
CAPELLA_C09_SP_CPHD_HH_20240605112941_20240605113010,HV,RIMD,HHN,100.0,19.395368,-155.273643,Caldera Rim Hawaii Digital,2.4916,6.5605,0
CAPELLA_C09_SP_CPHD_HH_20240605112941_20240605113010,HV,RIMD,HHZ,100.0,19.395368,-155.273643,Caldera Rim Hawaii Digital,0.9511,2.4855,0
CAPELLA_C09_SP_CPHD_HH_20240605112941_20240605113010,HV,RIMD,HNE,100.0,19.395368,-155.273643,Caldera Rim Hawaii Digital,0.0655,0.2032,0
CAPELLA_C09_SP_CPHD_HH_20240605112941_20240605113010,HV,RIMD,HNN,100.0,19.395368,-155.273643,Caldera Rim Hawaii Digital,0.0988,0.2887,0
CAPELLA_C09_SP_CPHD_HH_20240605112941_20240605113010,HV,RIMD,HNZ,100.0,19.395368,-155.273643,Caldera Rim Hawaii Digital,0.0353,0.0995,0
CAPELLA_C09_SP_CPHD_HH_20240605112941_20240605113010,HV,SDH,HHE,100.0,19.390003,-155.293995,Sand Hill,1.6064,3.9787,0
CAPELLA_C09_SP_CPHD_HH_20240605112941_20240605113010,HV,SDH,HHN,100.0,19.390003,-155.293995,Sand Hill,2.1224,4.627,0
CAPELLA_C09_SP_CPHD_HH_20240605112941_20240605113010,HV,SDH,HHZ,100.0,19.390003,-155.293995,Sand Hill,1.0795,2.5772,0
CAPELLA_C09_SP_CPHD_HH_20240605112941_20240605113010,HV,UWB,HHE,100.0,19.42476,-155.277582,Uwekahuna Bluff Hawaii,2.1037,4.7347,0
CAPELLA_C09_SP_CPHD_HH_20240605112941_20240605113010,HV,UWB,HHN,100.0,19.42476,-155.277582,Uwekahuna Bluff Hawaii,2.3133,6.3951,0
CAPELLA_C09_SP_CPHD_HH_20240605112941_20240605113010,HV,UWB,HHZ,100.0,19.42476,-155.277582,Uwekahuna Bluff Hawaii,0.5803,1.5753,0
CAPELLA_C09_SP_CPHD_HH_20240605112941_20240605113010,HV,UWE,HHE,100.0,19.420972,-155.291162,Uwekahuna Vault Hawaii,2.2057,6.233,0
CAPELLA_C09_SP_CPHD_HH_20240605112941_20240605113010,HV,UWE,HHN,100.0,19.420972,-155.291162,Uwekahuna Vault Hawaii,2.7682,7.3773,0
CAPELLA_C09_SP_CPHD_HH_20240605112941_20240605113010,HV,UWE,HHZ,100.0,19.420972,-155.291162,Uwekahuna Vault Hawaii,0.7067,1.8283,0
CAPELLA_C09_SP_CPHD_HH_20240605112941_20240605113010,HV,UWE,HNE,100.0,19.420972,-155.291162,Uwekahuna Vault Hawaii,0.1191,0.3954,0
CAPELLA_C09_SP_CPHD_HH_20240605112941_20240605113010,HV,UWE,HNN,100.0,19.420972,-155.291162,Uwekahuna Vault Hawaii,0.1055,0.3428,0
CAPELLA_C09_SP_CPHD_HH_20240605112941_20240605113010,HV,UWE,HNZ,100.0,19.420972,-155.291162,Uwekahuna Vault Hawaii,0.0393,0.1413,0
CAPELLA_C09_SP_CPHD_HH_20240605112941_20240605113010,HV,WRM,HHE,100.0,19.406623,-155.300005,West Rim Hawaii Digital,3.0727,8.3641,0
CAPELLA_C09_SP_CPHD_HH_20240605112941_20240605113010,HV,WRM,HHN,100.0,19.406623,-155.300005,West Rim Hawaii Digital,3.012,7.1531,0
CAPELLA_C09_SP_CPHD_HH_20240605112941_20240605113010,HV,WRM,HHZ,100.0,19.406623,-155.300005,West Rim Hawaii Digital,0.8983,2.5308,0
CAPELLA_C09_SP_CPHD_HH_20240606011332_20240606011359,HV,KKO,HHE,100.0,19.398242,-155.266032,Keanakakoi Crater,1.7262,4.0698,0
CAPELLA_C09_SP_CPHD_HH_20240606011332_20240606011359,HV,KKO,HHN,100.0,19.398242,-155.266032,Keanakakoi Crater,1.4468,3.3704,0
CAPELLA_C09_SP_CPHD_HH_20240606011332_20240606011359,HV,KKO,HHZ,100.0,19.398242,-155.266032,Keanakakoi Crater,0.9576,2.4884,0
CAPELLA_C09_SP_CPHD_HH_20240606011332_20240606011359,HV,KKO,HNE,100.0,19.398242,-155.266032,Keanakakoi Crater,0.0568,0.1694,0
CAPELLA_C09_SP_CPHD_HH_20240606011332_20240606011359,HV,KKO,HNN,100.0,19.398242,-155.266032,Keanakakoi Crater,0.1076,0.3809,0
CAPELLA_C09_SP_CPHD_HH_20240606011332_20240606011359,HV,KKO,HNZ,100.0,19.398242,-155.266032,Keanakakoi Crater,0.0283,0.1212,0
CAPELLA_C09_SP_CPHD_HH_20240606011332_20240606011359,HV,OTLD,HHE,100.0,19.386532,-155.281715,Outlet Digital,1.7041,3.292,0
CAPELLA_C09_SP_CPHD_HH_20240606011332_20240606011359,HV,OTLD,HHN,100.0,19.386532,-155.281715,Outlet Digital,1.4614,3.3589,0
CAPELLA_C09_SP_CPHD_HH_20240606011332_20240606011359,HV,OTLD,HHZ,100.0,19.386532,-155.281715,Outlet Digital,0.8871,1.7736,0
CAPELLA_C09_SP_CPHD_HH_20240606011332_20240606011359,HV,RIMD,HHE,100.0,19.395368,-155.273643,Caldera Rim Hawaii Digital,2.0866,3.9966,0
CAPELLA_C09_SP_CPHD_HH_20240606011332_20240606011359,HV,RIMD,HHN,100.0,19.395368,-155.273643,Caldera Rim Hawaii Digital,1.6017,3.8564,0
CAPELLA_C09_SP_CPHD_HH_20240606011332_20240606011359,HV,RIMD,HHZ,100.0,19.395368,-155.273643,Caldera Rim Hawaii Digital,0.9448,2.2611,0
CAPELLA_C09_SP_CPHD_HH_20240606011332_20240606011359,HV,RIMD,HNE,100.0,19.395368,-155.273643,Caldera Rim Hawaii Digital,0.0668,0.2531,0
CAPELLA_C09_SP_CPHD_HH_20240606011332_20240606011359,HV,RIMD,HNN,100.0,19.395368,-155.273643,Caldera Rim Hawaii Digital,0.0956,0.3044,0
CAPELLA_C09_SP_CPHD_HH_20240606011332_20240606011359,HV,RIMD,HNZ,100.0,19.395368,-155.273643,Caldera Rim Hawaii Digital,0.032,0.1169,0
CAPELLA_C09_SP_CPHD_HH_20240606011332_20240606011359,HV,SDH,HHE,100.0,19.390003,-155.293995,Sand Hill,1.9689,3.7298,0
CAPELLA_C09_SP_CPHD_HH_20240606011332_20240606011359,HV,SDH,HHN,100.0,19.390003,-155.293995,Sand Hill,1.3281,3.2825,0
CAPELLA_C09_SP_CPHD_HH_20240606011332_20240606011359,HV,SDH,HHZ,100.0,19.390003,-155.293995,Sand Hill,0.8415,1.8192,0
CAPELLA_C09_SP_CPHD_HH_20240606011332_20240606011359,HV,UWB,HHE,100.0,19.42476,-155.277582,Uwekahuna Bluff Hawaii,6.4462,17.4014,1
CAPELLA_C09_SP_CPHD_HH_20240606011332_20240606011359,HV,UWB,HHN,100.0,19.42476,-155.277582,Uwekahuna Bluff Hawaii,2.7512,7.0526,0
CAPELLA_C09_SP_CPHD_HH_20240606011332_20240606011359,HV,UWB,HHZ,100.0,19.42476,-155.277582,Uwekahuna Bluff Hawaii,0.8099,1.7837,0
CAPELLA_C09_SP_CPHD_HH_20240606011332_20240606011359,HV,UWE,HHE,100.0,19.420972,-155.291162,Uwekahuna Vault Hawaii,2.1964,5.7536,0
CAPELLA_C09_SP_CPHD_HH_20240606011332_20240606011359,HV,UWE,HHN,100.0,19.420972,-155.291162,Uwekahuna Vault Hawaii,2.6098,5.8983,0
CAPELLA_C09_SP_CPHD_HH_20240606011332_20240606011359,HV,UWE,HHZ,100.0,19.420972,-155.291162,Uwekahuna Vault Hawaii,0.753,2.0092,0
CAPELLA_C09_SP_CPHD_HH_20240606011332_20240606011359,HV,UWE,HNE,100.0,19.420972,-155.291162,Uwekahuna Vault Hawaii,0.104,0.3918,0
CAPELLA_C09_SP_CPHD_HH_20240606011332_20240606011359,HV,UWE,HNN,100.0,19.420972,-155.291162,Uwekahuna Vault Hawaii,0.0935,0.3801,0
CAPELLA_C09_SP_CPHD_HH_20240606011332_20240606011359,HV,UWE,HNZ,100.0,19.420972,-155.291162,Uwekahuna Vault Hawaii,0.0371,0.1028,0
CAPELLA_C09_SP_CPHD_HH_20240606011332_20240606011359,HV,WRM,HHE,100.0,19.406623,-155.300005,West Rim Hawaii Digital,3.2789,7.7512,0
CAPELLA_C09_SP_CPHD_HH_20240606011332_20240606011359,HV,WRM,HHN,100.0,19.406623,-155.300005,West Rim Hawaii Digital,2.5038,5.4575,0
CAPELLA_C09_SP_CPHD_HH_20240606011332_20240606011359,HV,WRM,HHZ,100.0,19.406623,-155.300005,West Rim Hawaii Digital,0.7743,1.8045,0
CAPELLA_C14_SP_CPHD_HH_20240607024429_20240607024457,HV,KKO,HHE,100.0,19.398242,-155.266032,Keanakakoi Crater,1.8299,5.0541,0
CAPELLA_C14_SP_CPHD_HH_20240607024429_20240607024457,HV,KKO,HHN,100.0,19.398242,-155.266032,Keanakakoi Crater,2.5859,6.1288,0
CAPELLA_C14_SP_CPHD_HH_20240607024429_20240607024457,HV,KKO,HHZ,100.0,19.398242,-155.266032,Keanakakoi Crater,1.5152,3.2328,0
CAPELLA_C14_SP_CPHD_HH_20240607024429_20240607024457,HV,KKO,HNE,100.0,19.398242,-155.266032,Keanakakoi Crater,0.0963,0.4118,0
CAPELLA_C14_SP_CPHD_HH_20240607024429_20240607024457,HV,KKO,HNN,100.0,19.398242,-155.266032,Keanakakoi Crater,0.19,0.6724,0
CAPELLA_C14_SP_CPHD_HH_20240607024429_20240607024457,HV,KKO,HNZ,100.0,19.398242,-155.266032,Keanakakoi Crater,0.0525,0.2317,0
CAPELLA_C14_SP_CPHD_HH_20240607024429_20240607024457,HV,OTLD,HHE,100.0,19.386532,-155.281715,Outlet Digital,1.4866,3.3727,0
CAPELLA_C14_SP_CPHD_HH_20240607024429_20240607024457,HV,OTLD,HHN,100.0,19.386532,-155.281715,Outlet Digital,2.3364,4.8158,0
CAPELLA_C14_SP_CPHD_HH_20240607024429_20240607024457,HV,OTLD,HHZ,100.0,19.386532,-155.281715,Outlet Digital,1.2098,3.0262,0
CAPELLA_C14_SP_CPHD_HH_20240607024429_20240607024457,HV,RIMD,HHE,100.0,19.395368,-155.273643,Caldera Rim Hawaii Digital,1.7895,4.7533,0
CAPELLA_C14_SP_CPHD_HH_20240607024429_20240607024457,HV,RIMD,HHN,100.0,19.395368,-155.273643,Caldera Rim Hawaii Digital,2.7119,6.2109,0
CAPELLA_C14_SP_CPHD_HH_20240607024429_20240607024457,HV,RIMD,HHZ,100.0,19.395368,-155.273643,Caldera Rim Hawaii Digital,1.5275,3.2142,0
CAPELLA_C14_SP_CPHD_HH_20240607024429_20240607024457,HV,RIMD,HNE,100.0,19.395368,-155.273643,Caldera Rim Hawaii Digital,0.0961,0.3088,0
CAPELLA_C14_SP_CPHD_HH_20240607024429_20240607024457,HV,RIMD,HNN,100.0,19.395368,-155.273643,Caldera Rim Hawaii Digital,0.1744,0.5851,0
CAPELLA_C14_SP_CPHD_HH_20240607024429_20240607024457,HV,RIMD,HNZ,100.0,19.395368,-155.273643,Caldera Rim Hawaii Digital,0.045,0.1674,0
CAPELLA_C14_SP_CPHD_HH_20240607024429_20240607024457,HV,SDH,HHE,100.0,19.390003,-155.293995,Sand Hill,2.0277,4.5482,0
CAPELLA_C14_SP_CPHD_HH_20240607024429_20240607024457,HV,SDH,HHN,100.0,19.390003,-155.293995,Sand Hill,2.0093,4.6605,0
CAPELLA_C14_SP_CPHD_HH_20240607024429_20240607024457,HV,SDH,HHZ,100.0,19.390003,-155.293995,Sand Hill,1.2735,3.2609,0
CAPELLA_C14_SP_CPHD_HH_20240607024429_20240607024457,HV,UWB,HHE,100.0,19.42476,-155.277582,Uwekahuna Bluff Hawaii,2.0409,5.3076,0
CAPELLA_C14_SP_CPHD_HH_20240607024429_20240607024457,HV,UWB,HHN,100.0,19.42476,-155.277582,Uwekahuna Bluff Hawaii,2.8574,7.0932,0
CAPELLA_C14_SP_CPHD_HH_20240607024429_20240607024457,HV,UWB,HHZ,100.0,19.42476,-155.277582,Uwekahuna Bluff Hawaii,1.5778,4.378,0
CAPELLA_C14_SP_CPHD_HH_20240607024429_20240607024457,HV,UWE,HHE,100.0,19.420972,-155.291162,Uwekahuna Vault Hawaii,2.3647,7.5962,0
CAPELLA_C14_SP_CPHD_HH_20240607024429_20240607024457,HV,UWE,HHN,100.0,19.420972,-155.291162,Uwekahuna Vault Hawaii,2.1969,5.8569,0
CAPELLA_C14_SP_CPHD_HH_20240607024429_20240607024457,HV,UWE,HHZ,100.0,19.420972,-155.291162,Uwekahuna Vault Hawaii,1.5266,4.2094,0
CAPELLA_C14_SP_CPHD_HH_20240607024429_20240607024457,HV,UWE,HNE,100.0,19.420972,-155.291162,Uwekahuna Vault Hawaii,0.1585,0.5903,0
CAPELLA_C14_SP_CPHD_HH_20240607024429_20240607024457,HV,UWE,HNN,100.0,19.420972,-155.291162,Uwekahuna Vault Hawaii,0.1439,0.5491,0
CAPELLA_C14_SP_CPHD_HH_20240607024429_20240607024457,HV,UWE,HNZ,100.0,19.420972,-155.291162,Uwekahuna Vault Hawaii,0.0528,0.1693,0
CAPELLA_C14_SP_CPHD_HH_20240607024429_20240607024457,HV,WRM,HHE,100.0,19.406623,-155.300005,West Rim Hawaii Digital,3.452,7.9069,0
CAPELLA_C14_SP_CPHD_HH_20240607024429_20240607024457,HV,WRM,HHN,100.0,19.406623,-155.300005,West Rim Hawaii Digital,2.6337,5.6431,0
CAPELLA_C14_SP_CPHD_HH_20240607024429_20240607024457,HV,WRM,HHZ,100.0,19.406623,-155.300005,West Rim Hawaii Digital,1.4422,3.7447,0
CAPELLA_C10_SP_CPHD_HH_20240608005508_20240608005534,HV,KKO,HHE,100.0,19.398242,-155.266032,Keanakakoi Crater,2.1445,4.9655,0
CAPELLA_C10_SP_CPHD_HH_20240608005508_20240608005534,HV,KKO,HHN,100.0,19.398242,-155.266032,Keanakakoi Crater,2.8776,6.782,0
CAPELLA_C10_SP_CPHD_HH_20240608005508_20240608005534,HV,KKO,HHZ,100.0,19.398242,-155.266032,Keanakakoi Crater,1.1101,2.4472,0
CAPELLA_C10_SP_CPHD_HH_20240608005508_20240608005534,HV,KKO,HNE,100.0,19.398242,-155.266032,Keanakakoi Crater,0.0668,0.1603,0
CAPELLA_C10_SP_CPHD_HH_20240608005508_20240608005534,HV,KKO,HNN,100.0,19.398242,-155.266032,Keanakakoi Crater,0.1341,0.4011,0
CAPELLA_C10_SP_CPHD_HH_20240608005508_20240608005534,HV,KKO,HNZ,100.0,19.398242,-155.266032,Keanakakoi Crater,0.0335,0.084,0
CAPELLA_C10_SP_CPHD_HH_20240608005508_20240608005534,HV,OTLD,HHE,100.0,19.386532,-155.281715,Outlet Digital,1.3226,3.5528,0
CAPELLA_C10_SP_CPHD_HH_20240608005508_20240608005534,HV,OTLD,HHN,100.0,19.386532,-155.281715,Outlet Digital,2.6005,6.4651,0
CAPELLA_C10_SP_CPHD_HH_20240608005508_20240608005534,HV,OTLD,HHZ,100.0,19.386532,-155.281715,Outlet Digital,0.888,2.1396,0
CAPELLA_C10_SP_CPHD_HH_20240608005508_20240608005534,HV,RIMD,HHE,100.0,19.395368,-155.273643,Caldera Rim Hawaii Digital,2.0723,5.2103,0
CAPELLA_C10_SP_CPHD_HH_20240608005508_20240608005534,HV,RIMD,HHN,100.0,19.395368,-155.273643,Caldera Rim Hawaii Digital,3.1684,7.9098,0
CAPELLA_C10_SP_CPHD_HH_20240608005508_20240608005534,HV,RIMD,HHZ,100.0,19.395368,-155.273643,Caldera Rim Hawaii Digital,1.0646,2.3406,0
CAPELLA_C10_SP_CPHD_HH_20240608005508_20240608005534,HV,RIMD,HNE,100.0,19.395368,-155.273643,Caldera Rim Hawaii Digital,0.077,0.2895,0
CAPELLA_C10_SP_CPHD_HH_20240608005508_20240608005534,HV,RIMD,HNN,100.0,19.395368,-155.273643,Caldera Rim Hawaii Digital,0.1153,0.2909,0
CAPELLA_C10_SP_CPHD_HH_20240608005508_20240608005534,HV,RIMD,HNZ,100.0,19.395368,-155.273643,Caldera Rim Hawaii Digital,0.0323,0.0896,0
CAPELLA_C10_SP_CPHD_HH_20240608005508_20240608005534,HV,SDH,HHE,100.0,19.390003,-155.293995,Sand Hill,1.4304,3.3784,0
CAPELLA_C10_SP_CPHD_HH_20240608005508_20240608005534,HV,SDH,HHN,100.0,19.390003,-155.293995,Sand Hill,2.1845,5.3193,0
CAPELLA_C10_SP_CPHD_HH_20240608005508_20240608005534,HV,SDH,HHZ,100.0,19.390003,-155.293995,Sand Hill,0.9185,2.5722,0
CAPELLA_C10_SP_CPHD_HH_20240608005508_20240608005534,HV,UWB,HHE,100.0,19.42476,-155.277582,Uwekahuna Bluff Hawaii,2.9992,6.6955,0
CAPELLA_C10_SP_CPHD_HH_20240608005508_20240608005534,HV,UWB,HHN,100.0,19.42476,-155.277582,Uwekahuna Bluff Hawaii,2.1971,4.7656,0
CAPELLA_C10_SP_CPHD_HH_20240608005508_20240608005534,HV,UWB,HHZ,100.0,19.42476,-155.277582,Uwekahuna Bluff Hawaii,1.3575,3.4352,0
CAPELLA_C10_SP_CPHD_HH_20240608005508_20240608005534,HV,UWE,HHE,100.0,19.420972,-155.291162,Uwekahuna Vault Hawaii,2.5671,5.9609,0
CAPELLA_C10_SP_CPHD_HH_20240608005508_20240608005534,HV,UWE,HHN,100.0,19.420972,-155.291162,Uwekahuna Vault Hawaii,2.754,6.4123,0
CAPELLA_C10_SP_CPHD_HH_20240608005508_20240608005534,HV,UWE,HHZ,100.0,19.420972,-155.291162,Uwekahuna Vault Hawaii,1.3836,2.9212,0
CAPELLA_C10_SP_CPHD_HH_20240608005508_20240608005534,HV,UWE,HNE,100.0,19.420972,-155.291162,Uwekahuna Vault Hawaii,0.0926,0.2984,0
CAPELLA_C10_SP_CPHD_HH_20240608005508_20240608005534,HV,UWE,HNN,100.0,19.420972,-155.291162,Uwekahuna Vault Hawaii,0.0912,0.2476,0
CAPELLA_C10_SP_CPHD_HH_20240608005508_20240608005534,HV,UWE,HNZ,100.0,19.420972,-155.291162,Uwekahuna Vault Hawaii,0.0373,0.1251,0
CAPELLA_C10_SP_CPHD_HH_20240608005508_20240608005534,HV,WRM,HHE,100.0,19.406623,-155.300005,West Rim Hawaii Digital,3.1894,6.5808,0
CAPELLA_C10_SP_CPHD_HH_20240608005508_20240608005534,HV,WRM,HHN,100.0,19.406623,-155.300005,West Rim Hawaii Digital,2.7562,6.9751,0
CAPELLA_C10_SP_CPHD_HH_20240608005508_20240608005534,HV,WRM,HHZ,100.0,19.406623,-155.300005,West Rim Hawaii Digital,1.145,2.3932,0
CAPELLA_C10_SP_CPHD_HH_20240609091921_20240609091951,HV,KKO,HHE,100.0,19.398242,-155.266032,Keanakakoi Crater,2.6475,6.6318,0
CAPELLA_C10_SP_CPHD_HH_20240609091921_20240609091951,HV,KKO,HHN,100.0,19.398242,-155.266032,Keanakakoi Crater,1.7393,4.1059,0
CAPELLA_C10_SP_CPHD_HH_20240609091921_20240609091951,HV,KKO,HHZ,100.0,19.398242,-155.266032,Keanakakoi Crater,1.437,3.3133,0
CAPELLA_C10_SP_CPHD_HH_20240609091921_20240609091951,HV,KKO,HNE,100.0,19.398242,-155.266032,Keanakakoi Crater,0.0562,0.1574,0
CAPELLA_C10_SP_CPHD_HH_20240609091921_20240609091951,HV,KKO,HNN,100.0,19.398242,-155.266032,Keanakakoi Crater,0.0958,0.2557,0
CAPELLA_C10_SP_CPHD_HH_20240609091921_20240609091951,HV,KKO,HNZ,100.0,19.398242,-155.266032,Keanakakoi Crater,0.0291,0.0939,0
CAPELLA_C10_SP_CPHD_HH_20240609091921_20240609091951,HV,OTLD,HHE,100.0,19.386532,-155.281715,Outlet Digital,2.2203,5.1637,0
CAPELLA_C10_SP_CPHD_HH_20240609091921_20240609091951,HV,OTLD,HHN,100.0,19.386532,-155.281715,Outlet Digital,2.0598,4.7656,0
CAPELLA_C10_SP_CPHD_HH_20240609091921_20240609091951,HV,OTLD,HHZ,100.0,19.386532,-155.281715,Outlet Digital,1.6131,3.3938,0
CAPELLA_C10_SP_CPHD_HH_20240609091921_20240609091951,HV,RIMD,HHE,100.0,19.395368,-155.273643,Caldera Rim Hawaii Digital,2.5454,6.4323,0
CAPELLA_C10_SP_CPHD_HH_20240609091921_20240609091951,HV,RIMD,HHN,100.0,19.395368,-155.273643,Caldera Rim Hawaii Digital,3.499,12.1565,0
CAPELLA_C10_SP_CPHD_HH_20240609091921_20240609091951,HV,RIMD,HHZ,100.0,19.395368,-155.273643,Caldera Rim Hawaii Digital,1.568,3.6117,0
CAPELLA_C10_SP_CPHD_HH_20240609091921_20240609091951,HV,RIMD,HNE,100.0,19.395368,-155.273643,Caldera Rim Hawaii Digital,0.0613,0.1889,0
CAPELLA_C10_SP_CPHD_HH_20240609091921_20240609091951,HV,RIMD,HNN,100.0,19.395368,-155.273643,Caldera Rim Hawaii Digital,0.0925,0.2582,0
CAPELLA_C10_SP_CPHD_HH_20240609091921_20240609091951,HV,RIMD,HNZ,100.0,19.395368,-155.273643,Caldera Rim Hawaii Digital,0.0325,0.1174,0
CAPELLA_C10_SP_CPHD_HH_20240609091921_20240609091951,HV,SDH,HHE,100.0,19.390003,-155.293995,Sand Hill,2.1789,5.0603,0
CAPELLA_C10_SP_CPHD_HH_20240609091921_20240609091951,HV,SDH,HHN,100.0,19.390003,-155.293995,Sand Hill,1.7998,5.3026,0
CAPELLA_C10_SP_CPHD_HH_20240609091921_20240609091951,HV,SDH,HHZ,100.0,19.390003,-155.293995,Sand Hill,1.8027,3.9017,0
CAPELLA_C10_SP_CPHD_HH_20240609091921_20240609091951,HV,UWB,HHE,100.0,19.42476,-155.277582,Uwekahuna Bluff Hawaii,3.3286,7.1775,0
CAPELLA_C10_SP_CPHD_HH_20240609091921_20240609091951,HV,UWB,HHN,100.0,19.42476,-155.277582,Uwekahuna Bluff Hawaii,2.034,5.1019,0
CAPELLA_C10_SP_CPHD_HH_20240609091921_20240609091951,HV,UWB,HHZ,100.0,19.42476,-155.277582,Uwekahuna Bluff Hawaii,1.338,3.1708,0
CAPELLA_C10_SP_CPHD_HH_20240609091921_20240609091951,HV,UWE,HHE,100.0,19.420972,-155.291162,Uwekahuna Vault Hawaii,3.5851,8.9329,0
CAPELLA_C10_SP_CPHD_HH_20240609091921_20240609091951,HV,UWE,HHN,100.0,19.420972,-155.291162,Uwekahuna Vault Hawaii,2.8922,6.5141,0
CAPELLA_C10_SP_CPHD_HH_20240609091921_20240609091951,HV,UWE,HHZ,100.0,19.420972,-155.291162,Uwekahuna Vault Hawaii,1.5695,3.1726,0
CAPELLA_C10_SP_CPHD_HH_20240609091921_20240609091951,HV,UWE,HNE,100.0,19.420972,-155.291162,Uwekahuna Vault Hawaii,0.1533,0.424,0
CAPELLA_C10_SP_CPHD_HH_20240609091921_20240609091951,HV,UWE,HNN,100.0,19.420972,-155.291162,Uwekahuna Vault Hawaii,0.1136,0.2679,0
CAPELLA_C10_SP_CPHD_HH_20240609091921_20240609091951,HV,UWE,HNZ,100.0,19.420972,-155.291162,Uwekahuna Vault Hawaii,0.0358,0.1104,0
CAPELLA_C10_SP_CPHD_HH_20240609091921_20240609091951,HV,WRM,HHE,100.0,19.406623,-155.300005,West Rim Hawaii Digital,7.8911,25.2329,1
CAPELLA_C10_SP_CPHD_HH_20240609091921_20240609091951,HV,WRM,HHN,100.0,19.406623,-155.300005,West Rim Hawaii Digital,4.6014,20.8458,0
CAPELLA_C10_SP_CPHD_HH_20240609091921_20240609091951,HV,WRM,HHZ,100.0,19.406623,-155.300005,West Rim Hawaii Digital,1.7167,3.9258,0
CAPELLA_C10_SP_CPHD_HH_20240711114052_20240711114124,HV,KKO,HHE,100.0,19.398242,-155.266032,Keanakakoi Crater,0.935,3.1119,0
CAPELLA_C10_SP_CPHD_HH_20240711114052_20240711114124,HV,KKO,HHN,100.0,19.398242,-155.266032,Keanakakoi Crater,1.0906,2.511,0
CAPELLA_C10_SP_CPHD_HH_20240711114052_20240711114124,HV,KKO,HHZ,100.0,19.398242,-155.266032,Keanakakoi Crater,0.5502,1.2342,0
CAPELLA_C10_SP_CPHD_HH_20240711114052_20240711114124,HV,KKO,HNE,100.0,19.398242,-155.266032,Keanakakoi Crater,0.055,0.1444,0
CAPELLA_C10_SP_CPHD_HH_20240711114052_20240711114124,HV,KKO,HNN,100.0,19.398242,-155.266032,Keanakakoi Crater,0.1184,0.3268,0
CAPELLA_C10_SP_CPHD_HH_20240711114052_20240711114124,HV,KKO,HNZ,100.0,19.398242,-155.266032,Keanakakoi Crater,0.0269,0.0884,0
CAPELLA_C10_SP_CPHD_HH_20240711114052_20240711114124,HV,OTLD,HHE,100.0,19.386532,-155.281715,Outlet Digital,0.6265,1.7412,0
CAPELLA_C10_SP_CPHD_HH_20240711114052_20240711114124,HV,OTLD,HHN,100.0,19.386532,-155.281715,Outlet Digital,1.2231,3.1577,0
CAPELLA_C10_SP_CPHD_HH_20240711114052_20240711114124,HV,OTLD,HHZ,100.0,19.386532,-155.281715,Outlet Digital,0.3834,1.0684,0
CAPELLA_C10_SP_CPHD_HH_20240711114052_20240711114124,HV,RIMD,HHE,100.0,19.395368,-155.273643,Caldera Rim Hawaii Digital,0.888,2.745,0
CAPELLA_C10_SP_CPHD_HH_20240711114052_20240711114124,HV,RIMD,HHN,100.0,19.395368,-155.273643,Caldera Rim Hawaii Digital,0.9817,2.8663,0
CAPELLA_C10_SP_CPHD_HH_20240711114052_20240711114124,HV,RIMD,HHZ,100.0,19.395368,-155.273643,Caldera Rim Hawaii Digital,0.4428,1.1987,0
CAPELLA_C10_SP_CPHD_HH_20240711114052_20240711114124,HV,RIMD,HNE,100.0,19.395368,-155.273643,Caldera Rim Hawaii Digital,0.0702,0.1836,0
CAPELLA_C10_SP_CPHD_HH_20240711114052_20240711114124,HV,RIMD,HNN,100.0,19.395368,-155.273643,Caldera Rim Hawaii Digital,0.1047,0.3094,0
CAPELLA_C10_SP_CPHD_HH_20240711114052_20240711114124,HV,RIMD,HNZ,100.0,19.395368,-155.273643,Caldera Rim Hawaii Digital,0.0249,0.0741,0
CAPELLA_C10_SP_CPHD_HH_20240711114052_20240711114124,HV,SDH,HHE,100.0,19.390003,-155.293995,Sand Hill,0.8067,2.0878,0
CAPELLA_C10_SP_CPHD_HH_20240711114052_20240711114124,HV,SDH,HHN,100.0,19.390003,-155.293995,Sand Hill,1.55,3.4058,0
CAPELLA_C10_SP_CPHD_HH_20240711114052_20240711114124,HV,SDH,HHZ,100.0,19.390003,-155.293995,Sand Hill,0.456,1.1636,0
CAPELLA_C10_SP_CPHD_HH_20240711114052_20240711114124,HV,UWB,HHE,100.0,19.42476,-155.277582,Uwekahuna Bluff Hawaii,855.4899,3751.1967,1
CAPELLA_C10_SP_CPHD_HH_20240711114052_20240711114124,HV,UWB,HHN,100.0,19.42476,-155.277582,Uwekahuna Bluff Hawaii,604.755,1760.4662,1
CAPELLA_C10_SP_CPHD_HH_20240711114052_20240711114124,HV,UWB,HHZ,100.0,19.42476,-155.277582,Uwekahuna Bluff Hawaii,985.2778,3763.1999,1
CAPELLA_C10_SP_CPHD_HH_20240711114052_20240711114124,HV,UWE,HHE,100.0,19.420972,-155.291162,Uwekahuna Vault Hawaii,1.1887,3.2863,0
CAPELLA_C10_SP_CPHD_HH_20240711114052_20240711114124,HV,UWE,HHN,100.0,19.420972,-155.291162,Uwekahuna Vault Hawaii,1.8662,5.451,0
CAPELLA_C10_SP_CPHD_HH_20240711114052_20240711114124,HV,UWE,HHZ,100.0,19.420972,-155.291162,Uwekahuna Vault Hawaii,0.4926,1.1474,0
CAPELLA_C10_SP_CPHD_HH_20240711114052_20240711114124,HV,UWE,HNE,100.0,19.420972,-155.291162,Uwekahuna Vault Hawaii,0.1097,0.3023,0
CAPELLA_C10_SP_CPHD_HH_20240711114052_20240711114124,HV,UWE,HNN,100.0,19.420972,-155.291162,Uwekahuna Vault Hawaii,0.1021,0.2976,0
CAPELLA_C10_SP_CPHD_HH_20240711114052_20240711114124,HV,UWE,HNZ,100.0,19.420972,-155.291162,Uwekahuna Vault Hawaii,0.0353,0.0926,0
CAPELLA_C10_SP_CPHD_HH_20240711114052_20240711114124,HV,WRM,HHE,100.0,19.406623,-155.300005,West Rim Hawaii Digital,1.1554,2.5189,0
CAPELLA_C10_SP_CPHD_HH_20240711114052_20240711114124,HV,WRM,HHN,100.0,19.406623,-155.300005,West Rim Hawaii Digital,1.62,3.7599,0
CAPELLA_C10_SP_CPHD_HH_20240711114052_20240711114124,HV,WRM,HHZ,100.0,19.406623,-155.300005,West Rim Hawaii Digital,0.432,1.1651,0
CAPELLA_C10_SP_CPHD_HH_20240711114052_20240711114124,HV,WRM,HNE,100.0,19.406623,-155.300005,West Rim Hawaii Digital,0.0916,0.2462,0
CAPELLA_C10_SP_CPHD_HH_20240711114052_20240711114124,HV,WRM,HNN,100.0,19.406623,-155.300005,West Rim Hawaii Digital,0.0799,0.2303,0
CAPELLA_C10_SP_CPHD_HH_20240711114052_20240711114124,HV,WRM,HNZ,100.0,19.406623,-155.300005,West Rim Hawaii Digital,0.0249,0.0842,0
CAPELLA_C14_SP_CPHD_HH_20240712122324_20240712122353,HV,KKO,HHE,100.0,19.398242,-155.266032,Keanakakoi Crater,0.9672,2.5788,0
CAPELLA_C14_SP_CPHD_HH_20240712122324_20240712122353,HV,KKO,HHN,100.0,19.398242,-155.266032,Keanakakoi Crater,1.1304,3.3763,0
CAPELLA_C14_SP_CPHD_HH_20240712122324_20240712122353,HV,KKO,HHZ,100.0,19.398242,-155.266032,Keanakakoi Crater,0.4909,1.2999,0
CAPELLA_C14_SP_CPHD_HH_20240712122324_20240712122353,HV,KKO,HNE,100.0,19.398242,-155.266032,Keanakakoi Crater,0.0546,0.1819,0
CAPELLA_C14_SP_CPHD_HH_20240712122324_20240712122353,HV,KKO,HNN,100.0,19.398242,-155.266032,Keanakakoi Crater,0.0872,0.2436,0
CAPELLA_C14_SP_CPHD_HH_20240712122324_20240712122353,HV,KKO,HNZ,100.0,19.398242,-155.266032,Keanakakoi Crater,0.0237,0.0639,0
CAPELLA_C14_SP_CPHD_HH_20240712122324_20240712122353,HV,OTLD,HHE,100.0,19.386532,-155.281715,Outlet Digital,0.7201,1.5045,0
CAPELLA_C14_SP_CPHD_HH_20240712122324_20240712122353,HV,OTLD,HHN,100.0,19.386532,-155.281715,Outlet Digital,0.8403,2.1307,0
CAPELLA_C14_SP_CPHD_HH_20240712122324_20240712122353,HV,OTLD,HHZ,100.0,19.386532,-155.281715,Outlet Digital,0.6439,1.6513,0
CAPELLA_C14_SP_CPHD_HH_20240712122324_20240712122353,HV,RIMD,HHE,100.0,19.395368,-155.273643,Caldera Rim Hawaii Digital,0.9577,2.2348,0
CAPELLA_C14_SP_CPHD_HH_20240712122324_20240712122353,HV,RIMD,HHN,100.0,19.395368,-155.273643,Caldera Rim Hawaii Digital,1.1527,2.9855,0
CAPELLA_C14_SP_CPHD_HH_20240712122324_20240712122353,HV,RIMD,HHZ,100.0,19.395368,-155.273643,Caldera Rim Hawaii Digital,0.5239,1.5143,0
CAPELLA_C14_SP_CPHD_HH_20240712122324_20240712122353,HV,RIMD,HNE,100.0,19.395368,-155.273643,Caldera Rim Hawaii Digital,0.0625,0.164,0
CAPELLA_C14_SP_CPHD_HH_20240712122324_20240712122353,HV,RIMD,HNN,100.0,19.395368,-155.273643,Caldera Rim Hawaii Digital,0.0846,0.2397,0
CAPELLA_C14_SP_CPHD_HH_20240712122324_20240712122353,HV,RIMD,HNZ,100.0,19.395368,-155.273643,Caldera Rim Hawaii Digital,0.0264,0.0959,0
CAPELLA_C14_SP_CPHD_HH_20240712122324_20240712122353,HV,SDH,HHE,100.0,19.390003,-155.293995,Sand Hill,0.8516,2.0312,0
CAPELLA_C14_SP_CPHD_HH_20240712122324_20240712122353,HV,SDH,HHN,100.0,19.390003,-155.293995,Sand Hill,0.7815,1.9939,0
CAPELLA_C14_SP_CPHD_HH_20240712122324_20240712122353,HV,SDH,HHZ,100.0,19.390003,-155.293995,Sand Hill,0.5879,1.6102,0
CAPELLA_C14_SP_CPHD_HH_20240712122324_20240712122353,HV,UWB,HHE,100.0,19.42476,-155.277582,Uwekahuna Bluff Hawaii,525.3833,2900.9771,1
CAPELLA_C14_SP_CPHD_HH_20240712122324_20240712122353,HV,UWB,HHN,100.0,19.42476,-155.277582,Uwekahuna Bluff Hawaii,586.6569,1754.7429,1
CAPELLA_C14_SP_CPHD_HH_20240712122324_20240712122353,HV,UWB,HHZ,100.0,19.42476,-155.277582,Uwekahuna Bluff Hawaii,745.1065,3240.3308,1
CAPELLA_C14_SP_CPHD_HH_20240712122324_20240712122353,HV,UWE,HHE,100.0,19.420972,-155.291162,Uwekahuna Vault Hawaii,1.9601,5.4639,0
CAPELLA_C14_SP_CPHD_HH_20240712122324_20240712122353,HV,UWE,HHN,100.0,19.420972,-155.291162,Uwekahuna Vault Hawaii,1.2957,3.489,0
CAPELLA_C14_SP_CPHD_HH_20240712122324_20240712122353,HV,UWE,HHZ,100.0,19.420972,-155.291162,Uwekahuna Vault Hawaii,0.6839,2.1492,0
CAPELLA_C14_SP_CPHD_HH_20240712122324_20240712122353,HV,UWE,HNE,100.0,19.420972,-155.291162,Uwekahuna Vault Hawaii,0.1434,0.4173,0
CAPELLA_C14_SP_CPHD_HH_20240712122324_20240712122353,HV,UWE,HNN,100.0,19.420972,-155.291162,Uwekahuna Vault Hawaii,0.1021,0.3011,0
CAPELLA_C14_SP_CPHD_HH_20240712122324_20240712122353,HV,UWE,HNZ,100.0,19.420972,-155.291162,Uwekahuna Vault Hawaii,0.0429,0.1277,0
CAPELLA_C14_SP_CPHD_HH_20240712122324_20240712122353,HV,WRM,HHE,100.0,19.406623,-155.300005,West Rim Hawaii Digital,1.116,3.1315,0
CAPELLA_C14_SP_CPHD_HH_20240712122324_20240712122353,HV,WRM,HHN,100.0,19.406623,-155.300005,West Rim Hawaii Digital,1.0544,2.4452,0
CAPELLA_C14_SP_CPHD_HH_20240712122324_20240712122353,HV,WRM,HHZ,100.0,19.406623,-155.300005,West Rim Hawaii Digital,0.4753,1.2139,0
CAPELLA_C14_SP_CPHD_HH_20240712122324_20240712122353,HV,WRM,HNE,100.0,19.406623,-155.300005,West Rim Hawaii Digital,0.0799,0.2563,0
CAPELLA_C14_SP_CPHD_HH_20240712122324_20240712122353,HV,WRM,HNN,100.0,19.406623,-155.300005,West Rim Hawaii Digital,0.0773,0.2311,0
CAPELLA_C14_SP_CPHD_HH_20240712122324_20240712122353,HV,WRM,HNZ,100.0,19.406623,-155.300005,West Rim Hawaii Digital,0.0221,0.0616,0
CAPELLA_C10_SP_CPHD_HH_20240713094741_20240713094811,HV,KKO,HHE,100.0,19.398242,-155.266032,Keanakakoi Crater,1.2234,3.3417,0
CAPELLA_C10_SP_CPHD_HH_20240713094741_20240713094811,HV,KKO,HHN,100.0,19.398242,-155.266032,Keanakakoi Crater,0.9262,3.286,0
CAPELLA_C10_SP_CPHD_HH_20240713094741_20240713094811,HV,KKO,HHZ,100.0,19.398242,-155.266032,Keanakakoi Crater,0.5729,1.6574,0
CAPELLA_C10_SP_CPHD_HH_20240713094741_20240713094811,HV,KKO,HNE,100.0,19.398242,-155.266032,Keanakakoi Crater,0.0579,0.1857,0
CAPELLA_C10_SP_CPHD_HH_20240713094741_20240713094811,HV,KKO,HNN,100.0,19.398242,-155.266032,Keanakakoi Crater,0.1019,0.3194,0
CAPELLA_C10_SP_CPHD_HH_20240713094741_20240713094811,HV,KKO,HNZ,100.0,19.398242,-155.266032,Keanakakoi Crater,0.026,0.0787,0
CAPELLA_C10_SP_CPHD_HH_20240713094741_20240713094811,HV,OTLD,HHE,100.0,19.386532,-155.281715,Outlet Digital,1.1455,3.2533,0
CAPELLA_C10_SP_CPHD_HH_20240713094741_20240713094811,HV,OTLD,HHN,100.0,19.386532,-155.281715,Outlet Digital,1.0689,3.3291,0
CAPELLA_C10_SP_CPHD_HH_20240713094741_20240713094811,HV,OTLD,HHZ,100.0,19.386532,-155.281715,Outlet Digital,0.6592,2.3152,0
CAPELLA_C10_SP_CPHD_HH_20240713094741_20240713094811,HV,RIMD,HHE,100.0,19.395368,-155.273643,Caldera Rim Hawaii Digital,1.2386,2.9979,0
CAPELLA_C10_SP_CPHD_HH_20240713094741_20240713094811,HV,RIMD,HHN,100.0,19.395368,-155.273643,Caldera Rim Hawaii Digital,0.9788,3.1111,0
CAPELLA_C10_SP_CPHD_HH_20240713094741_20240713094811,HV,RIMD,HHZ,100.0,19.395368,-155.273643,Caldera Rim Hawaii Digital,0.6152,1.9347,0
CAPELLA_C10_SP_CPHD_HH_20240713094741_20240713094811,HV,RIMD,HNE,100.0,19.395368,-155.273643,Caldera Rim Hawaii Digital,0.0712,0.2036,0
CAPELLA_C10_SP_CPHD_HH_20240713094741_20240713094811,HV,RIMD,HNN,100.0,19.395368,-155.273643,Caldera Rim Hawaii Digital,0.0877,0.3136,0
CAPELLA_C10_SP_CPHD_HH_20240713094741_20240713094811,HV,RIMD,HNZ,100.0,19.395368,-155.273643,Caldera Rim Hawaii Digital,0.0306,0.0904,0
CAPELLA_C10_SP_CPHD_HH_20240713094741_20240713094811,HV,SDH,HHE,100.0,19.390003,-155.293995,Sand Hill,1.557,4.1719,0
CAPELLA_C10_SP_CPHD_HH_20240713094741_20240713094811,HV,SDH,HHN,100.0,19.390003,-155.293995,Sand Hill,1.0487,2.7049,0
CAPELLA_C10_SP_CPHD_HH_20240713094741_20240713094811,HV,SDH,HHZ,100.0,19.390003,-155.293995,Sand Hill,0.647,2.247,0
CAPELLA_C10_SP_CPHD_HH_20240713094741_20240713094811,HV,UWB,HHE,100.0,19.42476,-155.277582,Uwekahuna Bluff Hawaii,746.2336,2764.5004,1
CAPELLA_C10_SP_CPHD_HH_20240713094741_20240713094811,HV,UWB,HHN,100.0,19.42476,-155.277582,Uwekahuna Bluff Hawaii,618.3507,1588.1788,1
CAPELLA_C10_SP_CPHD_HH_20240713094741_20240713094811,HV,UWB,HHZ,100.0,19.42476,-155.277582,Uwekahuna Bluff Hawaii,949.0468,2979.0329,1
CAPELLA_C10_SP_CPHD_HH_20240713094741_20240713094811,HV,UWE,HHE,100.0,19.420972,-155.291162,Uwekahuna Vault Hawaii,1.7026,4.6992,0
CAPELLA_C10_SP_CPHD_HH_20240713094741_20240713094811,HV,UWE,HHN,100.0,19.420972,-155.291162,Uwekahuna Vault Hawaii,2.1358,5.0423,0
CAPELLA_C10_SP_CPHD_HH_20240713094741_20240713094811,HV,UWE,HHZ,100.0,19.420972,-155.291162,Uwekahuna Vault Hawaii,0.5328,1.8312,0
CAPELLA_C10_SP_CPHD_HH_20240713094741_20240713094811,HV,UWE,HNE,100.0,19.420972,-155.291162,Uwekahuna Vault Hawaii,0.1389,0.3838,0
CAPELLA_C10_SP_CPHD_HH_20240713094741_20240713094811,HV,UWE,HNN,100.0,19.420972,-155.291162,Uwekahuna Vault Hawaii,0.1206,0.3198,0
CAPELLA_C10_SP_CPHD_HH_20240713094741_20240713094811,HV,UWE,HNZ,100.0,19.420972,-155.291162,Uwekahuna Vault Hawaii,0.0373,0.1197,0
CAPELLA_C10_SP_CPHD_HH_20240713094741_20240713094811,HV,WRM,HHE,100.0,19.406623,-155.300005,West Rim Hawaii Digital,1.5877,4.6426,0
CAPELLA_C10_SP_CPHD_HH_20240713094741_20240713094811,HV,WRM,HHN,100.0,19.406623,-155.300005,West Rim Hawaii Digital,1.4914,4.1253,0
CAPELLA_C10_SP_CPHD_HH_20240713094741_20240713094811,HV,WRM,HHZ,100.0,19.406623,-155.300005,West Rim Hawaii Digital,0.5708,1.4782,0
CAPELLA_C10_SP_CPHD_HH_20240713094741_20240713094811,HV,WRM,HNE,100.0,19.406623,-155.300005,West Rim Hawaii Digital,0.1128,0.436,0
CAPELLA_C10_SP_CPHD_HH_20240713094741_20240713094811,HV,WRM,HNN,100.0,19.406623,-155.300005,West Rim Hawaii Digital,0.0818,0.2554,0
CAPELLA_C10_SP_CPHD_HH_20240713094741_20240713094811,HV,WRM,HNZ,100.0,19.406623,-155.300005,West Rim Hawaii Digital,0.0282,0.0934,0
CAPELLA_C09_SP_CPHD_HH_20240714174801_20240714174831,HV,BYL,HHE,100.0,19.412087,-155.259877,Byron's Ledge,33.3988,68.5886,1
CAPELLA_C09_SP_CPHD_HH_20240714174801_20240714174831,HV,BYL,HHN,100.0,19.412087,-155.259877,Byron's Ledge,57.7505,118.6317,1
CAPELLA_C09_SP_CPHD_HH_20240714174801_20240714174831,HV,BYL,HHZ,100.0,19.412087,-155.259877,Byron's Ledge,22.1183,40.3136,1
CAPELLA_C09_SP_CPHD_HH_20240714174801_20240714174831,HV,KKO,HHE,100.0,19.398242,-155.266032,Keanakakoi Crater,1.2377,3.8039,0
CAPELLA_C09_SP_CPHD_HH_20240714174801_20240714174831,HV,KKO,HHN,100.0,19.398242,-155.266032,Keanakakoi Crater,1.3458,3.7641,0
CAPELLA_C09_SP_CPHD_HH_20240714174801_20240714174831,HV,KKO,HHZ,100.0,19.398242,-155.266032,Keanakakoi Crater,0.5069,1.458,0
CAPELLA_C09_SP_CPHD_HH_20240714174801_20240714174831,HV,KKO,HNE,100.0,19.398242,-155.266032,Keanakakoi Crater,0.2211,1.1549,0
CAPELLA_C09_SP_CPHD_HH_20240714174801_20240714174831,HV,KKO,HNN,100.0,19.398242,-155.266032,Keanakakoi Crater,0.4243,2.0406,0
CAPELLA_C09_SP_CPHD_HH_20240714174801_20240714174831,HV,KKO,HNZ,100.0,19.398242,-155.266032,Keanakakoi Crater,0.1232,0.7233,0
CAPELLA_C09_SP_CPHD_HH_20240714174801_20240714174831,HV,OTLD,HHE,100.0,19.386532,-155.281715,Outlet Digital,1.1824,3.5727,0
CAPELLA_C09_SP_CPHD_HH_20240714174801_20240714174831,HV,OTLD,HHN,100.0,19.386532,-155.281715,Outlet Digital,0.9861,2.879,0
CAPELLA_C09_SP_CPHD_HH_20240714174801_20240714174831,HV,OTLD,HHZ,100.0,19.386532,-155.281715,Outlet Digital,0.6046,1.8139,0
CAPELLA_C09_SP_CPHD_HH_20240714174801_20240714174831,HV,RIMD,HHE,100.0,19.395368,-155.273643,Caldera Rim Hawaii Digital,1.4058,4.7059,0
CAPELLA_C09_SP_CPHD_HH_20240714174801_20240714174831,HV,RIMD,HHN,100.0,19.395368,-155.273643,Caldera Rim Hawaii Digital,1.313,4.8197,0
CAPELLA_C09_SP_CPHD_HH_20240714174801_20240714174831,HV,RIMD,HHZ,100.0,19.395368,-155.273643,Caldera Rim Hawaii Digital,0.5604,1.5897,0
CAPELLA_C09_SP_CPHD_HH_20240714174801_20240714174831,HV,RIMD,HNE,100.0,19.395368,-155.273643,Caldera Rim Hawaii Digital,0.3115,1.8102,0
CAPELLA_C09_SP_CPHD_HH_20240714174801_20240714174831,HV,RIMD,HNN,100.0,19.395368,-155.273643,Caldera Rim Hawaii Digital,0.3932,2.5011,0
CAPELLA_C09_SP_CPHD_HH_20240714174801_20240714174831,HV,RIMD,HNZ,100.0,19.395368,-155.273643,Caldera Rim Hawaii Digital,0.1378,0.8741,0
CAPELLA_C09_SP_CPHD_HH_20240714174801_20240714174831,HV,SDH,HHE,100.0,19.390003,-155.293995,Sand Hill,1.2911,3.7789,0
CAPELLA_C09_SP_CPHD_HH_20240714174801_20240714174831,HV,SDH,HHN,100.0,19.390003,-155.293995,Sand Hill,1.0067,2.9513,0
CAPELLA_C09_SP_CPHD_HH_20240714174801_20240714174831,HV,SDH,HHZ,100.0,19.390003,-155.293995,Sand Hill,0.6006,1.8748,0
CAPELLA_C09_SP_CPHD_HH_20240714174801_20240714174831,HV,UWB,HHE,100.0,19.42476,-155.277582,Uwekahuna Bluff Hawaii,566.1835,2019.2395,1
CAPELLA_C09_SP_CPHD_HH_20240714174801_20240714174831,HV,UWB,HHN,100.0,19.42476,-155.277582,Uwekahuna Bluff Hawaii,541.979,1808.3034,1
CAPELLA_C09_SP_CPHD_HH_20240714174801_20240714174831,HV,UWB,HHZ,100.0,19.42476,-155.277582,Uwekahuna Bluff Hawaii,585.9686,2048.9408,1
CAPELLA_C09_SP_CPHD_HH_20240714174801_20240714174831,HV,UWE,HHE,100.0,19.420972,-155.291162,Uwekahuna Vault Hawaii,1.3829,4.1437,0
CAPELLA_C09_SP_CPHD_HH_20240714174801_20240714174831,HV,UWE,HHN,100.0,19.420972,-155.291162,Uwekahuna Vault Hawaii,1.2147,3.2833,0
CAPELLA_C09_SP_CPHD_HH_20240714174801_20240714174831,HV,UWE,HHZ,100.0,19.420972,-155.291162,Uwekahuna Vault Hawaii,0.4475,1.036,0
CAPELLA_C09_SP_CPHD_HH_20240714174801_20240714174831,HV,UWE,HNE,100.0,19.420972,-155.291162,Uwekahuna Vault Hawaii,0.1413,0.5869,0
CAPELLA_C09_SP_CPHD_HH_20240714174801_20240714174831,HV,UWE,HNN,100.0,19.420972,-155.291162,Uwekahuna Vault Hawaii,0.1069,0.4068,0
CAPELLA_C09_SP_CPHD_HH_20240714174801_20240714174831,HV,UWE,HNZ,100.0,19.420972,-155.291162,Uwekahuna Vault Hawaii,0.0435,0.1959,0
CAPELLA_C09_SP_CPHD_HH_20240714174801_20240714174831,HV,WRM,HHE,100.0,19.406623,-155.300005,West Rim Hawaii Digital,1.2645,3.3113,0
CAPELLA_C09_SP_CPHD_HH_20240714174801_20240714174831,HV,WRM,HHN,100.0,19.406623,-155.300005,West Rim Hawaii Digital,0.9827,2.8654,0
CAPELLA_C09_SP_CPHD_HH_20240714174801_20240714174831,HV,WRM,HHZ,100.0,19.406623,-155.300005,West Rim Hawaii Digital,0.5003,1.3284,0
CAPELLA_C09_SP_CPHD_HH_20240714174801_20240714174831,HV,WRM,HNE,100.0,19.406623,-155.300005,West Rim Hawaii Digital,0.1974,1.0829,0
CAPELLA_C09_SP_CPHD_HH_20240714174801_20240714174831,HV,WRM,HNN,100.0,19.406623,-155.300005,West Rim Hawaii Digital,0.1409,0.8194,0
CAPELLA_C09_SP_CPHD_HH_20240714174801_20240714174831,HV,WRM,HNZ,100.0,19.406623,-155.300005,West Rim Hawaii Digital,0.0508,0.2297,0
CAPELLA_C14_SP_CPHD_HH_20240715111140_20240715111208,HV,KKO,HHE,100.0,19.398242,-155.266032,Keanakakoi Crater,0.8357,2.1598,0
CAPELLA_C14_SP_CPHD_HH_20240715111140_20240715111208,HV,KKO,HHN,100.0,19.398242,-155.266032,Keanakakoi Crater,1.1749,2.8521,0
CAPELLA_C14_SP_CPHD_HH_20240715111140_20240715111208,HV,KKO,HHZ,100.0,19.398242,-155.266032,Keanakakoi Crater,0.7016,1.6326,0
CAPELLA_C14_SP_CPHD_HH_20240715111140_20240715111208,HV,KKO,HNE,100.0,19.398242,-155.266032,Keanakakoi Crater,0.054,0.1842,0
CAPELLA_C14_SP_CPHD_HH_20240715111140_20240715111208,HV,KKO,HNN,100.0,19.398242,-155.266032,Keanakakoi Crater,0.1122,0.3574,0
CAPELLA_C14_SP_CPHD_HH_20240715111140_20240715111208,HV,KKO,HNZ,100.0,19.398242,-155.266032,Keanakakoi Crater,0.0305,0.0888,0
CAPELLA_C14_SP_CPHD_HH_20240715111140_20240715111208,HV,OTLD,HHE,100.0,19.386532,-155.281715,Outlet Digital,0.6691,1.7042,0
CAPELLA_C14_SP_CPHD_HH_20240715111140_20240715111208,HV,OTLD,HHN,100.0,19.386532,-155.281715,Outlet Digital,0.8414,2.5299,0
CAPELLA_C14_SP_CPHD_HH_20240715111140_20240715111208,HV,OTLD,HHZ,100.0,19.386532,-155.281715,Outlet Digital,0.6895,1.5382,0
CAPELLA_C14_SP_CPHD_HH_20240715111140_20240715111208,HV,RIMD,HHE,100.0,19.395368,-155.273643,Caldera Rim Hawaii Digital,0.7627,2.0717,0
CAPELLA_C14_SP_CPHD_HH_20240715111140_20240715111208,HV,RIMD,HHN,100.0,19.395368,-155.273643,Caldera Rim Hawaii Digital,1.0792,3.3592,0
CAPELLA_C14_SP_CPHD_HH_20240715111140_20240715111208,HV,RIMD,HHZ,100.0,19.395368,-155.273643,Caldera Rim Hawaii Digital,0.7131,1.6265,0
CAPELLA_C14_SP_CPHD_HH_20240715111140_20240715111208,HV,RIMD,HNE,100.0,19.395368,-155.273643,Caldera Rim Hawaii Digital,0.0579,0.1707,0
CAPELLA_C14_SP_CPHD_HH_20240715111140_20240715111208,HV,RIMD,HNN,100.0,19.395368,-155.273643,Caldera Rim Hawaii Digital,0.096,0.3079,0
CAPELLA_C14_SP_CPHD_HH_20240715111140_20240715111208,HV,RIMD,HNZ,100.0,19.395368,-155.273643,Caldera Rim Hawaii Digital,0.0306,0.0827,0
CAPELLA_C14_SP_CPHD_HH_20240715111140_20240715111208,HV,SDH,HHE,100.0,19.390003,-155.293995,Sand Hill,0.7096,1.8581,0
CAPELLA_C14_SP_CPHD_HH_20240715111140_20240715111208,HV,SDH,HHN,100.0,19.390003,-155.293995,Sand Hill,0.8664,2.0228,0
CAPELLA_C14_SP_CPHD_HH_20240715111140_20240715111208,HV,SDH,HHZ,100.0,19.390003,-155.293995,Sand Hill,0.687,1.8836,0
CAPELLA_C14_SP_CPHD_HH_20240715111140_20240715111208,HV,UWB,HHE,100.0,19.42476,-155.277582,Uwekahuna Bluff Hawaii,1016.4205,4334.1523,1
CAPELLA_C14_SP_CPHD_HH_20240715111140_20240715111208,HV,UWB,HHN,100.0,19.42476,-155.277582,Uwekahuna Bluff Hawaii,593.398,1735.4537,1
CAPELLA_C14_SP_CPHD_HH_20240715111140_20240715111208,HV,UWB,HHZ,100.0,19.42476,-155.277582,Uwekahuna Bluff Hawaii,1149.5968,4302.5735,1
CAPELLA_C14_SP_CPHD_HH_20240715111140_20240715111208,HV,UWE,HHE,100.0,19.420972,-155.291162,Uwekahuna Vault Hawaii,1.5706,3.5883,0
CAPELLA_C14_SP_CPHD_HH_20240715111140_20240715111208,HV,UWE,HHN,100.0,19.420972,-155.291162,Uwekahuna Vault Hawaii,1.1294,2.8229,0
CAPELLA_C14_SP_CPHD_HH_20240715111140_20240715111208,HV,UWE,HHZ,100.0,19.420972,-155.291162,Uwekahuna Vault Hawaii,0.6255,1.5973,0
CAPELLA_C14_SP_CPHD_HH_20240715111140_20240715111208,HV,UWE,HNE,100.0,19.420972,-155.291162,Uwekahuna Vault Hawaii,0.1181,0.3505,0
CAPELLA_C14_SP_CPHD_HH_20240715111140_20240715111208,HV,UWE,HNN,100.0,19.420972,-155.291162,Uwekahuna Vault Hawaii,0.0799,0.2724,0
CAPELLA_C14_SP_CPHD_HH_20240715111140_20240715111208,HV,UWE,HNZ,100.0,19.420972,-155.291162,Uwekahuna Vault Hawaii,0.0361,0.0926,0
CAPELLA_C14_SP_CPHD_HH_20240715111140_20240715111208,HV,WRM,HHE,100.0,19.406623,-155.300005,West Rim Hawaii Digital,1.3933,4.6632,0
CAPELLA_C14_SP_CPHD_HH_20240715111140_20240715111208,HV,WRM,HHN,100.0,19.406623,-155.300005,West Rim Hawaii Digital,1.2023,2.9395,0
CAPELLA_C14_SP_CPHD_HH_20240715111140_20240715111208,HV,WRM,HHZ,100.0,19.406623,-155.300005,West Rim Hawaii Digital,0.6139,1.5413,0
CAPELLA_C14_SP_CPHD_HH_20240715111140_20240715111208,HV,WRM,HNE,100.0,19.406623,-155.300005,West Rim Hawaii Digital,0.1016,0.36,0
CAPELLA_C14_SP_CPHD_HH_20240715111140_20240715111208,HV,WRM,HNN,100.0,19.406623,-155.300005,West Rim Hawaii Digital,0.0732,0.2182,0
CAPELLA_C14_SP_CPHD_HH_20240715111140_20240715111208,HV,WRM,HNZ,100.0,19.406623,-155.300005,West Rim Hawaii Digital,0.0267,0.1006,0
CAPELLA_C09_SP_CPHD_HH_20240716090023_20240716090053,HV,KKO,HHE,100.0,19.398242,-155.266032,Keanakakoi Crater,1.0303,2.4127,0
CAPELLA_C09_SP_CPHD_HH_20240716090023_20240716090053,HV,KKO,HHN,100.0,19.398242,-155.266032,Keanakakoi Crater,1.4088,3.7323,0
CAPELLA_C09_SP_CPHD_HH_20240716090023_20240716090053,HV,KKO,HHZ,100.0,19.398242,-155.266032,Keanakakoi Crater,0.6503,1.8925,0
CAPELLA_C09_SP_CPHD_HH_20240716090023_20240716090053,HV,KKO,HNE,100.0,19.398242,-155.266032,Keanakakoi Crater,0.0497,0.1644,0
CAPELLA_C09_SP_CPHD_HH_20240716090023_20240716090053,HV,KKO,HNN,100.0,19.398242,-155.266032,Keanakakoi Crater,0.1144,0.4536,0
CAPELLA_C09_SP_CPHD_HH_20240716090023_20240716090053,HV,KKO,HNZ,100.0,19.398242,-155.266032,Keanakakoi Crater,0.0276,0.0927,0
CAPELLA_C09_SP_CPHD_HH_20240716090023_20240716090053,HV,OTLD,HHE,100.0,19.386532,-155.281715,Outlet Digital,0.9329,2.2689,0
CAPELLA_C09_SP_CPHD_HH_20240716090023_20240716090053,HV,OTLD,HHN,100.0,19.386532,-155.281715,Outlet Digital,1.1868,3.2511,0
CAPELLA_C09_SP_CPHD_HH_20240716090023_20240716090053,HV,OTLD,HHZ,100.0,19.386532,-155.281715,Outlet Digital,0.7054,2.0331,0
CAPELLA_C09_SP_CPHD_HH_20240716090023_20240716090053,HV,RIMD,HHE,100.0,19.395368,-155.273643,Caldera Rim Hawaii Digital,1.1153,2.6938,0
CAPELLA_C09_SP_CPHD_HH_20240716090023_20240716090053,HV,RIMD,HHN,100.0,19.395368,-155.273643,Caldera Rim Hawaii Digital,1.2935,4.1706,0
CAPELLA_C09_SP_CPHD_HH_20240716090023_20240716090053,HV,RIMD,HHZ,100.0,19.395368,-155.273643,Caldera Rim Hawaii Digital,0.6549,1.9703,0
CAPELLA_C09_SP_CPHD_HH_20240716090023_20240716090053,HV,RIMD,HNE,100.0,19.395368,-155.273643,Caldera Rim Hawaii Digital,0.0607,0.1978,0
CAPELLA_C09_SP_CPHD_HH_20240716090023_20240716090053,HV,RIMD,HNN,100.0,19.395368,-155.273643,Caldera Rim Hawaii Digital,0.0839,0.2423,0
CAPELLA_C09_SP_CPHD_HH_20240716090023_20240716090053,HV,RIMD,HNZ,100.0,19.395368,-155.273643,Caldera Rim Hawaii Digital,0.0271,0.0838,0
CAPELLA_C09_SP_CPHD_HH_20240716090023_20240716090053,HV,SDH,HHE,100.0,19.390003,-155.293995,Sand Hill,1.1833,2.9192,0
CAPELLA_C09_SP_CPHD_HH_20240716090023_20240716090053,HV,SDH,HHN,100.0,19.390003,-155.293995,Sand Hill,1.1306,2.5383,0
CAPELLA_C09_SP_CPHD_HH_20240716090023_20240716090053,HV,SDH,HHZ,100.0,19.390003,-155.293995,Sand Hill,0.6275,1.6489,0
CAPELLA_C09_SP_CPHD_HH_20240716090023_20240716090053,HV,UWB,HHE,100.0,19.42476,-155.277582,Uwekahuna Bluff Hawaii,646.5039,1922.0229,1
CAPELLA_C09_SP_CPHD_HH_20240716090023_20240716090053,HV,UWB,HHN,100.0,19.42476,-155.277582,Uwekahuna Bluff Hawaii,598.5076,1606.4477,1
CAPELLA_C09_SP_CPHD_HH_20240716090023_20240716090053,HV,UWB,HHZ,100.0,19.42476,-155.277582,Uwekahuna Bluff Hawaii,745.2273,2576.9341,1
CAPELLA_C09_SP_CPHD_HH_20240716090023_20240716090053,HV,UWE,HHE,100.0,19.420972,-155.291162,Uwekahuna Vault Hawaii,1.5682,3.8861,0
CAPELLA_C09_SP_CPHD_HH_20240716090023_20240716090053,HV,UWE,HHN,100.0,19.420972,-155.291162,Uwekahuna Vault Hawaii,1.6847,4.3311,0
CAPELLA_C09_SP_CPHD_HH_20240716090023_20240716090053,HV,UWE,HHZ,100.0,19.420972,-155.291162,Uwekahuna Vault Hawaii,0.5916,1.6922,0
CAPELLA_C09_SP_CPHD_HH_20240716090023_20240716090053,HV,UWE,HNE,100.0,19.420972,-155.291162,Uwekahuna Vault Hawaii,0.107,0.3573,0
CAPELLA_C09_SP_CPHD_HH_20240716090023_20240716090053,HV,UWE,HNN,100.0,19.420972,-155.291162,Uwekahuna Vault Hawaii,0.0906,0.2691,0
CAPELLA_C09_SP_CPHD_HH_20240716090023_20240716090053,HV,UWE,HNZ,100.0,19.420972,-155.291162,Uwekahuna Vault Hawaii,0.0353,0.1229,0
CAPELLA_C09_SP_CPHD_HH_20240716090023_20240716090053,HV,WRM,HHE,100.0,19.406623,-155.300005,West Rim Hawaii Digital,1.1828,3.88,0
CAPELLA_C09_SP_CPHD_HH_20240716090023_20240716090053,HV,WRM,HHN,100.0,19.406623,-155.300005,West Rim Hawaii Digital,1.3353,3.1448,0
CAPELLA_C09_SP_CPHD_HH_20240716090023_20240716090053,HV,WRM,HHZ,100.0,19.406623,-155.300005,West Rim Hawaii Digital,0.4921,1.2042,0
CAPELLA_C09_SP_CPHD_HH_20240716090023_20240716090053,HV,WRM,HNE,100.0,19.406623,-155.300005,West Rim Hawaii Digital,0.0799,0.2685,0
CAPELLA_C09_SP_CPHD_HH_20240716090023_20240716090053,HV,WRM,HNN,100.0,19.406623,-155.300005,West Rim Hawaii Digital,0.0731,0.2459,0
CAPELLA_C09_SP_CPHD_HH_20240716090023_20240716090053,HV,WRM,HNZ,100.0,19.406623,-155.300005,West Rim Hawaii Digital,0.0223,0.0627,0
CAPELLA_C09_SP_CPHD_HH_20240717171732_20240717171756,HV,KKO,HHE,100.0,19.398242,-155.266032,Keanakakoi Crater,0.8174,1.8081,0
CAPELLA_C09_SP_CPHD_HH_20240717171732_20240717171756,HV,KKO,HHN,100.0,19.398242,-155.266032,Keanakakoi Crater,1.0461,2.2787,0
CAPELLA_C09_SP_CPHD_HH_20240717171732_20240717171756,HV,KKO,HHZ,100.0,19.398242,-155.266032,Keanakakoi Crater,0.6162,1.3204,0
CAPELLA_C09_SP_CPHD_HH_20240717171732_20240717171756,HV,KKO,HNE,100.0,19.398242,-155.266032,Keanakakoi Crater,0.0473,0.1241,0
CAPELLA_C09_SP_CPHD_HH_20240717171732_20240717171756,HV,KKO,HNN,100.0,19.398242,-155.266032,Keanakakoi Crater,0.0885,0.2774,0
CAPELLA_C09_SP_CPHD_HH_20240717171732_20240717171756,HV,KKO,HNZ,100.0,19.398242,-155.266032,Keanakakoi Crater,0.0272,0.0682,0
CAPELLA_C09_SP_CPHD_HH_20240717171732_20240717171756,HV,OTLD,HHE,100.0,19.386532,-155.281715,Outlet Digital,0.945,2.0395,0
CAPELLA_C09_SP_CPHD_HH_20240717171732_20240717171756,HV,OTLD,HHN,100.0,19.386532,-155.281715,Outlet Digital,1.0172,2.0015,0
CAPELLA_C09_SP_CPHD_HH_20240717171732_20240717171756,HV,OTLD,HHZ,100.0,19.386532,-155.281715,Outlet Digital,0.542,1.3815,0
CAPELLA_C09_SP_CPHD_HH_20240717171732_20240717171756,HV,RIMD,HHE,100.0,19.395368,-155.273643,Caldera Rim Hawaii Digital,0.9998,2.2878,0
CAPELLA_C09_SP_CPHD_HH_20240717171732_20240717171756,HV,RIMD,HHN,100.0,19.395368,-155.273643,Caldera Rim Hawaii Digital,1.0694,2.5923,0
CAPELLA_C09_SP_CPHD_HH_20240717171732_20240717171756,HV,RIMD,HHZ,100.0,19.395368,-155.273643,Caldera Rim Hawaii Digital,0.5575,1.3278,0
CAPELLA_C09_SP_CPHD_HH_20240717171732_20240717171756,HV,RIMD,HNE,100.0,19.395368,-155.273643,Caldera Rim Hawaii Digital,0.0558,0.1578,0
CAPELLA_C09_SP_CPHD_HH_20240717171732_20240717171756,HV,RIMD,HNN,100.0,19.395368,-155.273643,Caldera Rim Hawaii Digital,0.0811,0.2759,0
CAPELLA_C09_SP_CPHD_HH_20240717171732_20240717171756,HV,RIMD,HNZ,100.0,19.395368,-155.273643,Caldera Rim Hawaii Digital,0.0245,0.0767,0
CAPELLA_C09_SP_CPHD_HH_20240717171732_20240717171756,HV,SDH,HHE,100.0,19.390003,-155.293995,Sand Hill,1.0935,2.4543,0
CAPELLA_C09_SP_CPHD_HH_20240717171732_20240717171756,HV,SDH,HHN,100.0,19.390003,-155.293995,Sand Hill,0.8752,1.6883,0
CAPELLA_C09_SP_CPHD_HH_20240717171732_20240717171756,HV,SDH,HHZ,100.0,19.390003,-155.293995,Sand Hill,0.5538,1.2102,0
CAPELLA_C09_SP_CPHD_HH_20240717171732_20240717171756,HV,UWB,HHE,100.0,19.42476,-155.277582,Uwekahuna Bluff Hawaii,583.5032,1442.5212,1
CAPELLA_C09_SP_CPHD_HH_20240717171732_20240717171756,HV,UWB,HHN,100.0,19.42476,-155.277582,Uwekahuna Bluff Hawaii,521.2646,1522.3669,1
CAPELLA_C09_SP_CPHD_HH_20240717171732_20240717171756,HV,UWB,HHZ,100.0,19.42476,-155.277582,Uwekahuna Bluff Hawaii,678.9799,2264.1216,1
CAPELLA_C09_SP_CPHD_HH_20240717171732_20240717171756,HV,UWE,HHE,100.0,19.420972,-155.291162,Uwekahuna Vault Hawaii,1.1028,3.8689,0
CAPELLA_C09_SP_CPHD_HH_20240717171732_20240717171756,HV,UWE,HHN,100.0,19.420972,-155.291162,Uwekahuna Vault Hawaii,1.3128,3.9519,0
CAPELLA_C09_SP_CPHD_HH_20240717171732_20240717171756,HV,UWE,HHZ,100.0,19.420972,-155.291162,Uwekahuna Vault Hawaii,0.5438,1.4158,0
CAPELLA_C09_SP_CPHD_HH_20240717171732_20240717171756,HV,UWE,HNE,100.0,19.420972,-155.291162,Uwekahuna Vault Hawaii,0.0984,0.3072,0
CAPELLA_C09_SP_CPHD_HH_20240717171732_20240717171756,HV,UWE,HNN,100.0,19.420972,-155.291162,Uwekahuna Vault Hawaii,0.085,0.2276,0
CAPELLA_C09_SP_CPHD_HH_20240717171732_20240717171756,HV,UWE,HNZ,100.0,19.420972,-155.291162,Uwekahuna Vault Hawaii,0.0281,0.1031,0
CAPELLA_C09_SP_CPHD_HH_20240717171732_20240717171756,HV,WRM,HHE,100.0,19.406623,-155.300005,West Rim Hawaii Digital,1.0983,2.8532,0
CAPELLA_C09_SP_CPHD_HH_20240717171732_20240717171756,HV,WRM,HHN,100.0,19.406623,-155.300005,West Rim Hawaii Digital,0.9098,2.4815,0
CAPELLA_C09_SP_CPHD_HH_20240717171732_20240717171756,HV,WRM,HHZ,100.0,19.406623,-155.300005,West Rim Hawaii Digital,0.506,1.1252,0
CAPELLA_C09_SP_CPHD_HH_20240717171732_20240717171756,HV,WRM,HNE,100.0,19.406623,-155.300005,West Rim Hawaii Digital,0.0688,0.1937,0
CAPELLA_C09_SP_CPHD_HH_20240717171732_20240717171756,HV,WRM,HNN,100.0,19.406623,-155.300005,West Rim Hawaii Digital,0.055,0.1502,0
CAPELLA_C09_SP_CPHD_HH_20240717171732_20240717171756,HV,WRM,HNZ,100.0,19.406623,-155.300005,West Rim Hawaii Digital,0.0196,0.0581,0
CAPELLA_C10_SP_CPHD_HH_20240718073407_20240718073441,HV,KKO,HHE,100.0,19.398242,-155.266032,Keanakakoi Crater,1.2785,3.0571,0
CAPELLA_C10_SP_CPHD_HH_20240718073407_20240718073441,HV,KKO,HHN,100.0,19.398242,-155.266032,Keanakakoi Crater,1.0216,2.4762,0
CAPELLA_C10_SP_CPHD_HH_20240718073407_20240718073441,HV,KKO,HHZ,100.0,19.398242,-155.266032,Keanakakoi Crater,0.5721,1.4979,0
CAPELLA_C10_SP_CPHD_HH_20240718073407_20240718073441,HV,KKO,HNE,100.0,19.398242,-155.266032,Keanakakoi Crater,0.0516,0.1437,0
CAPELLA_C10_SP_CPHD_HH_20240718073407_20240718073441,HV,KKO,HNN,100.0,19.398242,-155.266032,Keanakakoi Crater,0.0921,0.295,0
CAPELLA_C10_SP_CPHD_HH_20240718073407_20240718073441,HV,KKO,HNZ,100.0,19.398242,-155.266032,Keanakakoi Crater,0.0276,0.0824,0
CAPELLA_C10_SP_CPHD_HH_20240718073407_20240718073441,HV,OTLD,HHE,100.0,19.386532,-155.281715,Outlet Digital,1.0826,2.9839,0
CAPELLA_C10_SP_CPHD_HH_20240718073407_20240718073441,HV,OTLD,HHN,100.0,19.386532,-155.281715,Outlet Digital,0.9412,2.3998,0
CAPELLA_C10_SP_CPHD_HH_20240718073407_20240718073441,HV,OTLD,HHZ,100.0,19.386532,-155.281715,Outlet Digital,0.5519,1.3516,0
CAPELLA_C10_SP_CPHD_HH_20240718073407_20240718073441,HV,RIMD,HHE,100.0,19.395368,-155.273643,Caldera Rim Hawaii Digital,1.213,2.9794,0
CAPELLA_C10_SP_CPHD_HH_20240718073407_20240718073441,HV,RIMD,HHN,100.0,19.395368,-155.273643,Caldera Rim Hawaii Digital,1.0484,2.8492,0
CAPELLA_C10_SP_CPHD_HH_20240718073407_20240718073441,HV,RIMD,HHZ,100.0,19.395368,-155.273643,Caldera Rim Hawaii Digital,0.5718,1.4823,0
CAPELLA_C10_SP_CPHD_HH_20240718073407_20240718073441,HV,RIMD,HNE,100.0,19.395368,-155.273643,Caldera Rim Hawaii Digital,0.0582,0.1829,0
CAPELLA_C10_SP_CPHD_HH_20240718073407_20240718073441,HV,RIMD,HNN,100.0,19.395368,-155.273643,Caldera Rim Hawaii Digital,0.0819,0.2083,0
CAPELLA_C10_SP_CPHD_HH_20240718073407_20240718073441,HV,RIMD,HNZ,100.0,19.395368,-155.273643,Caldera Rim Hawaii Digital,0.0246,0.0872,0
CAPELLA_C10_SP_CPHD_HH_20240718073407_20240718073441,HV,SDH,HHE,100.0,19.390003,-155.293995,Sand Hill,1.2093,3.6997,0
CAPELLA_C10_SP_CPHD_HH_20240718073407_20240718073441,HV,SDH,HHN,100.0,19.390003,-155.293995,Sand Hill,0.7131,1.9104,0
CAPELLA_C10_SP_CPHD_HH_20240718073407_20240718073441,HV,SDH,HHZ,100.0,19.390003,-155.293995,Sand Hill,0.5373,1.3552,0
CAPELLA_C10_SP_CPHD_HH_20240718073407_20240718073441,HV,UWB,HHE,100.0,19.42476,-155.277582,Uwekahuna Bluff Hawaii,1048.8586,4119.5656,1
CAPELLA_C10_SP_CPHD_HH_20240718073407_20240718073441,HV,UWB,HHN,100.0,19.42476,-155.277582,Uwekahuna Bluff Hawaii,628.2993,1740.1877,1
CAPELLA_C10_SP_CPHD_HH_20240718073407_20240718073441,HV,UWB,HHZ,100.0,19.42476,-155.277582,Uwekahuna Bluff Hawaii,1455.3653,3895.5232,1
CAPELLA_C10_SP_CPHD_HH_20240718073407_20240718073441,HV,UWE,HHE,100.0,19.420972,-155.291162,Uwekahuna Vault Hawaii,1.18,3.9767,0
CAPELLA_C10_SP_CPHD_HH_20240718073407_20240718073441,HV,UWE,HHN,100.0,19.420972,-155.291162,Uwekahuna Vault Hawaii,1.1124,3.4895,0
CAPELLA_C10_SP_CPHD_HH_20240718073407_20240718073441,HV,UWE,HHZ,100.0,19.420972,-155.291162,Uwekahuna Vault Hawaii,0.5916,1.4134,0
CAPELLA_C10_SP_CPHD_HH_20240718073407_20240718073441,HV,UWE,HNE,100.0,19.420972,-155.291162,Uwekahuna Vault Hawaii,0.0916,0.3251,0
CAPELLA_C10_SP_CPHD_HH_20240718073407_20240718073441,HV,UWE,HNN,100.0,19.420972,-155.291162,Uwekahuna Vault Hawaii,0.0655,0.1996,0
CAPELLA_C10_SP_CPHD_HH_20240718073407_20240718073441,HV,UWE,HNZ,100.0,19.420972,-155.291162,Uwekahuna Vault Hawaii,0.0284,0.0837,0
CAPELLA_C10_SP_CPHD_HH_20240718073407_20240718073441,HV,WRM,HHE,100.0,19.406623,-155.300005,West Rim Hawaii Digital,0.762,1.9049,0
CAPELLA_C10_SP_CPHD_HH_20240718073407_20240718073441,HV,WRM,HHN,100.0,19.406623,-155.300005,West Rim Hawaii Digital,0.7773,2.093,0
CAPELLA_C10_SP_CPHD_HH_20240718073407_20240718073441,HV,WRM,HHZ,100.0,19.406623,-155.300005,West Rim Hawaii Digital,0.5065,1.556,0
CAPELLA_C10_SP_CPHD_HH_20240718073407_20240718073441,HV,WRM,HNE,100.0,19.406623,-155.300005,West Rim Hawaii Digital,0.0706,0.2465,0
CAPELLA_C10_SP_CPHD_HH_20240718073407_20240718073441,HV,WRM,HNN,100.0,19.406623,-155.300005,West Rim Hawaii Digital,0.0561,0.164,0
CAPELLA_C10_SP_CPHD_HH_20240718073407_20240718073441,HV,WRM,HNZ,100.0,19.406623,-155.300005,West Rim Hawaii Digital,0.0221,0.0695,0
CAPELLA_C09_SP_CPHD_HH_20240719064935_20240719065001,HV,KKO,HHE,100.0,19.398242,-155.266032,Keanakakoi Crater,0.7001,1.757,0
CAPELLA_C09_SP_CPHD_HH_20240719064935_20240719065001,HV,KKO,HHN,100.0,19.398242,-155.266032,Keanakakoi Crater,1.621,3.7966,0
CAPELLA_C09_SP_CPHD_HH_20240719064935_20240719065001,HV,KKO,HHZ,100.0,19.398242,-155.266032,Keanakakoi Crater,0.4797,1.2159,0
CAPELLA_C09_SP_CPHD_HH_20240719064935_20240719065001,HV,KKO,HNE,100.0,19.398242,-155.266032,Keanakakoi Crater,0.0451,0.1409,0
CAPELLA_C09_SP_CPHD_HH_20240719064935_20240719065001,HV,KKO,HNN,100.0,19.398242,-155.266032,Keanakakoi Crater,0.1011,0.3303,0
CAPELLA_C09_SP_CPHD_HH_20240719064935_20240719065001,HV,KKO,HNZ,100.0,19.398242,-155.266032,Keanakakoi Crater,0.0219,0.0704,0
CAPELLA_C09_SP_CPHD_HH_20240719064935_20240719065001,HV,OTLD,HHE,100.0,19.386532,-155.281715,Outlet Digital,0.8884,1.913,0
CAPELLA_C09_SP_CPHD_HH_20240719064935_20240719065001,HV,OTLD,HHN,100.0,19.386532,-155.281715,Outlet Digital,1.2922,3.8869,0
CAPELLA_C09_SP_CPHD_HH_20240719064935_20240719065001,HV,OTLD,HHZ,100.0,19.386532,-155.281715,Outlet Digital,0.7248,1.7187,0
CAPELLA_C09_SP_CPHD_HH_20240719064935_20240719065001,HV,RIMD,HHE,100.0,19.395368,-155.273643,Caldera Rim Hawaii Digital,0.7863,1.7349,0
CAPELLA_C09_SP_CPHD_HH_20240719064935_20240719065001,HV,RIMD,HHN,100.0,19.395368,-155.273643,Caldera Rim Hawaii Digital,1.5517,3.3447,0
CAPELLA_C09_SP_CPHD_HH_20240719064935_20240719065001,HV,RIMD,HHZ,100.0,19.395368,-155.273643,Caldera Rim Hawaii Digital,0.5936,1.6609,0
CAPELLA_C09_SP_CPHD_HH_20240719064935_20240719065001,HV,RIMD,HNE,100.0,19.395368,-155.273643,Caldera Rim Hawaii Digital,0.0445,0.1489,0
CAPELLA_C09_SP_CPHD_HH_20240719064935_20240719065001,HV,RIMD,HNN,100.0,19.395368,-155.273643,Caldera Rim Hawaii Digital,0.072,0.2282,0
CAPELLA_C09_SP_CPHD_HH_20240719064935_20240719065001,HV,RIMD,HNZ,100.0,19.395368,-155.273643,Caldera Rim Hawaii Digital,0.0253,0.0907,0
CAPELLA_C09_SP_CPHD_HH_20240719064935_20240719065001,HV,SDH,HHE,100.0,19.390003,-155.293995,Sand Hill,1.1876,2.9365,0
CAPELLA_C09_SP_CPHD_HH_20240719064935_20240719065001,HV,SDH,HHN,100.0,19.390003,-155.293995,Sand Hill,1.0887,2.6772,0
CAPELLA_C09_SP_CPHD_HH_20240719064935_20240719065001,HV,SDH,HHZ,100.0,19.390003,-155.293995,Sand Hill,0.6523,1.551,0
CAPELLA_C09_SP_CPHD_HH_20240719064935_20240719065001,HV,UWB,HHE,100.0,19.42476,-155.277582,Uwekahuna Bluff Hawaii,743.5576,3741.917,1
CAPELLA_C09_SP_CPHD_HH_20240719064935_20240719065001,HV,UWB,HHN,100.0,19.42476,-155.277582,Uwekahuna Bluff Hawaii,631.3505,1600.3642,1
CAPELLA_C09_SP_CPHD_HH_20240719064935_20240719065001,HV,UWB,HHZ,100.0,19.42476,-155.277582,Uwekahuna Bluff Hawaii,1178.7486,3458.3947,1
CAPELLA_C09_SP_CPHD_HH_20240719064935_20240719065001,HV,UWE,HHE,100.0,19.420972,-155.291162,Uwekahuna Vault Hawaii,1.2541,4.0126,0
CAPELLA_C09_SP_CPHD_HH_20240719064935_20240719065001,HV,UWE,HHN,100.0,19.420972,-155.291162,Uwekahuna Vault Hawaii,1.647,3.9419,0
CAPELLA_C09_SP_CPHD_HH_20240719064935_20240719065001,HV,UWE,HHZ,100.0,19.420972,-155.291162,Uwekahuna Vault Hawaii,0.4125,1.0154,0
CAPELLA_C09_SP_CPHD_HH_20240719064935_20240719065001,HV,UWE,HNE,100.0,19.420972,-155.291162,Uwekahuna Vault Hawaii,0.0946,0.2477,0
CAPELLA_C09_SP_CPHD_HH_20240719064935_20240719065001,HV,UWE,HNN,100.0,19.420972,-155.291162,Uwekahuna Vault Hawaii,0.083,0.224,0
CAPELLA_C09_SP_CPHD_HH_20240719064935_20240719065001,HV,UWE,HNZ,100.0,19.420972,-155.291162,Uwekahuna Vault Hawaii,0.0249,0.0941,0
CAPELLA_C09_SP_CPHD_HH_20240719064935_20240719065001,HV,WRM,HHE,100.0,19.406623,-155.300005,West Rim Hawaii Digital,1.4109,3.3559,0
CAPELLA_C09_SP_CPHD_HH_20240719064935_20240719065001,HV,WRM,HHN,100.0,19.406623,-155.300005,West Rim Hawaii Digital,1.1887,3.0892,0
CAPELLA_C09_SP_CPHD_HH_20240719064935_20240719065001,HV,WRM,HHZ,100.0,19.406623,-155.300005,West Rim Hawaii Digital,0.451,1.2294,0
CAPELLA_C09_SP_CPHD_HH_20240719064935_20240719065001,HV,WRM,HNE,100.0,19.406623,-155.300005,West Rim Hawaii Digital,0.072,0.2053,0
CAPELLA_C09_SP_CPHD_HH_20240719064935_20240719065001,HV,WRM,HNN,100.0,19.406623,-155.300005,West Rim Hawaii Digital,0.0572,0.1901,0
CAPELLA_C09_SP_CPHD_HH_20240719064935_20240719065001,HV,WRM,HNZ,100.0,19.406623,-155.300005,West Rim Hawaii Digital,0.0201,0.0613,0
CAPELLA_C10_SP_CPHD_HH_20240702141725_20240702141758,HV,KKO,HHE,100.0,19.398242,-155.266032,Keanakakoi Crater,0.7635,2.4091,0
CAPELLA_C10_SP_CPHD_HH_20240702141725_20240702141758,HV,KKO,HHN,100.0,19.398242,-155.266032,Keanakakoi Crater,1.183,3.4934,0
CAPELLA_C10_SP_CPHD_HH_20240702141725_20240702141758,HV,KKO,HHZ,100.0,19.398242,-155.266032,Keanakakoi Crater,0.6503,1.7318,0
CAPELLA_C10_SP_CPHD_HH_20240702141725_20240702141758,HV,KKO,HNE,100.0,19.398242,-155.266032,Keanakakoi Crater,0.0516,0.1706,0
CAPELLA_C10_SP_CPHD_HH_20240702141725_20240702141758,HV,KKO,HNN,100.0,19.398242,-155.266032,Keanakakoi Crater,0.1087,0.3115,0
CAPELLA_C10_SP_CPHD_HH_20240702141725_20240702141758,HV,KKO,HNZ,100.0,19.398242,-155.266032,Keanakakoi Crater,0.0291,0.0932,0
CAPELLA_C10_SP_CPHD_HH_20240702141725_20240702141758,HV,OTLD,HHE,100.0,19.386532,-155.281715,Outlet Digital,0.674,2.5743,0
CAPELLA_C10_SP_CPHD_HH_20240702141725_20240702141758,HV,OTLD,HHN,100.0,19.386532,-155.281715,Outlet Digital,0.9537,2.1306,0
CAPELLA_C10_SP_CPHD_HH_20240702141725_20240702141758,HV,OTLD,HHZ,100.0,19.386532,-155.281715,Outlet Digital,0.5834,1.2779,0
CAPELLA_C10_SP_CPHD_HH_20240702141725_20240702141758,HV,RIMD,HHE,100.0,19.395368,-155.273643,Caldera Rim Hawaii Digital,0.8347,2.62,0
CAPELLA_C10_SP_CPHD_HH_20240702141725_20240702141758,HV,RIMD,HHN,100.0,19.395368,-155.273643,Caldera Rim Hawaii Digital,1.2293,3.5203,0
CAPELLA_C10_SP_CPHD_HH_20240702141725_20240702141758,HV,RIMD,HHZ,100.0,19.395368,-155.273643,Caldera Rim Hawaii Digital,0.65,1.548,0
CAPELLA_C10_SP_CPHD_HH_20240702141725_20240702141758,HV,RIMD,HNE,100.0,19.395368,-155.273643,Caldera Rim Hawaii Digital,0.0637,0.2128,0
CAPELLA_C10_SP_CPHD_HH_20240702141725_20240702141758,HV,RIMD,HNN,100.0,19.395368,-155.273643,Caldera Rim Hawaii Digital,0.0984,0.3106,0
CAPELLA_C10_SP_CPHD_HH_20240702141725_20240702141758,HV,RIMD,HNZ,100.0,19.395368,-155.273643,Caldera Rim Hawaii Digital,0.0271,0.0822,0
CAPELLA_C10_SP_CPHD_HH_20240702141725_20240702141758,HV,SDH,HHE,100.0,19.390003,-155.293995,Sand Hill,0.8465,3.2832,0
CAPELLA_C10_SP_CPHD_HH_20240702141725_20240702141758,HV,SDH,HHN,100.0,19.390003,-155.293995,Sand Hill,0.8675,2.4258,0
CAPELLA_C10_SP_CPHD_HH_20240702141725_20240702141758,HV,SDH,HHZ,100.0,19.390003,-155.293995,Sand Hill,0.5186,1.3148,0
CAPELLA_C10_SP_CPHD_HH_20240702141725_20240702141758,HV,UWB,HHE,100.0,19.42476,-155.277582,Uwekahuna Bluff Hawaii,559.9639,1959.7766,1
CAPELLA_C10_SP_CPHD_HH_20240702141725_20240702141758,HV,UWB,HHN,100.0,19.42476,-155.277582,Uwekahuna Bluff Hawaii,598.4357,1868.0828,1
CAPELLA_C10_SP_CPHD_HH_20240702141725_20240702141758,HV,UWB,HHZ,100.0,19.42476,-155.277582,Uwekahuna Bluff Hawaii,682.8221,2389.0377,1
CAPELLA_C10_SP_CPHD_HH_20240702141725_20240702141758,HV,UWE,HHE,100.0,19.420972,-155.291162,Uwekahuna Vault Hawaii,1.2697,3.3712,0
CAPELLA_C10_SP_CPHD_HH_20240702141725_20240702141758,HV,UWE,HHN,100.0,19.420972,-155.291162,Uwekahuna Vault Hawaii,1.3584,2.8685,0
CAPELLA_C10_SP_CPHD_HH_20240702141725_20240702141758,HV,UWE,HHZ,100.0,19.420972,-155.291162,Uwekahuna Vault Hawaii,0.5304,1.4802,0
CAPELLA_C10_SP_CPHD_HH_20240702141725_20240702141758,HV,UWE,HNE,100.0,19.420972,-155.291162,Uwekahuna Vault Hawaii,0.092,0.2694,0
CAPELLA_C10_SP_CPHD_HH_20240702141725_20240702141758,HV,UWE,HNN,100.0,19.420972,-155.291162,Uwekahuna Vault Hawaii,0.0862,0.2503,0
CAPELLA_C10_SP_CPHD_HH_20240702141725_20240702141758,HV,UWE,HNZ,100.0,19.420972,-155.291162,Uwekahuna Vault Hawaii,0.0331,0.1098,0
CAPELLA_C10_SP_CPHD_HH_20240702141725_20240702141758,HV,WRM,HHE,100.0,19.406623,-155.300005,West Rim Hawaii Digital,3.0622,8.7906,0
CAPELLA_C10_SP_CPHD_HH_20240702141725_20240702141758,HV,WRM,HHN,100.0,19.406623,-155.300005,West Rim Hawaii Digital,0.2466,0.6587,0
CAPELLA_C10_SP_CPHD_HH_20240702141725_20240702141758,HV,WRM,HHZ,100.0,19.406623,-155.300005,West Rim Hawaii Digital,0.2117,0.5283,0
CAPELLA_C10_SP_CPHD_HH_20240720154849_20240720154920,HV,BYL,HHE,100.0,19.412087,-155.259877,Byron's Ledge,1.0276,2.982,0
CAPELLA_C10_SP_CPHD_HH_20240720154849_20240720154920,HV,BYL,HHN,100.0,19.412087,-155.259877,Byron's Ledge,0.8887,2.3914,0
CAPELLA_C10_SP_CPHD_HH_20240720154849_20240720154920,HV,BYL,HHZ,100.0,19.412087,-155.259877,Byron's Ledge,0.428,1.2867,0
CAPELLA_C10_SP_CPHD_HH_20240720154849_20240720154920,HV,BYL,HNE,100.0,19.412087,-155.259877,Byron's Ledge,0.0555,0.2008,0
CAPELLA_C10_SP_CPHD_HH_20240720154849_20240720154920,HV,BYL,HNN,100.0,19.412087,-155.259877,Byron's Ledge,0.0525,0.1398,0
CAPELLA_C10_SP_CPHD_HH_20240720154849_20240720154920,HV,BYL,HNZ,100.0,19.412087,-155.259877,Byron's Ledge,0.0242,0.0884,0
CAPELLA_C10_SP_CPHD_HH_20240720154849_20240720154920,HV,KKO,HHE,100.0,19.398242,-155.266032,Keanakakoi Crater,1.0376,3.3154,0
CAPELLA_C10_SP_CPHD_HH_20240720154849_20240720154920,HV,KKO,HHN,100.0,19.398242,-155.266032,Keanakakoi Crater,0.8958,2.6491,0
CAPELLA_C10_SP_CPHD_HH_20240720154849_20240720154920,HV,KKO,HHZ,100.0,19.398242,-155.266032,Keanakakoi Crater,0.39,0.9377,0
CAPELLA_C10_SP_CPHD_HH_20240720154849_20240720154920,HV,KKO,HNE,100.0,19.398242,-155.266032,Keanakakoi Crater,0.0559,0.3467,0
CAPELLA_C10_SP_CPHD_HH_20240720154849_20240720154920,HV,KKO,HNN,100.0,19.398242,-155.266032,Keanakakoi Crater,0.088,0.3069,0
CAPELLA_C10_SP_CPHD_HH_20240720154849_20240720154920,HV,KKO,HNZ,100.0,19.398242,-155.266032,Keanakakoi Crater,0.0256,0.2233,0
CAPELLA_C10_SP_CPHD_HH_20240720154849_20240720154920,HV,OTLD,HHE,100.0,19.386532,-155.281715,Outlet Digital,0.7589,1.9955,0
CAPELLA_C10_SP_CPHD_HH_20240720154849_20240720154920,HV,OTLD,HHN,100.0,19.386532,-155.281715,Outlet Digital,1.1938,2.8571,0
CAPELLA_C10_SP_CPHD_HH_20240720154849_20240720154920,HV,OTLD,HHZ,100.0,19.386532,-155.281715,Outlet Digital,0.4632,1.1735,0
CAPELLA_C10_SP_CPHD_HH_20240720154849_20240720154920,HV,RIMD,HHE,100.0,19.395368,-155.273643,Caldera Rim Hawaii Digital,0.9567,2.5968,0
CAPELLA_C10_SP_CPHD_HH_20240720154849_20240720154920,HV,RIMD,HHN,100.0,19.395368,-155.273643,Caldera Rim Hawaii Digital,0.9604,2.9068,0
CAPELLA_C10_SP_CPHD_HH_20240720154849_20240720154920,HV,RIMD,HHZ,100.0,19.395368,-155.273643,Caldera Rim Hawaii Digital,0.4598,1.1003,0
CAPELLA_C10_SP_CPHD_HH_20240720154849_20240720154920,HV,RIMD,HNE,100.0,19.395368,-155.273643,Caldera Rim Hawaii Digital,0.054,0.2835,0
CAPELLA_C10_SP_CPHD_HH_20240720154849_20240720154920,HV,RIMD,HNN,100.0,19.395368,-155.273643,Caldera Rim Hawaii Digital,0.0741,0.3445,0
CAPELLA_C10_SP_CPHD_HH_20240720154849_20240720154920,HV,RIMD,HNZ,100.0,19.395368,-155.273643,Caldera Rim Hawaii Digital,0.0248,0.1048,0
CAPELLA_C10_SP_CPHD_HH_20240720154849_20240720154920,HV,SDH,HHE,100.0,19.390003,-155.293995,Sand Hill,0.8216,2.2659,0
CAPELLA_C10_SP_CPHD_HH_20240720154849_20240720154920,HV,SDH,HHN,100.0,19.390003,-155.293995,Sand Hill,1.1493,2.6498,0
CAPELLA_C10_SP_CPHD_HH_20240720154849_20240720154920,HV,SDH,HHZ,100.0,19.390003,-155.293995,Sand Hill,0.5149,1.2012,0
CAPELLA_C10_SP_CPHD_HH_20240720154849_20240720154920,HV,UWB,HHE,100.0,19.42476,-155.277582,Uwekahuna Bluff Hawaii,376.8496,1292.3226,1
CAPELLA_C10_SP_CPHD_HH_20240720154849_20240720154920,HV,UWB,HHN,100.0,19.42476,-155.277582,Uwekahuna Bluff Hawaii,550.6677,1656.8235,1
CAPELLA_C10_SP_CPHD_HH_20240720154849_20240720154920,HV,UWB,HHZ,100.0,19.42476,-155.277582,Uwekahuna Bluff Hawaii,628.8386,2020.5686,1
CAPELLA_C10_SP_CPHD_HH_20240720154849_20240720154920,HV,UWE,HHE,100.0,19.420972,-155.291162,Uwekahuna Vault Hawaii,1.8051,4.2968,0
CAPELLA_C10_SP_CPHD_HH_20240720154849_20240720154920,HV,UWE,HHN,100.0,19.420972,-155.291162,Uwekahuna Vault Hawaii,1.4237,3.8767,0
CAPELLA_C10_SP_CPHD_HH_20240720154849_20240720154920,HV,UWE,HHZ,100.0,19.420972,-155.291162,Uwekahuna Vault Hawaii,0.4117,1.1723,0
CAPELLA_C10_SP_CPHD_HH_20240720154849_20240720154920,HV,UWE,HNE,100.0,19.420972,-155.291162,Uwekahuna Vault Hawaii,0.0962,0.2656,0
CAPELLA_C10_SP_CPHD_HH_20240720154849_20240720154920,HV,UWE,HNN,100.0,19.420972,-155.291162,Uwekahuna Vault Hawaii,0.0777,0.226,0
CAPELLA_C10_SP_CPHD_HH_20240720154849_20240720154920,HV,UWE,HNZ,100.0,19.420972,-155.291162,Uwekahuna Vault Hawaii,0.0269,0.0781,0
CAPELLA_C10_SP_CPHD_HH_20240720154849_20240720154920,HV,WRM,HHE,100.0,19.406623,-155.300005,West Rim Hawaii Digital,1.7752,4.9205,0
CAPELLA_C10_SP_CPHD_HH_20240720154849_20240720154920,HV,WRM,HHN,100.0,19.406623,-155.300005,West Rim Hawaii Digital,1.2306,3.5334,0
CAPELLA_C10_SP_CPHD_HH_20240720154849_20240720154920,HV,WRM,HHZ,100.0,19.406623,-155.300005,West Rim Hawaii Digital,0.4335,1.0722,0
CAPELLA_C10_SP_CPHD_HH_20240720154849_20240720154920,HV,WRM,HNE,100.0,19.406623,-155.300005,West Rim Hawaii Digital,0.0917,0.2477,0
CAPELLA_C10_SP_CPHD_HH_20240720154849_20240720154920,HV,WRM,HNN,100.0,19.406623,-155.300005,West Rim Hawaii Digital,0.0661,0.2169,0
CAPELLA_C10_SP_CPHD_HH_20240720154849_20240720154920,HV,WRM,HNZ,100.0,19.406623,-155.300005,West Rim Hawaii Digital,0.0227,0.0947,0
CAPELLA_C14_SP_CPHD_HH_20240703155839_20240703155908,HV,KKO,HHE,100.0,19.398242,-155.266032,Keanakakoi Crater,0.7614,1.9338,0
CAPELLA_C14_SP_CPHD_HH_20240703155839_20240703155908,HV,KKO,HHN,100.0,19.398242,-155.266032,Keanakakoi Crater,1.0422,2.7079,0
CAPELLA_C14_SP_CPHD_HH_20240703155839_20240703155908,HV,KKO,HHZ,100.0,19.398242,-155.266032,Keanakakoi Crater,0.7392,1.8979,0
CAPELLA_C14_SP_CPHD_HH_20240703155839_20240703155908,HV,KKO,HNE,100.0,19.398242,-155.266032,Keanakakoi Crater,0.0371,0.1404,0
CAPELLA_C14_SP_CPHD_HH_20240703155839_20240703155908,HV,KKO,HNN,100.0,19.398242,-155.266032,Keanakakoi Crater,0.0753,0.2807,0
CAPELLA_C14_SP_CPHD_HH_20240703155839_20240703155908,HV,KKO,HNZ,100.0,19.398242,-155.266032,Keanakakoi Crater,0.0279,0.0813,0
CAPELLA_C14_SP_CPHD_HH_20240703155839_20240703155908,HV,OTLD,HHE,100.0,19.386532,-155.281715,Outlet Digital,0.6047,1.9507,0
CAPELLA_C14_SP_CPHD_HH_20240703155839_20240703155908,HV,OTLD,HHN,100.0,19.386532,-155.281715,Outlet Digital,0.928,2.2599,0
CAPELLA_C14_SP_CPHD_HH_20240703155839_20240703155908,HV,OTLD,HHZ,100.0,19.386532,-155.281715,Outlet Digital,0.5738,1.6268,0
CAPELLA_C14_SP_CPHD_HH_20240703155839_20240703155908,HV,RIMD,HHE,100.0,19.395368,-155.273643,Caldera Rim Hawaii Digital,0.691,1.7827,0
CAPELLA_C14_SP_CPHD_HH_20240703155839_20240703155908,HV,RIMD,HHN,100.0,19.395368,-155.273643,Caldera Rim Hawaii Digital,0.9604,2.3513,0
CAPELLA_C14_SP_CPHD_HH_20240703155839_20240703155908,HV,RIMD,HHZ,100.0,19.395368,-155.273643,Caldera Rim Hawaii Digital,0.686,1.8886,0
CAPELLA_C14_SP_CPHD_HH_20240703155839_20240703155908,HV,RIMD,HNE,100.0,19.395368,-155.273643,Caldera Rim Hawaii Digital,0.0397,0.105,0
CAPELLA_C14_SP_CPHD_HH_20240703155839_20240703155908,HV,RIMD,HNN,100.0,19.395368,-155.273643,Caldera Rim Hawaii Digital,0.0664,0.2318,0
CAPELLA_C14_SP_CPHD_HH_20240703155839_20240703155908,HV,RIMD,HNZ,100.0,19.395368,-155.273643,Caldera Rim Hawaii Digital,0.0262,0.0963,0
CAPELLA_C14_SP_CPHD_HH_20240703155839_20240703155908,HV,SDH,HHE,100.0,19.390003,-155.293995,Sand Hill,0.7707,2.1332,0
CAPELLA_C14_SP_CPHD_HH_20240703155839_20240703155908,HV,SDH,HHN,100.0,19.390003,-155.293995,Sand Hill,0.8599,1.9939,0
CAPELLA_C14_SP_CPHD_HH_20240703155839_20240703155908,HV,SDH,HHZ,100.0,19.390003,-155.293995,Sand Hill,0.5759,1.1713,0
CAPELLA_C14_SP_CPHD_HH_20240703155839_20240703155908,HV,UWB,HHE,100.0,19.42476,-155.277582,Uwekahuna Bluff Hawaii,697.1755,2027.4036,1
CAPELLA_C14_SP_CPHD_HH_20240703155839_20240703155908,HV,UWB,HHN,100.0,19.42476,-155.277582,Uwekahuna Bluff Hawaii,798.0716,2409.0803,1
CAPELLA_C14_SP_CPHD_HH_20240703155839_20240703155908,HV,UWB,HHZ,100.0,19.42476,-155.277582,Uwekahuna Bluff Hawaii,827.7032,2968.7766,1
CAPELLA_C14_SP_CPHD_HH_20240703155839_20240703155908,HV,UWE,HHE,100.0,19.420972,-155.291162,Uwekahuna Vault Hawaii,1.3639,3.2099,0
CAPELLA_C14_SP_CPHD_HH_20240703155839_20240703155908,HV,UWE,HHN,100.0,19.420972,-155.291162,Uwekahuna Vault Hawaii,1.3333,2.8901,0
CAPELLA_C14_SP_CPHD_HH_20240703155839_20240703155908,HV,UWE,HHZ,100.0,19.420972,-155.291162,Uwekahuna Vault Hawaii,0.6568,1.6374,0
CAPELLA_C14_SP_CPHD_HH_20240703155839_20240703155908,HV,UWE,HNE,100.0,19.420972,-155.291162,Uwekahuna Vault Hawaii,0.0802,0.2018,0
CAPELLA_C14_SP_CPHD_HH_20240703155839_20240703155908,HV,UWE,HNN,100.0,19.420972,-155.291162,Uwekahuna Vault Hawaii,0.0672,0.1853,0
CAPELLA_C14_SP_CPHD_HH_20240703155839_20240703155908,HV,UWE,HNZ,100.0,19.420972,-155.291162,Uwekahuna Vault Hawaii,0.0298,0.0833,0
CAPELLA_C14_SP_CPHD_HH_20240703155839_20240703155908,HV,WRM,HHE,100.0,19.406623,-155.300005,West Rim Hawaii Digital,2.714,6.9127,0
CAPELLA_C14_SP_CPHD_HH_20240703155839_20240703155908,HV,WRM,HHN,100.0,19.406623,-155.300005,West Rim Hawaii Digital,0.2527,0.6486,0
CAPELLA_C14_SP_CPHD_HH_20240703155839_20240703155908,HV,WRM,HHZ,100.0,19.406623,-155.300005,West Rim Hawaii Digital,0.283,0.6806,0
CAPELLA_C09_SP_CPHD_HH_20240731015228_20240731015256,ES,EXILP,HNE,200.0,28.66082,-17.912222,"Los Llanos de Aridane - La Palma,Spain",0.0126,0.0414,0
CAPELLA_C09_SP_CPHD_HH_20240731015228_20240731015256,ES,EXILP,HNN,200.0,28.66082,-17.912222,"Los Llanos de Aridane - La Palma,Spain",0.0119,0.0363,0
CAPELLA_C09_SP_CPHD_HH_20240731015228_20240731015256,ES,EXILP,HNZ,200.0,28.66082,-17.912222,"Los Llanos de Aridane - La Palma,Spain",0.0105,0.0348,0
CAPELLA_C10_SP_CPHD_HH_20240705135904_20240705135931,HV,KKO,HHE,100.0,19.398242,-155.266032,Keanakakoi Crater,0.7744,1.7034,0
CAPELLA_C10_SP_CPHD_HH_20240705135904_20240705135931,HV,KKO,HHN,100.0,19.398242,-155.266032,Keanakakoi Crater,1.5286,3.9885,0
CAPELLA_C10_SP_CPHD_HH_20240705135904_20240705135931,HV,KKO,HHZ,100.0,19.398242,-155.266032,Keanakakoi Crater,0.6084,1.3361,0
CAPELLA_C10_SP_CPHD_HH_20240705135904_20240705135931,HV,KKO,HNE,100.0,19.398242,-155.266032,Keanakakoi Crater,0.0464,0.139,0
CAPELLA_C10_SP_CPHD_HH_20240705135904_20240705135931,HV,KKO,HNN,100.0,19.398242,-155.266032,Keanakakoi Crater,0.1045,0.2751,0
CAPELLA_C10_SP_CPHD_HH_20240705135904_20240705135931,HV,KKO,HNZ,100.0,19.398242,-155.266032,Keanakakoi Crater,0.0225,0.0681,0
CAPELLA_C10_SP_CPHD_HH_20240705135904_20240705135931,HV,OTLD,HHE,100.0,19.386532,-155.281715,Outlet Digital,0.562,1.4723,0
CAPELLA_C10_SP_CPHD_HH_20240705135904_20240705135931,HV,OTLD,HHN,100.0,19.386532,-155.281715,Outlet Digital,1.1343,2.7716,0
CAPELLA_C10_SP_CPHD_HH_20240705135904_20240705135931,HV,OTLD,HHZ,100.0,19.386532,-155.281715,Outlet Digital,0.7914,1.6855,0
CAPELLA_C10_SP_CPHD_HH_20240705135904_20240705135931,HV,RIMD,HHE,100.0,19.395368,-155.273643,Caldera Rim Hawaii Digital,0.7752,1.8601,0
CAPELLA_C10_SP_CPHD_HH_20240705135904_20240705135931,HV,RIMD,HHN,100.0,19.395368,-155.273643,Caldera Rim Hawaii Digital,1.4765,3.6729,0
CAPELLA_C10_SP_CPHD_HH_20240705135904_20240705135931,HV,RIMD,HHZ,100.0,19.395368,-155.273643,Caldera Rim Hawaii Digital,0.6702,1.5964,0
CAPELLA_C10_SP_CPHD_HH_20240705135904_20240705135931,HV,RIMD,HNE,100.0,19.395368,-155.273643,Caldera Rim Hawaii Digital,0.0539,0.1836,0
CAPELLA_C10_SP_CPHD_HH_20240705135904_20240705135931,HV,RIMD,HNN,100.0,19.395368,-155.273643,Caldera Rim Hawaii Digital,0.0798,0.2954,0
CAPELLA_C10_SP_CPHD_HH_20240705135904_20240705135931,HV,RIMD,HNZ,100.0,19.395368,-155.273643,Caldera Rim Hawaii Digital,0.0244,0.0856,0
CAPELLA_C10_SP_CPHD_HH_20240705135904_20240705135931,HV,SDH,HHE,100.0,19.390003,-155.293995,Sand Hill,0.6365,1.5906,0
CAPELLA_C10_SP_CPHD_HH_20240705135904_20240705135931,HV,SDH,HHN,100.0,19.390003,-155.293995,Sand Hill,0.9933,2.3487,0
CAPELLA_C10_SP_CPHD_HH_20240705135904_20240705135931,HV,SDH,HHZ,100.0,19.390003,-155.293995,Sand Hill,0.8245,1.6201,0
CAPELLA_C10_SP_CPHD_HH_20240705135904_20240705135931,HV,UWB,HHE,100.0,19.42476,-155.277582,Uwekahuna Bluff Hawaii,728.8039,2788.3814,1
CAPELLA_C10_SP_CPHD_HH_20240705135904_20240705135931,HV,UWB,HHN,100.0,19.42476,-155.277582,Uwekahuna Bluff Hawaii,657.5977,1934.9348,1
CAPELLA_C10_SP_CPHD_HH_20240705135904_20240705135931,HV,UWB,HHZ,100.0,19.42476,-155.277582,Uwekahuna Bluff Hawaii,841.7694,3132.5156,1
CAPELLA_C10_SP_CPHD_HH_20240705135904_20240705135931,HV,UWE,HHE,100.0,19.420972,-155.291162,Uwekahuna Vault Hawaii,1.0176,2.6391,0
CAPELLA_C10_SP_CPHD_HH_20240705135904_20240705135931,HV,UWE,HHN,100.0,19.420972,-155.291162,Uwekahuna Vault Hawaii,1.3732,2.892,0
CAPELLA_C10_SP_CPHD_HH_20240705135904_20240705135931,HV,UWE,HHZ,100.0,19.420972,-155.291162,Uwekahuna Vault Hawaii,0.5189,1.3614,0
CAPELLA_C10_SP_CPHD_HH_20240705135904_20240705135931,HV,UWE,HNE,100.0,19.420972,-155.291162,Uwekahuna Vault Hawaii,0.0876,0.2985,0
CAPELLA_C10_SP_CPHD_HH_20240705135904_20240705135931,HV,UWE,HNN,100.0,19.420972,-155.291162,Uwekahuna Vault Hawaii,0.0798,0.2221,0
CAPELLA_C10_SP_CPHD_HH_20240705135904_20240705135931,HV,UWE,HNZ,100.0,19.420972,-155.291162,Uwekahuna Vault Hawaii,0.0318,0.0836,0
CAPELLA_C10_SP_CPHD_HH_20240705135904_20240705135931,HV,WRM,HHE,100.0,19.406623,-155.300005,West Rim Hawaii Digital,2.4569,6.3431,0
CAPELLA_C10_SP_CPHD_HH_20240705135904_20240705135931,HV,WRM,HHN,100.0,19.406623,-155.300005,West Rim Hawaii Digital,0.296,0.7274,0
CAPELLA_C10_SP_CPHD_HH_20240705135904_20240705135931,HV,WRM,HHZ,100.0,19.406623,-155.300005,West Rim Hawaii Digital,0.3367,0.6853,0
CAPELLA_C10_SP_CPHD_HH_20240708120004_20240708120030,HV,KKO,HHE,100.0,19.398242,-155.266032,Keanakakoi Crater,0.8347,1.8177,0
CAPELLA_C10_SP_CPHD_HH_20240708120004_20240708120030,HV,KKO,HHN,100.0,19.398242,-155.266032,Keanakakoi Crater,1.5316,3.553,0
CAPELLA_C10_SP_CPHD_HH_20240708120004_20240708120030,HV,KKO,HHZ,100.0,19.398242,-155.266032,Keanakakoi Crater,0.6686,1.4651,0
CAPELLA_C10_SP_CPHD_HH_20240708120004_20240708120030,HV,KKO,HNE,100.0,19.398242,-155.266032,Keanakakoi Crater,0.0409,0.1056,0
CAPELLA_C10_SP_CPHD_HH_20240708120004_20240708120030,HV,KKO,HNN,100.0,19.398242,-155.266032,Keanakakoi Crater,0.1083,0.3731,0
CAPELLA_C10_SP_CPHD_HH_20240708120004_20240708120030,HV,KKO,HNZ,100.0,19.398242,-155.266032,Keanakakoi Crater,0.0256,0.0739,0
CAPELLA_C10_SP_CPHD_HH_20240708120004_20240708120030,HV,OTLD,HHE,100.0,19.386532,-155.281715,Outlet Digital,0.9198,2.8585,0
CAPELLA_C10_SP_CPHD_HH_20240708120004_20240708120030,HV,OTLD,HHN,100.0,19.386532,-155.281715,Outlet Digital,1.3163,2.9189,0
CAPELLA_C10_SP_CPHD_HH_20240708120004_20240708120030,HV,OTLD,HHZ,100.0,19.386532,-155.281715,Outlet Digital,0.7267,1.5424,0
CAPELLA_C10_SP_CPHD_HH_20240708120004_20240708120030,HV,RIMD,HHE,100.0,19.395368,-155.273643,Caldera Rim Hawaii Digital,0.9893,2.1223,0
CAPELLA_C10_SP_CPHD_HH_20240708120004_20240708120030,HV,RIMD,HHN,100.0,19.395368,-155.273643,Caldera Rim Hawaii Digital,1.4291,3.5269,0
CAPELLA_C10_SP_CPHD_HH_20240708120004_20240708120030,HV,RIMD,HHZ,100.0,19.395368,-155.273643,Caldera Rim Hawaii Digital,0.7363,1.4156,0
CAPELLA_C10_SP_CPHD_HH_20240708120004_20240708120030,HV,RIMD,HNE,100.0,19.395368,-155.273643,Caldera Rim Hawaii Digital,0.0495,0.1384,0
CAPELLA_C10_SP_CPHD_HH_20240708120004_20240708120030,HV,RIMD,HNN,100.0,19.395368,-155.273643,Caldera Rim Hawaii Digital,0.0729,0.2488,0
CAPELLA_C10_SP_CPHD_HH_20240708120004_20240708120030,HV,RIMD,HNZ,100.0,19.395368,-155.273643,Caldera Rim Hawaii Digital,0.0262,0.0797,0
CAPELLA_C10_SP_CPHD_HH_20240708120004_20240708120030,HV,SDH,HHE,100.0,19.390003,-155.293995,Sand Hill,0.9289,2.8052,0
CAPELLA_C10_SP_CPHD_HH_20240708120004_20240708120030,HV,SDH,HHN,100.0,19.390003,-155.293995,Sand Hill,1.0528,2.3973,0
CAPELLA_C10_SP_CPHD_HH_20240708120004_20240708120030,HV,SDH,HHZ,100.0,19.390003,-155.293995,Sand Hill,0.8114,1.6389,0
CAPELLA_C10_SP_CPHD_HH_20240708120004_20240708120030,HV,UWB,HHE,100.0,19.42476,-155.277582,Uwekahuna Bluff Hawaii,638.909,3592.8125,1
CAPELLA_C10_SP_CPHD_HH_20240708120004_20240708120030,HV,UWB,HHN,100.0,19.42476,-155.277582,Uwekahuna Bluff Hawaii,661.723,2094.6096,1
CAPELLA_C10_SP_CPHD_HH_20240708120004_20240708120030,HV,UWB,HHZ,100.0,19.42476,-155.277582,Uwekahuna Bluff Hawaii,892.1472,3371.2482,1
CAPELLA_C10_SP_CPHD_HH_20240708120004_20240708120030,HV,UWE,HHE,100.0,19.420972,-155.291162,Uwekahuna Vault Hawaii,1.2995,3.4005,0
CAPELLA_C10_SP_CPHD_HH_20240708120004_20240708120030,HV,UWE,HHN,100.0,19.420972,-155.291162,Uwekahuna Vault Hawaii,1.466,3.4131,0
CAPELLA_C10_SP_CPHD_HH_20240708120004_20240708120030,HV,UWE,HHZ,100.0,19.420972,-155.291162,Uwekahuna Vault Hawaii,0.7156,1.7456,0
CAPELLA_C10_SP_CPHD_HH_20240708120004_20240708120030,HV,UWE,HNE,100.0,19.420972,-155.291162,Uwekahuna Vault Hawaii,0.0825,0.2118,0
CAPELLA_C10_SP_CPHD_HH_20240708120004_20240708120030,HV,UWE,HNN,100.0,19.420972,-155.291162,Uwekahuna Vault Hawaii,0.0787,0.2167,0
CAPELLA_C10_SP_CPHD_HH_20240708120004_20240708120030,HV,UWE,HNZ,100.0,19.420972,-155.291162,Uwekahuna Vault Hawaii,0.0317,0.0814,0
CAPELLA_C10_SP_CPHD_HH_20240708120004_20240708120030,HV,WRM,HHE,100.0,19.406623,-155.300005,West Rim Hawaii Digital,2.8852,8.9902,0
CAPELLA_C10_SP_CPHD_HH_20240708120004_20240708120030,HV,WRM,HHN,100.0,19.406623,-155.300005,West Rim Hawaii Digital,0.3571,0.9066,0
CAPELLA_C10_SP_CPHD_HH_20240708120004_20240708120030,HV,WRM,HHZ,100.0,19.406623,-155.300005,West Rim Hawaii Digital,0.4457,1.0086,0
CAPELLA_C10_SP_CPHD_HH_20240709202225_20240709202256,HV,BYL,HHE,100.0,19.412087,-155.259877,Byron's Ledge,0.0788,0.213,0
CAPELLA_C10_SP_CPHD_HH_20240709202225_20240709202256,HV,BYL,HHN,100.0,19.412087,-155.259877,Byron's Ledge,0.1298,0.3512,0
CAPELLA_C10_SP_CPHD_HH_20240709202225_20240709202256,HV,BYL,HHZ,100.0,19.412087,-155.259877,Byron's Ledge,0.8253,2.2304,0
CAPELLA_C10_SP_CPHD_HH_20240709202225_20240709202256,HV,KKO,HHE,100.0,19.398242,-155.266032,Keanakakoi Crater,1.2688,3.9613,0
CAPELLA_C10_SP_CPHD_HH_20240709202225_20240709202256,HV,KKO,HHN,100.0,19.398242,-155.266032,Keanakakoi Crater,1.2653,3.1722,0
CAPELLA_C10_SP_CPHD_HH_20240709202225_20240709202256,HV,KKO,HHZ,100.0,19.398242,-155.266032,Keanakakoi Crater,0.5307,1.5171,0
CAPELLA_C10_SP_CPHD_HH_20240709202225_20240709202256,HV,KKO,HNE,100.0,19.398242,-155.266032,Keanakakoi Crater,0.0605,0.1925,0
CAPELLA_C10_SP_CPHD_HH_20240709202225_20240709202256,HV,KKO,HNN,100.0,19.398242,-155.266032,Keanakakoi Crater,0.1194,0.3922,0
CAPELLA_C10_SP_CPHD_HH_20240709202225_20240709202256,HV,KKO,HNZ,100.0,19.398242,-155.266032,Keanakakoi Crater,0.0285,0.0843,0
CAPELLA_C10_SP_CPHD_HH_20240709202225_20240709202256,HV,OTLD,HHE,100.0,19.386532,-155.281715,Outlet Digital,1.0857,3.4357,0
CAPELLA_C10_SP_CPHD_HH_20240709202225_20240709202256,HV,OTLD,HHN,100.0,19.386532,-155.281715,Outlet Digital,1.0355,2.7874,0
CAPELLA_C10_SP_CPHD_HH_20240709202225_20240709202256,HV,OTLD,HHZ,100.0,19.386532,-155.281715,Outlet Digital,0.5162,1.3331,0
CAPELLA_C10_SP_CPHD_HH_20240709202225_20240709202256,HV,RIMD,HHE,100.0,19.395368,-155.273643,Caldera Rim Hawaii Digital,1.2265,4.1095,0
CAPELLA_C10_SP_CPHD_HH_20240709202225_20240709202256,HV,RIMD,HHN,100.0,19.395368,-155.273643,Caldera Rim Hawaii Digital,1.2803,4.3942,0
CAPELLA_C10_SP_CPHD_HH_20240709202225_20240709202256,HV,RIMD,HHZ,100.0,19.395368,-155.273643,Caldera Rim Hawaii Digital,0.533,1.5448,0
CAPELLA_C10_SP_CPHD_HH_20240709202225_20240709202256,HV,RIMD,HNE,100.0,19.395368,-155.273643,Caldera Rim Hawaii Digital,0.0609,0.2145,0
CAPELLA_C10_SP_CPHD_HH_20240709202225_20240709202256,HV,RIMD,HNN,100.0,19.395368,-155.273643,Caldera Rim Hawaii Digital,0.0932,0.3399,0
CAPELLA_C10_SP_CPHD_HH_20240709202225_20240709202256,HV,RIMD,HNZ,100.0,19.395368,-155.273643,Caldera Rim Hawaii Digital,0.0278,0.088,0
CAPELLA_C10_SP_CPHD_HH_20240709202225_20240709202256,HV,SDH,HHE,100.0,19.390003,-155.293995,Sand Hill,1.2388,3.3891,0
CAPELLA_C10_SP_CPHD_HH_20240709202225_20240709202256,HV,SDH,HHN,100.0,19.390003,-155.293995,Sand Hill,0.9291,3.0691,0
CAPELLA_C10_SP_CPHD_HH_20240709202225_20240709202256,HV,SDH,HHZ,100.0,19.390003,-155.293995,Sand Hill,0.4347,1.0251,0
CAPELLA_C10_SP_CPHD_HH_20240709202225_20240709202256,HV,UWB,HHE,100.0,19.42476,-155.277582,Uwekahuna Bluff Hawaii,794.1869,3513.5643,1
CAPELLA_C10_SP_CPHD_HH_20240709202225_20240709202256,HV,UWB,HHN,100.0,19.42476,-155.277582,Uwekahuna Bluff Hawaii,695.4512,2006.958,1
CAPELLA_C10_SP_CPHD_HH_20240709202225_20240709202256,HV,UWB,HHZ,100.0,19.42476,-155.277582,Uwekahuna Bluff Hawaii,992.1617,4683.9882,1
CAPELLA_C10_SP_CPHD_HH_20240709202225_20240709202256,HV,UWE,HHE,100.0,19.420972,-155.291162,Uwekahuna Vault Hawaii,1.3357,4.5073,0
CAPELLA_C10_SP_CPHD_HH_20240709202225_20240709202256,HV,UWE,HHN,100.0,19.420972,-155.291162,Uwekahuna Vault Hawaii,1.5341,3.052,0
CAPELLA_C10_SP_CPHD_HH_20240709202225_20240709202256,HV,UWE,HHZ,100.0,19.420972,-155.291162,Uwekahuna Vault Hawaii,0.4701,1.2352,0
CAPELLA_C10_SP_CPHD_HH_20240709202225_20240709202256,HV,UWE,HNE,100.0,19.420972,-155.291162,Uwekahuna Vault Hawaii,0.1177,0.3685,0
CAPELLA_C10_SP_CPHD_HH_20240709202225_20240709202256,HV,UWE,HNN,100.0,19.420972,-155.291162,Uwekahuna Vault Hawaii,0.0855,0.2362,0
CAPELLA_C10_SP_CPHD_HH_20240709202225_20240709202256,HV,UWE,HNZ,100.0,19.420972,-155.291162,Uwekahuna Vault Hawaii,0.0327,0.0925,0
CAPELLA_C10_SP_CPHD_HH_20240709202225_20240709202256,HV,WRM,HHE,100.0,19.406623,-155.300005,West Rim Hawaii Digital,2.9628,8.1554,0
CAPELLA_C10_SP_CPHD_HH_20240709202225_20240709202256,HV,WRM,HHN,100.0,19.406623,-155.300005,West Rim Hawaii Digital,0.3567,1.0428,0
CAPELLA_C10_SP_CPHD_HH_20240709202225_20240709202256,HV,WRM,HHZ,100.0,19.406623,-155.300005,West Rim Hawaii Digital,0.3356,0.8667,0
CAPELLA_C14_SP_CPHD_HH_20240709040329_20240709040358,IV,EBCN,HHE,100.0,37.752,14.9858,Etna Bocca Nuova,0.336,1.1056,0
CAPELLA_C14_SP_CPHD_HH_20240709040329_20240709040358,IV,EBCN,HHN,100.0,37.752,14.9858,Etna Bocca Nuova,0.4622,1.6385,0
CAPELLA_C14_SP_CPHD_HH_20240709040329_20240709040358,IV,EBCN,HHZ,100.0,37.752,14.9858,Etna Bocca Nuova,0.2155,0.7599,0
CAPELLA_C14_SP_CPHD_HH_20240709040329_20240709040358,IV,ECNE,HHE,100.0,37.7653,15.0018,ECNE,0.4382,1.6391,0
CAPELLA_C14_SP_CPHD_HH_20240709040329_20240709040358,IV,ECNE,HHN,100.0,37.7653,15.0018,ECNE,0.3761,1.4416,0
CAPELLA_C14_SP_CPHD_HH_20240709040329_20240709040358,IV,ECNE,HHZ,100.0,37.7653,15.0018,ECNE,0.229,0.7634,0
CAPELLA_C14_SP_CPHD_HH_20240709040329_20240709040358,IV,ECPN,HHE,100.0,37.7437,14.9865,Etna Cratere del Piano,0.6534,2.3959,0
CAPELLA_C14_SP_CPHD_HH_20240709040329_20240709040358,IV,ECPN,HHN,100.0,37.7437,14.9865,Etna Cratere del Piano,0.4781,1.5994,0
CAPELLA_C14_SP_CPHD_HH_20240709040329_20240709040358,IV,ECPN,HHZ,100.0,37.7437,14.9865,Etna Cratere del Piano,0.1943,0.6492,0
CAPELLA_C14_SP_CPHD_HH_20240709040329_20240709040358,IV,EPLC,HHE,100.0,37.7651,14.9857,Etna Punta Lucia,0.3459,1.0107,0
CAPELLA_C14_SP_CPHD_HH_20240709040329_20240709040358,IV,EPLC,HHN,100.0,37.7651,14.9857,Etna Punta Lucia,0.4271,1.3451,0
CAPELLA_C14_SP_CPHD_HH_20240709040329_20240709040358,IV,EPLC,HHZ,100.0,37.7651,14.9857,Etna Punta Lucia,0.1829,0.5311,0
CAPELLA_C14_SP_CPHD_HH_20240709133511_20240709133539,HV,KKO,HHE,100.0,19.398242,-155.266032,Keanakakoi Crater,0.7011,1.8515,0
CAPELLA_C14_SP_CPHD_HH_20240709133511_20240709133539,HV,KKO,HHN,100.0,19.398242,-155.266032,Keanakakoi Crater,1.2077,3.4643,0
CAPELLA_C14_SP_CPHD_HH_20240709133511_20240709133539,HV,KKO,HHZ,100.0,19.398242,-155.266032,Keanakakoi Crater,0.6258,1.4537,0
CAPELLA_C14_SP_CPHD_HH_20240709133511_20240709133539,HV,KKO,HNE,100.0,19.398242,-155.266032,Keanakakoi Crater,0.0425,0.1156,0
CAPELLA_C14_SP_CPHD_HH_20240709133511_20240709133539,HV,KKO,HNN,100.0,19.398242,-155.266032,Keanakakoi Crater,0.1042,0.3927,0
CAPELLA_C14_SP_CPHD_HH_20240709133511_20240709133539,HV,KKO,HNZ,100.0,19.398242,-155.266032,Keanakakoi Crater,0.0287,0.0776,0
CAPELLA_C14_SP_CPHD_HH_20240709133511_20240709133539,HV,OTLD,HHE,100.0,19.386532,-155.281715,Outlet Digital,0.6753,2.2782,0
CAPELLA_C14_SP_CPHD_HH_20240709133511_20240709133539,HV,OTLD,HHN,100.0,19.386532,-155.281715,Outlet Digital,1.0783,3.8424,0
CAPELLA_C14_SP_CPHD_HH_20240709133511_20240709133539,HV,OTLD,HHZ,100.0,19.386532,-155.281715,Outlet Digital,0.5332,1.3458,0
CAPELLA_C14_SP_CPHD_HH_20240709133511_20240709133539,HV,RIMD,HHE,100.0,19.395368,-155.273643,Caldera Rim Hawaii Digital,0.9063,2.4175,0
CAPELLA_C14_SP_CPHD_HH_20240709133511_20240709133539,HV,RIMD,HHN,100.0,19.395368,-155.273643,Caldera Rim Hawaii Digital,1.3683,5.584,0
CAPELLA_C14_SP_CPHD_HH_20240709133511_20240709133539,HV,RIMD,HHZ,100.0,19.395368,-155.273643,Caldera Rim Hawaii Digital,0.5656,1.323,0
CAPELLA_C14_SP_CPHD_HH_20240709133511_20240709133539,HV,RIMD,HNE,100.0,19.395368,-155.273643,Caldera Rim Hawaii Digital,0.0596,0.2181,0
CAPELLA_C14_SP_CPHD_HH_20240709133511_20240709133539,HV,RIMD,HNN,100.0,19.395368,-155.273643,Caldera Rim Hawaii Digital,0.102,0.3286,0
CAPELLA_C14_SP_CPHD_HH_20240709133511_20240709133539,HV,RIMD,HNZ,100.0,19.395368,-155.273643,Caldera Rim Hawaii Digital,0.0239,0.0745,0
CAPELLA_C14_SP_CPHD_HH_20240709133511_20240709133539,HV,SDH,HHE,100.0,19.390003,-155.293995,Sand Hill,0.8253,2.7563,0
CAPELLA_C14_SP_CPHD_HH_20240709133511_20240709133539,HV,SDH,HHN,100.0,19.390003,-155.293995,Sand Hill,0.9943,3.1654,0
CAPELLA_C14_SP_CPHD_HH_20240709133511_20240709133539,HV,SDH,HHZ,100.0,19.390003,-155.293995,Sand Hill,0.4843,1.3591,0
CAPELLA_C14_SP_CPHD_HH_20240709133511_20240709133539,HV,UWB,HHE,100.0,19.42476,-155.277582,Uwekahuna Bluff Hawaii,742.9806,3144.7847,1
CAPELLA_C14_SP_CPHD_HH_20240709133511_20240709133539,HV,UWB,HHN,100.0,19.42476,-155.277582,Uwekahuna Bluff Hawaii,595.6931,1933.0695,1
CAPELLA_C14_SP_CPHD_HH_20240709133511_20240709133539,HV,UWB,HHZ,100.0,19.42476,-155.277582,Uwekahuna Bluff Hawaii,826.0714,3128.5332,1
CAPELLA_C14_SP_CPHD_HH_20240709133511_20240709133539,HV,UWE,HHE,100.0,19.420972,-155.291162,Uwekahuna Vault Hawaii,1.4587,4.4549,0
CAPELLA_C14_SP_CPHD_HH_20240709133511_20240709133539,HV,UWE,HHN,100.0,19.420972,-155.291162,Uwekahuna Vault Hawaii,1.2034,3.0203,0
CAPELLA_C14_SP_CPHD_HH_20240709133511_20240709133539,HV,UWE,HHZ,100.0,19.420972,-155.291162,Uwekahuna Vault Hawaii,0.5524,1.2117,0
CAPELLA_C14_SP_CPHD_HH_20240709133511_20240709133539,HV,UWE,HNE,100.0,19.420972,-155.291162,Uwekahuna Vault Hawaii,0.1084,0.2944,0
CAPELLA_C14_SP_CPHD_HH_20240709133511_20240709133539,HV,UWE,HNN,100.0,19.420972,-155.291162,Uwekahuna Vault Hawaii,0.0725,0.202,0
CAPELLA_C14_SP_CPHD_HH_20240709133511_20240709133539,HV,UWE,HNZ,100.0,19.420972,-155.291162,Uwekahuna Vault Hawaii,0.0336,0.1331,0
CAPELLA_C14_SP_CPHD_HH_20240709133511_20240709133539,HV,WRM,HHE,100.0,19.406623,-155.300005,West Rim Hawaii Digital,3.1866,8.6995,0
CAPELLA_C14_SP_CPHD_HH_20240709133511_20240709133539,HV,WRM,HHN,100.0,19.406623,-155.300005,West Rim Hawaii Digital,0.2745,0.7517,0
CAPELLA_C14_SP_CPHD_HH_20240709133511_20240709133539,HV,WRM,HHZ,100.0,19.406623,-155.300005,West Rim Hawaii Digital,0.2529,0.5918,0
CAPELLA_C14_SS_CPHD_HH_20240814025656_20240814025712,AM,R5C4C,EHE,100.0,32.78378378378378,-79.93062730639915,Raspberry Shake Citizen Science Station,0.4168,1.4878,0
CAPELLA_C14_SS_CPHD_HH_20240814025656_20240814025712,AM,R5C4C,EHN,100.0,32.78378378378378,-79.93062730639915,Raspberry Shake Citizen Science Station,0.6446,1.6031,0
CAPELLA_C14_SS_CPHD_HH_20240814025656_20240814025712,AM,R5C4C,EHZ,100.0,32.78378378378378,-79.93062730639915,Raspberry Shake Citizen Science Station,0.5767,2.0523,0
CAPELLA_C14_SS_CPHD_HH_20240814025656_20240814025712,AM,R6498,EHZ,100.0,32.78378378378378,-79.93062730639915,Raspberry Shake Citizen Science Station,0.4707,1.6047,0
CAPELLA_C13_SS_CPHD_HH_20240817103939_20240817103954,CA,BAIN,HNE,200.0,41.396,2.173,Barcelona_Tetuan,0.0262,0.1125,0
CAPELLA_C13_SS_CPHD_HH_20240817103939_20240817103954,CA,BAIN,HNN,200.0,41.396,2.173,Barcelona_Tetuan,0.0332,0.1768,0
CAPELLA_C13_SS_CPHD_HH_20240817103939_20240817103954,CA,BAIN,HNZ,200.0,41.396,2.173,Barcelona_Tetuan,0.0347,0.1233,0
CAPELLA_C13_SS_CPHD_HH_20240817103939_20240817103954,CA,BAJU,HNE,200.0,41.3853,2.1741,Barcelona - Ciutat Vella,0.0329,0.1218,0
CAPELLA_C13_SS_CPHD_HH_20240817103939_20240817103954,CA,BAJU,HNN,200.0,41.3853,2.1741,Barcelona - Ciutat Vella,0.029,0.1169,0
CAPELLA_C13_SS_CPHD_HH_20240817103939_20240817103954,CA,BAJU,HNZ,200.0,41.3853,2.1741,Barcelona - Ciutat Vella,0.0364,0.1241,0
CAPELLA_C13_SS_CPHD_HH_20240817103939_20240817103954,CA,ICJA,HHE,250.0,41.3844,2.1189,Barcelona (Geo3BCN-CSIC),0.0952,0.2253,0
CAPELLA_C13_SS_CPHD_HH_20240817103939_20240817103954,CA,ICJA,HHN,250.0,41.3844,2.1189,Barcelona (Geo3BCN-CSIC),0.095,0.2427,0
CAPELLA_C13_SS_CPHD_HH_20240817103939_20240817103954,CA,ICJA,HHZ,250.0,41.3844,2.1189,Barcelona (Geo3BCN-CSIC),0.1307,0.3053,0
CAPELLA_C13_SS_CPHD_HH_20240817103939_20240817103954,CA,MTJR,HNE,200.0,41.37007,2.15608,Montjuic,0.0159,0.0698,0
CAPELLA_C13_SS_CPHD_HH_20240817103939_20240817103954,CA,MTJR,HNN,200.0,41.37007,2.15608,Montjuic,0.016,0.0559,0
CAPELLA_C13_SS_CPHD_HH_20240817103939_20240817103954,CA,MTJR,HNZ,200.0,41.37007,2.15608,Montjuic,0.012,0.0533,0
CAPELLA_C13_SS_CPHD_HH_20240817103939_20240817103954,AM,R0A45,EHZ,100.0,41.3963963963964,2.1018458232498802,Raspberry Shake Citizen Science Station,0.0554,0.1404,0
CAPELLA_C13_SS_CPHD_HH_20240817103939_20240817103954,AM,R10D3,EHZ,100.0,41.37837837837838,2.113300379624703,Raspberry Shake Citizen Science Station,0.0868,0.2798,0
CAPELLA_C14_SP_CPHD_HH_20240802025238_20240802025316,ES,CENR,HHE,100.0,28.62581,-17.84609,"El Paso (La Palma),Spain",5.0092,14.1812,0
CAPELLA_C14_SP_CPHD_HH_20240802025238_20240802025316,ES,CENR,HHN,100.0,28.62581,-17.84609,"El Paso (La Palma),Spain",3.9078,11.3895,0
CAPELLA_C14_SP_CPHD_HH_20240802025238_20240802025316,ES,CENR,HHZ,100.0,28.62581,-17.84609,"El Paso (La Palma),Spain",0.378,1.2168,0
CAPELLA_C15_SP_CPHD_HH_20240820012719_20240820012752,CN,FRB,BH1,40.0,63.7469,-68.5451,"Iqaluit, NU, CA",0.1397,0.3342,0
CAPELLA_C15_SP_CPHD_HH_20240820012719_20240820012752,CN,FRB,BH2,40.0,63.7469,-68.5451,"Iqaluit, NU, CA",0.0946,0.2851,0
CAPELLA_C15_SP_CPHD_HH_20240820012719_20240820012752,CN,FRB,BH3,40.0,63.7469,-68.5451,"Iqaluit, NU, CA",0.0937,0.2694,0
CAPELLA_C15_SP_CPHD_HH_20240820012719_20240820012752,CN,FRB,HHE,100.0,63.7469,-68.5451,"Iqaluit, NU, CA",0.0951,0.2705,0
CAPELLA_C15_SP_CPHD_HH_20240820012719_20240820012752,CN,FRB,HHN,100.0,63.7469,-68.5451,"Iqaluit, NU, CA",0.0968,0.2928,0
CAPELLA_C15_SP_CPHD_HH_20240820012719_20240820012752,CN,FRB,HHZ,100.0,63.7469,-68.5451,"Iqaluit, NU, CA",0.129,0.3072,0
CAPELLA_C15_SP_CPHD_HH_20240820012719_20240820012752,CN,FRB,HNE,100.0,63.7469,-68.5451,"Iqaluit, NU, CA",0.0115,0.0336,0
CAPELLA_C15_SP_CPHD_HH_20240820012719_20240820012752,CN,FRB,HNN,100.0,63.7469,-68.5451,"Iqaluit, NU, CA",0.0123,0.034,0
CAPELLA_C15_SP_CPHD_HH_20240820012719_20240820012752,CN,FRB,HNZ,100.0,63.7469,-68.5451,"Iqaluit, NU, CA",0.0103,0.0325,0
CAPELLA_C15_SS_CPHD_HH_20240820120436_20240820120452,IU,SBA,BH1,40.0,-77.8492,166.7572,"Scott Base, Antarctica",0.1233,0.227,0
CAPELLA_C15_SS_CPHD_HH_20240820120436_20240820120452,IU,SBA,BH2,40.0,-77.8492,166.7572,"Scott Base, Antarctica",0.2177,0.5311,0
CAPELLA_C15_SS_CPHD_HH_20240820120436_20240820120452,IU,SBA,BHZ,40.0,-77.8492,166.7572,"Scott Base, Antarctica",0.237,0.5344,0
CAPELLA_C15_SS_CPHD_HH_20240820120436_20240820120452,IU,SBA,HH1,100.0,-77.8492,166.7572,"Scott Base, Antarctica",0.1123,0.2093,0
CAPELLA_C15_SS_CPHD_HH_20240820120436_20240820120452,IU,SBA,HH2,100.0,-77.8492,166.7572,"Scott Base, Antarctica",0.2063,0.4857,0
CAPELLA_C15_SS_CPHD_HH_20240820120436_20240820120452,IU,SBA,HHZ,100.0,-77.8492,166.7572,"Scott Base, Antarctica",0.1542,0.2909,0
CAPELLA_C15_SS_CPHD_HH_20240820120436_20240820120452,IU,SBA,BH1,40.0,-77.8492,166.7572,"Scott Base, Antarctica",0.1233,0.2259,0
CAPELLA_C15_SS_CPHD_HH_20240820120436_20240820120452,IU,SBA,BH2,40.0,-77.8492,166.7572,"Scott Base, Antarctica",0.2184,0.5334,0
CAPELLA_C15_SS_CPHD_HH_20240820120436_20240820120452,IU,SBA,BHZ,40.0,-77.8492,166.7572,"Scott Base, Antarctica",0.2379,0.5355,0
CAPELLA_C10_SP_CPHD_HH_20240803004650_20240803004720,BK,ORV,BHE,40.0,39.554508,-121.500359,"Oroville Dam, Oroville, CA, USA",0.0668,0.1909,0
CAPELLA_C10_SP_CPHD_HH_20240803004650_20240803004720,BK,ORV,BHN,40.0,39.554508,-121.500359,"Oroville Dam, Oroville, CA, USA",0.0854,0.1495,0
CAPELLA_C10_SP_CPHD_HH_20240803004650_20240803004720,BK,ORV,BHZ,40.0,39.554508,-121.500359,"Oroville Dam, Oroville, CA, USA",0.0532,0.1557,0
CAPELLA_C10_SP_CPHD_HH_20240803004650_20240803004720,BK,ORV,HHE,100.0,39.554508,-121.500359,"Oroville Dam, Oroville, CA, USA",0.0668,0.1913,0
CAPELLA_C10_SP_CPHD_HH_20240803004650_20240803004720,BK,ORV,HHN,100.0,39.554508,-121.500359,"Oroville Dam, Oroville, CA, USA",0.0854,0.1494,0
CAPELLA_C10_SP_CPHD_HH_20240803004650_20240803004720,BK,ORV,HHZ,100.0,39.554508,-121.500359,"Oroville Dam, Oroville, CA, USA",0.0532,0.1559,0
CAPELLA_C10_SP_CPHD_HH_20240803004650_20240803004720,BK,ORV,HNE,100.0,39.554508,-121.500359,"Oroville Dam, Oroville, CA, USA",0.0098,0.0298,0
CAPELLA_C10_SP_CPHD_HH_20240803004650_20240803004720,BK,ORV,HNN,100.0,39.554508,-121.500359,"Oroville Dam, Oroville, CA, USA",0.0089,0.0276,0
CAPELLA_C10_SP_CPHD_HH_20240803004650_20240803004720,BK,ORV,HNZ,100.0,39.554508,-121.500359,"Oroville Dam, Oroville, CA, USA",0.0101,0.0318,0
CAPELLA_C10_SP_CPHD_HH_20240803010929_20240803010957,ES,CJED,HHE,100.0,28.57924,-17.87033,"Jedey (El Paso - La Palma),Spain",0.6207,1.6628,0
CAPELLA_C10_SP_CPHD_HH_20240803010929_20240803010957,ES,CJED,HHN,100.0,28.57924,-17.87033,"Jedey (El Paso - La Palma),Spain",0.7759,1.8254,0
CAPELLA_C10_SP_CPHD_HH_20240803010929_20240803010957,ES,CJED,HHZ,100.0,28.57924,-17.87033,"Jedey (El Paso - La Palma),Spain",55.6176,142.8233,1
CAPELLA_C10_SP_CPHD_HH_20240830134140_20240830134202,HV,KNHD,EHZ,100.0,19.379447,-155.169297,Kane Nui O Hamo,0.2162,0.5237,0
CAPELLA_C10_SP_CPHD_HH_20240831133107_20240831133129,HV,KNHD,EHZ,100.0,19.379447,-155.169297,Kane Nui O Hamo,0.1372,0.322,0
CAPELLA_C10_SP_CPHD_HH_20240831215822_20240831215849,HV,KNHD,EHZ,100.0,19.379447,-155.169297,Kane Nui O Hamo,0.1372,0.3735,0
CAPELLA_C09_SS_CPHD_HH_20240805002316_20240805002331,HV,DESD,EHE,100.0,19.333395,-155.38565,Desert,0.7717,1.9556,0
CAPELLA_C09_SS_CPHD_HH_20240805002316_20240805002331,HV,DESD,EHN,100.0,19.333395,-155.38565,Desert,0.554,1.1025,0
CAPELLA_C09_SS_CPHD_HH_20240805002316_20240805002331,HV,DESD,EHZ,100.0,19.333395,-155.38565,Desert,0.168,0.476,0
CAPELLA_C09_SS_CPHD_HH_20240805002316_20240805002331,HV,DESD,HNE,100.0,19.333395,-155.38565,Desert,0.0989,0.2802,0
CAPELLA_C09_SS_CPHD_HH_20240805002316_20240805002331,HV,DESD,HNN,100.0,19.333395,-155.38565,Desert,0.0739,0.2061,0
CAPELLA_C09_SS_CPHD_HH_20240805002316_20240805002331,HV,DESD,HNZ,100.0,19.333395,-155.38565,Desert,0.0443,0.1331,0
CAPELLA_C10_SP_CPHD_HH_20240901214743_20240901214805,HV,KNHD,EHZ,100.0,19.379447,-155.169297,Kane Nui O Hamo,0.2164,0.5245,0
CAPELLA_C10_SP_CPHD_HH_20240919044744_20240919044817,HV,PAUD,HHE,100.0,19.373785,-155.2155,"Pauahi, Hawaii Digital",0.9423,2.5516,0
CAPELLA_C10_SP_CPHD_HH_20240919044744_20240919044817,HV,PAUD,HHN,100.0,19.373785,-155.2155,"Pauahi, Hawaii Digital",1.2011,3.2186,0
CAPELLA_C10_SP_CPHD_HH_20240919044744_20240919044817,HV,PAUD,HHZ,100.0,19.373785,-155.2155,"Pauahi, Hawaii Digital",0.495,1.2815,0
CAPELLA_C10_SP_CPHD_HH_20240919044744_20240919044817,HV,PAUD,HNE,100.0,19.373785,-155.2155,"Pauahi, Hawaii Digital",0.0743,0.2099,0
CAPELLA_C10_SP_CPHD_HH_20240919044744_20240919044817,HV,PAUD,HNN,100.0,19.373785,-155.2155,"Pauahi, Hawaii Digital",0.139,0.4616,0
CAPELLA_C10_SP_CPHD_HH_20240919044744_20240919044817,HV,PAUD,HNZ,100.0,19.373785,-155.2155,"Pauahi, Hawaii Digital",0.0498,0.1345,0
CAPELLA_C09_SP_CPHD_HH_20240920131419_20240920131439,HV,PAUD,HHE,100.0,19.373785,-155.2155,"Pauahi, Hawaii Digital",0.6276,1.524,0
CAPELLA_C09_SP_CPHD_HH_20240920131419_20240920131439,HV,PAUD,HHN,100.0,19.373785,-155.2155,"Pauahi, Hawaii Digital",0.962,2.147,0
CAPELLA_C09_SP_CPHD_HH_20240920131419_20240920131439,HV,PAUD,HHZ,100.0,19.373785,-155.2155,"Pauahi, Hawaii Digital",0.3917,0.8737,0
CAPELLA_C09_SP_CPHD_HH_20240920131419_20240920131439,HV,PAUD,HNE,100.0,19.373785,-155.2155,"Pauahi, Hawaii Digital",0.0502,0.1441,0
CAPELLA_C09_SP_CPHD_HH_20240920131419_20240920131439,HV,PAUD,HNN,100.0,19.373785,-155.2155,"Pauahi, Hawaii Digital",0.0788,0.2166,0
CAPELLA_C09_SP_CPHD_HH_20240920131419_20240920131439,HV,PAUD,HNZ,100.0,19.373785,-155.2155,"Pauahi, Hawaii Digital",0.0385,0.1377,0
CAPELLA_C15_SP_CPHD_HH_20240921083038_20240921083105,HV,PAUD,HHE,100.0,19.373785,-155.2155,"Pauahi, Hawaii Digital",0.5035,1.3205,0
CAPELLA_C15_SP_CPHD_HH_20240921083038_20240921083105,HV,PAUD,HHN,100.0,19.373785,-155.2155,"Pauahi, Hawaii Digital",1.3768,3.1748,0
CAPELLA_C15_SP_CPHD_HH_20240921083038_20240921083105,HV,PAUD,HHZ,100.0,19.373785,-155.2155,"Pauahi, Hawaii Digital",0.4784,1.401,0
CAPELLA_C15_SP_CPHD_HH_20240921083038_20240921083105,HV,PAUD,HNE,100.0,19.373785,-155.2155,"Pauahi, Hawaii Digital",0.0422,0.1411,0
CAPELLA_C15_SP_CPHD_HH_20240921083038_20240921083105,HV,PAUD,HNN,100.0,19.373785,-155.2155,"Pauahi, Hawaii Digital",0.0793,0.2363,0
CAPELLA_C15_SP_CPHD_HH_20240921083038_20240921083105,HV,PAUD,HNZ,100.0,19.373785,-155.2155,"Pauahi, Hawaii Digital",0.035,0.1156,0
CAPELLA_C14_SP_CPHD_HH_20240924060907_20240924060945,HV,PAUD,HHE,100.0,19.373785,-155.2155,"Pauahi, Hawaii Digital",0.6368,1.7101,0
CAPELLA_C14_SP_CPHD_HH_20240924060907_20240924060945,HV,PAUD,HHN,100.0,19.373785,-155.2155,"Pauahi, Hawaii Digital",0.944,2.6099,0
CAPELLA_C14_SP_CPHD_HH_20240924060907_20240924060945,HV,PAUD,HHZ,100.0,19.373785,-155.2155,"Pauahi, Hawaii Digital",0.5049,1.374,0
CAPELLA_C14_SP_CPHD_HH_20240924060907_20240924060945,HV,PAUD,HNE,100.0,19.373785,-155.2155,"Pauahi, Hawaii Digital",0.0538,0.1939,0
CAPELLA_C14_SP_CPHD_HH_20240924060907_20240924060945,HV,PAUD,HNN,100.0,19.373785,-155.2155,"Pauahi, Hawaii Digital",0.0898,0.3046,0
CAPELLA_C14_SP_CPHD_HH_20240924060907_20240924060945,HV,PAUD,HNZ,100.0,19.373785,-155.2155,"Pauahi, Hawaii Digital",0.0439,0.1373,0
CAPELLA_C15_SP_CPHD_HH_20240925085708_20240925085731,HV,PAUD,HHE,100.0,19.373785,-155.2155,"Pauahi, Hawaii Digital",0.7263,1.5534,0
CAPELLA_C15_SP_CPHD_HH_20240925085708_20240925085731,HV,PAUD,HHN,100.0,19.373785,-155.2155,"Pauahi, Hawaii Digital",1.337,2.9167,0
CAPELLA_C15_SP_CPHD_HH_20240925085708_20240925085731,HV,PAUD,HHZ,100.0,19.373785,-155.2155,"Pauahi, Hawaii Digital",0.7428,1.786,0
CAPELLA_C15_SP_CPHD_HH_20240925085708_20240925085731,HV,PAUD,HNE,100.0,19.373785,-155.2155,"Pauahi, Hawaii Digital",0.0583,0.1586,0
CAPELLA_C15_SP_CPHD_HH_20240925085708_20240925085731,HV,PAUD,HNN,100.0,19.373785,-155.2155,"Pauahi, Hawaii Digital",0.0862,0.2742,0
CAPELLA_C15_SP_CPHD_HH_20240925085708_20240925085731,HV,PAUD,HNZ,100.0,19.373785,-155.2155,"Pauahi, Hawaii Digital",0.0357,0.1143,0
CAPELLA_C10_SP_CPHD_HH_20240926191432_20240926191457,LX,GGNV,BHE,20.0,38.718498,-9.1505,"Lisboa, Geofisico, Portugal",0.1884,0.5427,0
CAPELLA_C10_SP_CPHD_HH_20240926191432_20240926191457,LX,GGNV,BHN,20.0,38.718498,-9.1505,"Lisboa, Geofisico, Portugal",0.3062,0.7126,0
CAPELLA_C10_SP_CPHD_HH_20240926191432_20240926191457,LX,GGNV,BHZ,20.0,38.718498,-9.1505,"Lisboa, Geofisico, Portugal",0.4056,1.4334,0
CAPELLA_C10_SP_CPHD_HH_20240926191432_20240926191457,LX,GGNV,HHE,100.0,38.718498,-9.1505,"Lisboa, Geofisico, Portugal",0.1886,0.5392,0
CAPELLA_C10_SP_CPHD_HH_20240926191432_20240926191457,LX,GGNV,HHN,100.0,38.718498,-9.1505,"Lisboa, Geofisico, Portugal",0.3064,0.7157,0
CAPELLA_C10_SP_CPHD_HH_20240926191432_20240926191457,LX,GGNV,HHZ,100.0,38.718498,-9.1505,"Lisboa, Geofisico, Portugal",0.4061,1.4429,0
CAPELLA_C10_SP_CPHD_HH_20240926191432_20240926191457,AM,R2A34,EHZ,100.0,38.729729729729726,-9.134956051825696,Raspberry Shake Citizen Science Station,0.2654,0.7253,0
CAPELLA_C10_SP_CPHD_HH_20240926191432_20240926191457,AM,RF4CA,EHE,100.0,38.729729729729726,-9.135748982672654,Raspberry Shake Citizen Science Station,0.1847,0.455,0
CAPELLA_C10_SP_CPHD_HH_20240926191432_20240926191457,AM,RF4CA,EHN,100.0,38.729729729729726,-9.135748982672654,Raspberry Shake Citizen Science Station,0.435,1.4103,0
CAPELLA_C10_SP_CPHD_HH_20240926191432_20240926191457,AM,RF4CA,EHZ,100.0,38.729729729729726,-9.135748982672654,Raspberry Shake Citizen Science Station,0.2902,0.7711,0
CAPELLA_C13_SP_CPHD_HH_20240928050100_20240928050124,HV,PAUD,HHE,100.0,19.373785,-155.2155,"Pauahi, Hawaii Digital",0.5717,1.4745,0
CAPELLA_C13_SP_CPHD_HH_20240928050100_20240928050124,HV,PAUD,HHN,100.0,19.373785,-155.2155,"Pauahi, Hawaii Digital",0.8861,2.0636,0
CAPELLA_C13_SP_CPHD_HH_20240928050100_20240928050124,HV,PAUD,HHZ,100.0,19.373785,-155.2155,"Pauahi, Hawaii Digital",0.6755,1.7879,0
CAPELLA_C13_SP_CPHD_HH_20240928050100_20240928050124,HV,PAUD,HNE,100.0,19.373785,-155.2155,"Pauahi, Hawaii Digital",0.0441,0.1242,0
CAPELLA_C13_SP_CPHD_HH_20240928050100_20240928050124,HV,PAUD,HNN,100.0,19.373785,-155.2155,"Pauahi, Hawaii Digital",0.0683,0.2158,0
CAPELLA_C13_SP_CPHD_HH_20240928050100_20240928050124,HV,PAUD,HNZ,100.0,19.373785,-155.2155,"Pauahi, Hawaii Digital",0.0351,0.1117,0
CAPELLA_C09_SP_CPHD_HH_20240930235150_20240930235212,HV,PAUD,HHE,100.0,19.373785,-155.2155,"Pauahi, Hawaii Digital",1.5952,4.4033,0
CAPELLA_C09_SP_CPHD_HH_20240930235150_20240930235212,HV,PAUD,HHN,100.0,19.373785,-155.2155,"Pauahi, Hawaii Digital",1.5027,3.9295,0
CAPELLA_C09_SP_CPHD_HH_20240930235150_20240930235212,HV,PAUD,HHZ,100.0,19.373785,-155.2155,"Pauahi, Hawaii Digital",0.7005,1.8607,0
CAPELLA_C09_SP_CPHD_HH_20240930235150_20240930235212,HV,PAUD,HNE,100.0,19.373785,-155.2155,"Pauahi, Hawaii Digital",0.0632,0.2155,0
CAPELLA_C09_SP_CPHD_HH_20240930235150_20240930235212,HV,PAUD,HNN,100.0,19.373785,-155.2155,"Pauahi, Hawaii Digital",0.0735,0.2411,0
CAPELLA_C09_SP_CPHD_HH_20240930235150_20240930235212,HV,PAUD,HNZ,100.0,19.373785,-155.2155,"Pauahi, Hawaii Digital",0.0423,0.1519,0
CAPELLA_C13_SP_CPHD_HH_20240930140452_20240930140517,HV,PAUD,HHE,100.0,19.373785,-155.2155,"Pauahi, Hawaii Digital",1.2504,3.2476,0
CAPELLA_C13_SP_CPHD_HH_20240930140452_20240930140517,HV,PAUD,HHN,100.0,19.373785,-155.2155,"Pauahi, Hawaii Digital",1.4895,4.0546,0
CAPELLA_C13_SP_CPHD_HH_20240930140452_20240930140517,HV,PAUD,HHZ,100.0,19.373785,-155.2155,"Pauahi, Hawaii Digital",0.7086,1.8166,0
CAPELLA_C13_SP_CPHD_HH_20240930140452_20240930140517,HV,PAUD,HNE,100.0,19.373785,-155.2155,"Pauahi, Hawaii Digital",0.0507,0.1598,0
CAPELLA_C13_SP_CPHD_HH_20240930140452_20240930140517,HV,PAUD,HNN,100.0,19.373785,-155.2155,"Pauahi, Hawaii Digital",0.0646,0.1619,0
CAPELLA_C13_SP_CPHD_HH_20240930140452_20240930140517,HV,PAUD,HNZ,100.0,19.373785,-155.2155,"Pauahi, Hawaii Digital",0.0395,0.1244,0
CAPELLA_C14_SP_CPHD_HH_20240905234105_20240905234128,HV,KNHD,EHZ,100.0,19.379447,-155.169297,Kane Nui O Hamo,0.24,0.5923,0
CAPELLA_C09_SS_CPHD_HH_20240907120338_20240907120353,AM,RB7FF,EHZ,100.0,32.747747747747745,-80.04746328232365,Raspberry Shake Citizen Science Station,1.7562,4.2704,0
CAPELLA_C14_SP_CPHD_HH_20240907134345_20240907134409,HV,KNHD,EHZ,100.0,19.379447,-155.169297,Kane Nui O Hamo,0.1984,0.6119,0
CAPELLA_C10_SS_CPHD_HH_20240908122212_20240908122227,CO,C1SC,HNE,200.0,32.798,-79.959,"The Citadel,Charleston,SC",0.0514,0.1675,0
CAPELLA_C10_SS_CPHD_HH_20240908122212_20240908122227,CO,C1SC,HNN,200.0,32.798,-79.959,"The Citadel,Charleston,SC",0.0467,0.2002,0
CAPELLA_C10_SS_CPHD_HH_20240908122212_20240908122227,CO,C1SC,HNZ,200.0,32.798,-79.959,"The Citadel,Charleston,SC",0.0377,0.1458,0
CAPELLA_C14_SS_CPHD_HH_20250111163649_20250111163705,CE,24014,HNE,100.0,34.0449,-118.5223,Pacific Palisades - Sunset & Carey,0.0558,0.1801,0
CAPELLA_C14_SS_CPHD_HH_20250111163649_20250111163705,CE,24014,HNN,100.0,34.0449,-118.5223,Pacific Palisades - Sunset & Carey,0.0556,0.1461,0
CAPELLA_C14_SS_CPHD_HH_20250111163649_20250111163705,CE,24014,HNZ,100.0,34.0449,-118.5223,Pacific Palisades - Sunset & Carey,0.0651,0.2943,0
CAPELLA_C14_SS_CPHD_HH_20250111163649_20250111163705,CI,SMF2,BHE,40.0,34.02201,-118.44627,Santa Monica Field 2,1.604,3.743,0
CAPELLA_C14_SS_CPHD_HH_20250111163649_20250111163705,CI,SMF2,BHN,40.0,34.02201,-118.44627,Santa Monica Field 2,1.0633,2.8646,0
CAPELLA_C14_SS_CPHD_HH_20250111163649_20250111163705,CI,SMF2,BHZ,40.0,34.02201,-118.44627,Santa Monica Field 2,0.4596,1.3382,0
CAPELLA_C14_SS_CPHD_HH_20250111163649_20250111163705,CI,SMF2,HHE,100.0,34.02201,-118.44627,Santa Monica Field 2,1.6036,3.7385,0
CAPELLA_C14_SS_CPHD_HH_20250111163649_20250111163705,CI,SMF2,HHN,100.0,34.02201,-118.44627,Santa Monica Field 2,1.0633,2.8658,0
CAPELLA_C14_SS_CPHD_HH_20250111163649_20250111163705,CI,SMF2,HHZ,100.0,34.02201,-118.44627,Santa Monica Field 2,0.4596,1.3364,0
CAPELLA_C14_SS_CPHD_HH_20250111163649_20250111163705,CI,SMF2,HNE,100.0,34.02201,-118.44627,Santa Monica Field 2,0.071,0.2527,0
CAPELLA_C14_SS_CPHD_HH_20250111163649_20250111163705,CI,SMF2,HNN,100.0,34.02201,-118.44627,Santa Monica Field 2,0.0707,0.1979,0
CAPELLA_C14_SS_CPHD_HH_20250111163649_20250111163705,CI,SMF2,HNZ,100.0,34.02201,-118.44627,Santa Monica Field 2,0.0786,0.2734,0
CAPELLA_C14_SS_CPHD_HH_20250114151239_20250114151254,CE,13884,HNE,100.0,33.7667,-117.9178,Garden Grove - Hwy 22 & Harbor Blvd,0.198,0.6749,0
CAPELLA_C14_SS_CPHD_HH_20250114151239_20250114151254,CE,13884,HNN,100.0,33.7667,-117.9178,Garden Grove - Hwy 22 & Harbor Blvd,0.1999,0.6608,0
CAPELLA_C14_SS_CPHD_HH_20250114151239_20250114151254,CE,13884,HNZ,100.0,33.7667,-117.9178,Garden Grove - Hwy 22 & Harbor Blvd,0.2864,0.9504,0
CAPELLA_C14_SS_CPHD_HH_20250114151239_20250114151254,AM,R133F,EHZ,100.0,33.711711711711715,-117.77673566501402,Raspberry Shake Citizen Science Station,0.0051,0.0127,0
CAPELLA_C14_SS_CPHD_HH_20250114151239_20250114151254,AM,RE1C2,EHZ,100.0,33.711711711711715,-117.8057984074698,Raspberry Shake Citizen Science Station,0.1525,0.5456,0
CAPELLA_C14_SS_CPHD_HH_20250114151239_20250114151254,AM,RE1C2,ENE,100.0,33.711711711711715,-117.8057984074698,Raspberry Shake Citizen Science Station,17.8256,43.7105,1
CAPELLA_C14_SS_CPHD_HH_20250114151239_20250114151254,AM,RE1C2,ENN,100.0,33.711711711711715,-117.8057984074698,Raspberry Shake Citizen Science Station,14.0693,43.184,1
CAPELLA_C14_SS_CPHD_HH_20250114151239_20250114151254,AM,RE1C2,ENZ,100.0,33.711711711711715,-117.8057984074698,Raspberry Shake Citizen Science Station,9.0931,29.1988,1
CAPELLA_C14_SS_CPHD_HH_20250114151239_20250114151254,AM,RE6A9,EHZ,100.0,33.75675675675676,-117.81945378572432,Raspberry Shake Citizen Science Station,0.1406,0.4101,0
CAPELLA_C14_SS_CPHD_HH_20250114151239_20250114151254,AM,RE6A9,ENE,100.0,33.75675675675676,-117.81945378572432,Raspberry Shake Citizen Science Station,15.8527,42.6506,1
CAPELLA_C14_SS_CPHD_HH_20250114151239_20250114151254,AM,RE6A9,ENN,100.0,33.75675675675676,-117.81945378572432,Raspberry Shake Citizen Science Station,12.5763,34.7827,1
CAPELLA_C14_SS_CPHD_HH_20250114151239_20250114151254,AM,RE6A9,ENZ,100.0,33.75675675675676,-117.81945378572432,Raspberry Shake Citizen Science Station,16.9614,55.1448,1
CAPELLA_C14_SS_CPHD_HH_20250114151239_20250114151254,AM,S89F6,EHZ,100.0,33.77477477477478,-117.842582612351,Raspberry Shake Citizen Science Station,0.1288,0.3945,0
CAPELLA_C14_SS_CPHD_HH_20250114151239_20250114151254,AM,S89F6,ENE,100.0,33.77477477477478,-117.842582612351,Raspberry Shake Citizen Science Station,10.5215,28.6125,1
CAPELLA_C14_SS_CPHD_HH_20250114151239_20250114151254,AM,S89F6,ENN,100.0,33.77477477477478,-117.842582612351,Raspberry Shake Citizen Science Station,7.9196,18.2508,1
CAPELLA_C14_SS_CPHD_HH_20250114151239_20250114151254,AM,S89F6,ENZ,100.0,33.77477477477478,-117.842582612351,Raspberry Shake Citizen Science Station,11.8487,34.8488,1
CAPELLA_C14_SS_CPHD_HH_20250114151239_20250114151254,CI,OGC,EHZ,100.0,33.78816,-117.844,Orange (Chapman),0.0665,0.2325,0
CAPELLA_C14_SS_CPHD_HH_20250114151239_20250114151254,CI,OGC,HNE,100.0,33.78816,-117.844,Orange (Chapman),0.0588,0.1692,0
CAPELLA_C14_SS_CPHD_HH_20250114151239_20250114151254,CI,OGC,HNN,100.0,33.78816,-117.844,Orange (Chapman),0.0701,0.2653,0
CAPELLA_C14_SS_CPHD_HH_20250114151239_20250114151254,CI,OGC,HNZ,100.0,33.78816,-117.844,Orange (Chapman),0.0692,0.2457,0
CAPELLA_C14_SS_CPHD_HH_20250114151239_20250114151254,CI,SAN,EHZ,100.0,33.70432,-117.88578,Santa Ana,0.1106,0.3805,0
CAPELLA_C14_SS_CPHD_HH_20250114151239_20250114151254,CI,SAN,HNE,100.0,33.70432,-117.88578,Santa Ana,0.112,0.3456,0
CAPELLA_C14_SS_CPHD_HH_20250114151239_20250114151254,CI,SAN,HNN,100.0,33.70432,-117.88578,Santa Ana,1.2026,3.9197,0
CAPELLA_C14_SS_CPHD_HH_20250114151239_20250114151254,CI,SAN,HNZ,100.0,33.70432,-117.88578,Santa Ana,0.081,0.2414,0
CAPELLA_C14_SP_CPHD_HH_20250117040427_20250117040502,CH,DIX,HHE,200.0,46.081053,7.408391,"Grande Dixence, VS",0.2996,0.9999,0
CAPELLA_C14_SP_CPHD_HH_20250117040427_20250117040502,CH,DIX,HHN,200.0,46.081053,7.408391,"Grande Dixence, VS",0.1543,0.3569,0
CAPELLA_C14_SP_CPHD_HH_20250117040427_20250117040502,CH,DIX,HHZ,200.0,46.081053,7.408391,"Grande Dixence, VS",0.1949,0.4581,0
CAPELLA_C14_SP_CPHD_HH_20250117040427_20250117040502,CH,DIX,BHE,40.0,46.081053,7.408391,"Grande Dixence, VS",0.2996,0.9997,0
CAPELLA_C14_SP_CPHD_HH_20250117040427_20250117040502,CH,DIX,BHN,40.0,46.081053,7.408391,"Grande Dixence, VS",0.1542,0.3569,0
CAPELLA_C14_SP_CPHD_HH_20250117040427_20250117040502,CH,DIX,BHZ,40.0,46.081053,7.408391,"Grande Dixence, VS",0.1948,0.4579,0
CAPELLA_C14_SS_CPHD_HH_20250126024456_20250126024511,CE,24103,HNE,100.0,34.1599,-118.532,Tarzana - Clubhouse,0.0419,0.1301,0
CAPELLA_C14_SS_CPHD_HH_20250126024456_20250126024511,CE,24103,HNN,100.0,34.1599,-118.532,Tarzana - Clubhouse,0.0453,0.1416,0
CAPELLA_C14_SS_CPHD_HH_20250126024456_20250126024511,CE,24103,HNZ,100.0,34.1599,-118.532,Tarzana - Clubhouse,0.0391,0.1424,0
CAPELLA_C14_SS_CPHD_HH_20250126024456_20250126024511,AM,S7BC1,EHZ,100.0,34.16216216216216,-118.61833665308795,Raspberry Shake Citizen Science Station,0.1812,0.6888,0
CAPELLA_C14_SS_CPHD_HH_20250126024456_20250126024511,AM,S7BC1,ENE,100.0,34.16216216216216,-118.61833665308795,Raspberry Shake Citizen Science Station,8.2248,27.3943,1
CAPELLA_C14_SS_CPHD_HH_20250126024456_20250126024511,AM,S7BC1,ENN,100.0,34.16216216216216,-118.61833665308795,Raspberry Shake Citizen Science Station,10.4263,34.522,1
CAPELLA_C14_SS_CPHD_HH_20250126024456_20250126024511,AM,S7BC1,ENZ,100.0,34.16216216216216,-118.61833665308795,Raspberry Shake Citizen Science Station,9.5334,31.8084,1
CAPELLA_C15_SS_CPHD_HH_20250129181924_20250129181939,CE,24103,HNE,100.0,34.1599,-118.532,Tarzana - Clubhouse,0.046,0.1578,0
CAPELLA_C15_SS_CPHD_HH_20250129181924_20250129181939,CE,24103,HNN,100.0,34.1599,-118.532,Tarzana - Clubhouse,0.0526,0.174,0
CAPELLA_C15_SS_CPHD_HH_20250129181924_20250129181939,CE,24103,HNZ,100.0,34.1599,-118.532,Tarzana - Clubhouse,0.0452,0.1503,0
CAPELLA_C15_SS_CPHD_HH_20250129181924_20250129181939,AM,RAA61,EHZ,100.0,34.14414414414414,-118.47689884265392,Raspberry Shake Citizen Science Station,0.0674,0.1906,0
CAPELLA_C15_SS_CPHD_HH_20250129181924_20250129181939,AM,RAA61,ENE,100.0,34.14414414414414,-118.47689884265392,Raspberry Shake Citizen Science Station,12.9895,47.1543,1
CAPELLA_C15_SS_CPHD_HH_20250129181924_20250129181939,AM,RAA61,ENN,100.0,34.14414414414414,-118.47689884265392,Raspberry Shake Citizen Science Station,13.0995,42.7425,1
CAPELLA_C15_SS_CPHD_HH_20250129181924_20250129181939,AM,RAA61,ENZ,100.0,34.14414414414414,-118.47689884265392,Raspberry Shake Citizen Science Station,8.633,23.0505,1
CAPELLA_C10_SS_CPHD_HH_20250131172512_20250131172527,CE,24103,HNE,100.0,34.1599,-118.532,Tarzana - Clubhouse,0.0498,0.186,0
CAPELLA_C10_SS_CPHD_HH_20250131172512_20250131172527,CE,24103,HNN,100.0,34.1599,-118.532,Tarzana - Clubhouse,0.0538,0.1909,0
CAPELLA_C10_SS_CPHD_HH_20250131172512_20250131172527,CE,24103,HNZ,100.0,34.1599,-118.532,Tarzana - Clubhouse,0.0464,0.1619,0
CAPELLA_C14_SS_CPHD_HH_20250201235639_20250201235655,CE,24103,HNE,100.0,34.1599,-118.532,Tarzana - Clubhouse,0.0437,0.1505,0
CAPELLA_C14_SS_CPHD_HH_20250201235639_20250201235655,CE,24103,HNN,100.0,34.1599,-118.532,Tarzana - Clubhouse,0.0506,0.1781,0
CAPELLA_C14_SS_CPHD_HH_20250201235639_20250201235655,CE,24103,HNZ,100.0,34.1599,-118.532,Tarzana - Clubhouse,0.0477,0.1771,0
CAPELLA_C15_SS_CPHD_HH_20250210182059_20250210182114,CE,24103,HNE,100.0,34.1599,-118.532,Tarzana - Clubhouse,0.0535,0.1923,0
CAPELLA_C15_SS_CPHD_HH_20250210182059_20250210182114,CE,24103,HNN,100.0,34.1599,-118.532,Tarzana - Clubhouse,0.0522,0.1472,0
CAPELLA_C15_SS_CPHD_HH_20250210182059_20250210182114,CE,24103,HNZ,100.0,34.1599,-118.532,Tarzana - Clubhouse,0.044,0.1341,0
CAPELLA_C15_SS_CPHD_HH_20250210182059_20250210182114,AM,RAA61,EHZ,100.0,34.14414414414414,-118.47689884265392,Raspberry Shake Citizen Science Station,0.0268,0.0713,0
CAPELLA_C15_SS_CPHD_HH_20250210182059_20250210182114,AM,RAA61,ENE,100.0,34.14414414414414,-118.47689884265392,Raspberry Shake Citizen Science Station,17.643,48.2125,1
CAPELLA_C15_SS_CPHD_HH_20250210182059_20250210182114,AM,RAA61,ENN,100.0,34.14414414414414,-118.47689884265392,Raspberry Shake Citizen Science Station,13.4238,38.3254,1
CAPELLA_C15_SS_CPHD_HH_20250210182059_20250210182114,AM,RAA61,ENZ,100.0,34.14414414414414,-118.47689884265392,Raspberry Shake Citizen Science Station,8.5674,22.7864,1
CAPELLA_C14_SS_CPHD_HH_20250219164857_20250219164912,CE,24103,HNE,100.0,34.1599,-118.532,Tarzana - Clubhouse,0.0495,0.168,0
CAPELLA_C14_SS_CPHD_HH_20250219164857_20250219164912,CE,24103,HNN,100.0,34.1599,-118.532,Tarzana - Clubhouse,0.0526,0.1925,0
CAPELLA_C14_SS_CPHD_HH_20250219164857_20250219164912,CE,24103,HNZ,100.0,34.1599,-118.532,Tarzana - Clubhouse,0.0471,0.1549,0
CAPELLA_C14_SS_CPHD_HH_20250219164857_20250219164912,CE,24765,HNE,100.0,34.219,-118.429,Panorama City - Roscoe & Woodman,0.1637,1.247,0
CAPELLA_C14_SS_CPHD_HH_20250219164857_20250219164912,CE,24765,HNN,100.0,34.219,-118.429,Panorama City - Roscoe & Woodman,0.0588,0.2379,0
CAPELLA_C14_SS_CPHD_HH_20250219164857_20250219164912,CE,24765,HNZ,100.0,34.219,-118.429,Panorama City - Roscoe & Woodman,0.0672,0.2792,0
CAPELLA_C14_SS_CPHD_HH_20250219164857_20250219164912,CE,24765,HNE,100.0,34.219,-118.429,Panorama City - Roscoe & Woodman,0.1637,1.247,0
CAPELLA_C14_SS_CPHD_HH_20250219164857_20250219164912,CE,24765,HNN,100.0,34.219,-118.429,Panorama City - Roscoe & Woodman,0.0588,0.2379,0
CAPELLA_C14_SS_CPHD_HH_20250219164857_20250219164912,CE,24765,HNZ,100.0,34.219,-118.429,Panorama City - Roscoe & Woodman,0.0672,0.2792,0
