# raw tracked shifts, before detrend or spectrum
# reference=first b_shift_hz=0 pair_lag_s=0 dt_s=0.155 looks=128
window,look,centre_time_s,disp_az_px,disp_rg_px,vel_los_ms,disp_los_m,phase_rad,quality
0,0,0.0775,0,0,0,0.00136604385,-0.549699111,0.706485
0,1,0.2325,0,0,0.00233536468,0.00172802538,-0.695361289,0.706485
0,2,0.3875,0,0,-0.0183012475,-0.00110866799,0.446130487,0.706485
0,3,0.5425,0,0,0.00692184269,-3.57823733e-05,0.0143989073,0.706485
0,4,0.6975,0,0,-0.0218407563,-0.0034210996,1.37665816,0.706485
0,5,0.8525,0,0,0.00289087187,-0.00297301446,1.19634769,0.706485
0,6,1.0075,0,0,0.0231704703,0.00061840844,-0.248848944,0.706485
0,7,1.1625,0,0,-0.0532430686,-0.00763426719,3.07204625,0.706485
0,8,1.3175,0,0,0.0639783527,0.00228237748,-0.918433822,0.706485
0,9,1.4725,0,0,0.000420159764,0.00234750225,-0.944640173,0.706485
0,10,1.6275,0,0,-0.00486895705,0.00159281391,-0.64095189,0.706485
0,11,1.7825,0,0,-0.000299913133,0.00154632737,-0.622245604,0.706485
0,12,1.9375,0,0,-0.0186640652,-0.00134660273,0.541875961,0.706485
0,13,2.0925,0,0,0.0111560132,0.000382579323,-0.153950778,0.706485
0,14,2.2475,0,0,0.0407583879,0.00670012944,-2.69614712,0.706485
0,15,2.4025,0,0,-0.057837719,-0.002264717,0.911327205,0.706485
0,16,2.5575,0,0,0.0241313209,0.00147563774,-0.593799937,0.706485
0,17,2.7125,0,0,0.0260830603,0.00551851209,-2.22066165,0.706485
0,18,2.8675,0,0,-0.0398508758,-0.000658373653,0.264931035,0.706485
0,19,3.0225,0,0,0.00842347478,0.000647264938,-0.260460863,0.706485
0,20,3.1775,0,0,-0.0144987893,-0.0016000474,0.643862666,0.706485
0,21,3.3325,0,0,-0.000580786344,-0.00169006929,0.680087674,0.706485
0,22,3.4875,0,0,-0.0107864204,-0.00336196445,1.35286204,0.706485
0,23,3.6425,0,0,0.0292230548,0.00116760905,-0.469848501,0.706485
0,24,3.7975,0,0,0.0301405662,0.0058393968,-2.34978638,0.706485
0,25,3.9525,0,0,-0.0344518576,0.000499358872,-0.200943131,0.706485
0,26,4.1075,0,0,0.0103833432,0.00210877707,-0.848576627,0.706485
0,27,4.2625,0,0,-9.19621854e-06,0.00210735166,-0.848003037,0.706485
0,28,4.4175,0,0,-0.0174894798,-0.000603517711,0.242856881,0.706485
0,29,4.5725,0,0,0.00929880557,0.000837797153,-0.337131455,0.706485
0,30,4.7275,0,0,-0.0244227312,-0.00294772619,1.18617163,0.706485
0,31,4.8825,0,0,0.00782752899,-0.00173445919,0.697950271,0.706485
0,32,5.0375,0,0,0.00684213617,-0.000673928085,0.271190174,0.706485
0,33,5.1925,0,0,-0.0127210209,-0.00264568633,1.06463012,0.706485
0,34,5.3475,0,0,0.0335414087,0.00255323202,-1.02742629,0.706485
0,35,5.5025,0,0,-0.0166327636,-2.48463408e-05,0.00999822331,0.706485
0,36,5.6575,0,0,0.0122192031,0.00186913014,-0.752142162,0.706485
0,37,5.8125,0,0,-0.0226590561,-0.00164302356,0.661156367,0.706485
0,38,5.9675,0,0,0.00373679083,-0.00106382098,0.42808395,0.706485
0,39,6.1225,0,0,0.0207275578,0.00214895047,-0.864742493,0.706485
0,40,6.2775,0,0,-0.0471162834,-0.00515407346,2.07401073,0.706485
0,41,6.4325,0,0,0.0318286247,-0.000220636631,0.0887846757,0.706485
0,42,6.5875,0,0,0.0216769874,0.00313929642,-1.26325992,0.706485
0,43,6.7425,0,0,-0.0208326288,-8.97610547e-05,0.0361200499,0.706485
0,44,6.8975,0,0,0.00152684761,0.000146900325,-0.0591130204,0.706485
0,45,7.0525,0,0,0.00178027979,0.000422843692,-0.170153251,0.706485
0,46,7.2075,0,0,-0.0102831077,-0.00117103799,0.471228317,0.706485
0,47,7.3625,0,0,-0.00944114553,-0.00263441555,1.06009473,0.706485
0,48,7.5175,0,0,0.00151533989,-0.00239953787,0.965579423,0.706485
0,49,7.6725,0,0,0.0450744974,0.00458700924,-1.84582281,0.706485
0,50,7.8275,0,0,-0.0674076284,-0.00586117317,2.35854924,0.706485
0,51,7.9825,0,0,0.0448947736,0.00109751674,-0.441643197,0.706485
0,52,8.1375,0,0,0.0170858349,0.00374582115,-1.50732684,0.706485
0,53,8.2925,0,0,-0.0277058724,-0.000548589066,0.220753471,0.706485
0,54,8.4475,0,0,0.00715643964,0.000560659077,-0.225610471,0.706485
0,55,8.6025,0,0,0.00500428743,0.00133632363,-0.537739627,0.706485
0,56,8.7575,0,0,-0.0203254703,-0.00181412426,0.730007675,0.706485
0,57,8.9125,0,0,0.00819190875,-0.000544378406,0.219059092,0.706485
0,58,9.0675,0,0,-0.0013502366,-0.00075366508,0.303276519,0.706485
0,59,9.2225,0,0,0.0155306276,0.0016535822,-0.665405189,0.706485
0,60,9.3775,0,0,-0.0223234546,-0.00180655326,0.726961087,0.706485
0,61,9.5325,0,0,0.016644685,0.000773372915,-0.311206997,0.706485
0,62,9.6875,0,0,0.00597948131,0.00170019252,-0.684161285,0.706485
0,63,9.8425,0,0,-0.0256627784,-0.00227753813,0.916486456,0.706485
0,64,9.9975,0,0,0.0170252418,0.000361374353,-0.145417851,0.706485
0,65,10.1525,0,0,0.0377257646,0.00620886787,-2.49846237,0.706485
0,66,10.3075,0,0,-0.0560607032,-0.00248054112,0.998175314,0.706485
0,67,10.4625,0,0,0.0285626792,0.00194667415,-0.783346046,0.706485
0,68,10.6175,0,0,0.0266428068,0.00607630921,-2.44512046,0.706485
0,69,10.7725,0,0,-0.0332988289,0.000914990729,-0.368194323,0.706485
0,70,10.9275,0,0,8.42609843e-05,0.000928051182,-0.373449878,0.706485
0,71,11.0825,0,0,-0.00273693345,0.000503826497,-0.202740913,0.706485
0,72,11.2375,0,0,-0.00777821736,-0.000701797194,0.282404766,0.706485
0,73,11.3925,0,0,-0.00222446956,-0.00104658998,0.421150155,0.706485
0,74,11.5475,0,0,0.00631328071,-6.80314656e-05,0.0273760144,0.706485
0,75,11.7025,0,0,-0.0330123749,-0.00518494958,2.08643535,0.706485
0,76,11.8575,0,0,0.0173591998,-0.00249427362,1.0037013,0.706485
0,77,12.0125,0,0,0.0324541476,0.00253611926,-1.02054008,0.706485
0,78,12.1675,0,0,-0.059146265,-0.00663155181,2.66855133,0.706485
0,79,12.3225,0,0,0.0405393602,-0.000347950978,0.140016254,0.706485
0,80,12.4775,0,0,0.0157833986,0.00209847581,-0.844431375,0.706485
0,81,12.6325,0,0,-0.0232196695,-0.00150057296,0.603833927,0.706485
0,82,12.7875,0,0,0.00576194793,-0.000607471033,0.244447707,0.706485
0,83,12.9425,0,0,0.00748900225,0.000553324316,-0.222658946,0.706485
0,84,13.0975,0,0,-0.00335376124,3.34913233e-05,-0.0134769837,0.706485
0,85,13.2525,0,0,0.00252504815,0.000424873787,-0.170970165,0.706485
0,86,13.4075,0,0,-0.00417717118,-0.000222587746,0.0895698084,0.706485
0,87,13.5625,0,0,0.0161849952,0.0022860865,-0.91992634,0.706485
0,88,13.7175,0,0,-0.0293399247,-0.00226160182,0.910073648,0.706485
0,89,13.8725,0,0,0.0109501041,-0.000564335691,0.227089948,0.706485
0,90,14.0275,0,0,0.0158791169,0.00189692743,-0.763327857,0.706485
0,91,14.1825,0,0,-0.0339970118,-0.00337260939,1.35714559,0.706485
0,92,14.3375,0,0,0.0147677299,-0.00108361125,0.436047597,0.706485
0,93,14.4925,0,0,0.0359645503,0.00449089406,-1.80714585,0.706485
0,94,14.6475,0,0,-0.0508458004,-0.003390205,1.3642261,0.706485
0,95,14.8025,0,0,0.0236734523,0.000279180111,-0.112342703,0.706485
0,96,14.9575,0,0,0.0146968109,0.0025571858,-1.0290173,0.706485
0,97,15.1125,0,0,-0.00835650833,0.00126192701,-0.507802259,0.706485
0,98,15.2675,0,0,-0.0133878984,-0.000813197246,0.327232397,0.706485
0,99,15.4225,0,0,0.00807296432,0.000438112224,-0.176297342,0.706485
0,100,15.5775,0,0,0.00671737262,0.00147930498,-0.595275644,0.706485
0,101,15.7325,0,0,-0.0286624312,-0.00296337185,1.19246748,0.706485
0,102,15.8875,0,0,0.0198152128,0.000107986132,-0.043453862,0.706485
0,103,16.0425,0,0,0.0228674746,0.00365244469,-1.46975194,0.706485
0,104,16.1975,0,0,-0.0432152723,-0.00304592251,1.22568605,0.706485
0,105,16.3525,0,0,0.0250866899,0.000842514422,-0.339029694,0.706485
0,106,16.5075,0,0,0.0154746479,0.00324108485,-1.30421982,0.706485
0,107,16.6625,0,0,-0.0332186852,-0.00190781135,0.767707569,0.706485
0,108,16.8175,0,0,0.0145176854,0.000342429887,-0.137794555,0.706485
0,109,16.9725,0,0,-0.00378049223,-0.000243546409,0.0980036216,0.706485
0,110,17.1275,0,0,-0.0108199448,-0.00192063786,0.772868984,0.706485
0,111,17.2825,0,0,0.00516078033,-0.00112071691,0.450978998,0.706485
0,112,17.4375,0,0,0.012870476,0.00087420688,-0.351782811,0.706485
0,113,17.5925,0,0,0.021313673,0.0041778262,-1.68116664,0.706485
0,114,17.7475,0,0,-0.034596409,-0.00118461719,0.476692614,0.706485
0,115,17.9025,0,0,0.0154608525,0.00121181496,-0.487637058,0.706485
0,116,18.0575,0,0,0.0162248558,0.00372666761,-1.49961941,0.706485
0,117,18.2125,0,0,-0.0338196789,-0.00151538262,0.609793366,0.706485
0,118,18.3675,0,0,0.0142226008,0.000689120501,-0.277303636,0.706485
0,119,18.5225,0,0,-0.0330101976,-0.00442746013,1.78161989,0.706485
0,120,18.6775,0,0,0.015346152,-0.00204880657,0.82444436,0.706485
0,121,18.8325,0,0,0.0195728824,0.000984990214,-0.396362273,0.706485
0,122,18.9875,0,0,-0.00471333536,0.000254423233,-0.10238048,0.706485
0,123,19.1425,0,0,-0.0109798485,-0.00144745328,0.58245845,0.706485
0,124,19.2975,0,0,0.0108945417,0.000241200681,-0.0970596954,0.706485
0,125,19.4525,0,0,0.00648592249,0.00124651867,-0.501601909,0.706485
0,126,19.6075,0,0,0.00570569303,0.00213090109,-0.857479379,0.706485
0,127,19.7625,0,0,-0.0203281484,-0.00101996192,0.410434966,0.706485
1,0,0.0775,0,0,0,-0.00200559011,0.807053962,0.734575
1,1,0.2325,0,0,0.0112905438,-0.000255555826,0.102836238,0.734575
1,2,0.3875,0,0,-0.00737235572,-0.00139827096,0.562667373,0.734575
1,3,0.5425,0,0,0.0167749408,0.00120184486,-0.483625067,0.734575
1,4,0.6975,0,0,-0.0134220886,-0.000878578871,0.353542109,0.734575
1,5,0.8525,0,0,0.0156512274,0.00154736138,-0.62266169,0.734575
1,6,1.0075,0,0,0.0305524894,0.00628299723,-2.52829218,0.734575
1,7,1.1625,0,0,-0.0386926423,0.000285637668,-0.114941238,0.734575
1,8,1.3175,0,0,0.0129107391,0.00228680223,-0.92021435,0.734575
1,9,1.4725,0,0,-0.0218195069,-0.00109522133,0.440719523,0.734575
1,10,1.6275,0,0,0.0133108893,0.000967966513,-0.389511897,0.734575
1,11,1.7825,0,0,0.00628984928,0.00194289315,-0.781824564,0.734575
1,12,1.9375,0,0,-0.00676655222,0.000894077556,-0.359778815,0.734575
1,13,2.0925,0,0,0.0229328521,0.00444866963,-1.79015464,0.734575
1,14,2.2475,0,0,-0.0348593447,-0.000954528802,0.384104532,0.734575
1,15,2.4025,0,0,0.036499768,0.00470293523,-1.89247169,0.734575
1,16,2.5575,0,0,-0.0617563114,-0.00486929303,1.95941444,0.734575
1,17,2.7125,0,0,0.0358754003,0.000691394011,-0.278218502,0.734575
1,18,2.8675,0,0,-0.0293376273,-0.00385593822,1.55163819,0.734575
1,19,3.0225,0,0,0.0192844759,-0.000866844453,0.348820153,0.734575
1,20,3.1775,0,0,-0.00103815979,-0.00102775922,0.413572616,0.734575
1,21,3.3325,0,0,0.00310443274,-0.000546572145,0.219941858,0.734575
1,22,3.4875,0,0,0.00652449811,0.000464725063,-0.187006408,0.734575
1,23,3.6425,0,0,-0.0227446256,-0.00306069191,1.23162929,0.734575
1,24,3.7975,0,0,0.0152130121,-0.000702675034,0.282758011,0.734575
1,25,3.9525,0,0,-0.0148717967,-0.00300780352,1.21034688,0.734575
1,26,4.1075,0,0,0.011914192,-0.00116110375,0.467230755,0.734575
1,27,4.2625,0,0,0.0098615426,0.000367435352,-0.14785681,0.734575
1,28,4.4175,0,0,-0.00695324279,-0.00071031728,0.285833268,0.734575
1,29,4.5725,0,0,0.016448794,0.00183924578,-0.740116631,0.734575
1,30,4.7275,0,0,-0.010505442,0.000210902269,-0.0848675463,0.734575
1,31,4.8825,0,0,0.0133501593,0.00228017696,-0.917548325,0.734575
1,32,5.0375,0,0,0.0136628243,0.00439791472,-1.76973075,0.734575
1,33,5.1925,0,0,-0.021482578,0.00106811513,-0.429811924,0.734575
1,34,5.3475,0,0,0.0166492945,0.00364875578,-1.46826751,0.734575
1,35,5.5025,0,0,-0.0350553561,-0.00178482441,0.718217348,0.734575
1,36,5.6575,0,0,0.0209953814,0.00146945971,-0.591313886,0.734575
1,37,5.8125,0,0,-0.0172241314,-0.00120028065,0.482995627,0.734575
1,38,5.9675,0,0,0.0168907836,0.00141779081,-0.570522202,0.734575
1,39,6.1225,0,0,0.0338999272,0.00667227953,-2.68494026,0.734575
1,40,6.2775,0,0,-0.0460469223,-0.000464993427,0.187114399,0.734575
1,41,6.4325,0,0,-0.0465080604,-0.0076737428,3.08793132,0.734575
1,42,6.5875,0,0,0.030378803,-0.00296502833,1.19313405,0.734575
1,43,6.7425,0,0,0.00707209941,-0.00186885292,0.75203061,0.734575
1,44,6.8975,0,0,-0.00472308457,-0.00260093103,1.04662048,0.734575
1,45,7.0525,0,0,0.0141357537,-0.000409889205,0.164940336,0.734575
1,46,7.2075,0,0,-0.00311785326,-0.000893156461,0.359408164,0.734575
1,47,7.3625,0,0,0.00501219178,-0.000116266736,0.0467859953,0.734575
1,48,7.5175,0,0,0.0113774257,0.00164723425,-0.662850759,0.734575
1,49,7.6725,0,0,-0.0202918373,-0.00149800053,0.602798776,0.734575
1,50,7.8275,0,0,0.0198108694,0.00157268422,-0.632851661,0.734575
1,51,7.9825,0,0,-0.0233905206,-0.00205284648,0.82607003,0.734575
1,52,8.1375,0,0,0.0153825078,0.000331442237,-0.1333731,0.734575
1,53,8.2925,0,0,-0.00344980233,-0.000203277123,0.0817991706,0.734575
1,54,8.4475,0,0,0.00550161017,0.000649472453,-0.261349173,0.734575
1,55,8.6025,0,0,0.0127777585,0.00263002502,-1.05832797,0.734575
1,56,8.7575,0,0,-0.00787146614,0.00140994777,-0.567366145,0.734575
1,57,8.9125,0,0,0.0136185432,0.00352082197,-1.41678666,0.734575
1,58,9.0675,0,0,-0.0730499858,-0.00780192583,3.13951246,0.734575
1,59,9.2225,0,0,0.0631449903,0.00198554766,-0.798988834,0.734575
1,60,9.3775,0,0,-0.0520005769,-0.00607454176,2.44440924,0.734575
1,61,9.5325,0,0,0.0293919366,-0.00151879158,0.61116514,0.734575
1,62,9.6875,0,0,-0.00923497676,-0.00295021298,1.18717232,0.734575
1,63,9.8425,0,0,0.00941170971,-0.00149139797,0.600141891,0.734575
1,64,9.9975,0,0,0.0220665528,0.00192891772,-0.776200819,0.734575
1,65,10.1525,0,0,-0.0294821848,-0.00264082092,1.06267226,0.734575
1,66,10.3075,0,0,0.0287308883,0.00181246676,-0.729340692,0.734575
1,67,10.4625,0,0,-0.0359654082,-0.00376217151,1.51390626,0.734575
1,68,10.6175,0,0,0.0178368237,-0.000997463831,0.401381684,0.734575
1,69,10.7725,0,0,-0.00496071197,-0.00176637419,0.710792937,0.734575
1,70,10.9275,0,0,0.00359629673,-0.00120894819,0.486483466,0.734575
1,71,11.0825,0,0,0.00808189261,4.37451608e-05,-0.0176031509,0.734575
1,72,11.2375,0,0,-0.00122959987,-0.000146842819,0.05908988,0.734575
1,73,11.3925,0,0,0.00856417602,0.00118060446,-0.475077886,0.734575
1,74,11.5475,0,0,0.00832233653,0.00247056663,-0.994161555,0.734575
1,75,11.7025,0,0,-0.00705912019,0.001376403,-0.553867655,0.734575
1,76,11.8575,0,0,0.013503102,0.0034693838,-1.39608783,0.734575
1,77,12.0125,0,0,-0.0337741987,-0.001765617,0.710488242,0.734575
1,78,12.1675,0,0,0.0281884295,0.00260358957,-1.04769029,0.734575
1,79,12.3225,0,0,-0.0280083278,-0.00173770123,0.699254876,0.734575
1,80,12.4775,0,0,0.0197624648,0.00132548082,-0.533376455,0.734575
1,81,12.6325,0,0,0.00775104426,0.00252689268,-1.01682728,0.734575
1,82,12.7875,0,0,-0.00972409619,0.00101965777,-0.410312573,0.734575
1,83,12.9425,0,0,0.0272727986,0.00524694155,-2.11138106,0.734575
1,84,13.0975,0,0,-0.0477817341,-0.00215922724,0.868877887,0.734575
1,85,13.2525,0,0,-0.0244949045,-0.00595593744,2.39668259,0.734575
1,86,13.4075,0,0,0.0125111189,-0.00401671401,1.61633473,0.734575
1,87,13.5625,0,0,0.0142249154,-0.00181185213,0.729093363,0.734575
1,88,13.7175,0,0,-0.0052390441,-0.00262390396,1.05586484,0.734575
1,89,13.8725,0,0,0.0118266633,-0.000790771152,0.318208086,0.734575
1,90,14.0275,0,0,0.00462319179,-7.41764243e-05,0.0298487596,0.734575
1,91,14.1825,0,0,-0.00124104004,-0.00026653763,0.10725534,0.734575
1,92,14.3375,0,0,0.00833902094,0.00102601062,-0.412868974,0.734575
1,93,14.4925,0,0,-0.0136516148,-0.00108998967,0.43861429,0.734575
1,94,14.6475,0,0,0.0119724018,0.000765732613,-0.308132522,0.734575
1,95,14.8025,0,0,-0.0141885667,-0.00143349522,0.576841693,0.734575
1,96,14.9575,0,0,0.00827838904,-0.000150344917,0.0604991322,0.734575
1,97,15.1125,0,0,0.00568055397,0.000730140948,-0.293810356,0.734575
1,98,15.2675,0,0,-0.00484359841,-2.06168046e-05,0.00829624843,0.734575
1,99,15.4225,0,0,0.0116097303,0.00177889139,-0.715829887,0.734575
1,100,15.5775,0,0,0.00155013251,0.00201916193,-0.812515291,0.734575
1,101,15.7325,0,0,0.00309192767,0.00249841072,-1.00536608,0.734575
1,102,15.8875,0,0,0.015505277,0.00490172866,-1.97246661,0.734575
1,103,16.0425,0,0,-0.0460057751,-0.00222916648,0.897021593,0.734575
1,104,16.1975,0,0,0.0539372375,0.00613110534,-2.46717055,0.734575
1,105,16.3525,0,0,-0.0597042227,-0.00312304918,1.256722,0.734575
1,106,16.5075,0,0,0.00610027556,-0.00217750647,0.876233491,0.734575
1,107,16.6625,0,0,0.00218099629,-0.00183945205,0.740199631,0.734575
1,108,16.8175,0,0,0.00686030543,-0.000776104704,0.312306275,0.734575
1,109,16.9725,0,0,0.00717479336,0.000335988267,-0.135202433,0.734575
1,110,17.1275,0,0,-0.00736097781,-0.000804963293,0.323919036,0.734575
1,111,17.2825,0,0,0.0038743348,-0.000204441399,0.0822676779,0.734575
1,112,17.4375,0,0,-0.0157486837,-0.00264548737,1.06455006,0.734575
1,113,17.5925,0,0,0.00878288745,-0.00128413982,0.516740744,0.734575
1,114,17.7475,0,0,-0.00620738937,-0.00224628517,0.903910193,0.734575
1,115,17.9025,0,0,0.00585566221,-0.00133865752,0.538678792,0.734575
1,116,18.0575,0,0,0.00699252848,-0.00025481561,0.102538373,0.734575
1,117,18.2125,0,0,0.00151890288,-1.93856633e-05,0.00780083443,0.734575
1,118,18.3675,0,0,0.00447590443,0.000674379524,-0.271371834,0.734575
1,119,18.5225,0,0,0.00293240149,0.00112890175,-0.4542726,0.734575
1,120,18.6775,0,0,0.00488655647,0.00188631801,-0.7590586,0.734575
1,121,18.8325,0,0,0.00721871583,0.00300521896,-1.20930685,0.734575
1,122,18.9875,0,0,-0.0105611728,0.00136823718,-0.550581712,0.734575
1,123,19.1425,0,0,0.000657896987,0.00147021121,-0.591616291,0.734575
1,124,19.2975,0,0,-0.0310570291,-0.0033436283,1.34548353,0.734575
1,125,19.4525,0,0,0.0181108099,-0.000536452761,0.215869795,0.734575
1,126,19.6075,0,0,0.00699955213,0.000548477819,-0.220708705,0.734575
1,127,19.7625,0,0,-0.00696664975,-0.000531352893,0.213817596,0.734575
2,0,0.0775,0,0,0,-0.00200559011,0.807053962,0.695579
2,1,0.2325,0,0,0.0112905438,-0.000255555826,0.102836238,0.695579
2,2,0.3875,0,0,-0.00737235572,-0.00139827096,0.562667373,0.695579
2,3,0.5425,0,0,0.0167749408,0.00120184486,-0.483625067,0.695579
2,4,0.6975,0,0,-0.0134220886,-0.000878578871,0.353542109,0.695579
2,5,0.8525,0,0,0.0156512274,0.00154736138,-0.62266169,0.695579
2,6,1.0075,0,0,0.0305524894,0.00628299723,-2.52829218,0.695579
2,7,1.1625,0,0,-0.0386926423,0.000285637668,-0.114941238,0.695579
2,8,1.3175,0,0,0.0129107391,0.00228680223,-0.92021435,0.695579
2,9,1.4725,0,0,-0.0218195069,-0.00109522133,0.440719523,0.695579
2,10,1.6275,0,0,0.0133108893,0.000967966513,-0.389511897,0.695579
2,11,1.7825,0,0,0.00628984928,0.00194289315,-0.781824564,0.695579
2,12,1.9375,0,0,-0.00676655222,0.000894077556,-0.359778815,0.695579
2,13,2.0925,0,0,0.0229328521,0.00444866963,-1.79015464,0.695579
2,14,2.2475,0,0,-0.0348593447,-0.000954528802,0.384104532,0.695579
2,15,2.4025,0,0,0.036499768,0.00470293523,-1.89247169,0.695579
2,16,2.5575,0,0,-0.0617563114,-0.00486929303,1.95941444,0.695579
2,17,2.7125,0,0,0.0358754003,0.000691394011,-0.278218502,0.695579
2,18,2.8675,0,0,-0.0293376273,-0.00385593822,1.55163819,0.695579
2,19,3.0225,0,0,0.0192844759,-0.000866844453,0.348820153,0.695579
2,20,3.1775,0,0,-0.00103815979,-0.00102775922,0.413572616,0.695579
2,21,3.3325,0,0,0.00310443274,-0.000546572145,0.219941858,0.695579
2,22,3.4875,0,0,0.00652449811,0.000464725063,-0.187006408,0.695579
2,23,3.6425,0,0,-0.0227446256,-0.00306069191,1.23162929,0.695579
2,24,3.7975,0,0,0.0152130121,-0.000702675034,0.282758011,0.695579
2,25,3.9525,0,0,-0.0148717967,-0.00300780352,1.21034688,0.695579
2,26,4.1075,0,0,0.011914192,-0.00116110375,0.467230755,0.695579
2,27,4.2625,0,0,0.0098615426,0.000367435352,-0.14785681,0.695579
2,28,4.4175,0,0,-0.00695324279,-0.00071031728,0.285833268,0.695579
2,29,4.5725,0,0,0.016448794,0.00183924578,-0.740116631,0.695579
2,30,4.7275,0,0,-0.010505442,0.000210902269,-0.0848675463,0.695579
2,31,4.8825,0,0,0.0133501593,0.00228017696,-0.917548325,0.695579
2,32,5.0375,0,0,0.0136628243,0.00439791472,-1.76973075,0.695579
2,33,5.1925,0,0,-0.021482578,0.00106811513,-0.429811924,0.695579
2,34,5.3475,0,0,0.0166492945,0.00364875578,-1.46826751,0.695579
2,35,5.5025,0,0,-0.0350553561,-0.00178482441,0.718217348,0.695579
2,36,5.6575,0,0,0.0209953814,0.00146945971,-0.591313886,0.695579
2,37,5.8125,0,0,-0.0172241314,-0.00120028065,0.482995627,0.695579
2,38,5.9675,0,0,0.0168907836,0.00141779081,-0.570522202,0.695579
2,39,6.1225,0,0,0.0338999272,0.00667227953,-2.68494026,0.695579
2,40,6.2775,0,0,-0.0460469223,-0.000464993427,0.187114399,0.695579
2,41,6.4325,0,0,-0.0465080604,-0.0076737428,3.08793132,0.695579
2,42,6.5875,0,0,0.030378803,-0.00296502833,1.19313405,0.695579
2,43,6.7425,0,0,0.00707209941,-0.00186885292,0.75203061,0.695579
2,44,6.8975,0,0,-0.00472308457,-0.00260093103,1.04662048,0.695579
2,45,7.0525,0,0,0.0141357537,-0.000409889205,0.164940336,0.695579
2,46,7.2075,0,0,-0.00311785326,-0.000893156461,0.359408164,0.695579
2,47,7.3625,0,0,0.00501219178,-0.000116266736,0.0467859953,0.695579
2,48,7.5175,0,0,0.0113774257,0.00164723425,-0.662850759,0.695579
2,49,7.6725,0,0,-0.0202918373,-0.00149800053,0.602798776,0.695579
2,50,7.8275,0,0,0.0198108694,0.00157268422,-0.632851661,0.695579
2,51,7.9825,0,0,-0.0233905206,-0.00205284648,0.82607003,0.695579
2,52,8.1375,0,0,0.0153825078,0.000331442237,-0.1333731,0.695579
2,53,8.2925,0,0,-0.00344980233,-0.000203277123,0.0817991706,0.695579
2,54,8.4475,0,0,0.00550161017,0.000649472453,-0.261349173,0.695579
2,55,8.6025,0,0,0.0127777585,0.00263002502,-1.05832797,0.695579
2,56,8.7575,0,0,-0.00787146614,0.00140994777,-0.567366145,0.695579
2,57,8.9125,0,0,0.0136185432,0.00352082197,-1.41678666,0.695579
2,58,9.0675,0,0,-0.0730499858,-0.00780192583,3.13951246,0.695579
2,59,9.2225,0,0,0.0631449903,0.00198554766,-0.798988834,0.695579
2,60,9.3775,0,0,-0.0520005769,-0.00607454176,2.44440924,0.695579
2,61,9.5325,0,0,0.0293919366,-0.00151879158,0.61116514,0.695579
2,62,9.6875,0,0,-0.00923497676,-0.00295021298,1.18717232,0.695579
2,63,9.8425,0,0,0.00941170971,-0.00149139797,0.600141891,0.695579
2,64,9.9975,0,0,0.0220665528,0.00192891772,-0.776200819,0.695579
2,65,10.1525,0,0,-0.0294821848,-0.00264082092,1.06267226,0.695579
2,66,10.3075,0,0,0.0287308883,0.00181246676,-0.729340692,0.695579
2,67,10.4625,0,0,-0.0359654082,-0.00376217151,1.51390626,0.695579
2,68,10.6175,0,0,0.0178368237,-0.000997463831,0.401381684,0.695579
2,69,10.7725,0,0,-0.00496071197,-0.00176637419,0.710792937,0.695579
2,70,10.9275,0,0,0.00359629673,-0.00120894819,0.486483466,0.695579
2,71,11.0825,0,0,0.00808189261,4.37451608e-05,-0.0176031509,0.695579
2,72,11.2375,0,0,-0.00122959987,-0.000146842819,0.05908988,0.695579
2,73,11.3925,0,0,0.00856417602,0.00118060446,-0.475077886,0.695579
2,74,11.5475,0,0,0.00832233653,0.00247056663,-0.994161555,0.695579
2,75,11.7025,0,0,-0.00705912019,0.001376403,-0.553867655,0.695579
2,76,11.8575,0,0,0.013503102,0.0034693838,-1.39608783,0.695579
2,77,12.0125,0,0,-0.0337741987,-0.001765617,0.710488242,0.695579
2,78,12.1675,0,0,0.0281884295,0.00260358957,-1.04769029,0.695579
2,79,12.3225,0,0,-0.0280083278,-0.00173770123,0.699254876,0.695579
2,80,12.4775,0,0,0.0197624648,0.00132548082,-0.533376455,0.695579
2,81,12.6325,0,0,0.00775104426,0.00252689268,-1.01682728,0.695579
2,82,12.7875,0,0,-0.00972409619,0.00101965777,-0.410312573,0.695579
2,83,12.9425,0,0,0.0272727986,0.00524694155,-2.11138106,0.695579
2,84,13.0975,0,0,-0.0477817341,-0.00215922724,0.868877887,0.695579
2,85,13.2525,0,0,-0.0244949045,-0.00595593744,2.39668259,0.695579
2,86,13.4075,0,0,0.0125111189,-0.00401671401,1.61633473,0.695579
2,87,13.5625,0,0,0.0142249154,-0.00181185213,0.729093363,0.695579
2,88,13.7175,0,0,-0.0052390441,-0.00262390396,1.05586484,0.695579
2,89,13.8725,0,0,0.0118266633,-0.000790771152,0.318208086,0.695579
2,90,14.0275,0,0,0.00462319179,-7.41764243e-05,0.0298487596,0.695579
2,91,14.1825,0,0,-0.00124104004,-0.00026653763,0.10725534,0.695579
2,92,14.3375,0,0,0.00833902094,0.00102601062,-0.412868974,0.695579
2,93,14.4925,0,0,-0.0136516148,-0.00108998967,0.43861429,0.695579
2,94,14.6475,0,0,0.0119724018,0.000765732613,-0.308132522,0.695579
2,95,14.8025,0,0,-0.0141885667,-0.00143349522,0.576841693,0.695579
2,96,14.9575,0,0,0.00827838904,-0.000150344917,0.0604991322,0.695579
2,97,15.1125,0,0,0.00568055397,0.000730140948,-0.293810356,0.695579
2,98,15.2675,0,0,-0.00484359841,-2.06168046e-05,0.00829624843,0.695579
2,99,15.4225,0,0,0.0116097303,0.00177889139,-0.715829887,0.695579
2,100,15.5775,0,0,0.00155013251,0.00201916193,-0.812515291,0.695579
2,101,15.7325,0,0,0.00309192767,0.00249841072,-1.00536608,0.695579
2,102,15.8875,0,0,0.015505277,0.00490172866,-1.97246661,0.695579
2,103,16.0425,0,0,-0.0460057751,-0.00222916648,0.897021593,0.695579
2,104,16.1975,0,0,0.0539372375,0.00613110534,-2.46717055,0.695579
2,105,16.3525,0,0,-0.0597042227,-0.00312304918,1.256722,0.695579
2,106,16.5075,0,0,0.00610027556,-0.00217750647,0.876233491,0.695579
2,107,16.6625,0,0,0.00218099629,-0.00183945205,0.740199631,0.695579
2,108,16.8175,0,0,0.00686030543,-0.000776104704,0.312306275,0.695579
2,109,16.9725,0,0,0.00717479336,0.000335988267,-0.135202433,0.695579
2,110,17.1275,0,0,-0.00736097781,-0.000804963293,0.323919036,0.695579
2,111,17.2825,0,0,0.0038743348,-0.000204441399,0.0822676779,0.695579
2,112,17.4375,0,0,-0.0157486837,-0.00264548737,1.06455006,0.695579
2,113,17.5925,0,0,0.00878288745,-0.00128413982,0.516740744,0.695579
2,114,17.7475,0,0,-0.00620738937,-0.00224628517,0.903910193,0.695579
2,115,17.9025,0,0,0.00585566221,-0.00133865752,0.538678792,0.695579
2,116,18.0575,0,0,0.00699252848,-0.00025481561,0.102538373,0.695579
2,117,18.2125,0,0,0.00151890288,-1.93856633e-05,0.00780083443,0.695579
2,118,18.3675,0,0,0.00447590443,0.000674379524,-0.271371834,0.695579
2,119,18.5225,0,0,0.00293240149,0.00112890175,-0.4542726,0.695579
2,120,18.6775,0,0,0.00488655647,0.00188631801,-0.7590586,0.695579
2,121,18.8325,0,0,0.00721871583,0.00300521896,-1.20930685,0.695579
2,122,18.9875,0,0,-0.0105611728,0.00136823718,-0.550581712,0.695579
2,123,19.1425,0,0,0.000657896987,0.00147021121,-0.591616291,0.695579
2,124,19.2975,0,0,-0.0310570291,-0.0033436283,1.34548353,0.695579
2,125,19.4525,0,0,0.0181108099,-0.000536452761,0.215869795,0.695579
2,126,19.6075,0,0,0.00699955213,0.000548477819,-0.220708705,0.695579
2,127,19.7625,0,0,-0.00696664975,-0.000531352893,0.213817596,0.695579
3,0,0.0775,0,0,0,-0.000860676734,0.346338249,0.713941
3,1,0.2325,0,0,0.00839331418,0.000440286964,-0.177172462,0.713941
3,2,0.3875,0,0,-0.0111137735,-0.00128234794,0.516019687,0.713941
3,3,0.5425,0,0,0.0078105412,-7.17140493e-05,0.0288578944,0.713941
3,4,0.6975,0,0,0.00139247038,0.00014411886,-0.0579937528,0.713941
3,5,0.8525,0,0,-0.00531502938,-0.000679710694,0.273517109,0.713941
3,6,1.0075,0,0,0.012332084,0.00123176233,-0.495663926,0.713941
3,7,1.1625,0,0,-0.00500942016,0.000455302205,-0.183214629,0.713941
3,8,1.3175,0,0,-0.00303560782,-1.52170071e-05,0.00612335781,0.713941
3,9,1.4725,0,0,0.011787967,0.00181191788,-0.72911982,0.713941
3,10,1.6275,0,0,-0.017841222,-0.000953471539,0.383679087,0.713941
3,11,1.7825,0,0,0.0054063126,-0.000115493086,0.046474677,0.713941
3,12,1.9375,0,0,0.00809630664,0.00113943444,-0.458510977,0.713941
3,13,2.0925,0,0,-0.0145868394,-0.00112152566,0.451304442,0.713941
3,14,2.2475,0,0,0.0150555459,0.00121208396,-0.487745305,0.713941
3,15,2.4025,0,0,-0.0265756983,-0.00290714928,1.16984339,0.713941
3,16,2.5575,0,0,0.0184982735,-3.99168855e-05,0.0160626443,0.713941
3,17,2.7125,0,0,0.00527425858,0.000777593194,-0.312905246,0.713941
3,18,2.8675,0,0,-0.0175139909,-0.00193707539,0.779483483,0.713941
3,19,3.0225,0,0,0.00844545799,-0.0006280294,0.25272044,0.713941
3,20,3.1775,0,0,0.00361596419,-6.755495e-05,0.0271842635,0.713941
3,21,3.3325,0,0,-0.00573604737,-0.000956642293,0.384955005,0.713941
3,22,3.4875,0,0,0.00442826972,-0.000270260486,0.108753426,0.713941
3,23,3.6425,0,0,0.00219083849,6.93194805e-05,-0.0278943145,0.713941
3,24,3.7975,0,0,-0.00316995848,-0.000422024084,0.169823438,0.713941
3,25,3.9525,0,0,0.011125839,0.00130248096,-0.524121261,0.713941
3,26,4.1075,0,0,-0.0105427431,-0.000331644223,0.13345438,0.713941
3,27,4.2625,0,0,-0.000590236346,-0.000423130857,0.170268806,0.713941
3,28,4.4175,0,0,0.00131303204,-0.00021961089,0.0883719151,0.713941
3,29,4.5725,0,0,-0.0141460263,-0.00241224496,0.970692787,0.713941
3,30,4.7275,0,0,0.0168927569,0.000206132359,-0.0829481239,0.713941
3,31,4.8825,0,0,-0.00958004512,-0.00127877463,0.514581783,0.713941
3,32,5.0375,0,0,0.0162119307,0.00123407463,-0.4965944,0.713941
3,33,5.1925,0,0,0.00182599996,0.00151710462,-0.610486305,0.713941
3,34,5.3475,0,0,-0.00195968611,0.00121335328,-0.488256081,0.713941
3,35,5.5025,0,0,-0.00726681223,8.69973797e-05,-0.0350079408,0.713941
3,36,5.6575,0,0,-0.0121943627,-0.00180312885,0.725583094,0.713941
3,37,5.8125,0,0,0.0113747318,-4.00454186e-05,0.0161143663,0.713941
3,38,5.9675,0,0,0.00427227151,0.000622156666,-0.250357239,0.713941
3,39,6.1225,0,0,0.00987798174,0.00215324384,-0.866470152,0.713941
3,40,6.2775,0,0,0.00183498635,0.00243766672,-0.980922559,0.713941
3,41,6.4325,0,0,-0.00943480425,0.000975272061,-0.392451666,0.713941
3,42,6.5875,0,0,-0.0112208968,-0.000763966939,0.307422011,0.713941
3,43,6.7425,0,0,0.00731733469,0.000370219938,-0.148977334,0.713941
3,44,6.8975,0,0,-0.00959010225,-0.00111624591,0.44917986,0.713941
3,45,7.0525,0,0,0.00127304513,-0.000918923916,0.369777046,0.713941
3,46,7.2075,0,0,-0.00710950164,-0.00202089667,0.813213356,0.713941
3,47,7.3625,0,0,-0.00839918536,-0.0033227704,1.33709027,0.713941
3,48,7.5175,0,0,0.0443130689,0.00354575529,-1.42681988,0.713941
3,49,7.6725,0,0,-0.0173774856,0.000852245017,-0.342945308,0.713941
3,50,7.8275,0,0,-0.00571411991,-3.34435684e-05,0.013457767,0.713941
3,51,7.9825,0,0,0.0106546619,0.00161802903,-0.651098512,0.713941
3,52,8.1375,0,0,-0.0458493613,-0.00548862197,2.2086338,0.713941
3,53,8.2925,0,0,0.0375472581,0.000331203042,-0.133276848,0.713941
3,54,8.4475,0,0,-0.0028994829,-0.000118216806,0.0475707082,0.713941
3,55,8.6025,0,0,-0.00467376176,-0.00084264988,0.339084203,0.713941
3,56,8.7575,0,0,0.0209907952,0.00241092337,-0.970160976,0.713941
3,57,8.9125,0,0,0.00178256523,0.00268722098,-1.08134375,0.713941
3,58,9.0675,0,0,-0.0181552963,-0.000126849947,0.0510447035,0.713941
3,59,9.2225,0,0,0.010910719,0.0015643115,-0.629482458,0.713941
3,60,9.3775,0,0,-0.0210336434,-0.00169590322,0.682435263,0.713941
3,61,9.5325,0,0,0.00469853617,-0.000967630117,0.389376531,0.713941
3,62,9.6875,0,0,0.03822993,0.00495800903,-1.99511396,0.713941
3,63,9.8425,0,0,-0.062858094,-0.00478499554,1.92549294,0.713941
3,64,9.9975,0,0,0.0488200006,0.00278210455,-1.11952511,0.713941
3,65,10.1525,0,0,-0.051874098,-0.00525838064,2.11598417,0.713941
3,66,10.3075,0,0,0.0296183373,-0.000667538359,0.268618934,0.713941
3,67,10.4625,0,0,0.0203765111,0.00249082086,-1.00231191,0.713941
3,68,10.6175,0,0,-0.0480685508,-0.00495980451,1.99583646,0.713941
3,69,10.7725,0,0,0.0267547035,-0.000812825465,0.327082791,0.713941
3,70,10.9275,0,0,0.0428444859,0.00582806985,-2.34522839,0.713941
3,71,11.0825,0,0,-0.0680657828,-0.00472212649,1.9001943,0.713941
3,72,11.2375,0,0,0.040000195,0.00147790373,-0.594711779,0.713941
3,73,11.3925,0,0,0.012118853,0.00335632595,-1.3505931,0.713941
3,74,11.5475,0,0,-0.0260666359,-0.000684002609,0.275244185,0.713941
3,75,11.7025,0,0,0.0157060539,0.00175043575,-0.704379273,0.713941
3,76,11.8575,0,0,-0.0329150961,-0.00335140414,1.34861255,0.713941
3,77,12.0125,0,0,0.00883946025,-0.0019812878,0.797274659,0.713941
3,78,12.1675,0,0,0.0305981228,0.00276142123,-1.1112021,0.713941
3,79,12.3225,0,0,-0.0578485295,-0.00620510084,2.4969465,0.713941
3,80,12.4775,0,0,0.048900668,0.0013745027,-0.553102973,0.713941
3,81,12.6325,0,0,0.0258458081,0.00538060296,-2.1651667,0.713941
3,82,12.7875,0,0,-0.0434318662,-0.00135133631,0.543780763,0.713941
3,83,12.9425,0,0,0.0160175074,0.00113137734,-0.45526878,0.713941
3,84,13.0975,0,0,-0.0410794912,-0.0052359438,2.10695553,0.713941
3,85,13.2525,0,0,0.0213159445,-0.0019319724,0.777430031,0.713941
3,86,13.4075,0,0,0.0316200769,0.00296913952,-1.19478841,0.713941
3,87,13.5625,0,0,0.0296161954,0.00755964981,-3.04202005,0.713941
3,88,13.7175,0,0,-0.0502769128,-0.000233271674,0.0938690451,0.713941
3,89,13.8725,0,0,0.0162827887,0.00229056057,-0.921726714,0.713941
3,90,14.0275,0,0,-0.0212769214,-0.00100736224,0.405364828,0.713941
3,91,14.1825,0,0,0.00626589531,-3.61484706e-05,0.0145462257,0.713941
3,92,14.3375,0,0,-0.0350257619,-0.00546514157,2.19918523,0.713941
3,93,14.4925,0,0,0.00963743566,-0.00397133904,1.59807574,0.713941
3,94,14.6475,0,0,0.0343874578,0.00135871692,-0.546750739,0.713941
3,95,14.8025,0,0,0.0343687294,0.00668586998,-2.69040908,0.713941
3,96,14.9575,0,0,-0.0446220076,-0.000230541197,0.092770295,0.713941
3,97,15.1125,0,0,0.0149032732,0.00207946615,-0.836781845,0.713941
3,98,15.2675,0,0,-0.0228955509,-0.00146934424,0.59126742,0.713941
3,99,15.4225,0,0,0.00373353754,-0.00089064592,0.358397917,0.713941
3,100,15.5775,0,0,0.0420431388,0.0056260406,-2.26393136,0.713941
3,101,15.7325,0,0,-0.0662420526,-0.00464147756,1.86774099,0.713941
3,102,15.8875,0,0,0.0375680182,0.00118156526,-0.475464512,0.713941
3,103,16.0425,0,0,0.0108590421,0.00286471678,-1.15276846,0.713941
3,104,16.1975,0,0,-0.0220001757,-0.000545310449,0.219434149,0.713941
3,105,16.3525,0,0,-0.00132676664,-0.000750959278,0.302187699,0.713941
3,106,16.5075,0,0,-0.0188535913,-0.00367326593,1.47813045,0.713941
3,107,16.6625,0,0,0.00431498641,-0.00300444304,1.20899462,0.713941
3,108,16.8175,0,0,0.0688426662,0.00766617023,-3.0848841,0.713941
3,109,16.9725,0,0,-0.00420297992,0.00701470834,-2.82273438,0.713941
3,110,17.1275,0,0,-0.0316308647,0.00211192431,-0.849843082,0.713941
3,111,17.2825,0,0,0.00279949609,0.00254584621,-1.02445423,0.713941
3,112,17.4375,0,0,-0.0153737078,0.000162921493,-0.0655599745,0.713941
3,113,17.5925,0,0,-0.0100756343,-0.00139880182,0.56288099,0.713941
3,114,17.7475,0,0,-0.0149907754,-0.00372237201,1.49789085,0.713941
3,115,17.9025,0,0,0.0421712395,0.00281417011,-1.13242837,0.713941
3,116,18.0575,0,0,0.0109124664,0.00450560241,-1.81306452,0.713941
3,117,18.2125,0,0,-0.0106417847,0.00285612578,-1.14931143,0.713941
3,118,18.3675,0,0,-0.0136416558,0.000741669138,-0.298449325,0.713941
3,119,18.5225,0,0,-0.00981499328,-0.00077965482,0.313734849,0.713941
3,120,18.6775,0,0,-0.00772496761,-0.0019770248,0.795559216,0.713941
3,121,18.8325,0,0,-0.0157849937,-0.00442369883,1.78010634,0.713941
3,122,18.9875,0,0,-0.00918859623,-0.00584793124,2.35322066,0.713941
3,123,19.1425,0,0,0.0685676774,0.00478005876,-1.92350637,0.713941
3,124,19.2975,0,0,-0.00461921229,0.00406408085,-1.63539526,0.713941
3,125,19.4525,0,0,-0.0107140125,0.00240340892,-0.967137143,0.713941
3,126,19.6075,0,0,-0.0161766,-0.000103964079,0.0418353786,0.713941
3,127,19.7625,0,0,-0.00497816019,-0.000875578907,0.352334917,0.713941
4,0,0.0775,0,0,0,0.000182611587,-0.0734833125,0.747366
4,1,0.2325,0,0,-0.00294837473,-0.000274386496,0.110413742,0.747366
4,2,0.3875,0,0,0.00170310443,-1.04053089e-05,0.00418711964,0.747366
4,3,0.5425,0,0,0.00201851573,0.000302464629,-0.121712446,0.747366
4,4,0.6975,0,0,-0.00132190312,9.75696457e-05,-0.0392622444,0.747366
4,5,0.8525,0,0,-0.0038718155,-0.000502561757,0.202231979,0.747366
4,6,1.0075,0,0,0.00523681073,0.000309143906,-0.124400202,0.747366
4,7,1.1625,0,0,-2.69344026e-05,0.000304969074,-0.12272024,0.747366
4,8,1.3175,0,0,-0.00279722344,-0.00012860056,0.0517491539,0.747366
4,9,1.4725,0,0,-0.00341232674,-0.000657511204,0.264583984,0.747366
4,10,1.6275,0,0,0.00634673648,0.00032623295,-0.131276871,0.747366
4,11,1.7825,0,0,-0.00237157294,-4.13608559e-05,0.0166437012,0.747366
4,12,1.9375,0,0,0.00131325474,0.000162193628,-0.06526708,0.747366
4,13,2.0925,0,0,-0.00498393968,-0.000610317022,0.245592939,0.747366
4,14,2.2475,0,0,0.00647294486,0.000392989432,-0.158139829,0.747366
4,15,2.4025,0,0,-0.00280358394,-4.15660787e-05,0.0167262833,0.747366
4,16,2.5575,0,0,0.000382167643,1.76699059e-05,-0.0071104098,0.747366
4,17,2.7125,0,0,-0.00596832208,-0.000907420017,0.365147851,0.747366
4,18,2.8675,0,0,0.0110592148,0.000806758278,-0.324641342,0.747366
4,19,3.0225,0,0,-0.00470287353,7.78128815e-05,-0.0313120782,0.747366
4,20,3.1775,0,0,-0.00194467696,-0.000223612047,0.0899819896,0.747366
4,21,3.3325,0,0,5.06765543e-05,-0.000215757181,0.0868211739,0.747366
4,22,3.4875,0,0,0.00507789576,0.000571316661,-0.229899107,0.747366
4,23,3.6425,0,0,-0.00559304743,-0.00029560569,0.118952393,0.747366
4,24,3.7975,0,0,0.00162878764,-4.31436053e-05,0.0173610836,0.747366
4,25,3.9525,0,0,0.00348342717,0.000496787607,-0.199908448,0.747366
4,26,4.1075,0,0,-0.00432050711,-0.000172890996,0.0695717247,0.747366
4,27,4.2625,0,0,0.000576918342,-8.34686529e-05,0.0335879732,0.747366
4,28,4.4175,0,0,-0.00227833595,-0.000436610725,0.175693136,0.747366
4,29,4.5725,0,0,0.00208330396,-0.000113698612,0.0457525765,0.747366
4,30,4.7275,0,0,0.00271847839,0.000307665539,-0.123805303,0.747366
4,31,4.8825,0,0,-0.00295081219,-0.000149710351,0.0602437814,0.747366
4,32,5.0375,0,0,-0.00239612595,-0.000521109873,0.209695782,0.747366
4,33,5.1925,0,0,0.00666738164,0.000512334281,-0.206164465,0.747366
4,34,5.3475,0,0,-0.00386258741,-8.63667666e-05,0.0347541807,0.747366
4,35,5.5025,0,0,-0.00106988039,-0.000252198227,0.101485133,0.747366
4,36,5.6575,0,0,0.00630352265,0.000724847784,-0.291680375,0.747366
4,37,5.8125,0,0,-0.00347650693,0.000185989209,-0.0748424752,0.747366
4,38,5.9675,0,0,-0.00488750513,-0.000571574086,0.230002695,0.747366
4,39,6.1225,0,0,0.00515641205,0.000227669782,-0.0916148313,0.747366
4,40,6.2775,0,0,-0.00240274683,-0.000144755976,0.0582501295,0.747366
4,41,6.4325,0,0,-0.000441422088,-0.000213176399,0.0857826615,0.747366
4,42,6.5875,0,0,0.00385333972,0.000384091257,-0.154559184,0.747366
4,43,6.7425,0,0,-0.00162074901,0.00013287516,-0.0534692626,0.747366
4,44,6.8975,0,0,-0.00348642641,-0.000407520934,0.163987338,0.747366
4,45,7.0525,0,0,0.0049922981,0.000366285272,-0.147394016,0.747366
4,46,7.2075,0,0,-0.00475421977,-0.000370618793,0.149137834,0.747366
4,47,7.3625,0,0,0.00275985831,5.71592446e-05,-0.0230010083,0.747366
4,48,7.5175,0,0,-0.00176193455,-0.00021594061,0.0868949861,0.747366
4,49,7.6725,0,0,0.00566918303,0.000662782759,-0.26670527,0.747366
4,50,7.8275,0,0,-0.00855529941,-0.000663288649,0.266908841,0.747366
4,51,7.9825,0,0,0.00507532589,0.000123386863,-0.0496511505,0.747366
4,52,8.1375,0,0,-0.00118117917,-5.96959077e-05,0.0240217672,0.747366
4,53,8.2925,0,0,-0.00106755925,-0.000225167592,0.0906079443,0.747366
4,54,8.4475,0,0,0.0010361729,-6.45607918e-05,0.0259794075,0.747366
4,55,8.6025,0,0,0.00258557215,0.000336202891,-0.135288798,0.747366
4,56,8.7575,0,0,-0.000726767665,0.000223553903,-0.0899585922,0.747366
4,57,8.9125,0,0,-0.00247710251,-0.000160396986,0.064544107,0.747366
4,58,9.0675,0,0,-0.00159148296,-0.000407076845,0.163808636,0.747366
4,59,9.2225,0,0,0.00313663348,7.91013445e-05,-0.0318305585,0.747366
4,60,9.3775,0,0,-0.000995724396,-7.52359369e-05,0.0302751099,0.747366
4,61,9.5325,0,0,0.0041007737,0.000560383986,-0.225499774,0.747366
4,62,9.6875,0,0,-0.00440437959,-0.00012229485,0.0492117222,0.747366
4,63,9.8425,0,0,0.00115407344,5.65865333e-05,-0.022770548,0.747366
4,64,9.9975,0,0,-0.00130025046,-0.000144952288,0.0583291259,0.747366
4,65,10.1525,0,0,-0.000688309826,-0.000251640311,0.101260626,0.747366
4,66,10.3075,0,0,-1.11398863e-06,-0.000251812979,0.101330108,0.747366
4,67,10.4625,0,0,0.00269762084,0.000166318251,-0.0669268373,0.747366
4,68,10.6175,0,0,0.00145582037,0.000391970407,-0.157729772,0.747366
4,69,10.7725,0,0,-0.00151726405,0.000156794479,-0.0630944503,0.747366
4,70,10.9275,0,0,-0.00314492937,-0.000330669573,0.133062178,0.747366
4,71,11.0825,0,0,0.000975747919,-0.000179428646,0.0722024897,0.747366
4,72,11.2375,0,0,-0.00103359174,-0.000339635365,0.136670033,0.747366
4,73,11.3925,0,0,0.00266580162,7.35638855e-05,-0.0296022726,0.747366
4,74,11.5475,0,0,0.00399840563,0.000693316758,-0.278992219,0.747366
4,75,11.7025,0,0,-0.00435014575,1.90441669e-05,-0.0076634155,0.747366
4,76,11.8575,0,0,-0.00197024019,-0.000286343063,0.115225091,0.747366
4,77,12.0125,0,0,0.000477068679,-0.000212397418,0.0854691976,0.747366
4,78,12.1675,0,0,0.000661725403,-0.00010982998,0.0441958305,0.747366
4,79,12.3225,0,0,-0.000855375582,-0.000242413196,0.0975476139,0.747366
4,80,12.4775,0,0,0.0056899714,0.000639532371,-0.257349261,0.747366
4,81,12.6325,0,0,-0.00102895989,0.000480043588,-0.193170617,0.747366
4,82,12.7875,0,0,-0.0071658291,-0.000630659923,0.253778968,0.747366
4,83,12.9425,0,0,0.0023605228,-0.000264778888,0.106547619,0.747366
4,84,13.0975,0,0,0.00262775697,0.000142523442,-0.0573517529,0.747366
4,85,13.2525,0,0,-0.00254036179,-0.000251232636,0.101096577,0.747366
4,86,13.4075,0,0,0.00216783521,8.47818217e-05,-0.0341163953,0.747366
4,87,13.5625,0,0,0.00331642168,0.000598827183,-0.240969402,0.747366
4,88,13.7175,0,0,-0.00149750601,0.000366713752,-0.147566437,0.747366
4,89,13.8725,0,0,-0.00657875445,-0.000652993188,0.262765924,0.747366
4,90,14.0275,0,0,0.00386623119,-5.37273541e-05,0.0216200079,0.747366
4,91,14.1825,0,0,-0.0016079325,-0.000302956891,0.121910533,0.747366
4,92,14.3375,0,0,0.00333332694,0.000213708785,-0.0859968949,0.747366
4,93,14.4925,0,0,0.000767828849,0.000332722257,-0.133888183,0.747366
4,94,14.6475,0,0,-0.00275858513,-9.48584379e-05,0.0381712483,0.747366
4,95,14.8025,0,0,0.00256129245,0.000302141892,-0.121582575,0.747366
4,96,14.9575,0,0,-0.00595243205,-0.000620485075,0.249684587,0.747366
4,97,15.1125,0,0,0.0059446445,0.000300934822,-0.121096848,0.747366
4,98,15.2675,0,0,-0.00263397301,-0.000107330995,0.0431902331,0.747366
4,99,15.4225,0,0,0.00448191891,0.000587366436,-0.236357572,0.747366
4,100,15.5775,0,0,-0.00659861765,-0.000435419299,0.175213703,0.747366
4,101,15.7325,0,0,0.00251448666,-4.56738669e-05,0.0183792665,0.747366
4,102,15.8875,0,0,-3.15019789e-05,-5.05566736e-05,0.0203441189,0.747366
4,103,16.0425,0,0,-0.00459134638,-0.000762215363,0.306717173,0.747366
4,104,16.1975,0,0,0.00986873332,0.000767438302,-0.308818895,0.747366
4,105,16.3525,0,0,-0.00620860454,-0.000194895402,0.0784263472,0.747366
4,106,16.5075,0,0,0.00582702982,0.000708294219,-0.285019183,0.747366
4,107,16.6625,0,0,-0.008230213,-0.000567388796,0.228318525,0.747366
4,108,16.8175,0,0,0.00129264981,-0.000367028076,0.147692921,0.747366
4,109,16.9725,0,0,0.00404653524,0.000260184887,-0.104698982,0.747366
4,110,17.1275,0,0,-0.00374792021,-0.000320742746,0.129067601,0.747366
4,111,17.2825,0,0,0.00590109418,0.000593926851,-0.238997498,0.747366
4,112,17.4375,0,0,-0.00375586396,1.17679369e-05,-0.00473544423,0.747366
4,113,17.5925,0,0,-9.30052432e-06,1.03263556e-05,-0.00415534869,0.747366
4,114,17.7475,0,0,-0.00288847601,-0.000437387426,0.176005682,0.747366
4,115,17.9025,0,0,0.00180472599,-0.000157654898,0.0634406848,0.747366
4,116,18.0575,0,0,0.00317535058,0.000334524442,-0.134613386,0.747366
4,117,18.2125,0,0,-0.00196988851,2.91917222e-05,-0.0117468145,0.747366
4,118,18.3675,0,0,0.00328728205,0.00053872044,-0.216782314,0.747366
4,119,18.5225,0,0,-0.00350220454,-4.12126356e-06,0.00165840571,0.747366
4,120,18.6775,0,0,-0.00156208641,-0.000246244657,0.0990894027,0.747366
4,121,18.8325,0,0,0.00141723928,-2.6572569e-05,0.0106928614,0.747366
4,122,18.9875,0,0,-0.000635663119,-0.000125100352,0.0503406626,0.747366
4,123,19.1425,0,0,0.003785794,0.000461697717,-0.185788197,0.747366
4,124,19.2975,0,0,-0.00157912554,0.000216933258,-0.0872944299,0.747366
4,125,19.4525,0,0,-0.00591304565,-0.000699588817,0.28151611,0.747366
4,126,19.6075,0,0,0.00436300749,-2.33226556e-05,0.00938508895,0.747366
4,127,19.7625,0,0,9.08377938e-05,-9.24279755e-06,0.00371932248,0.747366
5,0,0.0775,0,0,0,-0.000645022509,0.259558505,0.735454
5,1,0.2325,0,0,0.0090884028,0.000763679926,-0.307306516,0.735454
5,2,0.3875,0,0,-0.000263586204,0.000722824064,-0.290866026,0.735454
5,3,0.5425,0,0,0.005114394,0.00151555513,-0.609862787,0.735454
5,4,0.6975,0,0,-0.0142600324,-0.000694749896,0.279568917,0.735454
5,5,0.8525,0,0,0.00640144475,0.000297474041,-0.119704222,0.735454
5,6,1.0075,0,0,0.00872820365,0.00165034561,-0.664102776,0.735454
5,7,1.1625,0,0,-0.0208407502,-0.00157997068,0.635783747,0.735454
5,8,1.3175,0,0,0.0075719105,-0.000406324552,0.163505912,0.735454
5,9,1.4725,0,0,0.00720671932,0.000710716942,-0.285994092,0.735454
5,10,1.6275,0,0,-0.0248354236,-0.00313877371,1.26304958,0.735454
5,11,1.7825,0,0,0.0147855718,-0.000847010086,0.340838759,0.735454
5,12,1.9375,0,0,-0.000537932176,-0.000930389573,0.374390852,0.735454
5,13,2.0925,0,0,0.0327740487,0.00414958798,-1.66980352,0.735454
5,14,2.2475,0,0,-0.0211009348,0.000878943083,-0.353688669,0.735454
5,15,2.4025,0,0,-0.0197124808,-0.00217649145,0.875825043,0.735454
5,16,2.5575,0,0,0.0169063467,0.000443992288,-0.178663493,0.735454
5,17,2.7125,0,0,-0.0119911307,-0.00141463296,0.569251479,0.735454
5,18,2.8675,0,0,0.0223439664,0.00204868183,-0.824394166,0.735454
5,19,3.0225,0,0,-0.0098999348,0.000514191936,-0.206911989,0.735454
5,20,3.1775,0,0,-0.0140459274,-0.00166292681,0.669165481,0.735454
5,21,3.3325,0,0,0.0184408652,0.00119540729,-0.481034576,0.735454
5,22,3.4875,0,0,-0.0176532694,-0.00154084947,0.620041284,0.735454
5,23,3.6425,0,0,0.00853133457,-0.000218492611,0.0879219169,0.735454
5,24,3.7975,0,0,0.00801585718,0.00102396525,-0.412045915,0.735454
5,25,3.9525,0,0,-0.00526651056,0.000207656115,-0.0835612869,0.735454
5,26,4.1075,0,0,0.0101244382,0.00177694403,-0.715046266,0.735454
5,27,4.2625,0,0,-0.0215113198,-0.00155731054,0.626665258,0.735454
5,28,4.4175,0,0,0.0180435628,0.0012394417,-0.498754121,0.735454
5,29,4.5725,0,0,0.00434726204,0.00191326731,-0.769903061,0.735454
5,30,4.7275,0,0,-0.0190693428,-0.00104248081,0.419496618,0.735454
5,31,4.8825,0,0,0.00299917145,-0.000577609238,0.232431254,0.735454
5,32,5.0375,0,0,0.00566021383,0.000299723905,-0.120609572,0.735454
5,33,5.1925,0,0,0.00575332489,0.00119148926,-0.479457954,0.735454
5,34,5.3475,0,0,-0.00203592048,0.000875921589,-0.352472813,0.735454
5,35,5.5025,0,0,-0.00721851737,-0.000242948603,0.0977630631,0.735454
5,36,5.6575,0,0,0.00379973731,0.00034601068,-0.139235474,0.735454
5,37,5.8125,0,0,0.00160694518,0.000595087183,-0.239464418,0.735454
5,38,5.9675,0,0,-0.0144766168,-0.00164878842,0.663476159,0.735454
5,39,6.1225,0,0,0.0174207657,0.00105143027,-0.423097902,0.735454
5,40,6.2775,0,0,-0.007080683,-4.60755911e-05,0.0185409213,0.735454
5,41,6.4325,0,0,-0.00114953431,-0.000224253409,0.0902400751,0.735454
5,42,6.5875,0,0,0.00614233819,0.00072780901,-0.292871979,0.735454
5,43,6.7425,0,0,-0.00840599544,-0.000575120282,0.231429692,0.735454
5,44,6.8975,0,0,0.00681738629,0.000481574593,-0.193786697,0.735454
5,45,7.0525,0,0,-0.00105558084,0.000317959564,-0.127947642,0.735454
5,46,7.2075,0,0,-0.00892041346,-0.00106470452,0.42843949,0.735454
5,47,7.3625,0,0,0.00897076373,0.000325763855,-0.131088106,0.735454
5,48,7.5175,0,0,-0.00182011147,4.36465764e-05,-0.0175634803,0.735454
5,49,7.6725,0,0,0.00505969815,0.00082789979,-0.333148734,0.735454
5,50,7.8275,0,0,-9.99351008e-05,0.000812409849,-0.326915547,0.735454
5,51,7.9825,0,0,-0.0110377556,-0.000898442274,0.361535187,0.735454
5,52,8.1375,0,0,0.0137294706,0.00122962567,-0.49480413,0.735454
5,53,8.2925,0,0,-0.0084779156,-8.44512452e-05,0.0339833706,0.735454
5,54,8.4475,0,0,-0.00856296978,-0.00141171156,0.5680759,0.735454
5,55,8.6025,0,0,0.0137211539,0.000715067295,-0.287744684,0.735454
5,56,8.7575,0,0,-0.0069505073,-0.000362261336,0.145774775,0.735454
5,57,8.9125,0,0,0.00247183331,2.08728263e-05,-0.00839927214,0.735454
5,58,9.0675,0,0,0.000102175376,3.67100096e-05,-0.0147721903,0.735454
5,59,9.2225,0,0,-0.00781351486,-0.00117438479,0.472575077,0.735454
5,60,9.3775,0,0,0.0141826165,0.00102392076,-0.412028011,0.735454
5,61,9.5325,0,0,-0.00850047767,-0.00029365328,0.118166739,0.735454
5,62,9.6875,0,0,-0.0105069822,-0.00192223552,0.773511886,0.735454
5,63,9.8425,0,0,0.0165262905,0.000639339517,-0.257271656,0.735454
5,64,9.9975,0,0,-0.00795806904,-0.000594161184,0.239091794,0.735454
5,65,10.1525,0,0,0.00632755142,0.000386609286,-0.155572444,0.735454
5,66,10.3075,0,0,-0.00283786457,-5.32597223e-05,0.0214318318,0.735454
5,67,10.4625,0,0,-0.00737067419,-0.00119571422,0.481158086,0.735454
5,68,10.6175,0,0,0.0157729506,0.00124909313,-0.502637878,0.735454
5,69,10.7725,0,0,-0.0130307154,-0.000770667763,0.310118438,0.735454
5,70,10.9275,0,0,0.00324085317,-0.000268335523,0.107978817,0.735454
5,71,11.0825,0,0,0.00604609787,0.000668809647,-0.269130503,0.735454
5,72,11.2375,0,0,-0.0113006042,-0.001082784,0.435714713,0.735454
5,73,11.3925,0,0,0.0102978529,0.000513383204,-0.206586554,0.735454
5,74,11.5475,0,0,-0.00325051242,9.55377954e-06,-0.00384446233,0.735454
5,75,11.7025,0,0,-0.0024170205,-0.000365084398,0.146910781,0.735454
5,76,11.8575,0,0,0.00439631302,0.00031634412,-0.127297584,0.735454
5,77,12.0125,0,0,-0.0101336618,-0.00125437346,0.504762697,0.735454
5,78,12.1675,0,0,0.012264308,0.000646594282,-0.26019099,0.735454
5,79,12.3225,0,0,-0.00187695717,0.000355665921,-0.143120765,0.735454
5,80,12.4775,0,0,-0.0116074968,-0.00144349608,0.580866061,0.735454
5,81,12.6325,0,0,0.0175062804,0.00126997739,-0.511041753,0.735454
5,82,12.7875,0,0,-0.00772466626,7.26541226e-05,-0.029236182,0.735454
5,83,12.9425,0,0,-0.00598819283,-0.000855515766,0.344261464,0.735454
5,84,13.0975,0,0,0.0118007908,0.000973606808,-0.391781565,0.735454
5,85,13.2525,0,0,-0.00884107206,-0.000396759361,0.159656857,0.735454
5,86,13.4075,0,0,0.00392783887,0.000212055664,-0.0853316751,0.735454
5,87,13.5625,0,0,6.47084772e-05,0.000222085478,-0.0893676948,0.735454
5,88,13.7175,0,0,-0.00721964432,-0.000896959391,0.360938472,0.735454
5,89,13.8725,0,0,0.0120427305,0.000969663831,-0.390194902,0.735454
5,90,14.0275,0,0,-0.011842881,-0.000865982732,0.348473395,0.735454
5,91,14.1825,0,0,0.0121247334,0.00101335095,-0.407774696,0.735454
5,92,14.3375,0,0,-0.00058668504,0.000922414768,-0.371181773,0.735454
5,93,14.4925,0,0,-0.0140058898,-0.00124849815,0.502398457,0.735454
5,94,14.6475,0,0,0.0116632224,0.00055930133,-0.22506411,0.735454
5,95,14.8025,0,0,-5.56537254e-05,0.000550675002,-0.221592857,0.735454
5,96,14.9575,0,0,-0.00211178099,0.000223348948,-0.0898761179,0.735454
5,97,15.1125,0,0,0.000273766062,0.000265782687,-0.10695155,0.735454
5,98,15.2675,0,0,-0.00866336355,-0.00107703866,0.433402775,0.735454
5,99,15.4225,0,0,0.0188852458,0.00185017443,-0.744514345,0.735454
5,100,15.5775,0,0,-0.0106406713,0.000200870387,-0.0808306946,0.735454
5,101,15.7325,0,0,-0.00809598597,-0.00105400744,0.424134958,0.735454
5,102,15.8875,0,0,0.0148446366,0.00124691123,-0.501759878,0.735454
5,103,16.0425,0,0,-0.0071920472,0.000132143916,-0.0531750084,0.735454
5,104,16.1975,0,0,-0.00697949887,-0.000949678408,0.382152723,0.735454
5,105,16.3525,0,0,0.0147618834,0.00133841351,-0.538580602,0.735454
5,106,16.5075,0,0,-0.0110065867,-0.000367607428,0.147926054,0.735454
5,107,16.6625,0,0,0.00295937176,9.10951949e-05,-0.0366569109,0.735454
5,108,16.8175,0,0,-0.00474991538,-0.00064514169,0.259606464,0.735454
5,109,16.9725,0,0,0.0201298946,0.00247499197,-0.995942325,0.735454
5,110,17.1275,0,0,-0.00994758678,0.000933116024,-0.375487982,0.735454
5,111,17.2825,0,0,-0.017149736,-0.00172509305,0.694181316,0.735454
5,112,17.4375,0,0,0.026158336,0.00232944902,-0.937375514,0.735454
5,113,17.5925,0,0,-0.0118161421,0.000497946999,-0.20037499,0.735454
5,114,17.7475,0,0,-0.00712803089,-0.000606897789,0.244217032,0.735454
5,115,17.9025,0,0,0.00749540184,0.000554889496,-0.223288778,0.735454
5,116,18.0575,0,0,-0.00467544115,-0.000169803883,0.0683294636,0.735454
5,117,18.2125,0,0,0.00588066911,0.00074169983,-0.298461676,0.735454
5,118,18.3675,0,0,-0.0129490987,-0.00126541047,0.509204013,0.735454
5,119,18.5225,0,0,0.00339741627,-0.000738810949,0.297299184,0.735454
5,120,18.6775,0,0,0.0124854793,0.00119643834,-0.481449473,0.735454
5,121,18.8325,0,0,-0.0158781269,-0.00126467132,0.508906578,0.735454
5,122,18.9875,0,0,0.00157934367,-0.00101987305,0.410399205,0.735454
5,123,19.1425,0,0,0.00870471935,0.000329358446,-0.132534578,0.735454
5,124,19.2975,0,0,-0.00560524641,-0.000539454747,0.217077801,0.735454
5,125,19.4525,0,0,-7.67559e-05,-0.000551351912,0.221865247,0.735454
5,126,19.6075,0,0,0.00479476538,0.000191836722,-0.0771955276,0.735454
5,127,19.7625,0,0,-0.000470002799,0.000118986289,-0.0478803496,0.735454
6,0,0.0775,0,0,0,-4.38044382e-05,0.0176270042,0.766538
6,1,0.2325,0,0,-0.0019231804,-0.000341897401,0.137580281,0.766538
6,2,0.3875,0,0,0.0221135366,0.00308570078,-1.24169292,0.766538
6,3,0.5425,0,0,-0.0193585815,8.51206487e-05,-0.0342527401,0.766538
6,4,0.6975,0,0,-0.00178018191,-0.000190807547,0.076781385,0.766538
6,5,0.8525,0,0,0.00175818514,8.17111492e-05,-0.0328807498,0.766538
6,6,1.0075,0,0,0.003312016,0.00059507363,-0.239458964,0.766538
6,7,1.1625,0,0,-0.00326389745,8.91695252e-05,-0.0358820171,0.766538
6,8,1.3175,0,0,-0.00503191939,-0.000690777981,0.27797061,0.766538
6,9,1.4725,0,0,0.0258797991,0.00332059089,-1.33621323,0.766538
6,10,1.6275,0,0,-0.0232490468,-0.000283011371,0.113884411,0.766538
6,11,1.7825,0,0,-0.000323806864,-0.000333201435,0.134081005,0.766538
6,12,1.9375,0,0,0.0154101286,0.0020553685,-0.827084897,0.766538
6,13,2.0925,0,0,-0.00420890369,0.00140298843,-0.564565692,0.766538
6,14,2.2475,0,0,-0.0107805716,-0.000268000173,0.107843871,0.766538
6,15,2.4025,0,0,-0.00362548456,-0.00082995028,0.333973855,0.766538
6,16,2.5575,0,0,0.0248193566,0.00301704999,-1.21406769,0.766538
6,17,2.7125,0,0,-0.022913916,-0.000534606984,0.21512705,0.766538
6,18,2.8675,0,0,0.00286948307,-8.98371084e-05,0.036150654,0.766538
6,19,3.0225,0,0,0.00682269249,0.000967680227,-0.389396695,0.766538
6,20,3.1775,0,0,-0.00380337915,0.000378156459,-0.152171008,0.766538
6,21,3.3325,0,0,-0.00616995043,-0.000578185858,0.232663287,0.766538
6,22,3.4875,0,0,0.00523539414,0.000233300233,-0.0938805373,0.766538
6,23,3.6425,0,0,0.0152191067,0.00259226177,-1.04313195,0.766538
6,24,3.7975,0,0,-0.0231345426,-0.000993592328,0.399823783,0.766538
6,25,3.9525,0,0,0.00495360919,-0.000225782904,0.0908555472,0.766538
6,26,4.1075,0,0,0.0169567081,0.00240250685,-0.966774149,0.766538
6,27,4.2625,0,0,-0.0137952742,0.000264239356,-0.10633051,0.766538
6,28,4.4175,0,0,-0.00710900906,-0.000837657049,0.337075077,0.766538
6,29,4.5725,0,0,0.0124031703,0.00108483434,-0.436539773,0.766538
6,30,4.7275,0,0,0.00738537354,0.00222956724,-0.897182861,0.766538
6,31,4.8825,0,0,-0.0209028572,-0.00101037563,0.40657742,0.766538
6,32,5.0375,0,0,0.0041149441,-0.000372559294,0.149918696,0.766538
6,33,5.1925,0,0,0.0150211638,0.0019557211,-0.78698656,0.766538
6,34,5.3475,0,0,-0.0147941329,-0.000337369507,0.135758247,0.766538
6,35,5.5025,0,0,-0.00227339002,-0.00068974496,0.27755492,0.766538
6,36,5.6575,0,0,0.0113908525,0.00107583718,-0.432919296,0.766538
6,37,5.8125,0,0,0.00459346766,0.00178782467,-0.719424659,0.766538
6,38,5.9675,0,0,-0.0190619612,-0.00116677932,0.469514616,0.766538
6,39,6.1225,0,0,0.00764232023,1.77803192e-05,-0.00715484034,0.766538
6,40,6.2775,0,0,0.0128750979,0.00201342049,-0.810204923,0.766538
6,41,6.4325,0,0,-0.0185641402,-0.000864021248,0.347684089,0.766538
6,42,6.5875,0,0,0.000914602706,-0.000722257828,0.290638171,0.766538
6,43,6.7425,0,0,0.0153064543,0.00165024259,-0.66406132,0.766538
6,44,6.8975,0,0,-0.00111610508,0.0014772463,-0.594447226,0.766538
6,45,7.0525,0,0,-0.0193918296,-0.00152848729,0.615066716,0.766538
6,46,7.2075,0,0,0.0235016453,0.00211426773,-0.850786081,0.766538
6,47,7.3625,0,0,-0.00530840118,0.00129146555,-0.519688636,0.766538
6,48,7.5175,0,0,-0.0206306632,-0.00190628725,0.767094267,0.766538
6,49,7.6725,0,0,0.0122837044,-2.31307382e-06,0.000930786097,0.766538
6,50,7.8275,0,0,0.00826957387,0.00127947088,-0.514861952,0.766538
6,51,7.9825,0,0,-0.00848813832,-3.61905643e-05,0.0145631643,0.766538
6,52,8.1375,0,0,-0.00855843151,-0.00136274745,0.548372632,0.766538
6,53,8.2925,0,0,0.022543318,0.00213146685,-0.857707042,0.766538
6,54,8.4475,0,0,-0.00519872081,0.00132566512,-0.53345062,0.766538
6,55,8.6025,0,0,-0.0226907583,-0.00219140242,0.881825251,0.766538
6,56,8.7575,0,0,0.0167733313,0.000408463933,-0.164366803,0.766538
6,57,8.9125,0,0,0.00635866907,0.00139405764,-0.560971922,0.766538
6,58,9.0675,0,0,-0.0134327143,-0.00068801308,0.276858007,0.766538
6,59,9.2225,0,0,-0.0017894502,-0.000965377861,0.388470218,0.766538
6,60,9.3775,0,0,0.0124221564,0.000960056389,-0.386328845,0.766538
6,61,9.5325,0,0,0.00343434482,0.00149237984,-0.600536995,0.766538
6,62,9.6875,0,0,-0.0228489542,-0.00204920807,0.824605926,0.766538
6,63,9.8425,0,0,0.0202739426,0.00109325303,-0.439927471,0.766538
6,64,9.9975,0,0,-0.00113634812,0.000917119067,-0.369050771,0.766538
6,65,10.1525,0,0,-0.0154479072,-0.00147730656,0.594471473,0.766538
6,66,10.3075,0,0,0.00562010765,-0.00060618987,0.243932164,0.766538
6,67,10.4625,0,0,0.00838882989,0.000694078762,-0.279298852,0.766538
6,68,10.6175,0,0,0.00454974752,0.00139928963,-0.563077287,0.766538
6,69,10.7725,0,0,-0.023735012,-0.00227963724,0.91733114,0.766538
6,70,10.9275,0,0,0.0280537959,0.00206870113,-0.832449977,0.766538
6,71,11.0825,0,0,-0.00758209372,0.000893476603,-0.35953699,0.766538
6,72,11.2375,0,0,-0.0237504779,-0.00278784748,1.12183608,0.766538
6,73,11.3925,0,0,0.0206893362,0.00041899964,-0.168606395,0.766538
6,74,11.5475,0,0,-0.000553893394,0.000333146164,-0.134058764,0.766538
6,75,11.7025,0,0,0.00272020372,0.000754777741,-0.303724257,0.766538
6,76,11.8575,0,0,-0.0172865024,-0.00192463013,0.774475485,0.766538
6,77,12.0125,0,0,0.0207054511,0.00128471479,-0.516972113,0.766538
6,78,12.1675,0,0,-0.00222005587,0.000940606128,-0.378502017,0.766538
6,79,12.3225,0,0,-0.0242728582,-0.0028216869,1.13545314,0.766538
6,80,12.4775,0,0,0.0266817714,0.00131398767,-0.528751589,0.766538
6,81,12.6325,0,0,-0.00617182344,0.000357355042,-0.143800471,0.766538
6,82,12.7875,0,0,-0.00422638058,-0.000297733949,0.119808809,0.766538
6,83,12.9425,0,0,-0.00310751557,-0.000779398861,0.313631851,0.766538
6,84,13.0975,0,0,0.00732819833,0.00035647188,-0.143445085,0.766538
6,85,13.2525,0,0,0.00379688655,0.000944989295,-0.380265813,0.766538
6,86,13.4075,0,0,-0.0234380828,-0.00268791353,1.08162244,0.766538
6,87,13.5625,0,0,0.0299670653,0.00195698159,-0.787493782,0.766538
6,88,13.7175,0,0,-0.0123019919,5.01728472e-05,-0.0201896663,0.766538
6,89,13.8725,0,0,-0.00632611069,-0.00093037431,0.37438471,0.766538
6,90,14.0275,0,0,0.00526022814,-0.000115038948,0.0462919308,0.766538
6,91,14.1825,0,0,-0.00116107484,-0.000295005548,0.118710895,0.766538
6,92,14.3375,0,0,0.0089848553,0.00109764702,-0.441695626,0.766538
6,93,14.4925,0,0,-0.0189942726,-0.00184646524,0.743021755,0.766538
6,94,14.6475,0,0,0.0231030238,0.00173450345,-0.69796808,0.766538
6,95,14.8025,0,0,-0.00795753854,0.000501084973,-0.201637718,0.766538
6,96,14.9575,0,0,-0.0206895065,-0.00270578854,1.08881538,0.766538
6,97,15.1125,0,0,0.0261878528,0.00135332865,-0.544582484,0.766538
6,98,15.2675,0,0,-0.0125724455,-0.000595400408,0.23959046,0.766538
6,99,15.4225,0,0,0.0131507739,0.00144296954,-0.580654181,0.766538
6,100,15.5775,0,0,-0.0184043734,-0.00140970833,0.567269796,0.766538
6,101,15.7325,0,0,0.0176649191,0.00132835413,-0.534532682,0.766538
6,102,15.8875,0,0,-0.00636492599,0.0003417906,-0.137537304,0.766538
6,103,16.0425,0,0,-0.0209652204,-0.00290781856,1.17011271,0.766538
6,104,16.1975,0,0,0.0293832265,0.00164658155,-0.662588113,0.766538
6,105,16.3525,0,0,-0.013131075,-0.000388735073,0.156427866,0.766538
6,106,16.5075,0,0,0.00474692279,0.000347037959,-0.139648854,0.766538
6,107,16.6625,0,0,-0.00232308619,-1.30404011e-05,0.00524748666,0.766538
6,108,16.8175,0,0,-0.00209334116,-0.000337508281,0.13581409,0.766538
6,109,16.9725,0,0,0.00601571291,0.00059492722,-0.239400049,0.766538
6,110,17.1275,0,0,-0.0131907737,-0.0014496427,0.583339476,0.766538
6,111,17.2825,0,0,0.0281237403,0.00290953705,-1.17080424,0.766538
6,112,17.4375,0,0,-0.0229553365,-0.000648540109,0.260973995,0.766538
6,113,17.5925,0,0,0.00981157226,0.000872253591,-0.350996803,0.766538
6,114,17.7475,0,0,-0.00616816089,-8.38113471e-05,0.0337258742,0.766538
6,115,17.9025,0,0,-0.00167610267,-0.000343607261,0.138268333,0.766538
6,116,18.0575,0,0,0.00579078844,0.000553964947,-0.222916738,0.766538
6,117,18.2125,0,0,-0.0197175231,-0.00250225113,1.00691147,0.766538
6,118,18.3675,0,0,0.0316707912,0.00240672151,-0.968470137,0.766538
6,119,18.5225,0,0,-0.0178571284,-0.000361133384,0.145320884,0.766538
6,120,18.6775,0,0,-0.00973862311,-0.00187061997,0.752741672,0.766538
6,121,18.8325,0,0,0.0238122224,0.00182027451,-0.732482548,0.766538
6,122,18.9875,0,0,-0.0195943939,-0.00121685655,0.489665806,0.766538
6,123,19.1425,0,0,0.00928002529,0.00022154737,-0.089151159,0.766538
6,124,19.2975,0,0,-0.00413724496,-0.000419725599,0.168898523,0.766538
6,125,19.4525,0,0,0.0108680163,0.00126481692,-0.508965168,0.766538
6,126,19.6075,0,0,-0.00850284946,-5.31247431e-05,0.0213775159,0.766538
6,127,19.7625,0,0,-0.00872330242,-0.00140523662,0.565470369,0.766538
7,0,0.0775,0,0,0,0.00136604385,-0.549699111,0.671591
7,1,0.2325,0,0,0.00233536468,0.00172802538,-0.695361289,0.671591
7,2,0.3875,0,0,-0.0183012475,-0.00110866799,0.446130487,0.671591
7,3,0.5425,0,0,0.00692184269,-3.57823733e-05,0.0143989073,0.671591
7,4,0.6975,0,0,-0.0218407563,-0.0034210996,1.37665816,0.671591
7,5,0.8525,0,0,0.00289087187,-0.00297301446,1.19634769,0.671591
7,6,1.0075,0,0,0.0231704703,0.00061840844,-0.248848944,0.671591
7,7,1.1625,0,0,-0.0532430686,-0.00763426719,3.07204625,0.671591
7,8,1.3175,0,0,0.0639783527,0.00228237748,-0.918433822,0.671591
7,9,1.4725,0,0,0.000420159764,0.00234750225,-0.944640173,0.671591
7,10,1.6275,0,0,-0.00486895705,0.00159281391,-0.64095189,0.671591
7,11,1.7825,0,0,-0.000299913133,0.00154632737,-0.622245604,0.671591
7,12,1.9375,0,0,-0.0186640652,-0.00134660273,0.541875961,0.671591
7,13,2.0925,0,0,0.0111560132,0.000382579323,-0.153950778,0.671591
7,14,2.2475,0,0,0.0407583879,0.00670012944,-2.69614712,0.671591
7,15,2.4025,0,0,-0.057837719,-0.002264717,0.911327205,0.671591
7,16,2.5575,0,0,0.0241313209,0.00147563774,-0.593799937,0.671591
7,17,2.7125,0,0,0.0260830603,0.00551851209,-2.22066165,0.671591
7,18,2.8675,0,0,-0.0398508758,-0.000658373653,0.264931035,0.671591
7,19,3.0225,0,0,0.00842347478,0.000647264938,-0.260460863,0.671591
7,20,3.1775,0,0,-0.0144987893,-0.0016000474,0.643862666,0.671591
7,21,3.3325,0,0,-0.000580786344,-0.00169006929,0.680087674,0.671591
7,22,3.4875,0,0,-0.0107864204,-0.00336196445,1.35286204,0.671591
7,23,3.6425,0,0,0.0292230548,0.00116760905,-0.469848501,0.671591
7,24,3.7975,0,0,0.0301405662,0.0058393968,-2.34978638,0.671591
7,25,3.9525,0,0,-0.0344518576,0.000499358872,-0.200943131,0.671591
7,26,4.1075,0,0,0.0103833432,0.00210877707,-0.848576627,0.671591
7,27,4.2625,0,0,-9.19621854e-06,0.00210735166,-0.848003037,0.671591
7,28,4.4175,0,0,-0.0174894798,-0.000603517711,0.242856881,0.671591
7,29,4.5725,0,0,0.00929880557,0.000837797153,-0.337131455,0.671591
7,30,4.7275,0,0,-0.0244227312,-0.00294772619,1.18617163,0.671591
7,31,4.8825,0,0,0.00782752899,-0.00173445919,0.697950271,0.671591
7,32,5.0375,0,0,0.00684213617,-0.000673928085,0.271190174,0.671591
7,33,5.1925,0,0,-0.0127210209,-0.00264568633,1.06463012,0.671591
7,34,5.3475,0,0,0.0335414087,0.00255323202,-1.02742629,0.671591
7,35,5.5025,0,0,-0.0166327636,-2.48463408e-05,0.00999822331,0.671591
7,36,5.6575,0,0,0.0122192031,0.00186913014,-0.752142162,0.671591
7,37,5.8125,0,0,-0.0226590561,-0.00164302356,0.661156367,0.671591
7,38,5.9675,0,0,0.00373679083,-0.00106382098,0.42808395,0.671591
7,39,6.1225,0,0,0.0207275578,0.00214895047,-0.864742493,0.671591
7,40,6.2775,0,0,-0.0471162834,-0.00515407346,2.07401073,0.671591
7,41,6.4325,0,0,0.0318286247,-0.000220636631,0.0887846757,0.671591
7,42,6.5875,0,0,0.0216769874,0.00313929642,-1.26325992,0.671591
7,43,6.7425,0,0,-0.0208326288,-8.97610547e-05,0.0361200499,0.671591
7,44,6.8975,0,0,0.00152684761,0.000146900325,-0.0591130204,0.671591
7,45,7.0525,0,0,0.00178027979,0.000422843692,-0.170153251,0.671591
7,46,7.2075,0,0,-0.0102831077,-0.00117103799,0.471228317,0.671591
7,47,7.3625,0,0,-0.00944114553,-0.00263441555,1.06009473,0.671591
7,48,7.5175,0,0,0.00151533989,-0.00239953787,0.965579423,0.671591
7,49,7.6725,0,0,0.0450744974,0.00458700924,-1.84582281,0.671591
7,50,7.8275,0,0,-0.0674076284,-0.00586117317,2.35854924,0.671591
7,51,7.9825,0,0,0.0448947736,0.00109751674,-0.441643197,0.671591
7,52,8.1375,0,0,0.0170858349,0.00374582115,-1.50732684,0.671591
7,53,8.2925,0,0,-0.0277058724,-0.000548589066,0.220753471,0.671591
7,54,8.4475,0,0,0.00715643964,0.000560659077,-0.225610471,0.671591
7,55,8.6025,0,0,0.00500428743,0.00133632363,-0.537739627,0.671591
7,56,8.7575,0,0,-0.0203254703,-0.00181412426,0.730007675,0.671591
7,57,8.9125,0,0,0.00819190875,-0.000544378406,0.219059092,0.671591
7,58,9.0675,0,0,-0.0013502366,-0.00075366508,0.303276519,0.671591
7,59,9.2225,0,0,0.0155306276,0.0016535822,-0.665405189,0.671591
7,60,9.3775,0,0,-0.0223234546,-0.00180655326,0.726961087,0.671591
7,61,9.5325,0,0,0.016644685,0.000773372915,-0.311206997,0.671591
7,62,9.6875,0,0,0.00597948131,0.00170019252,-0.684161285,0.671591
7,63,9.8425,0,0,-0.0256627784,-0.00227753813,0.916486456,0.671591
7,64,9.9975,0,0,0.0170252418,0.000361374353,-0.145417851,0.671591
7,65,10.1525,0,0,0.0377257646,0.00620886787,-2.49846237,0.671591
7,66,10.3075,0,0,-0.0560607032,-0.00248054112,0.998175314,0.671591
7,67,10.4625,0,0,0.0285626792,0.00194667415,-0.783346046,0.671591
7,68,10.6175,0,0,0.0266428068,0.00607630921,-2.44512046,0.671591
7,69,10.7725,0,0,-0.0332988289,0.000914990729,-0.368194323,0.671591
7,70,10.9275,0,0,8.42609843e-05,0.000928051182,-0.373449878,0.671591
7,71,11.0825,0,0,-0.00273693345,0.000503826497,-0.202740913,0.671591
7,72,11.2375,0,0,-0.00777821736,-0.000701797194,0.282404766,0.671591
7,73,11.3925,0,0,-0.00222446956,-0.00104658998,0.421150155,0.671591
7,74,11.5475,0,0,0.00631328071,-6.80314656e-05,0.0273760144,0.671591
7,75,11.7025,0,0,-0.0330123749,-0.00518494958,2.08643535,0.671591
7,76,11.8575,0,0,0.0173591998,-0.00249427362,1.0037013,0.671591
7,77,12.0125,0,0,0.0324541476,0.00253611926,-1.02054008,0.671591
7,78,12.1675,0,0,-0.059146265,-0.00663155181,2.66855133,0.671591
7,79,12.3225,0,0,0.0405393602,-0.000347950978,0.140016254,0.671591
7,80,12.4775,0,0,0.0157833986,0.00209847581,-0.844431375,0.671591
7,81,12.6325,0,0,-0.0232196695,-0.00150057296,0.603833927,0.671591
7,82,12.7875,0,0,0.00576194793,-0.000607471033,0.244447707,0.671591
7,83,12.9425,0,0,0.00748900225,0.000553324316,-0.222658946,0.671591
7,84,13.0975,0,0,-0.00335376124,3.34913233e-05,-0.0134769837,0.671591
7,85,13.2525,0,0,0.00252504815,0.000424873787,-0.170970165,0.671591
7,86,13.4075,0,0,-0.00417717118,-0.000222587746,0.0895698084,0.671591
7,87,13.5625,0,0,0.0161849952,0.0022860865,-0.91992634,0.671591
7,88,13.7175,0,0,-0.0293399247,-0.00226160182,0.910073648,0.671591
7,89,13.8725,0,0,0.0109501041,-0.000564335691,0.227089948,0.671591
7,90,14.0275,0,0,0.0158791169,0.00189692743,-0.763327857,0.671591
7,91,14.1825,0,0,-0.0339970118,-0.00337260939,1.35714559,0.671591
7,92,14.3375,0,0,0.0147677299,-0.00108361125,0.436047597,0.671591
7,93,14.4925,0,0,0.0359645503,0.00449089406,-1.80714585,0.671591
7,94,14.6475,0,0,-0.0508458004,-0.003390205,1.3642261,0.671591
7,95,14.8025,0,0,0.0236734523,0.000279180111,-0.112342703,0.671591
7,96,14.9575,0,0,0.0146968109,0.0025571858,-1.0290173,0.671591
7,97,15.1125,0,0,-0.00835650833,0.00126192701,-0.507802259,0.671591
7,98,15.2675,0,0,-0.0133878984,-0.000813197246,0.327232397,0.671591
7,99,15.4225,0,0,0.00807296432,0.000438112224,-0.176297342,0.671591
7,100,15.5775,0,0,0.00671737262,0.00147930498,-0.595275644,0.671591
7,101,15.7325,0,0,-0.0286624312,-0.00296337185,1.19246748,0.671591
7,102,15.8875,0,0,0.0198152128,0.000107986132,-0.043453862,0.671591
7,103,16.0425,0,0,0.0228674746,0.00365244469,-1.46975194,0.671591
7,104,16.1975,0,0,-0.0432152723,-0.00304592251,1.22568605,0.671591
7,105,16.3525,0,0,0.0250866899,0.000842514422,-0.339029694,0.671591
7,106,16.5075,0,0,0.0154746479,0.00324108485,-1.30421982,0.671591
7,107,16.6625,0,0,-0.0332186852,-0.00190781135,0.767707569,0.671591
7,108,16.8175,0,0,0.0145176854,0.000342429887,-0.137794555,0.671591
7,109,16.9725,0,0,-0.00378049223,-0.000243546409,0.0980036216,0.671591
7,110,17.1275,0,0,-0.0108199448,-0.00192063786,0.772868984,0.671591
7,111,17.2825,0,0,0.00516078033,-0.00112071691,0.450978998,0.671591
7,112,17.4375,0,0,0.012870476,0.00087420688,-0.351782811,0.671591
7,113,17.5925,0,0,0.021313673,0.0041778262,-1.68116664,0.671591
7,114,17.7475,0,0,-0.034596409,-0.00118461719,0.476692614,0.671591
7,115,17.9025,0,0,0.0154608525,0.00121181496,-0.487637058,0.671591
7,116,18.0575,0,0,0.0162248558,0.00372666761,-1.49961941,0.671591
7,117,18.2125,0,0,-0.0338196789,-0.00151538262,0.609793366,0.671591
7,118,18.3675,0,0,0.0142226008,0.000689120501,-0.277303636,0.671591
7,119,18.5225,0,0,-0.0330101976,-0.00442746013,1.78161989,0.671591
7,120,18.6775,0,0,0.015346152,-0.00204880657,0.82444436,0.671591
7,121,18.8325,0,0,0.0195728824,0.000984990214,-0.396362273,0.671591
7,122,18.9875,0,0,-0.00471333536,0.000254423233,-0.10238048,0.671591
7,123,19.1425,0,0,-0.0109798485,-0.00144745328,0.58245845,0.671591
7,124,19.2975,0,0,0.0108945417,0.000241200681,-0.0970596954,0.671591
7,125,19.4525,0,0,0.00648592249,0.00124651867,-0.501601909,0.671591
7,126,19.6075,0,0,0.00570569303,0.00213090109,-0.857479379,0.671591
7,127,19.7625,0,0,-0.0203281484,-0.00101996192,0.410434966,0.671591
8,0,0.0775,0,0,0,-0.00200559011,0.807053962,0.655454
8,1,0.2325,0,0,0.0112905438,-0.000255555826,0.102836238,0.655454
8,2,0.3875,0,0,-0.00737235572,-0.00139827096,0.562667373,0.655454
8,3,0.5425,0,0,0.0167749408,0.00120184486,-0.483625067,0.655454
8,4,0.6975,0,0,-0.0134220886,-0.000878578871,0.353542109,0.655454
8,5,0.8525,0,0,0.0156512274,0.00154736138,-0.62266169,0.655454
8,6,1.0075,0,0,0.0305524894,0.00628299723,-2.52829218,0.655454
8,7,1.1625,0,0,-0.0386926423,0.000285637668,-0.114941238,0.655454
8,8,1.3175,0,0,0.0129107391,0.00228680223,-0.92021435,0.655454
8,9,1.4725,0,0,-0.0218195069,-0.00109522133,0.440719523,0.655454
8,10,1.6275,0,0,0.0133108893,0.000967966513,-0.389511897,0.655454
8,11,1.7825,0,0,0.00628984928,0.00194289315,-0.781824564,0.655454
8,12,1.9375,0,0,-0.00676655222,0.000894077556,-0.359778815,0.655454
8,13,2.0925,0,0,0.0229328521,0.00444866963,-1.79015464,0.655454
8,14,2.2475,0,0,-0.0348593447,-0.000954528802,0.384104532,0.655454
8,15,2.4025,0,0,0.036499768,0.00470293523,-1.89247169,0.655454
8,16,2.5575,0,0,-0.0617563114,-0.00486929303,1.95941444,0.655454
8,17,2.7125,0,0,0.0358754003,0.000691394011,-0.278218502,0.655454
8,18,2.8675,0,0,-0.0293376273,-0.00385593822,1.55163819,0.655454
8,19,3.0225,0,0,0.0192844759,-0.000866844453,0.348820153,0.655454
8,20,3.1775,0,0,-0.00103815979,-0.00102775922,0.413572616,0.655454
8,21,3.3325,0,0,0.00310443274,-0.000546572145,0.219941858,0.655454
8,22,3.4875,0,0,0.00652449811,0.000464725063,-0.187006408,0.655454
8,23,3.6425,0,0,-0.0227446256,-0.00306069191,1.23162929,0.655454
8,24,3.7975,0,0,0.0152130121,-0.000702675034,0.282758011,0.655454
8,25,3.9525,0,0,-0.0148717967,-0.00300780352,1.21034688,0.655454
8,26,4.1075,0,0,0.011914192,-0.00116110375,0.467230755,0.655454
8,27,4.2625,0,0,0.0098615426,0.000367435352,-0.14785681,0.655454
8,28,4.4175,0,0,-0.00695324279,-0.00071031728,0.285833268,0.655454
8,29,4.5725,0,0,0.016448794,0.00183924578,-0.740116631,0.655454
8,30,4.7275,0,0,-0.010505442,0.000210902269,-0.0848675463,0.655454
8,31,4.8825,0,0,0.0133501593,0.00228017696,-0.917548325,0.655454
8,32,5.0375,0,0,0.0136628243,0.00439791472,-1.76973075,0.655454
8,33,5.1925,0,0,-0.021482578,0.00106811513,-0.429811924,0.655454
8,34,5.3475,0,0,0.0166492945,0.00364875578,-1.46826751,0.655454
8,35,5.5025,0,0,-0.0350553561,-0.00178482441,0.718217348,0.655454
8,36,5.6575,0,0,0.0209953814,0.00146945971,-0.591313886,0.655454
8,37,5.8125,0,0,-0.0172241314,-0.00120028065,0.482995627,0.655454
8,38,5.9675,0,0,0.0168907836,0.00141779081,-0.570522202,0.655454
8,39,6.1225,0,0,0.0338999272,0.00667227953,-2.68494026,0.655454
8,40,6.2775,0,0,-0.0460469223,-0.000464993427,0.187114399,0.655454
8,41,6.4325,0,0,-0.0465080604,-0.0076737428,3.08793132,0.655454
8,42,6.5875,0,0,0.030378803,-0.00296502833,1.19313405,0.655454
8,43,6.7425,0,0,0.00707209941,-0.00186885292,0.75203061,0.655454
8,44,6.8975,0,0,-0.00472308457,-0.00260093103,1.04662048,0.655454
8,45,7.0525,0,0,0.0141357537,-0.000409889205,0.164940336,0.655454
8,46,7.2075,0,0,-0.00311785326,-0.000893156461,0.359408164,0.655454
8,47,7.3625,0,0,0.00501219178,-0.000116266736,0.0467859953,0.655454
8,48,7.5175,0,0,0.0113774257,0.00164723425,-0.662850759,0.655454
8,49,7.6725,0,0,-0.0202918373,-0.00149800053,0.602798776,0.655454
8,50,7.8275,0,0,0.0198108694,0.00157268422,-0.632851661,0.655454
8,51,7.9825,0,0,-0.0233905206,-0.00205284648,0.82607003,0.655454
8,52,8.1375,0,0,0.0153825078,0.000331442237,-0.1333731,0.655454
8,53,8.2925,0,0,-0.00344980233,-0.000203277123,0.0817991706,0.655454
8,54,8.4475,0,0,0.00550161017,0.000649472453,-0.261349173,0.655454
8,55,8.6025,0,0,0.0127777585,0.00263002502,-1.05832797,0.655454
8,56,8.7575,0,0,-0.00787146614,0.00140994777,-0.567366145,0.655454
8,57,8.9125,0,0,0.0136185432,0.00352082197,-1.41678666,0.655454
8,58,9.0675,0,0,-0.0730499858,-0.00780192583,3.13951246,0.655454
8,59,9.2225,0,0,0.0631449903,0.00198554766,-0.798988834,0.655454
8,60,9.3775,0,0,-0.0520005769,-0.00607454176,2.44440924,0.655454
8,61,9.5325,0,0,0.0293919366,-0.00151879158,0.61116514,0.655454
8,62,9.6875,0,0,-0.00923497676,-0.00295021298,1.18717232,0.655454
8,63,9.8425,0,0,0.00941170971,-0.00149139797,0.600141891,0.655454
8,64,9.9975,0,0,0.0220665528,0.00192891772,-0.776200819,0.655454
8,65,10.1525,0,0,-0.0294821848,-0.00264082092,1.06267226,0.655454
8,66,10.3075,0,0,0.0287308883,0.00181246676,-0.729340692,0.655454
8,67,10.4625,0,0,-0.0359654082,-0.00376217151,1.51390626,0.655454
8,68,10.6175,0,0,0.0178368237,-0.000997463831,0.401381684,0.655454
8,69,10.7725,0,0,-0.00496071197,-0.00176637419,0.710792937,0.655454
8,70,10.9275,0,0,0.00359629673,-0.00120894819,0.486483466,0.655454
8,71,11.0825,0,0,0.00808189261,4.37451608e-05,-0.0176031509,0.655454
8,72,11.2375,0,0,-0.00122959987,-0.000146842819,0.05908988,0.655454
8,73,11.3925,0,0,0.00856417602,0.00118060446,-0.475077886,0.655454
8,74,11.5475,0,0,0.00832233653,0.00247056663,-0.994161555,0.655454
8,75,11.7025,0,0,-0.00705912019,0.001376403,-0.553867655,0.655454
8,76,11.8575,0,0,0.013503102,0.0034693838,-1.39608783,0.655454
8,77,12.0125,0,0,-0.0337741987,-0.001765617,0.710488242,0.655454
8,78,12.1675,0,0,0.0281884295,0.00260358957,-1.04769029,0.655454
8,79,12.3225,0,0,-0.0280083278,-0.00173770123,0.699254876,0.655454
8,80,12.4775,0,0,0.0197624648,0.00132548082,-0.533376455,0.655454
8,81,12.6325,0,0,0.00775104426,0.00252689268,-1.01682728,0.655454
8,82,12.7875,0,0,-0.00972409619,0.00101965777,-0.410312573,0.655454
8,83,12.9425,0,0,0.0272727986,0.00524694155,-2.11138106,0.655454
8,84,13.0975,0,0,-0.0477817341,-0.00215922724,0.868877887,0.655454
8,85,13.2525,0,0,-0.0244949045,-0.00595593744,2.39668259,0.655454
8,86,13.4075,0,0,0.0125111189,-0.00401671401,1.61633473,0.655454
8,87,13.5625,0,0,0.0142249154,-0.00181185213,0.729093363,0.655454
8,88,13.7175,0,0,-0.0052390441,-0.00262390396,1.05586484,0.655454
8,89,13.8725,0,0,0.0118266633,-0.000790771152,0.318208086,0.655454
8,90,14.0275,0,0,0.00462319179,-7.41764243e-05,0.0298487596,0.655454
8,91,14.1825,0,0,-0.00124104004,-0.00026653763,0.10725534,0.655454
8,92,14.3375,0,0,0.00833902094,0.00102601062,-0.412868974,0.655454
8,93,14.4925,0,0,-0.0136516148,-0.00108998967,0.43861429,0.655454
8,94,14.6475,0,0,0.0119724018,0.000765732613,-0.308132522,0.655454
8,95,14.8025,0,0,-0.0141885667,-0.00143349522,0.576841693,0.655454
8,96,14.9575,0,0,0.00827838904,-0.000150344917,0.0604991322,0.655454
8,97,15.1125,0,0,0.00568055397,0.000730140948,-0.293810356,0.655454
8,98,15.2675,0,0,-0.00484359841,-2.06168046e-05,0.00829624843,0.655454
8,99,15.4225,0,0,0.0116097303,0.00177889139,-0.715829887,0.655454
8,100,15.5775,0,0,0.00155013251,0.00201916193,-0.812515291,0.655454
8,101,15.7325,0,0,0.00309192767,0.00249841072,-1.00536608,0.655454
8,102,15.8875,0,0,0.015505277,0.00490172866,-1.97246661,0.655454
8,103,16.0425,0,0,-0.0460057751,-0.00222916648,0.897021593,0.655454
8,104,16.1975,0,0,0.0539372375,0.00613110534,-2.46717055,0.655454
8,105,16.3525,0,0,-0.0597042227,-0.00312304918,1.256722,0.655454
8,106,16.5075,0,0,0.00610027556,-0.00217750647,0.876233491,0.655454
8,107,16.6625,0,0,0.00218099629,-0.00183945205,0.740199631,0.655454
8,108,16.8175,0,0,0.00686030543,-0.000776104704,0.312306275,0.655454
8,109,16.9725,0,0,0.00717479336,0.000335988267,-0.135202433,0.655454
8,110,17.1275,0,0,-0.00736097781,-0.000804963293,0.323919036,0.655454
8,111,17.2825,0,0,0.0038743348,-0.000204441399,0.0822676779,0.655454
8,112,17.4375,0,0,-0.0157486837,-0.00264548737,1.06455006,0.655454
8,113,17.5925,0,0,0.00878288745,-0.00128413982,0.516740744,0.655454
8,114,17.7475,0,0,-0.00620738937,-0.00224628517,0.903910193,0.655454
8,115,17.9025,0,0,0.00585566221,-0.00133865752,0.538678792,0.655454
8,116,18.0575,0,0,0.00699252848,-0.00025481561,0.102538373,0.655454
8,117,18.2125,0,0,0.00151890288,-1.93856633e-05,0.00780083443,0.655454
8,118,18.3675,0,0,0.00447590443,0.000674379524,-0.271371834,0.655454
8,119,18.5225,0,0,0.00293240149,0.00112890175,-0.4542726,0.655454
8,120,18.6775,0,0,0.00488655647,0.00188631801,-0.7590586,0.655454
8,121,18.8325,0,0,0.00721871583,0.00300521896,-1.20930685,0.655454
8,122,18.9875,0,0,-0.0105611728,0.00136823718,-0.550581712,0.655454
8,123,19.1425,0,0,0.000657896987,0.00147021121,-0.591616291,0.655454
8,124,19.2975,0,0,-0.0310570291,-0.0033436283,1.34548353,0.655454
8,125,19.4525,0,0,0.0181108099,-0.000536452761,0.215869795,0.655454
8,126,19.6075,0,0,0.00699955213,0.000548477819,-0.220708705,0.655454
8,127,19.7625,0,0,-0.00696664975,-0.000531352893,0.213817596,0.655454
9,0,0.0775,0,0,0,-0.00200559011,0.807053962,0.597642
9,1,0.2325,0,0,0.0112905438,-0.000255555826,0.102836238,0.597642
9,2,0.3875,0,0,-0.00737235572,-0.00139827096,0.562667373,0.597642
9,3,0.5425,0,0,0.0167749408,0.00120184486,-0.483625067,0.597642
9,4,0.6975,0,0,-0.0134220886,-0.000878578871,0.353542109,0.597642
9,5,0.8525,0,0,0.0156512274,0.00154736138,-0.62266169,0.597642
9,6,1.0075,0,0,0.0305524894,0.00628299723,-2.52829218,0.597642
9,7,1.1625,0,0,-0.0386926423,0.000285637668,-0.114941238,0.597642
9,8,1.3175,0,0,0.0129107391,0.00228680223,-0.92021435,0.597642
9,9,1.4725,0,0,-0.0218195069,-0.00109522133,0.440719523,0.597642
9,10,1.6275,0,0,0.0133108893,0.000967966513,-0.389511897,0.597642
9,11,1.7825,0,0,0.00628984928,0.00194289315,-0.781824564,0.597642
9,12,1.9375,0,0,-0.00676655222,0.000894077556,-0.359778815,0.597642
9,13,2.0925,0,0,0.0229328521,0.00444866963,-1.79015464,0.597642
9,14,2.2475,0,0,-0.0348593447,-0.000954528802,0.384104532,0.597642
9,15,2.4025,0,0,0.036499768,0.00470293523,-1.89247169,0.597642
9,16,2.5575,0,0,-0.0617563114,-0.00486929303,1.95941444,0.597642
9,17,2.7125,0,0,0.0358754003,0.000691394011,-0.278218502,0.597642
9,18,2.8675,0,0,-0.0293376273,-0.00385593822,1.55163819,0.597642
9,19,3.0225,0,0,0.0192844759,-0.000866844453,0.348820153,0.597642
9,20,3.1775,0,0,-0.00103815979,-0.00102775922,0.413572616,0.597642
9,21,3.3325,0,0,0.00310443274,-0.000546572145,0.219941858,0.597642
9,22,3.4875,0,0,0.00652449811,0.000464725063,-0.187006408,0.597642
9,23,3.6425,0,0,-0.0227446256,-0.00306069191,1.23162929,0.597642
9,24,3.7975,0,0,0.0152130121,-0.000702675034,0.282758011,0.597642
9,25,3.9525,0,0,-0.0148717967,-0.00300780352,1.21034688,0.597642
9,26,4.1075,0,0,0.011914192,-0.00116110375,0.467230755,0.597642
9,27,4.2625,0,0,0.0098615426,0.000367435352,-0.14785681,0.597642
9,28,4.4175,0,0,-0.00695324279,-0.00071031728,0.285833268,0.597642
9,29,4.5725,0,0,0.016448794,0.00183924578,-0.740116631,0.597642
9,30,4.7275,0,0,-0.010505442,0.000210902269,-0.0848675463,0.597642
9,31,4.8825,0,0,0.0133501593,0.00228017696,-0.917548325,0.597642
9,32,5.0375,0,0,0.0136628243,0.00439791472,-1.76973075,0.597642
9,33,5.1925,0,0,-0.021482578,0.00106811513,-0.429811924,0.597642
9,34,5.3475,0,0,0.0166492945,0.00364875578,-1.46826751,0.597642
9,35,5.5025,0,0,-0.0350553561,-0.00178482441,0.718217348,0.597642
9,36,5.6575,0,0,0.0209953814,0.00146945971,-0.591313886,0.597642
9,37,5.8125,0,0,-0.0172241314,-0.00120028065,0.482995627,0.597642
9,38,5.9675,0,0,0.0168907836,0.00141779081,-0.570522202,0.597642
9,39,6.1225,0,0,0.0338999272,0.00667227953,-2.68494026,0.597642
9,40,6.2775,0,0,-0.0460469223,-0.000464993427,0.187114399,0.597642
9,41,6.4325,0,0,-0.0465080604,-0.0076737428,3.08793132,0.597642
9,42,6.5875,0,0,0.030378803,-0.00296502833,1.19313405,0.597642
9,43,6.7425,0,0,0.00707209941,-0.00186885292,0.75203061,0.597642
9,44,6.8975,0,0,-0.00472308457,-0.00260093103,1.04662048,0.597642
9,45,7.0525,0,0,0.0141357537,-0.000409889205,0.164940336,0.597642
9,46,7.2075,0,0,-0.00311785326,-0.000893156461,0.359408164,0.597642
9,47,7.3625,0,0,0.00501219178,-0.000116266736,0.0467859953,0.597642
9,48,7.5175,0,0,0.0113774257,0.00164723425,-0.662850759,0.597642
9,49,7.6725,0,0,-0.0202918373,-0.00149800053,0.602798776,0.597642
9,50,7.8275,0,0,0.0198108694,0.00157268422,-0.632851661,0.597642
9,51,7.9825,0,0,-0.0233905206,-0.00205284648,0.82607003,0.597642
9,52,8.1375,0,0,0.0153825078,0.000331442237,-0.1333731,0.597642
9,53,8.2925,0,0,-0.00344980233,-0.000203277123,0.0817991706,0.597642
9,54,8.4475,0,0,0.00550161017,0.000649472453,-0.261349173,0.597642
9,55,8.6025,0,0,0.0127777585,0.00263002502,-1.05832797,0.597642
9,56,8.7575,0,0,-0.00787146614,0.00140994777,-0.567366145,0.597642
9,57,8.9125,0,0,0.0136185432,0.00352082197,-1.41678666,0.597642
9,58,9.0675,0,0,-0.0730499858,-0.00780192583,3.13951246,0.597642
9,59,9.2225,0,0,0.0631449903,0.00198554766,-0.798988834,0.597642
9,60,9.3775,0,0,-0.0520005769,-0.00607454176,2.44440924,0.597642
9,61,9.5325,0,0,0.0293919366,-0.00151879158,0.61116514,0.597642
9,62,9.6875,0,0,-0.00923497676,-0.00295021298,1.18717232,0.597642
9,63,9.8425,0,0,0.00941170971,-0.00149139797,0.600141891,0.597642
9,64,9.9975,0,0,0.0220665528,0.00192891772,-0.776200819,0.597642
9,65,10.1525,0,0,-0.0294821848,-0.00264082092,1.06267226,0.597642
9,66,10.3075,0,0,0.0287308883,0.00181246676,-0.729340692,0.597642
9,67,10.4625,0,0,-0.0359654082,-0.00376217151,1.51390626,0.597642
9,68,10.6175,0,0,0.0178368237,-0.000997463831,0.401381684,0.597642
9,69,10.7725,0,0,-0.00496071197,-0.00176637419,0.710792937,0.597642
9,70,10.9275,0,0,0.00359629673,-0.00120894819,0.486483466,0.597642
9,71,11.0825,0,0,0.00808189261,4.37451608e-05,-0.0176031509,0.597642
9,72,11.2375,0,0,-0.00122959987,-0.000146842819,0.05908988,0.597642
9,73,11.3925,0,0,0.00856417602,0.00118060446,-0.475077886,0.597642
9,74,11.5475,0,0,0.00832233653,0.00247056663,-0.994161555,0.597642
9,75,11.7025,0,0,-0.00705912019,0.001376403,-0.553867655,0.597642
9,76,11.8575,0,0,0.013503102,0.0034693838,-1.39608783,0.597642
9,77,12.0125,0,0,-0.0337741987,-0.001765617,0.710488242,0.597642
9,78,12.1675,0,0,0.0281884295,0.00260358957,-1.04769029,0.597642
9,79,12.3225,0,0,-0.0280083278,-0.00173770123,0.699254876,0.597642
9,80,12.4775,0,0,0.0197624648,0.00132548082,-0.533376455,0.597642
9,81,12.6325,0,0,0.00775104426,0.00252689268,-1.01682728,0.597642
9,82,12.7875,0,0,-0.00972409619,0.00101965777,-0.410312573,0.597642
9,83,12.9425,0,0,0.0272727986,0.00524694155,-2.11138106,0.597642
9,84,13.0975,0,0,-0.0477817341,-0.00215922724,0.868877887,0.597642
9,85,13.2525,0,0,-0.0244949045,-0.00595593744,2.39668259,0.597642
9,86,13.4075,0,0,0.0125111189,-0.00401671401,1.61633473,0.597642
9,87,13.5625,0,0,0.0142249154,-0.00181185213,0.729093363,0.597642
9,88,13.7175,0,0,-0.0052390441,-0.00262390396,1.05586484,0.597642
9,89,13.8725,0,0,0.0118266633,-0.000790771152,0.318208086,0.597642
9,90,14.0275,0,0,0.00462319179,-7.41764243e-05,0.0298487596,0.597642
9,91,14.1825,0,0,-0.00124104004,-0.00026653763,0.10725534,0.597642
9,92,14.3375,0,0,0.00833902094,0.00102601062,-0.412868974,0.597642
9,93,14.4925,0,0,-0.0136516148,-0.00108998967,0.43861429,0.597642
9,94,14.6475,0,0,0.0119724018,0.000765732613,-0.308132522,0.597642
9,95,14.8025,0,0,-0.0141885667,-0.00143349522,0.576841693,0.597642
9,96,14.9575,0,0,0.00827838904,-0.000150344917,0.0604991322,0.597642
9,97,15.1125,0,0,0.00568055397,0.000730140948,-0.293810356,0.597642
9,98,15.2675,0,0,-0.00484359841,-2.06168046e-05,0.00829624843,0.597642
9,99,15.4225,0,0,0.0116097303,0.00177889139,-0.715829887,0.597642
9,100,15.5775,0,0,0.00155013251,0.00201916193,-0.812515291,0.597642
9,101,15.7325,0,0,0.00309192767,0.00249841072,-1.00536608,0.597642
9,102,15.8875,0,0,0.015505277,0.00490172866,-1.97246661,0.597642
9,103,16.0425,0,0,-0.0460057751,-0.00222916648,0.897021593,0.597642
9,104,16.1975,0,0,0.0539372375,0.00613110534,-2.46717055,0.597642
9,105,16.3525,0,0,-0.0597042227,-0.00312304918,1.256722,0.597642
9,106,16.5075,0,0,0.00610027556,-0.00217750647,0.876233491,0.597642
9,107,16.6625,0,0,0.00218099629,-0.00183945205,0.740199631,0.597642
9,108,16.8175,0,0,0.00686030543,-0.000776104704,0.312306275,0.597642
9,109,16.9725,0,0,0.00717479336,0.000335988267,-0.135202433,0.597642
9,110,17.1275,0,0,-0.00736097781,-0.000804963293,0.323919036,0.597642
9,111,17.2825,0,0,0.0038743348,-0.000204441399,0.0822676779,0.597642
9,112,17.4375,0,0,-0.0157486837,-0.00264548737,1.06455006,0.597642
9,113,17.5925,0,0,0.00878288745,-0.00128413982,0.516740744,0.597642
9,114,17.7475,0,0,-0.00620738937,-0.00224628517,0.903910193,0.597642
9,115,17.9025,0,0,0.00585566221,-0.00133865752,0.538678792,0.597642
9,116,18.0575,0,0,0.00699252848,-0.00025481561,0.102538373,0.597642
9,117,18.2125,0,0,0.00151890288,-1.93856633e-05,0.00780083443,0.597642
9,118,18.3675,0,0,0.00447590443,0.000674379524,-0.271371834,0.597642
9,119,18.5225,0,0,0.00293240149,0.00112890175,-0.4542726,0.597642
9,120,18.6775,0,0,0.00488655647,0.00188631801,-0.7590586,0.597642
9,121,18.8325,0,0,0.00721871583,0.00300521896,-1.20930685,0.597642
9,122,18.9875,0,0,-0.0105611728,0.00136823718,-0.550581712,0.597642
9,123,19.1425,0,0,0.000657896987,0.00147021121,-0.591616291,0.597642
9,124,19.2975,0,0,-0.0310570291,-0.0033436283,1.34548353,0.597642
9,125,19.4525,0,0,0.0181108099,-0.000536452761,0.215869795,0.597642
9,126,19.6075,0,0,0.00699955213,0.000548477819,-0.220708705,0.597642
9,127,19.7625,0,0,-0.00696664975,-0.000531352893,0.213817596,0.597642
10,0,0.0775,0,0,0,-0.000718878276,0.289278231,0.651736
10,1,0.2325,0,0,0.0089681059,0.00067117814,-0.27008359,0.651736
10,2,0.3875,0,0,-0.0118773869,-0.00116981683,0.470736918,0.651736
10,3,0.5425,0,0,0.00647352675,-0.000166420183,0.066967855,0.651736
10,4,0.6975,0,0,0.0020031289,0.000144064797,-0.0579719977,0.651736
10,5,0.8525,0,0,-0.00468553879,-0.000582193715,0.234276058,0.651736
10,6,1.0075,0,0,0.0127036049,0.00138686504,-0.558077605,0.651736
10,7,1.1625,0,0,-0.00433309361,0.000715235532,-0.287812383,0.651736
10,8,1.3175,0,0,-0.00549620696,-0.000136676546,0.054998949,0.651736
10,9,1.4725,0,0,0.0122658,0.00176452246,-0.710047798,0.651736
10,10,1.6275,0,0,-0.0181748754,-0.00105258323,0.423561856,0.651736
10,11,1.7825,0,0,0.00438457554,-0.000372974026,0.150085585,0.651736
10,12,1.9375,0,0,0.00926368658,0.00106289739,-0.427712297,0.651736
10,13,2.0925,0,0,-0.0148976616,-0.00124624016,0.501489836,0.651736
10,14,2.2475,0,0,0.0158990428,0.00121811148,-0.490170794,0.651736
10,15,2.4025,0,0,-0.0242106946,-0.00253454619,1.01990707,0.651736
10,16,2.5575,0,0,0.0169723232,9.61639023e-05,-0.0386965701,0.651736
10,17,2.7125,0,0,0.00475708243,0.000833511679,-0.33540697,0.651736
10,18,2.8675,0,0,-0.0151810785,-0.00151955549,0.61147254,0.651736
10,19,3.0225,0,0,0.00544756824,-0.000675182415,0.271694919,0.651736
10,20,3.1775,0,0,0.00360647008,-0.000116179553,0.0467509129,0.651736
10,21,3.3325,0,0,-0.00607708209,-0.00105812728,0.425792791,0.651736
10,22,3.4875,0,0,0.000893779616,-0.000919591437,0.370045658,0.651736
10,23,3.6425,0,0,0.00800989833,0.000321942803,-0.129550507,0.651736
10,24,3.7975,0,0,-0.00362889221,-0.000240535489,0.0967920204,0.651736
10,25,3.9525,0,0,0.0112550442,0.00150399636,-0.60521151,0.651736
10,26,4.1075,0,0,-0.0118033803,-0.000325527585,0.130993031,0.651736
10,27,4.2625,0,0,-0.00143263883,-0.000547586604,0.220350078,0.651736
10,28,4.4175,0,0,0.00272937787,-0.000124533033,0.0501123721,0.651736
10,29,4.5725,0,0,-0.0157953025,-0.00257280492,1.03530247,0.651736
10,30,4.7275,0,0,0.0179552649,0.000210261149,-0.0846095582,0.651736
10,31,4.8825,0,0,-0.0096145412,-0.00127999274,0.51507195,0.651736
10,32,5.0375,0,0,0.0189238043,0.00165319693,-0.665250155,0.651736
10,33,5.1925,0,0,-0.00376150229,0.00107016408,-0.430636426,0.651736
10,34,5.3475,0,0,0.000563102839,0.00115744502,-0.465758472,0.651736
10,35,5.5025,0,0,-0.00673131668,0.000114090931,-0.0459104465,0.651736
10,36,5.6575,0,0,-0.011536849,-0.00167412066,0.67366991,0.651736
10,37,5.8125,0,0,0.00992373377,-0.000135941925,0.0547033357,0.651736
10,38,5.9675,0,0,-0.00372403819,-0.000713167844,0.286980341,0.651736
10,39,6.1225,0,0,0.0165718636,0.00185547101,-0.746645698,0.651736
10,40,6.2775,0,0,0.00208239607,0.0021782424,-0.87652963,0.651736
10,41,6.4325,0,0,-0.00512842092,0.00138333716,-0.556657977,0.651736
10,42,6.5875,0,0,-0.0129855875,-0.000629428913,0.253283607,0.651736
10,43,6.7425,0,0,0.00792001596,0.000598173561,-0.240706383,0.651736
10,44,6.8975,0,0,-0.0115346432,-0.00118969614,0.478736397,0.651736
10,45,7.0525,0,0,0.00167146391,-0.000930619234,0.374483268,0.651736
10,46,7.2075,0,0,-0.00571574014,-0.00181655896,0.730987401,0.651736
10,47,7.3625,0,0,-0.00904726133,-0.00321888446,1.29528633,0.651736
10,48,7.5175,0,0,0.0446135676,0.00369621852,-1.48736663,0.651736
10,49,7.6725,0,0,-0.0183870966,0.000846218542,-0.340520241,0.651736
10,50,7.8275,0,0,-0.00526632025,2.99389041e-05,-0.0120474822,0.651736
10,51,7.9825,0,0,0.00752038305,0.00119559828,-0.48111143,0.651736
10,52,8.1375,0,0,-0.0340289872,-0.00407889473,1.64135639,0.651736
10,53,8.2925,0,0,0.0280592066,0.000270282296,-0.108762203,0.651736
10,54,8.4475,0,0,-0.00403781491,-0.000355579015,0.143085793,0.651736
10,55,8.6025,0,0,-0.00471145968,-0.00108585526,0.436950595,0.651736
10,56,8.7575,0,0,0.0229869515,0.00247712222,-0.996799541,0.651736
10,57,8.9125,0,0,-0.000897297027,0.00233804118,-0.940833018,0.651736
10,58,9.0675,0,0,-0.0149551005,2.00006043e-05,-0.00804828806,0.651736
10,59,9.2225,0,0,0.0107168602,0.00168111394,-0.676484021,0.651736
10,60,9.3775,0,0,-0.0210889646,-0.00158767558,0.638884217,0.651736
10,61,9.5325,0,0,0.00314400683,-0.00110035452,0.442785129,0.651736
10,62,9.6875,0,0,0.0334084665,0.00407795779,-1.64097937,0.651736
10,63,9.8425,0,0,-0.0559566597,-0.00459532447,1.84916888,0.651736
10,64,9.9975,0,0,0.0475633201,0.00277699015,-1.11746707,0.651736
10,65,10.1525,0,0,-0.0494649993,-0.00489008475,1.96778108,0.651736
10,66,10.3075,0,0,0.0282335713,-0.00051388119,0.206786944,0.651736
10,67,10.4625,0,0,0.0177592998,0.00223881028,-0.900902282,0.651736
10,68,10.6175,0,0,-0.0400447681,-0.00396812877,1.59678392,0.651736
10,69,10.7725,0,0,0.0200697865,-0.000857311862,0.344984217,0.651736
10,70,10.9275,0,0,0.0418083315,0.00562297952,-2.26269958,0.651736
10,71,11.0825,0,0,-0.0688830187,-0.00505388837,2.03369602,0.651736
10,72,11.2375,0,0,0.0424296356,0.00152270515,-0.612739971,0.651736
10,73,11.3925,0,0,0.0118704603,0.00336262651,-1.35312845,0.651736
10,74,11.5475,0,0,-0.0259688985,-0.000662552756,0.266612716,0.651736
10,75,11.7025,0,0,0.0150521602,0.00167053208,-0.672225859,0.651736
10,76,11.8575,0,0,-0.0308072816,-0.00310459656,1.24929662,0.651736
10,77,12.0125,0,0,0.00759031013,-0.00192809849,0.775871158,0.651736
10,78,12.1675,0,0,0.0328151829,0.00315825486,-1.27088885,0.651736
10,79,12.3225,0,0,-0.0604954784,-0.00621854429,2.50235618,0.651736
10,80,12.4775,0,0,0.0482703625,0.0012633619,-0.508379666,0.651736
10,81,12.6325,0,0,0.0238985023,0.00496762976,-1.99898536,0.651736
10,82,12.7875,0,0,-0.037158464,-0.000791932163,0.31867528,0.651736
10,83,12.9425,0,0,0.0120607184,0.0010774792,-0.433580047,0.651736
10,84,13.0975,0,0,-0.0358376577,-0.00447735775,1.80169881,0.651736
10,85,13.2525,0,0,0.0155037406,-0.00207427796,0.834694105,0.651736
10,86,13.4075,0,0,0.0327388808,0.00300024857,-1.20730676,0.651736
10,87,13.5625,0,0,0.028556472,0.00742650173,-2.98844096,0.651736
10,88,13.7175,0,0,-0.0472365901,0.000104830275,-0.0421839378,0.651736
10,89,13.8725,0,0,0.0139911308,0.00227345555,-0.914843615,0.651736
10,90,14.0275,0,0,-0.0199148687,-0.0008133491,0.327293503,0.651736
10,91,14.1825,0,0,0.00439517258,-0.00013209735,0.0531562701,0.651736
10,92,14.3375,0,0,-0.0276930122,-0.00442451423,1.78043446,0.651736
10,93,14.4925,0,0,0.00407539863,-0.00379282745,1.52624228,0.651736
10,94,14.6475,0,0,0.034925752,0.00162066412,-0.652158877,0.651736
10,95,14.8025,0,0,0.0302169093,0.00630428505,-2.53685845,0.651736
10,96,14.9575,0,0,-0.0407271702,-8.42633205e-06,0.00339077493,0.651736
10,97,15.1125,0,0,0.0107150247,0.00165240249,-0.66493047,0.651736
10,98,15.2675,0,0,-0.0161570943,-0.000851947122,0.342825434,0.651736
10,99,15.4225,0,0,-0.0020934119,-0.00117642597,0.473396449,0.651736
10,100,15.5775,0,0,0.0459682985,0.00594866031,-2.39375426,0.651736
10,101,15.7325,0,0,-0.0705097888,-0.00498035696,2.00410682,0.651736
10,102,15.8875,0,0,0.04148617,0.00144999939,-0.583483009,0.651736
10,103,16.0425,0,0,0.0104063066,0.00306297691,-1.23254878,0.651736
10,104,16.1975,0,0,-0.0234273469,-0.000568261869,0.228669851,0.651736
10,105,16.3525,0,0,0.000265262815,-0.000527146133,0.212124787,0.651736
10,106,16.5075,0,0,-0.0187561139,-0.00343434379,1.38198765,0.651736
10,107,16.6625,0,0,0.00492483877,-0.00267099378,1.07481389,0.651736
10,108,16.8175,0,0,0.0655878046,0.00749511593,-3.01605147,0.651736
10,109,16.9725,0,0,-0.00251326071,0.00710556052,-2.8592935,0.651736
10,110,17.1275,0,0,-0.0341865724,0.0018066418,-0.726996714,0.651736
10,111,17.2825,0,0,0.00337457292,0.0023297006,-0.937476749,0.651736
10,112,17.4375,0,0,-0.0164143556,-0.000214524521,0.0863251488,0.651736
10,113,17.5925,0,0,-0.00696877479,-0.00129468461,0.520983994,0.651736
10,114,17.7475,0,0,-0.015421518,-0.00368501991,1.48286028,0.651736
10,115,17.9025,0,0,0.000543091613,-0.00360084071,1.44898638,0.651736
10,116,18.0575,0,0,0.0536265882,0.00471128047,-1.89582983,0.651736
10,117,18.2125,0,0,-0.00803426106,0.00346597,-1.39471411,0.651736
10,118,18.3675,0,0,-0.0162271699,0.000950758672,-0.382587423,0.651736
10,119,18.5225,0,0,-0.00919472571,-0.000474423813,0.190909207,0.651736
10,120,18.6775,0,0,-0.00914878351,-0.00189248526,0.761540315,0.651736
10,121,18.8325,0,0,-0.0111830329,-0.00362585536,1.45905233,0.651736
10,122,18.9875,0,0,-0.0140370969,-0.00580160538,2.33457902,0.651736
10,123,19.1425,0,0,0.0688486803,0.00486994007,-1.95967481,0.651736
10,124,19.2975,0,0,-0.00618212142,0.00391171125,-1.57408139,0.651736
10,125,19.4525,0,0,-0.0137121655,0.0017863256,-0.71882143,0.651736
10,126,19.6075,0,0,-0.0126835887,-0.000179630656,0.072283779,0.651736
10,127,19.7625,0,0,-0.00425124599,-0.000838573784,0.337443973,0.651736
11,0,0.0775,0,0,0,-0.000744668093,0.299656112,0.688172
11,1,0.2325,0,0,0.0146880739,0.00153198337,-0.616473544,0.688172
11,2,0.3875,0,0,0.00666005326,0.00256429162,-1.0318767,0.688172
11,3,0.5425,0,0,-0.0517283226,-0.00545359839,2.19454023,0.688172
11,4,0.6975,0,0,0.0279431073,-0.00112241676,0.451663024,0.688172
11,5,0.8525,0,0,0.0161147492,0.00137536937,-0.553451721,0.688172
11,6,1.0075,0,0,0.0158621204,0.00383399803,-1.54280941,0.688172
11,7,1.1625,0,0,-0.0464370034,-0.0033637375,1.35357552,0.688172
11,8,1.3175,0,0,0.0138699691,-0.00121389228,0.488472979,0.688172
11,9,1.4725,0,0,0.0168885064,0.00140382621,-0.564902816,0.688172
11,10,1.6275,0,0,0.038834181,0.00742312426,-2.98708186,0.688172
11,11,1.7825,0,0,-0.0646330262,-0.0025949948,1.04423173,0.688172
11,12,1.9375,0,0,0.0146100832,-0.000330431904,0.13296654,0.688172
11,13,2.0925,0,0,0.0145008803,0.00191720454,-0.771487409,0.688172
11,14,2.2475,0,0,0.000865161116,0.00205130451,-0.825449539,0.688172
11,15,2.4025,0,0,-0.0333151299,-0.00311254063,1.25249333,0.688172
11,16,2.5575,0,0,0.0235013743,0.000530172389,-0.213342559,0.688172
11,17,2.7125,0,0,0.00286390645,0.000974077889,-0.391971129,0.688172
11,18,2.8675,0,0,0.0174268701,0.00367524275,-1.47892593,0.688172
11,19,3.0225,0,0,-0.0293975821,-0.000881382469,0.354670284,0.688172
11,20,3.1775,0,0,0.0014777233,-0.000652335357,0.262501212,0.688172
11,21,3.3325,0,0,0.016739477,0.00194228359,-0.781579274,0.688172
11,22,3.4875,0,0,-0.0493361405,-0.00570481819,2.29563164,0.688172
11,23,3.6425,0,0,0.025037925,-0.00182393981,0.733957472,0.688172
11,24,3.7975,0,0,0.0140981883,0.000361279381,-0.145379634,0.688172
11,25,3.9525,0,0,0.00941779381,0.00182103742,-0.732789545,0.688172
11,26,4.1075,0,0,0.0311929824,0.00665594969,-2.67836909,0.688172
11,27,4.2625,0,0,-0.0582420189,-0.00237156324,0.954322368,0.688172
11,28,4.4175,0,0,0.0183802782,0.000477379882,-0.192098736,0.688172
11,29,4.5725,0,0,0.012141351,0.00235928929,-0.949383305,0.688172
11,30,4.7275,0,0,-0.0429735413,-0.00430160961,1.73097736,0.688172
11,31,4.8825,0,0,0.0206052892,-0.00110778979,0.445777098,0.688172
11,32,5.0375,0,0,0.00950577432,0.000365605227,-0.147120364,0.688172
11,33,5.1925,0,0,0.0143444813,0.00258899982,-1.04181934,0.688172
11,34,5.3475,0,0,-0.0406954247,-0.003718791,1.49644984,0.688172
11,35,5.5025,0,0,0.0186636332,-0.000825927851,0.332355221,0.688172
11,36,5.6575,0,0,0.009950191,0.000716351753,-0.288261553,0.688172
11,37,5.8125,0,0,0.0110219798,0.00242475862,-0.975728312,0.688172
11,38,5.9675,0,0,-0.0266636484,-0.00170810688,0.687346041,0.688172
11,39,6.1225,0,0,0.00853405211,-0.000385328802,0.155057175,0.688172
11,40,6.2775,0,0,0.00683110246,0.000673492079,-0.271014724,0.688172
11,41,6.4325,0,0,0.0143262189,0.00289405601,-1.16457463,0.688172
11,42,6.5875,0,0,-0.0236260924,-0.000767988312,0.30904022,0.688172
11,43,6.7425,0,0,-0.00118824056,-0.000952165598,0.383153574,0.688172
11,44,6.8975,0,0,0.0131173722,0.00108102709,-0.435007727,0.688172
11,45,7.0525,0,0,0.00637283952,0.00206881722,-0.83249669,0.688172
11,46,7.2075,0,0,-0.0284385564,-0.00233915903,0.941282845,0.688172
11,47,7.3625,0,0,0.00984601126,-0.000813027287,0.327164005,0.688172
11,48,7.5175,0,0,0.00998104456,0.00073403462,-0.295377178,0.688172
11,49,7.6725,0,0,0.00228346562,0.00108797179,-0.43780229,0.688172
11,50,7.8275,0,0,-0.0174617092,-0.00161859314,0.651325512,0.688172
11,51,7.9825,0,0,0.00348956414,-0.0010777107,0.433673203,0.688172
11,52,8.1375,0,0,0.0147466367,0.001208018,-0.486109154,0.688172
11,53,8.2925,0,0,-0.00727110213,8.09971695e-05,-0.0325934428,0.688172
11,54,8.4475,0,0,-0.00929738873,-0.00136009808,0.547306521,0.688172
11,55,8.6025,0,0,0.00866919482,-1.63728871e-05,0.0065884865,0.688172
11,56,8.7575,0,0,0.00448309212,0.000678506392,-0.273032495,0.688172
11,57,8.9125,0,0,-0.00460761913,-3.56745736e-05,0.0143555285,0.688172
11,58,9.0675,0,0,-0.00383646228,-0.000630326227,0.253644688,0.688172
11,59,9.2225,0,0,0.0054824875,0.000219459335,-0.0883109289,0.688172
11,60,9.3775,0,0,0.0117630736,0.00204273574,-0.822001447,0.688172
11,61,9.5325,0,0,-0.0102209901,0.000458482275,-0.184494296,0.688172
11,62,9.6875,0,0,-0.0140968891,-0.00172653554,0.694761775,0.688172
11,63,9.8425,0,0,0.0149350425,0.000588396043,-0.236771888,0.688172
11,64,9.9975,0,0,0.0046575605,0.00131031792,-0.527274872,0.688172
11,65,10.1525,0,0,-0.0141508344,-0.000883061415,0.355345895,0.688172
11,66,10.3075,0,0,-0.00316391607,-0.00137346841,0.552686769,0.688172
11,67,10.4625,0,0,0.0094121681,8.54176485e-05,-0.0343722534,0.688172
11,68,10.6175,0,0,0.00386107506,0.000683884283,-0.27519657,0.688172
11,69,10.7725,0,0,-0.0138831021,-0.00146799654,0.5907251,0.688172
11,70,10.9275,0,0,0.00367546351,-0.000898299691,0.361477812,0.688172
11,71,11.0825,0,0,0.00905642561,0.000505446278,-0.203392717,0.688172
11,72,11.2375,0,0,-0.00523428657,-0.00030586814,0.123082026,0.688172
11,73,11.3925,0,0,-0.0107830775,-0.00197724516,0.79564789,0.688172
11,74,11.5475,0,0,0.0103205443,-0.000377560789,0.151931309,0.688172
11,75,11.7025,0,0,0.00759578174,0.000799785381,-0.321835432,0.688172
11,76,11.8575,0,0,0.00123469896,0.000991163719,-0.398846505,0.688172
11,77,12.0125,0,0,-0.0180266757,-0.00180297102,0.725519585,0.688172
11,78,12.1675,0,0,0.0121248633,7.63827919e-05,-0.0307366069,0.688172
11,79,12.3225,0,0,0.00545018281,0.000921161127,-0.370677305,0.688172
11,80,12.4775,0,0,-0.00215609822,0.000586965903,-0.236196397,0.688172
11,81,12.6325,0,0,-0.00910784682,-0.000824750354,0.331881393,0.688172
11,82,12.7875,0,0,0.00819447916,0.000445393916,-0.179227511,0.688172
11,83,12.9425,0,0,0.00240119593,0.000817579285,-0.328995739,0.688172
11,84,13.0975,0,0,-0.0127129545,-0.00115292867,0.463941083,0.688172
11,85,13.2525,0,0,0.00402397044,-0.000529213249,0.212956599,0.688172
11,86,13.4075,0,0,0.00597974665,0.000397647481,-0.160014239,0.688172
11,87,13.5625,0,0,0.00945451385,0.00186309713,-0.749714466,0.688172
11,88,13.7175,0,0,-0.0305781119,-0.00287651022,1.15751417,0.688172
11,89,13.8725,0,0,0.016756046,-0.00027932309,0.112400238,0.688172
11,90,14.0275,0,0,0.00381617988,0.000312184792,-0.125623861,0.688172
11,91,14.1825,0,0,0.00968288117,0.00181303137,-0.729567894,0.688172
11,92,14.3375,0,0,-0.0181752233,-0.00100412824,0.404063457,0.688172
11,93,14.4925,0,0,0.00361745045,-0.000443423421,0.17843458,0.688172
11,94,14.6475,0,0,0.00542397019,0.000397291959,-0.159871176,0.688172
11,95,14.8025,0,0,0.00626520279,0.00136839839,-0.550646584,0.688172
11,96,14.9575,0,0,-0.0128947039,-0.00063028072,0.253626376,0.688172
11,97,15.1125,0,0,0.00353215737,-8.27963284e-05,0.0333174284,0.688172
11,98,15.2675,0,0,0.00516929163,0.000718443874,-0.289103427,0.688172
11,99,15.4225,0,0,-0.00428290712,5.45932709e-05,-0.0219684547,0.688172
11,100,15.5775,0,0,-0.000733779584,-5.91425647e-05,0.0237991008,0.688172
11,101,15.7325,0,0,0.000963412255,9.01863348e-05,-0.0362911835,0.688172
11,102,15.8875,0,0,0.011921769,0.00193806052,-0.779879904,0.688172
11,103,16.0425,0,0,-0.0164091009,-0.000605350115,0.243594245,0.688172
11,104,16.1975,0,0,0.00344804446,-7.09032229e-05,0.028531616,0.688172
11,105,16.3525,0,0,0.0084631124,0.0012408792,-0.499332575,0.688172
11,106,16.5075,0,0,0.00783265929,0.00245494139,-0.987873924,0.688172
11,107,16.6625,0,0,-0.0238466462,-0.00124128878,0.49949739,0.688172
11,108,16.8175,0,0,0.0077059793,-4.68619876e-05,0.018857369,0.688172
11,109,16.9725,0,0,0.0120095419,0.00181461701,-0.730205957,0.688172
11,110,17.1275,0,0,-0.00904022682,0.000413381854,-0.166345786,0.688172
11,111,17.2825,0,0,-0.011412267,-0.00135551954,0.545464104,0.688172
11,112,17.4375,0,0,0.00941861816,0.000104366276,-0.0419972237,0.688172
11,113,17.5925,0,0,0.00752217885,0.001270304,-0.51117318,0.688172
11,114,17.7475,0,0,-0.0121217587,-0.000608568595,0.244889368,0.688172
11,115,17.9025,0,0,0.000226759222,-0.000573420916,0.230745863,0.688172
11,116,18.0575,0,0,0.0103917277,0.00103729687,-0.417410589,0.688172
11,117,18.2125,0,0,0.00133834327,0.00124474008,-0.500886201,0.688172
11,118,18.3675,0,0,-0.0145294763,-0.00100732875,0.405351348,0.688172
11,119,18.5225,0,0,0.00485526982,-0.000254761923,0.102516769,0.688172
11,120,18.6775,0,0,0.0136906557,0.0018672897,-0.751401567,0.688172
11,121,18.8325,0,0,-0.013958401,-0.000296262448,0.119216674,0.688172
11,122,18.9875,0,0,-0.00931238565,-0.00173968222,0.700052031,0.688172
11,123,19.1425,0,0,0.0108431207,-5.89985091e-05,0.0237411324,0.688172
11,124,19.2975,0,0,0.00425305372,0.000600224818,-0.241531814,0.688172
11,125,19.4525,0,0,-0.0154650204,-0.00179685335,0.723057819,0.688172
11,126,19.6075,0,0,0.00330618696,-0.00128439437,0.516843176,0.688172
11,127,19.7625,0,0,0.00959525095,0.000202869531,-0.0816351546,0.688172
12,0,0.0775,0,0,0,-0.000744668093,0.299656112,0.659500
12,1,0.2325,0,0,0.0146880739,0.00153198337,-0.616473544,0.659500
12,2,0.3875,0,0,0.00666005326,0.00256429162,-1.0318767,0.659500
12,3,0.5425,0,0,-0.0517283226,-0.00545359839,2.19454023,0.659500
12,4,0.6975,0,0,0.0279431073,-0.00112241676,0.451663024,0.659500
12,5,0.8525,0,0,0.0161147492,0.00137536937,-0.553451721,0.659500
12,6,1.0075,0,0,0.0158621204,0.00383399803,-1.54280941,0.659500
12,7,1.1625,0,0,-0.0464370034,-0.0033637375,1.35357552,0.659500
12,8,1.3175,0,0,0.0138699691,-0.00121389228,0.488472979,0.659500
12,9,1.4725,0,0,0.0168885064,0.00140382621,-0.564902816,0.659500
12,10,1.6275,0,0,0.038834181,0.00742312426,-2.98708186,0.659500
12,11,1.7825,0,0,-0.0646330262,-0.0025949948,1.04423173,0.659500
12,12,1.9375,0,0,0.0146100832,-0.000330431904,0.13296654,0.659500
12,13,2.0925,0,0,0.0145008803,0.00191720454,-0.771487409,0.659500
12,14,2.2475,0,0,0.000865161116,0.00205130451,-0.825449539,0.659500
12,15,2.4025,0,0,-0.0333151299,-0.00311254063,1.25249333,0.659500
12,16,2.5575,0,0,0.0235013743,0.000530172389,-0.213342559,0.659500
12,17,2.7125,0,0,0.00286390645,0.000974077889,-0.391971129,0.659500
12,18,2.8675,0,0,0.0174268701,0.00367524275,-1.47892593,0.659500
12,19,3.0225,0,0,-0.0293975821,-0.000881382469,0.354670284,0.659500
12,20,3.1775,0,0,0.0014777233,-0.000652335357,0.262501212,0.659500
12,21,3.3325,0,0,0.016739477,0.00194228359,-0.781579274,0.659500
12,22,3.4875,0,0,-0.0493361405,-0.00570481819,2.29563164,0.659500
12,23,3.6425,0,0,0.025037925,-0.00182393981,0.733957472,0.659500
12,24,3.7975,0,0,0.0140981883,0.000361279381,-0.145379634,0.659500
12,25,3.9525,0,0,0.00941779381,0.00182103742,-0.732789545,0.659500
12,26,4.1075,0,0,0.0311929824,0.00665594969,-2.67836909,0.659500
12,27,4.2625,0,0,-0.0582420189,-0.00237156324,0.954322368,0.659500
12,28,4.4175,0,0,0.0183802782,0.000477379882,-0.192098736,0.659500
12,29,4.5725,0,0,0.012141351,0.00235928929,-0.949383305,0.659500
12,30,4.7275,0,0,-0.0429735413,-0.00430160961,1.73097736,0.659500
12,31,4.8825,0,0,0.0206052892,-0.00110778979,0.445777098,0.659500
12,32,5.0375,0,0,0.00950577432,0.000365605227,-0.147120364,0.659500
12,33,5.1925,0,0,0.0143444813,0.00258899982,-1.04181934,0.659500
12,34,5.3475,0,0,-0.0406954247,-0.003718791,1.49644984,0.659500
12,35,5.5025,0,0,0.0186636332,-0.000825927851,0.332355221,0.659500
12,36,5.6575,0,0,0.009950191,0.000716351753,-0.288261553,0.659500
12,37,5.8125,0,0,0.0110219798,0.00242475862,-0.975728312,0.659500
12,38,5.9675,0,0,-0.0266636484,-0.00170810688,0.687346041,0.659500
12,39,6.1225,0,0,0.00853405211,-0.000385328802,0.155057175,0.659500
12,40,6.2775,0,0,0.00683110246,0.000673492079,-0.271014724,0.659500
12,41,6.4325,0,0,0.0143262189,0.00289405601,-1.16457463,0.659500
12,42,6.5875,0,0,-0.0236260924,-0.000767988312,0.30904022,0.659500
12,43,6.7425,0,0,-0.00118824056,-0.000952165598,0.383153574,0.659500
12,44,6.8975,0,0,0.0131173722,0.00108102709,-0.435007727,0.659500
12,45,7.0525,0,0,0.00637283952,0.00206881722,-0.83249669,0.659500
12,46,7.2075,0,0,-0.0284385564,-0.00233915903,0.941282845,0.659500
12,47,7.3625,0,0,0.00984601126,-0.000813027287,0.327164005,0.659500
12,48,7.5175,0,0,0.00998104456,0.00073403462,-0.295377178,0.659500
12,49,7.6725,0,0,0.00228346562,0.00108797179,-0.43780229,0.659500
12,50,7.8275,0,0,-0.0174617092,-0.00161859314,0.651325512,0.659500
12,51,7.9825,0,0,0.00348956414,-0.0010777107,0.433673203,0.659500
12,52,8.1375,0,0,0.0147466367,0.001208018,-0.486109154,0.659500
12,53,8.2925,0,0,-0.00727110213,8.09971695e-05,-0.0325934428,0.659500
12,54,8.4475,0,0,-0.00929738873,-0.00136009808,0.547306521,0.659500
12,55,8.6025,0,0,0.00866919482,-1.63728871e-05,0.0065884865,0.659500
12,56,8.7575,0,0,0.00448309212,0.000678506392,-0.273032495,0.659500
12,57,8.9125,0,0,-0.00460761913,-3.56745736e-05,0.0143555285,0.659500
12,58,9.0675,0,0,-0.00383646228,-0.000630326227,0.253644688,0.659500
12,59,9.2225,0,0,0.0054824875,0.000219459335,-0.0883109289,0.659500
12,60,9.3775,0,0,0.0117630736,0.00204273574,-0.822001447,0.659500
12,61,9.5325,0,0,-0.0102209901,0.000458482275,-0.184494296,0.659500
12,62,9.6875,0,0,-0.0140968891,-0.00172653554,0.694761775,0.659500
12,63,9.8425,0,0,0.0149350425,0.000588396043,-0.236771888,0.659500
12,64,9.9975,0,0,0.0046575605,0.00131031792,-0.527274872,0.659500
12,65,10.1525,0,0,-0.0141508344,-0.000883061415,0.355345895,0.659500
12,66,10.3075,0,0,-0.00316391607,-0.00137346841,0.552686769,0.659500
12,67,10.4625,0,0,0.0094121681,8.54176485e-05,-0.0343722534,0.659500
12,68,10.6175,0,0,0.00386107506,0.000683884283,-0.27519657,0.659500
12,69,10.7725,0,0,-0.0138831021,-0.00146799654,0.5907251,0.659500
12,70,10.9275,0,0,0.00367546351,-0.000898299691,0.361477812,0.659500
12,71,11.0825,0,0,0.00905642561,0.000505446278,-0.203392717,0.659500
12,72,11.2375,0,0,-0.00523428657,-0.00030586814,0.123082026,0.659500
12,73,11.3925,0,0,-0.0107830775,-0.00197724516,0.79564789,0.659500
12,74,11.5475,0,0,0.0103205443,-0.000377560789,0.151931309,0.659500
12,75,11.7025,0,0,0.00759578174,0.000799785381,-0.321835432,0.659500
12,76,11.8575,0,0,0.00123469896,0.000991163719,-0.398846505,0.659500
12,77,12.0125,0,0,-0.0180266757,-0.00180297102,0.725519585,0.659500
12,78,12.1675,0,0,0.0121248633,7.63827919e-05,-0.0307366069,0.659500
12,79,12.3225,0,0,0.00545018281,0.000921161127,-0.370677305,0.659500
12,80,12.4775,0,0,-0.00215609822,0.000586965903,-0.236196397,0.659500
12,81,12.6325,0,0,-0.00910784682,-0.000824750354,0.331881393,0.659500
12,82,12.7875,0,0,0.00819447916,0.000445393916,-0.179227511,0.659500
12,83,12.9425,0,0,0.00240119593,0.000817579285,-0.328995739,0.659500
12,84,13.0975,0,0,-0.0127129545,-0.00115292867,0.463941083,0.659500
12,85,13.2525,0,0,0.00402397044,-0.000529213249,0.212956599,0.659500
12,86,13.4075,0,0,0.00597974665,0.000397647481,-0.160014239,0.659500
12,87,13.5625,0,0,0.00945451385,0.00186309713,-0.749714466,0.659500
12,88,13.7175,0,0,-0.0305781119,-0.00287651022,1.15751417,0.659500
12,89,13.8725,0,0,0.016756046,-0.00027932309,0.112400238,0.659500
12,90,14.0275,0,0,0.00381617988,0.000312184792,-0.125623861,0.659500
12,91,14.1825,0,0,0.00968288117,0.00181303137,-0.729567894,0.659500
12,92,14.3375,0,0,-0.0181752233,-0.00100412824,0.404063457,0.659500
12,93,14.4925,0,0,0.00361745045,-0.000443423421,0.17843458,0.659500
12,94,14.6475,0,0,0.00542397019,0.000397291959,-0.159871176,0.659500
12,95,14.8025,0,0,0.00626520279,0.00136839839,-0.550646584,0.659500
12,96,14.9575,0,0,-0.0128947039,-0.00063028072,0.253626376,0.659500
12,97,15.1125,0,0,0.00353215737,-8.27963284e-05,0.0333174284,0.659500
12,98,15.2675,0,0,0.00516929163,0.000718443874,-0.289103427,0.659500
12,99,15.4225,0,0,-0.00428290712,5.45932709e-05,-0.0219684547,0.659500
12,100,15.5775,0,0,-0.000733779584,-5.91425647e-05,0.0237991008,0.659500
12,101,15.7325,0,0,0.000963412255,9.01863348e-05,-0.0362911835,0.659500
12,102,15.8875,0,0,0.011921769,0.00193806052,-0.779879904,0.659500
12,103,16.0425,0,0,-0.0164091009,-0.000605350115,0.243594245,0.659500
12,104,16.1975,0,0,0.00344804446,-7.09032229e-05,0.028531616,0.659500
12,105,16.3525,0,0,0.0084631124,0.0012408792,-0.499332575,0.659500
12,106,16.5075,0,0,0.00783265929,0.00245494139,-0.987873924,0.659500
12,107,16.6625,0,0,-0.0238466462,-0.00124128878,0.49949739,0.659500
12,108,16.8175,0,0,0.0077059793,-4.68619876e-05,0.018857369,0.659500
12,109,16.9725,0,0,0.0120095419,0.00181461701,-0.730205957,0.659500
12,110,17.1275,0,0,-0.00904022682,0.000413381854,-0.166345786,0.659500
12,111,17.2825,0,0,-0.011412267,-0.00135551954,0.545464104,0.659500
12,112,17.4375,0,0,0.00941861816,0.000104366276,-0.0419972237,0.659500
12,113,17.5925,0,0,0.00752217885,0.001270304,-0.51117318,0.659500
12,114,17.7475,0,0,-0.0121217587,-0.000608568595,0.244889368,0.659500
12,115,17.9025,0,0,0.000226759222,-0.000573420916,0.230745863,0.659500
12,116,18.0575,0,0,0.0103917277,0.00103729687,-0.417410589,0.659500
12,117,18.2125,0,0,0.00133834327,0.00124474008,-0.500886201,0.659500
12,118,18.3675,0,0,-0.0145294763,-0.00100732875,0.405351348,0.659500
12,119,18.5225,0,0,0.00485526982,-0.000254761923,0.102516769,0.659500
12,120,18.6775,0,0,0.0136906557,0.0018672897,-0.751401567,0.659500
12,121,18.8325,0,0,-0.013958401,-0.000296262448,0.119216674,0.659500
12,122,18.9875,0,0,-0.00931238565,-0.00173968222,0.700052031,0.659500
12,123,19.1425,0,0,0.0108431207,-5.89985091e-05,0.0237411324,0.659500
12,124,19.2975,0,0,0.00425305372,0.000600224818,-0.241531814,0.659500
12,125,19.4525,0,0,-0.0154650204,-0.00179685335,0.723057819,0.659500
12,126,19.6075,0,0,0.00330618696,-0.00128439437,0.516843176,0.659500
12,127,19.7625,0,0,0.00959525095,0.000202869531,-0.0816351546,0.659500
13,0,0.0775,0,0,0,-4.38044382e-05,0.0176270042,0.748538
13,1,0.2325,0,0,-0.0019231804,-0.000341897401,0.137580281,0.748538
13,2,0.3875,0,0,0.0221135366,0.00308570078,-1.24169292,0.748538
13,3,0.5425,0,0,-0.0193585815,8.51206487e-05,-0.0342527401,0.748538
13,4,0.6975,0,0,-0.00178018191,-0.000190807547,0.076781385,0.748538
13,5,0.8525,0,0,0.00175818514,8.17111492e-05,-0.0328807498,0.748538
13,6,1.0075,0,0,0.003312016,0.00059507363,-0.239458964,0.748538
13,7,1.1625,0,0,-0.00326389745,8.91695252e-05,-0.0358820171,0.748538
13,8,1.3175,0,0,-0.00503191939,-0.000690777981,0.27797061,0.748538
13,9,1.4725,0,0,0.0258797991,0.00332059089,-1.33621323,0.748538
13,10,1.6275,0,0,-0.0232490468,-0.000283011371,0.113884411,0.748538
13,11,1.7825,0,0,-0.000323806864,-0.000333201435,0.134081005,0.748538
13,12,1.9375,0,0,0.0154101286,0.0020553685,-0.827084897,0.748538
13,13,2.0925,0,0,-0.00420890369,0.00140298843,-0.564565692,0.748538
13,14,2.2475,0,0,-0.0107805716,-0.000268000173,0.107843871,0.748538
13,15,2.4025,0,0,-0.00362548456,-0.00082995028,0.333973855,0.748538
13,16,2.5575,0,0,0.0248193566,0.00301704999,-1.21406769,0.748538
13,17,2.7125,0,0,-0.022913916,-0.000534606984,0.21512705,0.748538
13,18,2.8675,0,0,0.00286948307,-8.98371084e-05,0.036150654,0.748538
13,19,3.0225,0,0,0.00682269249,0.000967680227,-0.389396695,0.748538
13,20,3.1775,0,0,-0.00380337915,0.000378156459,-0.152171008,0.748538
13,21,3.3325,0,0,-0.00616995043,-0.000578185858,0.232663287,0.748538
13,22,3.4875,0,0,0.00523539414,0.000233300233,-0.0938805373,0.748538
13,23,3.6425,0,0,0.0152191067,0.00259226177,-1.04313195,0.748538
13,24,3.7975,0,0,-0.0231345426,-0.000993592328,0.399823783,0.748538
13,25,3.9525,0,0,0.00495360919,-0.000225782904,0.0908555472,0.748538
13,26,4.1075,0,0,0.0169567081,0.00240250685,-0.966774149,0.748538
13,27,4.2625,0,0,-0.0137952742,0.000264239356,-0.10633051,0.748538
13,28,4.4175,0,0,-0.00710900906,-0.000837657049,0.337075077,0.748538
13,29,4.5725,0,0,0.0124031703,0.00108483434,-0.436539773,0.748538
13,30,4.7275,0,0,0.00738537354,0.00222956724,-0.897182861,0.748538
13,31,4.8825,0,0,-0.0209028572,-0.00101037563,0.40657742,0.748538
13,32,5.0375,0,0,0.0041149441,-0.000372559294,0.149918696,0.748538
13,33,5.1925,0,0,0.0150211638,0.0019557211,-0.78698656,0.748538
13,34,5.3475,0,0,-0.0147941329,-0.000337369507,0.135758247,0.748538
13,35,5.5025,0,0,-0.00227339002,-0.00068974496,0.27755492,0.748538
13,36,5.6575,0,0,0.0113908525,0.00107583718,-0.432919296,0.748538
13,37,5.8125,0,0,0.00459346766,0.00178782467,-0.719424659,0.748538
13,38,5.9675,0,0,-0.0190619612,-0.00116677932,0.469514616,0.748538
13,39,6.1225,0,0,0.00764232023,1.77803192e-05,-0.00715484034,0.748538
13,40,6.2775,0,0,0.0128750979,0.00201342049,-0.810204923,0.748538
13,41,6.4325,0,0,-0.0185641402,-0.000864021248,0.347684089,0.748538
13,42,6.5875,0,0,0.000914602706,-0.000722257828,0.290638171,0.748538
13,43,6.7425,0,0,0.0153064543,0.00165024259,-0.66406132,0.748538
13,44,6.8975,0,0,-0.00111610508,0.0014772463,-0.594447226,0.748538
13,45,7.0525,0,0,-0.0193918296,-0.00152848729,0.615066716,0.748538
13,46,7.2075,0,0,0.0235016453,0.00211426773,-0.850786081,0.748538
13,47,7.3625,0,0,-0.00530840118,0.00129146555,-0.519688636,0.748538
13,48,7.5175,0,0,-0.0206306632,-0.00190628725,0.767094267,0.748538
13,49,7.6725,0,0,0.0122837044,-2.31307382e-06,0.000930786097,0.748538
13,50,7.8275,0,0,0.00826957387,0.00127947088,-0.514861952,0.748538
13,51,7.9825,0,0,-0.00848813832,-3.61905643e-05,0.0145631643,0.748538
13,52,8.1375,0,0,-0.00855843151,-0.00136274745,0.548372632,0.748538
13,53,8.2925,0,0,0.022543318,0.00213146685,-0.857707042,0.748538
13,54,8.4475,0,0,-0.00519872081,0.00132566512,-0.53345062,0.748538
13,55,8.6025,0,0,-0.0226907583,-0.00219140242,0.881825251,0.748538
13,56,8.7575,0,0,0.0167733313,0.000408463933,-0.164366803,0.748538
13,57,8.9125,0,0,0.00635866907,0.00139405764,-0.560971922,0.748538
13,58,9.0675,0,0,-0.0134327143,-0.00068801308,0.276858007,0.748538
13,59,9.2225,0,0,-0.0017894502,-0.000965377861,0.388470218,0.748538
13,60,9.3775,0,0,0.0124221564,0.000960056389,-0.386328845,0.748538
13,61,9.5325,0,0,0.00343434482,0.00149237984,-0.600536995,0.748538
13,62,9.6875,0,0,-0.0228489542,-0.00204920807,0.824605926,0.748538
13,63,9.8425,0,0,0.0202739426,0.00109325303,-0.439927471,0.748538
13,64,9.9975,0,0,-0.00113634812,0.000917119067,-0.369050771,0.748538
13,65,10.1525,0,0,-0.0154479072,-0.00147730656,0.594471473,0.748538
13,66,10.3075,0,0,0.00562010765,-0.00060618987,0.243932164,0.748538
13,67,10.4625,0,0,0.00838882989,0.000694078762,-0.279298852,0.748538
13,68,10.6175,0,0,0.00454974752,0.00139928963,-0.563077287,0.748538
13,69,10.7725,0,0,-0.023735012,-0.00227963724,0.91733114,0.748538
13,70,10.9275,0,0,0.0280537959,0.00206870113,-0.832449977,0.748538
13,71,11.0825,0,0,-0.00758209372,0.000893476603,-0.35953699,0.748538
13,72,11.2375,0,0,-0.0237504779,-0.00278784748,1.12183608,0.748538
13,73,11.3925,0,0,0.0206893362,0.00041899964,-0.168606395,0.748538
13,74,11.5475,0,0,-0.000553893394,0.000333146164,-0.134058764,0.748538
13,75,11.7025,0,0,0.00272020372,0.000754777741,-0.303724257,0.748538
13,76,11.8575,0,0,-0.0172865024,-0.00192463013,0.774475485,0.748538
13,77,12.0125,0,0,0.0207054511,0.00128471479,-0.516972113,0.748538
13,78,12.1675,0,0,-0.00222005587,0.000940606128,-0.378502017,0.748538
13,79,12.3225,0,0,-0.0242728582,-0.0028216869,1.13545314,0.748538
13,80,12.4775,0,0,0.0266817714,0.00131398767,-0.528751589,0.748538
13,81,12.6325,0,0,-0.00617182344,0.000357355042,-0.143800471,0.748538
13,82,12.7875,0,0,-0.00422638058,-0.000297733949,0.119808809,0.748538
13,83,12.9425,0,0,-0.00310751557,-0.000779398861,0.313631851,0.748538
13,84,13.0975,0,0,0.00732819833,0.00035647188,-0.143445085,0.748538
13,85,13.2525,0,0,0.00379688655,0.000944989295,-0.380265813,0.748538
13,86,13.4075,0,0,-0.0234380828,-0.00268791353,1.08162244,0.748538
13,87,13.5625,0,0,0.0299670653,0.00195698159,-0.787493782,0.748538
13,88,13.7175,0,0,-0.0123019919,5.01728472e-05,-0.0201896663,0.748538
13,89,13.8725,0,0,-0.00632611069,-0.00093037431,0.37438471,0.748538
13,90,14.0275,0,0,0.00526022814,-0.000115038948,0.0462919308,0.748538
13,91,14.1825,0,0,-0.00116107484,-0.000295005548,0.118710895,0.748538
13,92,14.3375,0,0,0.0089848553,0.00109764702,-0.441695626,0.748538
13,93,14.4925,0,0,-0.0189942726,-0.00184646524,0.743021755,0.748538
13,94,14.6475,0,0,0.0231030238,0.00173450345,-0.69796808,0.748538
13,95,14.8025,0,0,-0.00795753854,0.000501084973,-0.201637718,0.748538
13,96,14.9575,0,0,-0.0206895065,-0.00270578854,1.08881538,0.748538
13,97,15.1125,0,0,0.0261878528,0.00135332865,-0.544582484,0.748538
13,98,15.2675,0,0,-0.0125724455,-0.000595400408,0.23959046,0.748538
13,99,15.4225,0,0,0.0131507739,0.00144296954,-0.580654181,0.748538
13,100,15.5775,0,0,-0.0184043734,-0.00140970833,0.567269796,0.748538
13,101,15.7325,0,0,0.0176649191,0.00132835413,-0.534532682,0.748538
13,102,15.8875,0,0,-0.00636492599,0.0003417906,-0.137537304,0.748538
13,103,16.0425,0,0,-0.0209652204,-0.00290781856,1.17011271,0.748538
13,104,16.1975,0,0,0.0293832265,0.00164658155,-0.662588113,0.748538
13,105,16.3525,0,0,-0.013131075,-0.000388735073,0.156427866,0.748538
13,106,16.5075,0,0,0.00474692279,0.000347037959,-0.139648854,0.748538
13,107,16.6625,0,0,-0.00232308619,-1.30404011e-05,0.00524748666,0.748538
13,108,16.8175,0,0,-0.00209334116,-0.000337508281,0.13581409,0.748538
13,109,16.9725,0,0,0.00601571291,0.00059492722,-0.239400049,0.748538
13,110,17.1275,0,0,-0.0131907737,-0.0014496427,0.583339476,0.748538
13,111,17.2825,0,0,0.0281237403,0.00290953705,-1.17080424,0.748538
13,112,17.4375,0,0,-0.0229553365,-0.000648540109,0.260973995,0.748538
13,113,17.5925,0,0,0.00981157226,0.000872253591,-0.350996803,0.748538
13,114,17.7475,0,0,-0.00616816089,-8.38113471e-05,0.0337258742,0.748538
13,115,17.9025,0,0,-0.00167610267,-0.000343607261,0.138268333,0.748538
13,116,18.0575,0,0,0.00579078844,0.000553964947,-0.222916738,0.748538
13,117,18.2125,0,0,-0.0197175231,-0.00250225113,1.00691147,0.748538
13,118,18.3675,0,0,0.0316707912,0.00240672151,-0.968470137,0.748538
13,119,18.5225,0,0,-0.0178571284,-0.000361133384,0.145320884,0.748538
13,120,18.6775,0,0,-0.00973862311,-0.00187061997,0.752741672,0.748538
13,121,18.8325,0,0,0.0238122224,0.00182027451,-0.732482548,0.748538
13,122,18.9875,0,0,-0.0195943939,-0.00121685655,0.489665806,0.748538
13,123,19.1425,0,0,0.00928002529,0.00022154737,-0.089151159,0.748538
13,124,19.2975,0,0,-0.00413724496,-0.000419725599,0.168898523,0.748538
13,125,19.4525,0,0,0.0108680163,0.00126481692,-0.508965168,0.748538
13,126,19.6075,0,0,-0.00850284946,-5.31247431e-05,0.0213775159,0.748538
13,127,19.7625,0,0,-0.00872330242,-0.00140523662,0.565470369,0.748538
14,0,0.0775,0,0,0,0.00126306557,-0.50826042,0.608584
14,1,0.2325,0,0,-0.0302795339,-0.00343026219,1.3803452,0.608584
14,2,0.3875,0,0,0.0244576024,0.00036066618,-0.14513288,0.608584
14,3,0.5425,0,0,0.00610824632,0.00130744436,-0.526118544,0.608584
14,4,0.6975,0,0,-0.0194850166,-0.00171273321,0.689207687,0.608584
14,5,0.8525,0,0,0.0264706072,0.00239021091,-0.961826234,0.608584
14,6,1.0075,0,0,-0.0152970267,1.91717746e-05,-0.00771476513,0.608584
14,7,1.1625,0,0,-0.0187599457,-0.00288861981,1.1623871,0.608584
14,8,1.3175,0,0,0.0252514256,0.00102535115,-0.412603605,0.608584
14,9,1.4725,0,0,-0.00145293941,0.000800145545,-0.321980363,0.608584
14,10,1.6275,0,0,-0.0203818994,-0.00235904886,0.949286554,0.608584
14,11,1.7825,0,0,0.0243056975,0.00140833426,-0.566716865,0.608584
14,12,1.9375,0,0,-0.0195659279,-0.00162438457,0.653655997,0.608584
14,13,2.0925,0,0,0.0180229312,0.00116916977,-0.47047654,0.608584
14,14,2.2475,0,0,0.00303258916,0.00163922109,-0.659626246,0.608584
14,15,2.4025,0,0,-0.0244773575,-0.00215476933,0.867084014,0.608584
14,16,2.5575,0,0,0.0173314593,0.00053160687,-0.213919798,0.608584
14,17,2.7125,0,0,0.00096337173,0.000680929488,-0.274007554,0.608584
14,18,2.8675,0,0,-0.0125731702,-0.00126791189,0.510210589,0.608584
14,19,3.0225,0,0,0.0222183925,0.00217593895,-0.875602717,0.608584
14,20,3.1775,0,0,-0.0289722558,-0.0023147607,0.931464902,0.608584
14,21,3.3325,0,0,0.0159257133,0.000153724864,-0.0618592304,0.608584
14,22,3.4875,0,0,0.00742858854,0.00130515609,-0.525197739,0.608584
14,23,3.6425,0,0,-0.0172801073,-0.00137326054,0.552603123,0.608584
14,24,3.7975,0,0,0.025158621,0.00252632571,-1.01659914,0.608584
14,25,3.9525,0,0,-0.0286949212,-0.00192138707,0.773170467,0.608584
14,26,4.1075,0,0,0.00361292324,-0.00136138396,0.547823962,0.608584
14,27,4.2625,0,0,0.0114440125,0.000412437968,-0.165965964,0.608584
14,28,4.4175,0,0,-0.0100622353,-0.0011472085,0.461639273,0.608584
14,29,4.5725,0,0,-0.00856707108,-0.00247510451,0.995987611,0.608584
14,30,4.7275,0,0,-0.00938085218,-0.0039291366,1.58109339,0.608584
14,31,4.8825,0,0,0.0107770319,-0.00225869665,0.908904603,0.608584
14,32,5.0375,0,0,0.00773627086,-0.00105957467,0.426375226,0.608584
14,33,5.1925,0,0,-0.00552463047,-0.00191589239,0.770959399,0.608584
14,34,5.3475,0,0,-0.00291668071,-0.0023679779,0.952879623,0.608584
14,35,5.5025,0,0,-0.0173215623,-0.00505282006,2.03326613,0.608584
14,36,5.6575,0,0,0.0325127836,-1.33385959e-05,0.00536748093,0.608584
14,37,5.8125,0,0,-0.0118178713,-0.00184510865,0.742475861,0.608584
14,38,5.9675,0,0,0.0445113753,0.00505415452,-2.03380312,0.608584
14,39,6.1225,0,0,-0.058617578,-0.00403157006,1.62231284,0.608584
14,40,6.2775,0,0,0.0325911349,0.00102005584,-0.410472761,0.608584
14,41,6.4325,0,0,0.032311388,0.00602832098,-2.42580989,0.608584
14,42,6.5875,0,0,-0.0415323946,-0.000409200178,0.16466307,0.608584
14,43,6.7425,0,0,0.033295882,0.00475166154,-1.91207927,0.608584
14,44,6.8975,0,0,-0.04282712,-0.00188654207,0.759148763,0.608584
14,45,7.0525,0,0,0.0158262495,0.000566526608,-0.227971579,0.608584
14,46,7.2075,0,0,0.020429719,0.00373313305,-1.50222112,0.608584
14,47,7.3625,0,0,-0.0186740742,0.00083865155,-0.337475266,0.608584
14,48,7.5175,0,0,0.00453441017,0.00154148513,-0.620297074,0.608584
14,49,7.6725,0,0,0.0150533777,0.00387475866,-1.55921158,0.608584
14,50,7.8275,0,0,-0.0266647055,-0.000258270693,0.103928707,0.608584
14,51,7.9825,0,0,0.0120773885,0.00161372453,-0.649366372,0.608584
14,52,8.1375,0,0,-0.00268901276,0.00119692755,-0.481646333,0.608584
14,53,8.2925,0,0,-0.00102292894,0.00103837357,-0.417843853,0.608584
14,54,8.4475,0,0,-0.0311142384,-0.00378433338,1.52282425,0.608584
14,55,8.6025,0,0,0.0242789216,-2.11005313e-05,0.00849090115,0.608584
14,56,8.7575,0,0,-0.000435136612,-8.85467061e-05,0.0356313933,0.608584
14,57,8.9125,0,0,0.0235487783,0.00356151394,-1.4331612,0.608584
14,58,9.0675,0,0,-0.0363582124,-0.00207400898,0.834585868,0.608584
14,59,9.2225,0,0,0.00767251974,-0.00088476842,0.356032798,0.608584
14,60,9.3775,0,0,0.0144505651,0.00135506917,-0.545282877,0.608584
14,61,9.5325,0,0,-0.00612592529,0.000405550755,-0.163194534,0.608584
14,62,9.6875,0,0,0.0227079032,0.00392527575,-1.57953977,0.608584
14,63,9.8425,0,0,-0.0299269946,-0.000713408417,0.287077148,0.608584
14,64,9.9975,0,0,0.00329212061,-0.000203129723,0.0817398564,0.608584
14,65,10.1525,0,0,0.0148912236,0.00210500993,-0.847060719,0.608584
14,66,10.3075,0,0,-0.0103640711,0.000498578909,-0.200629272,0.608584
14,67,10.4625,0,0,0.0057054268,0.00138292006,-0.556490137,0.608584
14,68,10.6175,0,0,0.0387903544,0.007395425,-2.97593562,0.608584
14,69,10.7725,0,0,-0.0500274431,-0.000358828691,0.14439347,0.608584
14,70,10.9275,0,0,0.00846038991,0.000952531746,-0.383300912,0.608584
14,71,11.0825,0,0,-0.00301483965,0.0004852316,-0.195258285,0.608584
14,72,11.2375,0,0,0.00139491943,0.000701444112,-0.282262685,0.608584
14,73,11.3925,0,0,-0.0204116121,-0.00246235576,0.990857483,0.608584
14,74,11.5475,0,0,0.0122240411,-0.000567629391,0.228415341,0.608584
14,75,11.7025,0,0,0.0037209326,9.11516173e-06,-0.00366796154,0.608584
14,76,11.8575,0,0,0.00145089269,0.000234003528,-0.0941635448,0.608584
14,77,12.0125,0,0,-0.00910675042,-0.00117754279,0.47384586,0.608584
14,78,12.1675,0,0,-0.00057834977,-0.001267187,0.509918893,0.608584
14,79,12.3225,0,0,-0.00806083502,-0.00251661643,1.0126921,0.608584
14,80,12.4775,0,0,0.01373861,-0.000387131888,0.15578274,0.608584
14,81,12.6325,0,0,0.00272463038,3.51858218e-05,-0.0141588536,0.608584
14,82,12.7875,0,0,-0.0278782219,-0.00428593858,1.7246713,0.608584
14,83,12.9425,0,0,0.0130425178,-0.00226434831,0.911178843,0.608584
14,84,13.0975,0,0,0.00791256172,-0.00103790125,0.417653791,0.608584
14,85,13.2525,0,0,-0.00612933914,-0.00198794881,0.799955064,0.608584
14,86,13.4075,0,0,0.0224725773,0.00149530067,-0.601712347,0.608584
14,87,13.5625,0,0,-0.0465658712,-0.00572240936,2.30271037,0.608584
14,88,13.7175,0,0,0.0325975969,-0.00066978185,0.26952172,0.608584
14,89,13.8725,0,0,0.0172158267,0.0019986713,-0.804269815,0.608584
14,90,14.0275,0,0,-0.0153057213,-0.000373715507,0.150383959,0.608584
14,91,14.1825,0,0,0.0198463065,0.00270246199,-1.08747677,0.608584
14,92,14.3375,0,0,-0.0495950484,-0.00498477051,2.00588284,0.608584
14,93,14.4925,0,0,0.0153786723,-0.0026010763,1.04667894,0.608584
14,94,14.6475,0,0,0.0239840551,0.00111645224,-0.449262886,0.608584
14,95,14.8025,0,0,0.0166883319,0.00370314368,-1.49015333,0.608584
14,96,14.9575,0,0,-0.0213838481,0.000388647221,-0.156392514,0.608584
14,97,15.1125,0,0,0.0121258844,0.0022681593,-0.912712394,0.608584
14,98,15.2675,0,0,-0.0235238021,-0.00137803003,0.554522376,0.608584
14,99,15.4225,0,0,0.0232033396,0.00221848761,-0.892724395,0.608584
14,100,15.5775,0,0,-0.00913465182,0.000802616582,-0.322974714,0.608584
14,101,15.7325,0,0,-0.0124587798,-0.00112849429,0.454108636,0.608584
14,102,15.8875,0,0,0.0117264673,0.000689108134,-0.27729866,0.608584
14,103,16.0425,0,0,-0.00876694664,-0.000669768596,0.269516386,0.608584
14,104,16.1975,0,0,0.00352086752,-0.00012403413,0.0499116123,0.608584
14,105,16.3525,0,0,0.0147170733,0.00215711224,-0.868026805,0.608584
14,106,16.5075,0,0,-0.0311460063,-0.00267051875,1.07462274,0.608584
14,107,16.6625,0,0,0.00949265259,-0.00119915759,0.482543707,0.608584
14,108,16.8175,0,0,0.00954810947,0.000280799373,-0.112994298,0.608584
14,109,16.9725,0,0,0.00186274019,0.000569524103,-0.229177777,0.608584
14,110,17.1275,0,0,0.0254019831,0.00450683148,-1.8135591,0.608584
14,111,17.2825,0,0,-0.0339146689,-0.000749942205,0.301778426,0.608584
14,112,17.4375,0,0,-0.00563251407,-0.00162298189,0.653091553,0.608584
14,113,17.5925,0,0,0.0136434199,0.000491748201,-0.19788058,0.608584
14,114,17.7475,0,0,0.00350028542,0.00103429244,-0.4162016,0.608584
14,115,17.9025,0,0,-0.00969278695,-0.000468089536,0.18836028,0.608584
14,116,18.0575,0,0,0.0447184016,0.00646326271,-2.60083142,0.608584
14,117,18.2125,0,0,-0.0518050816,-0.00156652494,0.630373152,0.608584
14,118,18.3675,0,0,0.0197958783,0.00150183619,-0.604342255,0.608584
14,119,18.5225,0,0,0.00080371526,0.00162641206,-0.654471862,0.608584
14,120,18.6775,0,0,-0.019146593,-0.00134130985,0.539746093,0.608584
14,121,18.8325,0,0,-0.00363552776,-0.00190481665,0.766502495,0.608584
14,122,18.9875,0,0,0.0150988399,0.000435503529,-0.175247598,0.608584
14,123,19.1425,0,0,0.00258820807,0.00083667578,-0.336680211,0.608584
14,124,19.2975,0,0,0.0232535321,0.00444097326,-1.78705761,0.608584
14,125,19.4525,0,0,-0.0289881193,-5.21852266e-05,0.0209994523,0.608584
14,126,19.6075,0,0,0.00618704853,0.000906807295,-0.364901291,0.608584
14,127,19.7625,0,0,-0.0156299843,-0.00151584027,0.609977525,0.608584
15,0,0.0775,0,0,0,0.000856141985,-0.344513456,0.648018
15,1,0.2325,0,0,0.00361643162,0.00141668889,-0.570078787,0.648018
15,2,0.3875,0,0,-0.0075998245,0.000238716089,-0.09605989,0.648018
15,3,0.5425,0,0,0.00940402104,0.00169633935,-0.682610762,0.648018
15,4,0.6975,0,0,-0.014811709,-0.000599475542,0.241230303,0.648018
15,5,0.8525,0,0,0.0103418346,0.00100350883,-0.403814205,0.648018
15,6,1.0075,0,0,0.00609193798,0.00194775922,-0.783782679,0.648018
15,7,1.1625,0,0,-0.02283677,-0.00159194013,0.640600282,0.648018
15,8,1.3175,0,0,0.0114762087,0.000186872223,-0.0751978019,0.648018
15,9,1.4725,0,0,-0.028703192,-0.00426212254,1.71508768,0.648018
15,10,1.6275,0,0,0.00990275785,-0.00272719507,1.09742942,0.648018
15,11,1.7825,0,0,0.000551088243,-0.0026417764,1.06305675,0.648018
15,12,1.9375,0,0,-0.00804213095,-0.00388830669,1.56466334,0.648018
15,13,2.0925,0,0,0.0158610888,-0.00142983793,0.575369993,0.648018
15,14,2.2475,0,0,-0.0313322988,-0.00628634425,2.52963903,0.648018
15,15,2.4025,0,0,0.0257580573,-0.00229384537,0.923048525,0.648018
15,16,2.5575,0,0,0.0354043301,0.0031938258,-1.28520267,0.648018
15,17,2.7125,0,0,0.0263843462,0.00728339946,-2.93085629,0.648018
15,18,2.8675,0,0,-0.0303649324,0.00257683494,-1.03692416,0.648018
15,19,3.0225,0,0,0.0138303418,0.00472053792,-1.89955505,0.648018
15,20,3.1775,0,0,-0.00632148321,0.00374070802,-1.5052693,0.648018
15,21,3.3325,0,0,-0.00119444829,0.00355556853,-1.43076876,0.648018
15,22,3.4875,0,0,0.00263544606,0.00396406267,-1.59514772,0.648018
15,23,3.6425,0,0,-0.0208872846,0.000726533558,-0.292358734,0.648018
15,24,3.7975,0,0,0.00729126224,0.00185667921,-0.747131879,0.648018
15,25,3.9525,0,0,-0.0167626604,-0.000741533157,0.298394607,0.648018
15,26,4.1075,0,0,0.00570111903,0.000142140293,-0.0571975728,0.648018
15,27,4.2625,0,0,0.00272763064,0.000564923042,-0.2273263,0.648018
15,28,4.4175,0,0,-0.0093333502,-0.000881746239,0.354816665,0.648018
15,29,4.5725,0,0,0.00964046754,0.000612526231,-0.24648193,0.648018
15,30,4.7275,0,0,-0.0131777299,-0.0014300219,0.575444021,0.648018
15,31,4.8825,0,0,0.00620534978,-0.000468192683,0.188401786,0.648018
15,32,5.0375,0,0,0.0027326547,-4.46312042e-05,0.0179596967,0.648018
15,33,5.1925,0,0,-0.0173817915,-0.00273880888,1.10210284,0.648018
15,34,5.3475,0,0,0.0118021359,-0.000909477821,0.365975916,0.648018
15,35,5.5025,0,0,-0.0340520089,-0.0061875392,2.48987966,0.648018
15,36,5.6575,0,0,0.0147806772,-0.00389653423,1.56797412,0.648018
15,37,5.8125,0,0,-0.0229450466,-0.00745301645,2.99911055,0.648018
15,38,5.9675,0,0,0.0102489296,-0.00586443237,2.35986075,0.648018
15,39,6.1225,0,0,0.0299290782,-0.00122542524,0.493113867,0.648018
15,40,6.2775,0,0,0.0472096635,0.0060920726,-2.45146369,0.648018
15,41,6.4325,0,0,-0.0455998302,-0.00097590108,0.392704785,0.648018
15,42,6.5875,0,0,0.0220614904,0.00244362993,-0.983322166,0.648018
15,43,6.7425,0,0,0.00402570271,0.00306761385,-1.2344147,0.648018
15,44,6.8975,0,0,-0.0109069379,0.00137703848,-0.554123373,0.648018
15,45,7.0525,0,0,0.00931052542,0.00282016992,-1.1348427,0.648018
15,46,7.2075,0,0,-0.0092071305,0.00139306469,-0.560572357,0.648018
15,47,7.3625,0,0,0.0014279424,0.00161439576,-0.649636477,0.648018
15,48,7.5175,0,0,0.00382254015,0.00220688948,-0.888057281,0.648018
15,49,7.6725,0,0,-0.0184525684,-0.000653258622,0.262872736,0.648018
15,50,7.8275,0,0,0.00890366926,0.000726810114,-0.292470021,0.648018
15,51,7.9825,0,0,-0.0154870682,-0.00167368546,0.673494785,0.648018
15,52,8.1375,0,0,0.00336242624,-0.00115250939,0.463772365,0.648018
15,53,8.2925,0,0,-0.0084421783,-0.00246104703,0.990330847,0.648018
15,54,8.4475,0,0,-0.000786489189,-0.00258295285,1.03938602,0.648018
15,55,8.6025,0,0,0.00609413249,-0.00163836231,0.659280672,0.648018
15,56,8.7575,0,0,-0.010638949,-0.00328739941,1.3228569,0.648018
15,57,8.9125,0,0,0.00665816556,-0.00225538375,0.907571483,0.648018
15,58,9.0675,0,0,0.0303300117,0.00244576806,-0.984182557,0.648018
15,59,9.2225,0,0,-0.0457514416,-0.00464570538,1.86944227,0.648018
15,60,9.3775,0,0,0.0440488003,0.00218185866,-0.877984822,0.648018
15,61,9.5325,0,0,0.0279262918,0.0065104339,-2.61981321,0.648018
15,62,9.6875,0,0,-0.0404080502,0.00024718611,-0.0994682453,0.648018
15,63,9.8425,0,0,0.0260921406,0.00429146791,-1.72689632,0.648018
15,64,9.9975,0,0,0.00716022355,0.00540130256,-2.17349627,0.648018
15,65,10.1525,0,0,-0.0204224356,0.00223582505,-0.899701016,0.648018
15,66,10.3075,0,0,0.012873106,0.00423115648,-1.70262686,0.648018
15,67,10.4625,0,0,-0.0256791374,0.000250890181,-0.100958772,0.648018
15,68,10.6175,0,0,0.0063185315,0.00123026256,-0.495060417,0.648018
15,69,10.7725,0,0,-0.00634677862,0.000246511878,-0.099196933,0.648018
15,70,10.9275,0,0,0.000431391871,0.000313377618,-0.126103857,0.648018
15,71,11.0825,0,0,-0.00147387181,8.4927487e-05,-0.0341750114,0.648018
15,72,11.2375,0,0,-0.00264386371,-0.000324871389,0.130728976,0.648018
15,73,11.3925,0,0,-0.00237663301,-0.000693249506,0.278965157,0.648018
15,74,11.5475,0,0,0.0044128495,-9.25783286e-06,0.00372537272,0.648018
15,75,11.7025,0,0,-0.0124533329,-0.00193952443,0.780468984,0.648018
15,76,11.8575,0,0,0.00683003535,-0.000880868952,0.354463643,0.648018
15,77,12.0125,0,0,-0.0249481677,-0.00474783494,1.91053943,0.648018
15,78,12.1675,0,0,0.0129998236,-0.00273286229,1.09970992,0.648018
15,79,12.3225,0,0,-0.0203200482,-0.00588246976,2.36711903,0.648018
15,80,12.4775,0,0,0.00548979951,-0.00503155083,2.02470735,0.648018
15,81,12.6325,0,0,0.00670582654,-0.00399214772,1.6064492,0.648018
15,82,12.7875,0,0,-0.019903154,-0.00707713658,2.84785564,0.648018
15,83,12.9425,0,0,0.0246231377,-0.00326055023,1.31205273,0.648018
15,84,13.0975,0,0,0.0557814296,0.00538557135,-2.167166,0.648018
15,85,13.2525,0,0,-0.0335842405,0.000180014078,-0.0724380689,0.648018
15,86,13.4075,0,0,0.0113532396,0.00193976622,-0.780566278,0.648018
15,87,13.5625,0,0,0.00299612853,0.00240416614,-0.967441849,0.648018
15,88,13.7175,0,0,-0.00584302592,0.00149849712,-0.602998604,0.648018
15,89,13.8725,0,0,0.00502228959,0.00227695201,-0.916250597,0.648018
15,90,14.0275,0,0,-0.00485144838,0.00152497751,-0.613654371,0.648018
15,91,14.1825,0,0,-0.000812090859,0.00139910342,-0.563002358,0.648018
15,92,14.3375,0,0,-0.00335683441,0.000878794091,-0.353628714,0.648018
15,93,14.4925,0,0,-0.00742579325,-0.000272203863,0.109535445,0.648018
15,94,14.6475,0,0,0.000644720264,-0.000172272222,0.0693227287,0.648018
15,95,14.8025,0,0,-0.00727547871,-0.00129997142,0.523111417,0.648018
15,96,14.9575,0,0,-0.00050132006,-0.00137767603,0.554379927,0.648018
15,97,15.1125,0,0,-0.0016864071,-0.00163906913,0.659565097,0.648018
15,98,15.2675,0,0,-0.00648658008,-0.00264448904,1.06414833,0.648018
15,99,15.4225,0,0,0.00438536872,-0.00196475689,0.790622583,0.648018
15,100,15.5775,0,0,-0.00901470164,-0.00336203565,1.35289069,0.648018
15,101,15.7325,0,0,0.00583225233,-0.00245803654,0.989119419,0.648018
15,102,15.8875,0,0,-0.00335643667,-0.00297828422,1.19846825,0.648018
15,103,16.0425,0,0,-0.0209071527,-0.00621889289,2.50249646,0.648018
15,104,16.1975,0,0,0.0312419816,-0.00137638574,0.553860712,0.648018
15,105,16.3525,0,0,0.0474009773,0.00597076574,-2.40264953,0.648018
15,106,16.5075,0,0,-0.0176003941,0.00324270465,-1.30487163,0.648018
15,107,16.6625,0,0,0.0148580672,0.00554570506,-2.23160416,0.648018
15,108,16.8175,0,0,-0.0099298732,0.00400657472,-1.61225466,0.648018
15,109,16.9725,0,0,-0.00486893938,0.00325188911,-1.30856748,0.648018
15,110,17.1275,0,0,0.000293782596,0.00329742541,-1.32689139,0.648018
15,111,17.2825,0,0,-0.0128756212,0.00130170414,-0.523808665,0.648018
15,112,17.4375,0,0,0.00910047941,0.00271227844,-1.09142693,0.648018
15,113,17.5925,0,0,-0.0117851597,0.000885578691,-0.356358853,0.648018
15,114,17.7475,0,0,-0.00321324636,0.000387525506,-0.155941133,0.648018
15,115,17.9025,0,0,0.000122733214,0.000406549154,-0.163596292,0.648018
15,116,18.0575,0,0,-0.00356177277,-0.000145525625,0.0585598382,0.648018
15,117,18.2125,0,0,0.00600855478,0.000785800366,-0.316207831,0.648018
15,118,18.3675,0,0,-0.0107637022,-0.000882573469,0.355149545,0.648018
15,119,18.5225,0,0,-0.00129089886,-0.00108266279,0.435665938,0.648018
15,120,18.6775,0,0,0.00452909047,-0.00038065377,0.153175931,0.648018
15,121,18.8325,0,0,-0.00596692941,-0.00130552783,0.525347328,0.648018
15,122,18.9875,0,0,-0.0032270917,-0.00180572704,0.726628615,0.648018
15,123,19.1425,0,0,-0.00697870975,-0.00288742705,1.16190713,0.648018
15,124,19.2975,0,0,-0.0200195832,-0.00599046245,2.41057554,0.648018
15,125,19.4525,0,0,0.0122450729,-0.00409247616,1.64682159,0.648018
15,126,19.6075,0,0,-0.00537403927,-0.00492545224,1.98201304,0.648018
15,127,19.7625,0,0,0.0734671039,0.00646194886,-2.60030272,0.648018
16,0,0.0775,0,0,0,0.00040663179,-0.163629545,0.733111
16,1,0.2325,0,0,-0.0056188029,-0.00046428266,0.186828384,0.733111
16,2,0.3875,0,0,0.00632824556,0.000516595402,-0.207879149,0.733111
16,3,0.5425,0,0,-0.00537789185,-0.000316977835,0.127552592,0.733111
16,4,0.6975,0,0,0.00161666139,-6.63953192e-05,0.0267176255,0.733111
16,5,0.8525,0,0,0.000248589707,-2.78639147e-05,0.0112125018,0.733111
16,6,1.0075,0,0,0.00302013929,0.000440257675,-0.177160676,0.733111
16,7,1.1625,0,0,-0.0056483825,-0.000435241612,0.175142201,0.733111
16,8,1.3175,0,0,0.00366806778,0.000133308894,-0.0536437982,0.733111
16,9,1.4725,0,0,-0.00314171838,-0.000353657455,0.142312554,0.733111
16,10,1.6275,0,0,0.00357786583,0.000200911748,-0.0808473383,0.733111
16,11,1.7825,0,0,-0.0008678404,6.63964861e-05,-0.026718095,0.733111
16,12,1.9375,0,0,-0.000671457098,-3.76793641e-05,0.0151622607,0.733111
16,13,2.0925,0,0,0.000112661906,-2.02167687e-05,0.00813527309,0.733111
16,14,2.2475,0,0,0.000794718045,0.000102964528,-0.0414331572,0.733111
16,15,2.4025,0,0,-0.000388871369,4.2689466e-05,-0.0171783369,0.733111
16,16,2.5575,0,0,-0.00539374071,-0.000793340345,0.319241935,0.733111
16,17,2.7125,0,0,0.00805808496,0.000455662824,-0.183359743,0.733111
16,18,2.8675,0,0,-0.00578809363,-0.00044149169,0.177657247,0.733111
16,19,3.0225,0,0,0.00523863547,0.000370496808,-0.149088747,0.733111
16,20,3.1775,0,0,-0.00358179699,-0.000184681725,0.0743163406,0.733111
16,21,3.3325,0,0,0.00195018156,0.000117596416,-0.0473210618,0.733111
16,22,3.4875,0,0,-0.000369808069,6.02761656e-05,-0.0242552643,0.733111
16,23,3.6425,0,0,0.00273337983,0.000483950038,-0.194742582,0.733111
16,24,3.7975,0,0,-0.00530848016,-0.000338864386,0.136359789,0.733111
16,25,3.9525,0,0,0.00201188264,-2.70225769e-05,0.0108739456,0.733111
16,26,4.1075,0,0,-0.00127629856,-0.000224848853,0.0904796831,0.733111
16,27,4.2625,0,0,0.00236285693,0.000141393971,-0.0568972514,0.733111
16,28,4.4175,0,0,-0.00127484033,-5.62062792e-05,0.0226175329,0.733111
16,29,4.5725,0,0,-0.00116554763,-0.000236866162,0.095315475,0.733111
16,30,4.7275,0,0,0.00233956326,0.000125766143,-0.0506085784,0.733111
16,31,4.8825,0,0,0.000812387482,0.000251686203,-0.101279093,0.733111
16,32,5.0375,0,0,-0.000101175665,0.000236003975,-0.0949685292,0.733111
16,33,5.1925,0,0,-0.00352699229,-0.000310679829,0.125018261,0.733111
16,34,5.3475,0,0,0.00195821356,-7.15672794e-06,0.00287988338,0.733111
16,35,5.5025,0,0,-0.00077361104,-0.000127066439,0.0511318202,0.733111
16,36,5.6575,0,0,0.00362678374,0.00043508504,-0.175079197,0.733111
16,37,5.8125,0,0,-0.00459078885,-0.000276487231,0.111259082,0.733111
16,38,5.9675,0,0,0.000621103369,-0.000180216209,0.072519407,0.733111
16,39,6.1225,0,0,0.0018683722,0.000109381482,-0.044015354,0.733111
16,40,6.2775,0,0,0.00135521957,0.000319440515,-0.12854358,0.733111
16,41,6.4325,0,0,-0.00117882294,0.00013672296,-0.0550176259,0.733111
16,42,6.5875,0,0,-0.0036219365,-0.000424677198,0.170891058,0.733111
16,43,6.7425,0,0,0.00146541651,-0.000197537639,0.0794895893,0.733111
16,44,6.8975,0,0,0.0033749013,0.000325572062,-0.131010929,0.733111
16,45,7.0525,0,0,-0.00176056459,5.26845505e-05,-0.0212003814,0.733111
16,46,7.2075,0,0,-0.00117836534,-0.000129962077,0.0522970315,0.733111
16,47,7.3625,0,0,0.00044659543,-6.07397856e-05,0.024441826,0.733111
16,48,7.5175,0,0,0.0015315073,0.000176643846,-0.0710818799,0.733111
16,49,7.6725,0,0,0.000770054607,0.00029600231,-0.119111994,0.733111
16,50,7.8275,0,0,-0.00491242886,-0.000465424164,0.187287728,0.733111
16,51,7.9825,0,0,0.00179240767,-0.000187600976,0.0754910538,0.733111
16,52,8.1375,0,0,0.00223473707,0.00015878327,-0.063894744,0.733111
16,53,8.2925,0,0,0.000529316107,0.000240827266,-0.0969094323,0.733111
16,54,8.4475,0,0,-0.00309084531,-0.000238253758,0.0958738468,0.733111
16,55,8.6025,0,0,0.00183757091,4.65697338e-05,-0.0187397654,0.733111
16,56,8.7575,0,0,0.000235138323,8.30161738e-05,-0.0334058946,0.733111
16,57,8.9125,0,0,0.00269780703,0.000501176263,-0.201674453,0.733111
16,58,9.0675,0,0,-0.00341654303,-2.83879057e-05,0.011423357,0.733111
16,59,9.2225,0,0,-0.00379442564,-0.00061652388,0.248090593,0.733111
16,60,9.3775,0,0,0.00456050164,9.03538743e-05,-0.0363586018,0.733111
16,61,9.5325,0,0,0.00269121779,0.000507492632,-0.204216174,0.733111
16,62,9.6875,0,0,-0.00278810452,7.53364313e-05,-0.030315549,0.733111
16,63,9.8425,0,0,-0.00139448212,-0.000140808297,0.0566615748,0.733111
16,64,9.9975,0,0,0.000489628648,-6.49158567e-05,0.0261222864,0.733111
16,65,10.1525,0,0,0.00270957115,0.000355067671,-0.142880028,0.733111
16,66,10.3075,0,0,0.000485032462,0.000430247703,-0.173132641,0.733111
16,67,10.4625,0,0,-0.00679114326,-0.000622379503,0.250446909,0.733111
16,68,10.6175,0,0,0.00118314778,-0.000438991597,0.176651204,0.733111
16,69,10.7725,0,0,0.00428184706,0.000224694697,-0.0904176505,0.733111
16,70,10.9275,0,0,0.000655559933,0.000326306487,-0.131306463,0.733111
16,71,11.0825,0,0,-0.00376786903,-0.000257713212,0.103704375,0.733111
16,72,11.2375,0,0,0.00125030412,-6.3916073e-05,0.0257199712,0.733111
16,73,11.3925,0,0,0.0017924849,0.000213919086,-0.0860815204,0.733111
16,74,11.5475,0,0,0.00131568955,0.000417850966,-0.168144166,0.733111
16,75,11.7025,0,0,-0.00422975583,-0.000237761188,0.0956756356,0.733111
16,76,11.8575,0,0,-0.00223324984,-0.000583914913,0.234968672,0.733111
16,77,12.0125,0,0,0.00372443389,-6.62766068e-06,0.00266698553,0.733111
16,78,12.1675,0,0,0.00333728861,0.000510652074,-0.205487541,0.733111
16,79,12.3225,0,0,-0.00344994996,-2.40901704e-05,0.00969393863,0.733111
16,80,12.4775,0,0,-0.00239100583,-0.000394696074,0.158826586,0.733111
16,81,12.6325,0,0,0.00359664335,0.000162783645,-0.0655045043,0.733111
16,82,12.7875,0,0,0.00209495431,0.000487501564,-0.196171723,0.733111
16,83,12.9425,0,0,-0.00385049154,-0.000109324624,0.0439924741,0.733111
16,84,13.0975,0,0,-0.00211314906,-0.000436862728,0.175794542,0.733111
16,85,13.2525,0,0,0.000879243034,-0.000300580058,0.12095409,0.733111
16,86,13.4075,0,0,0.00319548068,0.000194719448,-0.0783555427,0.733111
16,87,13.5625,0,0,0.000448315073,0.000264208284,-0.106318006,0.733111
16,88,13.7175,0,0,-0.00298791192,-0.000198918064,0.0800450752,0.733111
16,89,13.8725,0,0,-0.00210785856,-0.000525636141,0.211517163,0.733111
16,90,14.0275,0,0,0.00713233747,0.000579876167,-0.233343471,0.733111
16,91,14.1825,0,0,-0.00411391606,-5.77808225e-05,0.0232511326,0.733111
16,92,14.3375,0,0,-0.00150545836,-0.000291126868,0.117150105,0.733111
16,93,14.4925,0,0,-4.01848875e-05,-0.000297355526,0.119656531,0.733111
16,94,14.6475,0,0,0.00377593292,0.000287914077,-0.115857271,0.733111
16,95,14.8025,0,0,-0.00220890256,-5.44658192e-05,0.0219171679,0.733111
16,96,14.9575,0,0,0.000826446098,7.3633326e-05,-0.0296302156,0.733111
16,97,15.1125,0,0,-0.00105968588,-9.0617985e-05,0.0364648805,0.733111
16,98,15.2675,0,0,0.000228011378,-5.52762214e-05,0.0222432756,0.733111
16,99,15.4225,0,0,0.00200000072,0.00025472389,-0.102501465,0.733111
16,100,15.5775,0,0,-0.00304011875,-0.000216494516,0.0871178792,0.733111
16,101,15.7325,0,0,-0.000816228837,-0.000343009986,0.138027988,0.733111
16,102,15.8875,0,0,0.00522294932,0.000466547159,-0.187739624,0.733111
16,103,16.0425,0,0,-0.00244304367,8.7875391e-05,-0.0353612545,0.733111
16,104,16.1975,0,0,-0.00138083167,-0.000126153518,0.0507644588,0.733111
16,105,16.3525,0,0,0.0020864999,0.000197253966,-0.0793754388,0.733111
16,106,16.5075,0,0,-0.000107374029,0.000180610992,-0.0726782685,0.733111
16,107,16.6625,0,0,-0.00124569728,-1.24720861e-05,0.00501879544,0.733111
16,108,16.8175,0,0,-0.00104530602,-0.00017449452,0.0702169863,0.733111
16,109,16.9725,0,0,-0.00157586551,-0.000418753674,0.168507418,0.733111
16,110,17.1275,0,0,0.00662131073,0.00060754949,-0.244479278,0.733111
16,111,17.2825,0,0,-0.00255821427,0.000211026278,-0.084917448,0.733111
16,112,17.4375,0,0,-0.00308363796,-0.000266937605,0.107416291,0.733111
16,113,17.5925,0,0,0.00127946409,-6.86206709e-05,0.027613112,0.733111
16,114,17.7475,0,0,0.0036424901,0.000495965294,-0.199577548,0.733111
16,115,17.9025,0,0,-0.00278159444,6.48181561e-05,-0.0260829715,0.733111
16,116,18.0575,0,0,-0.00240677963,-0.000308232686,0.124033525,0.733111
16,117,18.2125,0,0,-0.00299307337,-0.000772159059,0.310718538,0.733111
16,118,18.3675,0,0,0.00754847071,0.000397853902,-0.160097303,0.733111
16,119,18.5225,0,0,0.0017833499,0.000674273136,-0.271329023,0.733111
16,120,18.6775,0,0,-0.00685397252,-0.000388092605,0.156169335,0.733111
16,121,18.8325,0,0,-0.00135267092,-0.000597756597,0.240538596,0.733111
16,122,18.9875,0,0,0.00424662124,6.04696956e-05,-0.0243331412,0.733111
16,123,19.1425,0,0,0.00332421677,0.000575723294,-0.231672346,0.733111
16,124,19.2975,0,0,-0.00559640865,-0.000291720047,0.117388801,0.733111
16,125,19.4525,0,0,-0.00385147367,-0.000888698466,0.357614257,0.733111
16,126,19.6075,0,0,0.00681528005,0.000167669942,-0.0674707608,0.733111
16,127,19.7625,0,0,0.0043685002,0.000844787473,-0.339944375,0.733111
17,0,0.0775,0,0,0,0.00040663179,-0.163629545,0.712063
17,1,0.2325,0,0,-0.0056188029,-0.00046428266,0.186828384,0.712063
17,2,0.3875,0,0,0.00632824556,0.000516595402,-0.207879149,0.712063
17,3,0.5425,0,0,-0.00537789185,-0.000316977835,0.127552592,0.712063
17,4,0.6975,0,0,0.00161666139,-6.63953192e-05,0.0267176255,0.712063
17,5,0.8525,0,0,0.000248589707,-2.78639147e-05,0.0112125018,0.712063
17,6,1.0075,0,0,0.00302013929,0.000440257675,-0.177160676,0.712063
17,7,1.1625,0,0,-0.0056483825,-0.000435241612,0.175142201,0.712063
17,8,1.3175,0,0,0.00366806778,0.000133308894,-0.0536437982,0.712063
17,9,1.4725,0,0,-0.00314171838,-0.000353657455,0.142312554,0.712063
17,10,1.6275,0,0,0.00357786583,0.000200911748,-0.0808473383,0.712063
17,11,1.7825,0,0,-0.0008678404,6.63964861e-05,-0.026718095,0.712063
17,12,1.9375,0,0,-0.000671457098,-3.76793641e-05,0.0151622607,0.712063
17,13,2.0925,0,0,0.000112661906,-2.02167687e-05,0.00813527309,0.712063
17,14,2.2475,0,0,0.000794718045,0.000102964528,-0.0414331572,0.712063
17,15,2.4025,0,0,-0.000388871369,4.2689466e-05,-0.0171783369,0.712063
17,16,2.5575,0,0,-0.00539374071,-0.000793340345,0.319241935,0.712063
17,17,2.7125,0,0,0.00805808496,0.000455662824,-0.183359743,0.712063
17,18,2.8675,0,0,-0.00578809363,-0.00044149169,0.177657247,0.712063
17,19,3.0225,0,0,0.00523863547,0.000370496808,-0.149088747,0.712063
17,20,3.1775,0,0,-0.00358179699,-0.000184681725,0.0743163406,0.712063
17,21,3.3325,0,0,0.00195018156,0.000117596416,-0.0473210618,0.712063
17,22,3.4875,0,0,-0.000369808069,6.02761656e-05,-0.0242552643,0.712063
17,23,3.6425,0,0,0.00273337983,0.000483950038,-0.194742582,0.712063
17,24,3.7975,0,0,-0.00530848016,-0.000338864386,0.136359789,0.712063
17,25,3.9525,0,0,0.00201188264,-2.70225769e-05,0.0108739456,0.712063
17,26,4.1075,0,0,-0.00127629856,-0.000224848853,0.0904796831,0.712063
17,27,4.2625,0,0,0.00236285693,0.000141393971,-0.0568972514,0.712063
17,28,4.4175,0,0,-0.00127484033,-5.62062792e-05,0.0226175329,0.712063
17,29,4.5725,0,0,-0.00116554763,-0.000236866162,0.095315475,0.712063
17,30,4.7275,0,0,0.00233956326,0.000125766143,-0.0506085784,0.712063
17,31,4.8825,0,0,0.000812387482,0.000251686203,-0.101279093,0.712063
17,32,5.0375,0,0,-0.000101175665,0.000236003975,-0.0949685292,0.712063
17,33,5.1925,0,0,-0.00352699229,-0.000310679829,0.125018261,0.712063
17,34,5.3475,0,0,0.00195821356,-7.15672794e-06,0.00287988338,0.712063
17,35,5.5025,0,0,-0.00077361104,-0.000127066439,0.0511318202,0.712063
17,36,5.6575,0,0,0.00362678374,0.00043508504,-0.175079197,0.712063
17,37,5.8125,0,0,-0.00459078885,-0.000276487231,0.111259082,0.712063
17,38,5.9675,0,0,0.000621103369,-0.000180216209,0.072519407,0.712063
17,39,6.1225,0,0,0.0018683722,0.000109381482,-0.044015354,0.712063
17,40,6.2775,0,0,0.00135521957,0.000319440515,-0.12854358,0.712063
17,41,6.4325,0,0,-0.00117882294,0.00013672296,-0.0550176259,0.712063
17,42,6.5875,0,0,-0.0036219365,-0.000424677198,0.170891058,0.712063
17,43,6.7425,0,0,0.00146541651,-0.000197537639,0.0794895893,0.712063
17,44,6.8975,0,0,0.0033749013,0.000325572062,-0.131010929,0.712063
17,45,7.0525,0,0,-0.00176056459,5.26845505e-05,-0.0212003814,0.712063
17,46,7.2075,0,0,-0.00117836534,-0.000129962077,0.0522970315,0.712063
17,47,7.3625,0,0,0.00044659543,-6.07397856e-05,0.024441826,0.712063
17,48,7.5175,0,0,0.0015315073,0.000176643846,-0.0710818799,0.712063
17,49,7.6725,0,0,0.000770054607,0.00029600231,-0.119111994,0.712063
17,50,7.8275,0,0,-0.00491242886,-0.000465424164,0.187287728,0.712063
17,51,7.9825,0,0,0.00179240767,-0.000187600976,0.0754910538,0.712063
17,52,8.1375,0,0,0.00223473707,0.00015878327,-0.063894744,0.712063
17,53,8.2925,0,0,0.000529316107,0.000240827266,-0.0969094323,0.712063
17,54,8.4475,0,0,-0.00309084531,-0.000238253758,0.0958738468,0.712063
17,55,8.6025,0,0,0.00183757091,4.65697338e-05,-0.0187397654,0.712063
17,56,8.7575,0,0,0.000235138323,8.30161738e-05,-0.0334058946,0.712063
17,57,8.9125,0,0,0.00269780703,0.000501176263,-0.201674453,0.712063
17,58,9.0675,0,0,-0.00341654303,-2.83879057e-05,0.011423357,0.712063
17,59,9.2225,0,0,-0.00379442564,-0.00061652388,0.248090593,0.712063
17,60,9.3775,0,0,0.00456050164,9.03538743e-05,-0.0363586018,0.712063
17,61,9.5325,0,0,0.00269121779,0.000507492632,-0.204216174,0.712063
17,62,9.6875,0,0,-0.00278810452,7.53364313e-05,-0.030315549,0.712063
17,63,9.8425,0,0,-0.00139448212,-0.000140808297,0.0566615748,0.712063
17,64,9.9975,0,0,0.000489628648,-6.49158567e-05,0.0261222864,0.712063
17,65,10.1525,0,0,0.00270957115,0.000355067671,-0.142880028,0.712063
17,66,10.3075,0,0,0.000485032462,0.000430247703,-0.173132641,0.712063
17,67,10.4625,0,0,-0.00679114326,-0.000622379503,0.250446909,0.712063
17,68,10.6175,0,0,0.00118314778,-0.000438991597,0.176651204,0.712063
17,69,10.7725,0,0,0.00428184706,0.000224694697,-0.0904176505,0.712063
17,70,10.9275,0,0,0.000655559933,0.000326306487,-0.131306463,0.712063
17,71,11.0825,0,0,-0.00376786903,-0.000257713212,0.103704375,0.712063
17,72,11.2375,0,0,0.00125030412,-6.3916073e-05,0.0257199712,0.712063
17,73,11.3925,0,0,0.0017924849,0.000213919086,-0.0860815204,0.712063
17,74,11.5475,0,0,0.00131568955,0.000417850966,-0.168144166,0.712063
17,75,11.7025,0,0,-0.00422975583,-0.000237761188,0.0956756356,0.712063
17,76,11.8575,0,0,-0.00223324984,-0.000583914913,0.234968672,0.712063
17,77,12.0125,0,0,0.00372443389,-6.62766068e-06,0.00266698553,0.712063
17,78,12.1675,0,0,0.00333728861,0.000510652074,-0.205487541,0.712063
17,79,12.3225,0,0,-0.00344994996,-2.40901704e-05,0.00969393863,0.712063
17,80,12.4775,0,0,-0.00239100583,-0.000394696074,0.158826586,0.712063
17,81,12.6325,0,0,0.00359664335,0.000162783645,-0.0655045043,0.712063
17,82,12.7875,0,0,0.00209495431,0.000487501564,-0.196171723,0.712063
17,83,12.9425,0,0,-0.00385049154,-0.000109324624,0.0439924741,0.712063
17,84,13.0975,0,0,-0.00211314906,-0.000436862728,0.175794542,0.712063
17,85,13.2525,0,0,0.000879243034,-0.000300580058,0.12095409,0.712063
17,86,13.4075,0,0,0.00319548068,0.000194719448,-0.0783555427,0.712063
17,87,13.5625,0,0,0.000448315073,0.000264208284,-0.106318006,0.712063
17,88,13.7175,0,0,-0.00298791192,-0.000198918064,0.0800450752,0.712063
17,89,13.8725,0,0,-0.00210785856,-0.000525636141,0.211517163,0.712063
17,90,14.0275,0,0,0.00713233747,0.000579876167,-0.233343471,0.712063
17,91,14.1825,0,0,-0.00411391606,-5.77808225e-05,0.0232511326,0.712063
17,92,14.3375,0,0,-0.00150545836,-0.000291126868,0.117150105,0.712063
17,93,14.4925,0,0,-4.01848875e-05,-0.000297355526,0.119656531,0.712063
17,94,14.6475,0,0,0.00377593292,0.000287914077,-0.115857271,0.712063
17,95,14.8025,0,0,-0.00220890256,-5.44658192e-05,0.0219171679,0.712063
17,96,14.9575,0,0,0.000826446098,7.3633326e-05,-0.0296302156,0.712063
17,97,15.1125,0,0,-0.00105968588,-9.0617985e-05,0.0364648805,0.712063
17,98,15.2675,0,0,0.000228011378,-5.52762214e-05,0.0222432756,0.712063
17,99,15.4225,0,0,0.00200000072,0.00025472389,-0.102501465,0.712063
17,100,15.5775,0,0,-0.00304011875,-0.000216494516,0.0871178792,0.712063
17,101,15.7325,0,0,-0.000816228837,-0.000343009986,0.138027988,0.712063
17,102,15.8875,0,0,0.00522294932,0.000466547159,-0.187739624,0.712063
17,103,16.0425,0,0,-0.00244304367,8.7875391e-05,-0.0353612545,0.712063
17,104,16.1975,0,0,-0.00138083167,-0.000126153518,0.0507644588,0.712063
17,105,16.3525,0,0,0.0020864999,0.000197253966,-0.0793754388,0.712063
17,106,16.5075,0,0,-0.000107374029,0.000180610992,-0.0726782685,0.712063
17,107,16.6625,0,0,-0.00124569728,-1.24720861e-05,0.00501879544,0.712063
17,108,16.8175,0,0,-0.00104530602,-0.00017449452,0.0702169863,0.712063
17,109,16.9725,0,0,-0.00157586551,-0.000418753674,0.168507418,0.712063
17,110,17.1275,0,0,0.00662131073,0.00060754949,-0.244479278,0.712063
17,111,17.2825,0,0,-0.00255821427,0.000211026278,-0.084917448,0.712063
17,112,17.4375,0,0,-0.00308363796,-0.000266937605,0.107416291,0.712063
17,113,17.5925,0,0,0.00127946409,-6.86206709e-05,0.027613112,0.712063
17,114,17.7475,0,0,0.0036424901,0.000495965294,-0.199577548,0.712063
17,115,17.9025,0,0,-0.00278159444,6.48181561e-05,-0.0260829715,0.712063
17,116,18.0575,0,0,-0.00240677963,-0.000308232686,0.124033525,0.712063
17,117,18.2125,0,0,-0.00299307337,-0.000772159059,0.310718538,0.712063
17,118,18.3675,0,0,0.00754847071,0.000397853902,-0.160097303,0.712063
17,119,18.5225,0,0,0.0017833499,0.000674273136,-0.271329023,0.712063
17,120,18.6775,0,0,-0.00685397252,-0.000388092605,0.156169335,0.712063
17,121,18.8325,0,0,-0.00135267092,-0.000597756597,0.240538596,0.712063
17,122,18.9875,0,0,0.00424662124,6.04696956e-05,-0.0243331412,0.712063
17,123,19.1425,0,0,0.00332421677,0.000575723294,-0.231672346,0.712063
17,124,19.2975,0,0,-0.00559640865,-0.000291720047,0.117388801,0.712063
17,125,19.4525,0,0,-0.00385147367,-0.000888698466,0.357614257,0.712063
17,126,19.6075,0,0,0.00681528005,0.000167669942,-0.0674707608,0.712063
17,127,19.7625,0,0,0.0043685002,0.000844787473,-0.339944375,0.712063
18,0,0.0775,0,0,0,0.000281421825,-0.113244774,0.681018
18,1,0.2325,0,0,-0.000567253302,0.000193497563,-0.0778638536,0.681018
18,2,0.3875,0,0,0.0117215037,0.00201033064,-0.80896156,0.681018
18,3,0.5425,0,0,0.0238849191,0.0057124931,-2.29872004,0.681018
18,4,0.6975,0,0,-0.0656060466,-0.00445644411,1.79328311,0.681018
18,5,0.8525,0,0,0.026546551,-0.000341728708,0.137512399,0.681018
18,6,1.0075,0,0,-0.0121209686,-0.00222047885,0.893525671,0.681018
18,7,1.1625,0,0,0.0250979023,0.00166969601,-0.67188942,0.681018
18,8,1.3175,0,0,-0.0156621692,-0.000757940225,0.304996847,0.681018
18,9,1.4725,0,0,0.0102255021,0.000827012595,-0.332791724,0.681018
18,10,1.6275,0,0,0.0055853906,0.00169274814,-0.68116565,0.681018
18,11,1.7825,0,0,-0.0371410519,-0.0040641149,1.63540896,0.681018
18,12,1.9375,0,0,-0.00913769258,-0.00548045725,2.2053483,0.681018
18,13,2.0925,0,0,0.0294135313,-0.000921359899,0.370757291,0.681018
18,14,2.2475,0,0,-0.000295750903,-0.000967201289,0.389203969,0.681018
18,15,2.4025,0,0,0.0138238722,0.0011754989,-0.473023396,0.681018
18,16,2.5575,0,0,0.0192811203,0.00416407255,-1.67563214,0.681018
18,17,2.7125,0,0,-0.0237071061,0.000489471109,-0.196964273,0.681018
18,18,2.8675,0,0,-0.0406460257,-0.00581066288,2.33822378,0.681018
18,19,3.0225,0,0,0.0401901868,0.000418816069,-0.168532526,0.681018
18,20,3.1775,0,0,-0.00526813924,-0.000397745512,0.160053687,0.681018
18,21,3.3325,0,0,-0.00132496011,-0.00060311433,0.24269456,0.681018
18,22,3.4875,0,0,0.00378129016,-1.70143551e-05,0.00684661469,0.681018
18,23,3.6425,0,0,0.0083587747,0.00127859572,-0.514509789,0.681018
18,24,3.7975,0,0,0.00980914607,0.00279901336,-1.12632926,0.681018
18,25,3.9525,0,0,-0.0647437602,-0.00723626947,2.91189107,0.681018
18,26,4.1075,0,0,0.04896861,0.000353865078,-0.142396101,0.681018
18,27,4.2625,0,0,-0.0107895517,-0.00131851544,0.530573571,0.681018
18,28,4.4175,0,0,0.0157646003,0.00112499761,-0.452701561,0.681018
18,29,4.5725,0,0,0.000492388859,0.00120131788,-0.48341301,0.681018
18,30,4.7275,0,0,-0.0334636733,-0.00398555148,1.60379486,0.681018
18,31,4.8825,0,0,0.033233037,0.00116556926,-0.469027686,0.681018
18,32,5.0375,0,0,-0.0207424998,-0.00204951821,0.824730729,0.681018
18,33,5.1925,0,0,0.00587994559,-0.00113812665,0.457984718,0.681018
18,34,5.3475,0,0,0.00328154195,-0.000629487646,0.253307242,0.681018
18,35,5.5025,0,0,-0.00545388209,-0.00147483937,0.593478673,0.681018
18,36,5.6575,0,0,0.0147667044,0.000813999811,-0.327555351,0.681018
18,37,5.8125,0,0,0.0180818905,0.00361669284,-1.45536532,0.681018
18,38,5.9675,0,0,-0.00770186246,0.00242290416,-0.974982072,0.681018
18,39,6.1225,0,0,-0.040110556,-0.00379423202,1.52680748,0.681018
18,40,6.2775,0,0,0.0178759462,-0.00102346036,0.411842747,0.681018
18,41,6.4325,0,0,0.00961793332,0.000467319301,-0.188050336,0.681018
18,42,6.5875,0,0,-0.00735889684,-0.000673309709,0.270941338,0.681018
18,43,6.7425,0,0,0.0285850778,0.00375737735,-1.51197708,0.681018
18,44,6.8975,0,0,-0.0110845844,0.00203926676,-0.82060552,0.681018
18,45,7.0525,0,0,-0.0171720633,-0.000622403046,0.250456382,0.681018
18,46,7.2075,0,0,-0.0322565545,-0.00562216899,2.26237342,0.681018
18,47,7.3625,0,0,0.0390748625,0.000434434695,-0.174817496,0.681018
18,48,7.5175,0,0,-0.00297309567,-2.6395133e-05,0.0106214608,0.681018
18,49,7.6725,0,0,0.0134079955,0.00205184417,-0.825666699,0.681018
18,50,7.8275,0,0,0.00269090065,0.00246893377,-0.99350449,0.681018
18,51,7.9825,0,0,-0.0218261648,-0.000914121773,0.367844653,0.681018
18,52,8.1375,0,0,-0.0137628479,-0.0030473632,1.22626579,0.681018
18,53,8.2925,0,0,0.00734507958,-0.00190887586,0.768135931,0.681018
18,54,8.4475,0,0,0.00821010656,-0.000636309346,0.256052309,0.681018
18,55,8.6025,0,0,0.00638841646,0.000353895205,-0.142408225,0.681018
18,56,8.7575,0,0,0.022237263,0.00380067097,-1.52939853,0.681018
18,57,8.9125,0,0,-0.0150625067,0.00146598243,-0.589914622,0.681018
18,58,9.0675,0,0,-0.010036996,-8.97519414e-05,0.0361163826,0.681018
18,59,9.2225,0,0,-0.0374659795,-0.00589697876,2.37295749,0.681018
18,60,9.3775,0,0,0.0259517702,-0.00187445438,0.754284648,0.681018
18,61,9.5325,0,0,0.00449882348,-0.00117713674,0.473682465,0.681018
18,62,9.6875,0,0,0.00824822255,0.000101337759,-0.0407785417,0.681018
18,63,9.8425,0,0,0.0148022687,0.0023956894,-0.964030791,0.681018
18,64,9.9975,0,0,0.0196708733,0.00544467477,-2.19094935,0.681018
18,65,10.1525,0,0,-0.0635125579,-0.00439977171,1.77047801,0.681018
18,66,10.3075,0,0,0.0125844877,-0.00244917612,0.985553966,0.681018
18,67,10.4625,0,0,0.0158634593,9.66007389e-06,-0.00388723541,0.681018
18,68,10.6175,0,0,0.00932067209,0.00145436425,-0.585239437,0.681018
18,69,10.7725,0,0,-0.00483710157,0.000704613504,-0.283538055,0.681018
18,70,10.9275,0,0,0.00744948394,0.00185928352,-0.748179859,0.681018
18,71,11.0825,0,0,0.0042153323,0.00251266002,-1.01110003,0.681018
18,72,11.2375,0,0,-0.0160189617,2.97209633e-05,-0.0119597823,0.681018
18,73,11.3925,0,0,-0.0243028033,-0.00373721355,1.50386312,0.681018
18,74,11.5475,0,0,0.0122764027,-0.00183437114,0.738155063,0.681018
18,75,11.7025,0,0,0.00741628182,-0.000684847457,0.275584154,0.681018
18,76,11.8575,0,0,0.00824554888,0.000593212619,-0.238710089,0.681018
18,77,12.0125,0,0,0.0264920148,0.00469947491,-1.89107925,0.681018
18,78,12.1675,0,0,0.016133978,0.0072002415,-2.89739334,0.681018
18,79,12.3225,0,0,-0.0654399791,-0.00294295526,1.1842518,0.681018
18,80,12.4775,0,0,0.013940796,-0.00078213189,0.314731628,0.681018
18,81,12.6325,0,0,0.013629779,0.00133048386,-0.53538969,0.681018
18,82,12.7875,0,0,-0.0144158241,-0.000903968879,0.363759105,0.681018
18,83,12.9425,0,0,0.00352771723,-0.000357172707,0.143727099,0.681018
18,84,13.0975,0,0,0.0111320215,0.00136829063,-0.55060322,0.681018
18,85,13.2525,0,0,0.00938307705,0.00282266757,-1.13584777,0.681018
18,86,13.4075,0,0,-0.0480785449,-0.00462950689,1.86292396,0.681018
18,87,13.5625,0,0,0.00998528228,-0.00308178813,1.24011846,0.681018
18,88,13.7175,0,0,0.0155396114,-0.000673148362,0.270876412,0.681018
18,89,13.8725,0,0,0.0102395475,0.000913981505,-0.367788209,0.681018
18,90,14.0275,0,0,0.0123022118,0.00282082433,-1.13510604,0.681018
18,91,14.1825,0,0,0.0127216098,0.00479267385,-1.92858271,0.681018
18,92,14.3375,0,0,-0.0587021796,-0.00430616399,1.73281005,0.681018
18,93,14.4925,0,0,0.0205872012,-0.0011151478,0.448737977,0.681018
18,94,14.6475,0,0,0.00379389847,-0.000527093537,0.212103622,0.681018
18,95,14.8025,0,0,0.0154386687,0.00186590012,-0.750842395,0.681018
18,96,14.9575,0,0,-0.0176317425,-0.000867019974,0.348890784,0.681018
18,97,15.1125,0,0,-0.00288166871,-0.00131367862,0.528627226,0.681018
18,98,15.2675,0,0,0.027203782,0.00290290759,-1.16813653,0.681018
18,99,15.4225,0,0,-0.041242934,-0.00348974718,1.4042821,0.681018
18,100,15.5775,0,0,-0.00679500681,-0.00454297324,1.82810263,0.681018
18,101,15.7325,0,0,0.0191025876,-0.00158207216,0.636629387,0.681018
18,102,15.8875,0,0,0.0130094298,0.000434389466,-0.174799296,0.681018
18,103,16.0425,0,0,0.0112871104,0.00218389158,-0.878802874,0.681018
18,104,16.1975,0,0,0.0186357563,0.00507243381,-2.04115875,0.681018
18,105,16.3525,0,0,-0.0193442786,0.00207407063,-0.834610675,0.681018
18,106,16.5075,0,0,-0.0295196957,-0.0025014822,1.00660205,0.681018
18,107,16.6625,0,0,0.00260895539,-0.00209709412,0.84387538,0.681018
18,108,16.8175,0,0,0.0195344614,0.000930747392,-0.374534839,0.681018
18,109,16.9725,0,0,-0.00767140488,-0.000258320365,0.103948695,0.681018
18,110,17.1275,0,0,0.00190444628,3.6868809e-05,-0.0148360915,0.681018
18,111,17.2825,0,0,0.0115069145,0.00182044056,-0.732549367,0.681018
18,112,17.4375,0,0,0.00903704398,0.00322118238,-1.29621102,0.681018
18,113,17.5925,0,0,-0.0587096248,-0.00587880947,2.36564612,0.681018
18,114,17.7475,0,0,0.0221521317,-0.00244522905,0.983965659,0.681018
18,115,17.9025,0,0,0.0134169527,-0.00036560139,0.14711882,0.681018
18,116,18.0575,0,0,0.00910644738,0.00104589795,-0.420871684,0.681018
18,117,18.2125,0,0,0.0190489118,0.00399847929,-1.60899704,0.681018
18,118,18.3675,0,0,-0.0316731151,-0.000910853548,0.366529512,0.681018
18,119,18.5225,0,0,-0.00640567993,-0.00190373394,0.766066809,0.681018
18,120,18.6775,0,0,-0.00418003843,-0.00255163989,1.02678562,0.681018
18,121,18.8325,0,0,0.00828551605,-0.00126738491,0.509998531,0.681018
18,122,18.9875,0,0,0.00605855271,-0.000328309236,0.132112373,0.681018
18,123,19.1425,0,0,0.00413231406,0.000312199443,-0.125629757,0.681018
18,124,19.2975,0,0,0.00775810509,0.00151470573,-0.609520986,0.681018
18,125,19.4525,0,0,0.012841275,0.00350510336,-1.41046146,0.681018
18,126,19.6075,0,0,-0.00948117541,0.00203552117,-0.819098288,0.681018
18,127,19.7625,0,0,-0.0472891765,-0.00529430118,2.13043868,0.681018
19,0,0.0775,0,0,0,0.00214125275,-0.861644911,0.756801
19,1,0.2325,0,0,-0.0270814306,-0.002056369,0.8274875,0.756801
19,2,0.3875,0,0,0.0121400217,-0.000174665639,0.0702858452,0.756801
19,3,0.5425,0,0,-0.0401085099,-0.00639148467,2.57194777,0.756801
19,4,0.6975,0,0,0.0248612022,-0.00253799833,1.02129623,0.756801
19,5,0.8525,0,0,0.0409517795,0.00380952749,-1.53296241,0.756801
19,6,1.0075,0,0,-0.0613432486,-0.00569867603,2.29316003,0.756801
19,7,1.1625,0,0,0.0103932187,-0.00408772714,1.64491057,0.756801
19,8,1.3175,0,0,0.0696832261,0.00671317291,-2.70139584,0.756801
19,9,1.4725,0,0,9.57608384e-05,0.00672801584,-2.70736867,0.756801
19,10,1.6275,0,0,-0.0227418501,0.00320302907,-1.28890609,0.756801
19,11,1.7825,0,0,-0.0709269219,-0.00779064382,3.13497256,0.756801
19,12,1.9375,0,0,0.0917258021,0.00642685551,-2.58618108,0.756801
19,13,2.0925,0,0,-0.0272383279,0.00220491467,-0.887262613,0.756801
19,14,2.2475,0,0,-0.0422671239,-0.00434648953,1.74903714,0.756801
19,15,2.4025,0,0,0.021500174,-0.00101396255,0.408020807,0.756801
19,16,2.5575,0,0,-0.00838069383,-0.0023129701,0.930744358,0.756801
19,17,2.7125,0,0,-0.0128399845,-0.00430316769,1.73160434,0.756801
19,18,2.8675,0,0,0.00641890023,-0.00330823815,1.33124246,0.756801
19,19,3.0225,0,0,0.0148276536,-0.00100995184,0.406406886,0.756801
19,20,3.1775,0,0,-0.0253127631,-0.00493343012,1.98522335,0.756801
19,21,3.3325,0,0,0.0114254387,-0.00316248713,1.27259192,0.756801
19,22,3.4875,0,0,0.0524542156,0.00496791629,-1.99910066,0.756801
19,23,3.6425,0,0,-0.0578260962,-0.00399512862,1.60764872,0.756801
19,24,3.7975,0,0,0.0332073556,0.00115201149,-0.46357201,0.756801
19,25,3.9525,0,0,0.0212440476,0.00444483887,-1.78861313,0.756801
19,26,4.1075,0,0,-0.0359797236,-0.00113201829,0.4555267,0.756801
19,27,4.2625,0,0,0.0190882565,0.00182666148,-0.735052678,0.756801
19,28,4.4175,0,0,-0.0567145772,-0.00696409799,2.80236866,0.756801
19,29,4.5725,0,0,0.0401319032,-0.000743652984,0.29924763,0.756801
19,30,4.7275,0,0,0.0548962445,0.00776526492,-3.12476003,0.756801
19,31,4.8825,0,0,-0.0972459122,-0.00730785147,2.94069583,0.756801
19,32,5.0375,0,0,0.0623844642,0.00236174048,-0.950369668,0.756801
19,33,5.1925,0,0,0.0198975044,0.00544585365,-2.19142373,0.756801
19,34,5.3475,0,0,-0.0301911811,0.000766220582,-0.308328882,0.756801
19,35,5.5025,0,0,0.0145420483,0.00302023806,-1.21535057,0.756801
19,36,5.6575,0,0,0.0266778365,0.00715530272,-2.87930987,0.756801
19,37,5.8125,0,0,-0.0316004788,0.0022572285,-0.908313815,0.756801
19,38,5.9675,0,0,0.00643492421,0.00325464175,-1.30967515,0.756801
19,39,6.1225,0,0,-0.0501012711,-0.00451105526,1.81525876,0.756801
19,40,6.2775,0,0,-0.00960536269,-0.00599988648,2.41436779,0.756801
19,41,6.4325,0,0,0.0822606922,0.00675052081,-2.71642472,0.756801
19,42,6.5875,0,0,-0.0935013307,-0.00774218546,3.1154728,0.756801
19,43,6.7425,0,0,0.0228870986,-0.00419468517,1.68795073,0.756801
19,44,6.8975,0,0,0.0605501316,0.00519058523,-2.08870314,0.756801
19,45,7.0525,0,0,-0.0685486315,-0.00543445265,2.18683594,0.756801
19,46,7.2075,0,0,0.0335531181,-0.000233719347,0.0940491897,0.756801
19,47,7.3625,0,0,0.0218650324,0.00315536068,-1.26972422,0.756801
19,48,7.5175,0,0,-0.0333945227,-0.00202079034,0.813170567,0.756801
19,49,7.6725,0,0,0.00868572346,-0.000674503202,0.271421602,0.756801
19,50,7.8275,0,0,-0.033465171,-0.00586160471,2.35872289,0.756801
19,51,7.9825,0,0,0.0280312766,-0.00151675684,0.610346357,0.756801
19,52,8.1375,0,0,0.019508808,0.0015071084,-0.606463804,0.756801
19,53,8.2925,0,0,-0.039206628,-0.00456991893,1.83894563,0.756801
19,54,8.4475,0,0,0.0440329835,0.00225519351,-0.907494929,0.756801
19,55,8.6025,0,0,0.0202455699,0.00539325684,-2.17025865,0.756801
19,56,8.7575,0,0,-0.036687382,-0.000293287379,0.118019499,0.756801
19,57,8.9125,0,0,0.0210725367,0.00297295581,-1.19632409,0.756801
19,58,9.0675,0,0,-0.0130546643,0.00094948285,-0.38207403,0.756801
19,59,9.2225,0,0,-0.00385345688,0.000352197033,-0.141724877,0.756801
19,60,9.3775,0,0,0.00669810107,0.0013904027,-0.559501167,0.756801
19,61,9.5325,0,0,-0.0136421975,-0.00072413792,0.291394724,0.756801
19,62,9.6875,0,0,-0.0116237212,-0.0025258147,1.0163935,0.756801
19,63,9.8425,0,0,0.0059839406,-0.00159830391,0.643161081,0.756801
19,64,9.9975,0,0,0.0549636581,0.0069210631,-2.78505132,0.756801
19,65,10.1525,0,0,-0.0656052402,-0.00324774913,1.30690154,0.756801
19,66,10.3075,0,0,0.0444594619,0.00364346746,-1.46613948,0.756801
19,67,10.4625,0,0,0.0204674707,0.00681592542,-2.74274368,0.756801
19,68,10.6175,0,0,-0.0376573427,0.000979037302,-0.393966807,0.756801
19,69,10.7725,0,0,0.0252066413,0.0048860667,-1.9661642,0.756801
19,70,10.9275,0,0,-0.0279753568,0.000549886387,-0.221275516,0.756801
19,71,11.0825,0,0,0.00127234366,0.000747099654,-0.300634577,0.756801
19,72,11.2375,0,0,-0.0542759091,-0.00766566626,3.0846813,0.756801
19,73,11.3925,0,0,0.0401516045,-0.00144216757,0.580331465,0.756801
19,74,11.5475,0,0,0.0102431283,0.000145517315,-0.0585564939,0.756801
19,75,11.7025,0,0,-0.030943657,-0.00465074952,1.87147204,0.756801
19,76,11.8575,0,0,0.0185334275,-0.00177806826,0.715498657,0.756801
19,77,12.0125,0,0,-0.0338484638,-0.00702458015,2.82670682,0.756801
19,78,12.1675,0,0,0.0254364516,-0.00308193015,1.24017561,0.756801
19,79,12.3225,0,0,0.0304186058,0.00163295374,-0.657104251,0.756801
19,80,12.4775,0,0,-0.00874456332,0.000277546429,-0.111685306,0.756801
19,81,12.6325,0,0,-0.00599951729,-0.00065237875,0.262518673,0.756801
19,82,12.7875,0,0,0.0149458935,0.00166423474,-0.669691794,0.756801
19,83,12.9425,0,0,-0.00504430884,0.000882366868,-0.355066408,0.756801
19,84,13.0975,0,0,-0.010985143,-0.000820330295,0.330102752,0.756801
19,85,13.2525,0,0,0.00568998679,6.16176568e-05,-0.0247950834,0.756801
19,86,13.4075,0,0,0.0112588478,0.00180673907,-0.727035857,0.756801
19,87,13.5625,0,0,-0.0229406935,-0.00174906842,0.703829057,0.756801
19,88,13.7175,0,0,0.0246633608,0.00207375251,-0.834482663,0.756801
19,89,13.8725,0,0,-0.058678773,-0.00702145731,2.82545018,0.756801
19,90,14.0275,0,0,0.0412540036,-0.000627086745,0.252341114,0.756801
19,91,14.1825,0,0,0.0368211714,0.00508019482,-2.0442818,0.756801
19,92,14.3375,0,0,-0.0544939133,-0.00336636173,1.35463152,0.756801
19,93,14.4925,0,0,0.0311985839,0.00146941877,-0.59129741,0.756801
19,94,14.6475,0,0,-0.0533396047,-0.00679821996,2.73561897,0.756801
19,95,14.8025,0,0,0.0363535512,-0.00116341952,0.468162626,0.756801
19,96,14.9575,0,0,0.0227379861,0.00236096832,-0.950058949,0.756801
19,97,15.1125,0,0,-0.0365997195,-0.0033119882,1.33275149,0.756801
19,98,15.2675,0,0,0.0221310965,0.000118331749,-0.0476169614,0.756801
19,99,15.4225,0,0,0.0119237688,0.00196651592,-0.791330419,0.756801
19,100,15.5775,0,0,-0.0258999703,-0.00204797948,0.824111538,0.756801
19,101,15.7325,0,0,0.0255068098,0.00190557604,-0.766808073,0.756801
19,102,15.8875,0,0,-0.00946906756,0.000437870563,-0.176200097,0.756801
19,103,16.0425,0,0,-0.00866420188,-0.000905080728,0.364206516,0.756801
19,104,16.1975,0,0,0.00894091992,0.00048076186,-0.193459651,0.756801
19,105,16.3525,0,0,0.00319057349,0.00097530075,-0.392463211,0.756801
19,106,16.5075,0,0,-0.0164717617,-0.00157782232,0.634919242,0.756801
19,107,16.6625,0,0,0.005705762,-0.00069342921,0.27903747,0.756801
19,108,16.8175,0,0,0.0354118664,0.00479541009,-1.92968378,0.756801
19,109,16.9725,0,0,-0.0396494529,-0.00135025511,0.543345687,0.756801
19,110,17.1275,0,0,0.0139660095,0.000814476361,-0.327747116,0.756801
19,111,17.2825,0,0,-0.0320885495,-0.00415924881,1.67369106,0.756801
19,112,17.4375,0,0,0.0272981066,7.19577091e-05,-0.0289559436,0.756801
19,113,17.5925,0,0,0.0272869897,0.00430144111,-1.73090956,0.756801
19,114,17.7475,0,0,-0.0360705073,-0.00128948752,0.518892673,0.756801
19,115,17.9025,0,0,0.0205445763,0.0018949218,-0.762520786,0.756801
19,116,18.0575,0,0,-0.0285601243,-0.00253189747,1.01884122,0.756801
19,117,18.2125,0,0,0.0203104976,0.000616229665,-0.2479722,0.756801
19,118,18.3675,0,0,0.0139857638,0.00278402305,-1.12029712,0.756801
19,119,18.5225,0,0,-0.0266672798,-0.00134940532,0.543003729,0.756801
19,120,18.6775,0,0,0.0187623441,0.00155875801,-0.627247723,0.756801
19,121,18.8325,0,0,-0.0244705793,-0.00223418178,0.899039763,0.756801
19,122,18.9875,0,0,0.00783274435,-0.00102010641,0.410493108,0.756801
19,123,19.1425,0,0,-0.010021083,-0.00257337428,1.03553158,0.756801
19,124,19.2975,0,0,0.0088156208,-0.00120695305,0.485680617,0.756801
19,125,19.4525,0,0,-0.00721065605,-0.00232460474,0.935426165,0.756801
19,126,19.6075,0,0,0.0115195536,-0.000539073941,0.216924563,0.756801
19,127,19.7625,0,0,0.0235330983,0.00310855629,-1.25089003,0.756801
20,0,0.0775,0,0,0,0.00214125275,-0.861644911,0.812007
20,1,0.2325,0,0,-0.0270814306,-0.002056369,0.8274875,0.812007
20,2,0.3875,0,0,0.0121400217,-0.000174665639,0.0702858452,0.812007
20,3,0.5425,0,0,-0.0401085099,-0.00639148467,2.57194777,0.812007
20,4,0.6975,0,0,0.0248612022,-0.00253799833,1.02129623,0.812007
20,5,0.8525,0,0,0.0409517795,0.00380952749,-1.53296241,0.812007
20,6,1.0075,0,0,-0.0613432486,-0.00569867603,2.29316003,0.812007
20,7,1.1625,0,0,0.0103932187,-0.00408772714,1.64491057,0.812007
20,8,1.3175,0,0,0.0696832261,0.00671317291,-2.70139584,0.812007
20,9,1.4725,0,0,9.57608384e-05,0.00672801584,-2.70736867,0.812007
20,10,1.6275,0,0,-0.0227418501,0.00320302907,-1.28890609,0.812007
20,11,1.7825,0,0,-0.0709269219,-0.00779064382,3.13497256,0.812007
20,12,1.9375,0,0,0.0917258021,0.00642685551,-2.58618108,0.812007
20,13,2.0925,0,0,-0.0272383279,0.00220491467,-0.887262613,0.812007
20,14,2.2475,0,0,-0.0422671239,-0.00434648953,1.74903714,0.812007
20,15,2.4025,0,0,0.021500174,-0.00101396255,0.408020807,0.812007
20,16,2.5575,0,0,-0.00838069383,-0.0023129701,0.930744358,0.812007
20,17,2.7125,0,0,-0.0128399845,-0.00430316769,1.73160434,0.812007
20,18,2.8675,0,0,0.00641890023,-0.00330823815,1.33124246,0.812007
20,19,3.0225,0,0,0.0148276536,-0.00100995184,0.406406886,0.812007
20,20,3.1775,0,0,-0.0253127631,-0.00493343012,1.98522335,0.812007
20,21,3.3325,0,0,0.0114254387,-0.00316248713,1.27259192,0.812007
20,22,3.4875,0,0,0.0524542156,0.00496791629,-1.99910066,0.812007
20,23,3.6425,0,0,-0.0578260962,-0.00399512862,1.60764872,0.812007
20,24,3.7975,0,0,0.0332073556,0.00115201149,-0.46357201,0.812007
20,25,3.9525,0,0,0.0212440476,0.00444483887,-1.78861313,0.812007
20,26,4.1075,0,0,-0.0359797236,-0.00113201829,0.4555267,0.812007
20,27,4.2625,0,0,0.0190882565,0.00182666148,-0.735052678,0.812007
20,28,4.4175,0,0,-0.0567145772,-0.00696409799,2.80236866,0.812007
20,29,4.5725,0,0,0.0401319032,-0.000743652984,0.29924763,0.812007
20,30,4.7275,0,0,0.0548962445,0.00776526492,-3.12476003,0.812007
20,31,4.8825,0,0,-0.0972459122,-0.00730785147,2.94069583,0.812007
20,32,5.0375,0,0,0.0623844642,0.00236174048,-0.950369668,0.812007
20,33,5.1925,0,0,0.0198975044,0.00544585365,-2.19142373,0.812007
20,34,5.3475,0,0,-0.0301911811,0.000766220582,-0.308328882,0.812007
20,35,5.5025,0,0,0.0145420483,0.00302023806,-1.21535057,0.812007
20,36,5.6575,0,0,0.0266778365,0.00715530272,-2.87930987,0.812007
20,37,5.8125,0,0,-0.0316004788,0.0022572285,-0.908313815,0.812007
20,38,5.9675,0,0,0.00643492421,0.00325464175,-1.30967515,0.812007
20,39,6.1225,0,0,-0.0501012711,-0.00451105526,1.81525876,0.812007
20,40,6.2775,0,0,-0.00960536269,-0.00599988648,2.41436779,0.812007
20,41,6.4325,0,0,0.0822606922,0.00675052081,-2.71642472,0.812007
20,42,6.5875,0,0,-0.0935013307,-0.00774218546,3.1154728,0.812007
20,43,6.7425,0,0,0.0228870986,-0.00419468517,1.68795073,0.812007
20,44,6.8975,0,0,0.0605501316,0.00519058523,-2.08870314,0.812007
20,45,7.0525,0,0,-0.0685486315,-0.00543445265,2.18683594,0.812007
20,46,7.2075,0,0,0.0335531181,-0.000233719347,0.0940491897,0.812007
20,47,7.3625,0,0,0.0218650324,0.00315536068,-1.26972422,0.812007
20,48,7.5175,0,0,-0.0333945227,-0.00202079034,0.813170567,0.812007
20,49,7.6725,0,0,0.00868572346,-0.000674503202,0.271421602,0.812007
20,50,7.8275,0,0,-0.033465171,-0.00586160471,2.35872289,0.812007
20,51,7.9825,0,0,0.0280312766,-0.00151675684,0.610346357,0.812007
20,52,8.1375,0,0,0.019508808,0.0015071084,-0.606463804,0.812007
20,53,8.2925,0,0,-0.039206628,-0.00456991893,1.83894563,0.812007
20,54,8.4475,0,0,0.0440329835,0.00225519351,-0.907494929,0.812007
20,55,8.6025,0,0,0.0202455699,0.00539325684,-2.17025865,0.812007
20,56,8.7575,0,0,-0.036687382,-0.000293287379,0.118019499,0.812007
20,57,8.9125,0,0,0.0210725367,0.00297295581,-1.19632409,0.812007
20,58,9.0675,0,0,-0.0130546643,0.00094948285,-0.38207403,0.812007
20,59,9.2225,0,0,-0.00385345688,0.000352197033,-0.141724877,0.812007
20,60,9.3775,0,0,0.00669810107,0.0013904027,-0.559501167,0.812007
20,61,9.5325,0,0,-0.0136421975,-0.00072413792,0.291394724,0.812007
20,62,9.6875,0,0,-0.0116237212,-0.0025258147,1.0163935,0.812007
20,63,9.8425,0,0,0.0059839406,-0.00159830391,0.643161081,0.812007
20,64,9.9975,0,0,0.0549636581,0.0069210631,-2.78505132,0.812007
20,65,10.1525,0,0,-0.0656052402,-0.00324774913,1.30690154,0.812007
20,66,10.3075,0,0,0.0444594619,0.00364346746,-1.46613948,0.812007
20,67,10.4625,0,0,0.0204674707,0.00681592542,-2.74274368,0.812007
20,68,10.6175,0,0,-0.0376573427,0.000979037302,-0.393966807,0.812007
20,69,10.7725,0,0,0.0252066413,0.0048860667,-1.9661642,0.812007
20,70,10.9275,0,0,-0.0279753568,0.000549886387,-0.221275516,0.812007
20,71,11.0825,0,0,0.00127234366,0.000747099654,-0.300634577,0.812007
20,72,11.2375,0,0,-0.0542759091,-0.00766566626,3.0846813,0.812007
20,73,11.3925,0,0,0.0401516045,-0.00144216757,0.580331465,0.812007
20,74,11.5475,0,0,0.0102431283,0.000145517315,-0.0585564939,0.812007
20,75,11.7025,0,0,-0.030943657,-0.00465074952,1.87147204,0.812007
20,76,11.8575,0,0,0.0185334275,-0.00177806826,0.715498657,0.812007
20,77,12.0125,0,0,-0.0338484638,-0.00702458015,2.82670682,0.812007
20,78,12.1675,0,0,0.0254364516,-0.00308193015,1.24017561,0.812007
20,79,12.3225,0,0,0.0304186058,0.00163295374,-0.657104251,0.812007
20,80,12.4775,0,0,-0.00874456332,0.000277546429,-0.111685306,0.812007
20,81,12.6325,0,0,-0.00599951729,-0.00065237875,0.262518673,0.812007
20,82,12.7875,0,0,0.0149458935,0.00166423474,-0.669691794,0.812007
20,83,12.9425,0,0,-0.00504430884,0.000882366868,-0.355066408,0.812007
20,84,13.0975,0,0,-0.010985143,-0.000820330295,0.330102752,0.812007
20,85,13.2525,0,0,0.00568998679,6.16176568e-05,-0.0247950834,0.812007
20,86,13.4075,0,0,0.0112588478,0.00180673907,-0.727035857,0.812007
20,87,13.5625,0,0,-0.0229406935,-0.00174906842,0.703829057,0.812007
20,88,13.7175,0,0,0.0246633608,0.00207375251,-0.834482663,0.812007
20,89,13.8725,0,0,-0.058678773,-0.00702145731,2.82545018,0.812007
20,90,14.0275,0,0,0.0412540036,-0.000627086745,0.252341114,0.812007
20,91,14.1825,0,0,0.0368211714,0.00508019482,-2.0442818,0.812007
20,92,14.3375,0,0,-0.0544939133,-0.00336636173,1.35463152,0.812007
20,93,14.4925,0,0,0.0311985839,0.00146941877,-0.59129741,0.812007
20,94,14.6475,0,0,-0.0533396047,-0.00679821996,2.73561897,0.812007
20,95,14.8025,0,0,0.0363535512,-0.00116341952,0.468162626,0.812007
20,96,14.9575,0,0,0.0227379861,0.00236096832,-0.950058949,0.812007
20,97,15.1125,0,0,-0.0365997195,-0.0033119882,1.33275149,0.812007
20,98,15.2675,0,0,0.0221310965,0.000118331749,-0.0476169614,0.812007
20,99,15.4225,0,0,0.0119237688,0.00196651592,-0.791330419,0.812007
20,100,15.5775,0,0,-0.0258999703,-0.00204797948,0.824111538,0.812007
20,101,15.7325,0,0,0.0255068098,0.00190557604,-0.766808073,0.812007
20,102,15.8875,0,0,-0.00946906756,0.000437870563,-0.176200097,0.812007
20,103,16.0425,0,0,-0.00866420188,-0.000905080728,0.364206516,0.812007
20,104,16.1975,0,0,0.00894091992,0.00048076186,-0.193459651,0.812007
20,105,16.3525,0,0,0.00319057349,0.00097530075,-0.392463211,0.812007
20,106,16.5075,0,0,-0.0164717617,-0.00157782232,0.634919242,0.812007
20,107,16.6625,0,0,0.005705762,-0.00069342921,0.27903747,0.812007
20,108,16.8175,0,0,0.0354118664,0.00479541009,-1.92968378,0.812007
20,109,16.9725,0,0,-0.0396494529,-0.00135025511,0.543345687,0.812007
20,110,17.1275,0,0,0.0139660095,0.000814476361,-0.327747116,0.812007
20,111,17.2825,0,0,-0.0320885495,-0.00415924881,1.67369106,0.812007
20,112,17.4375,0,0,0.0272981066,7.19577091e-05,-0.0289559436,0.812007
20,113,17.5925,0,0,0.0272869897,0.00430144111,-1.73090956,0.812007
20,114,17.7475,0,0,-0.0360705073,-0.00128948752,0.518892673,0.812007
20,115,17.9025,0,0,0.0205445763,0.0018949218,-0.762520786,0.812007
20,116,18.0575,0,0,-0.0285601243,-0.00253189747,1.01884122,0.812007
20,117,18.2125,0,0,0.0203104976,0.000616229665,-0.2479722,0.812007
20,118,18.3675,0,0,0.0139857638,0.00278402305,-1.12029712,0.812007
20,119,18.5225,0,0,-0.0266672798,-0.00134940532,0.543003729,0.812007
20,120,18.6775,0,0,0.0187623441,0.00155875801,-0.627247723,0.812007
20,121,18.8325,0,0,-0.0244705793,-0.00223418178,0.899039763,0.812007
20,122,18.9875,0,0,0.00783274435,-0.00102010641,0.410493108,0.812007
20,123,19.1425,0,0,-0.010021083,-0.00257337428,1.03553158,0.812007
20,124,19.2975,0,0,0.0088156208,-0.00120695305,0.485680617,0.812007
20,125,19.4525,0,0,-0.00721065605,-0.00232460474,0.935426165,0.812007
20,126,19.6075,0,0,0.0115195536,-0.000539073941,0.216924563,0.812007
20,127,19.7625,0,0,0.0235330983,0.00310855629,-1.25089003,0.812007
21,0,0.0775,0,0,0,-8.30207138e-05,0.0334077216,0.666205
21,1,0.2325,0,0,0.000581418832,7.09920516e-06,-0.00285673609,0.666205
21,2,0.3875,0,0,-0.00140052689,-0.000209982464,0.0844974146,0.666205
21,3,0.5425,0,0,0.0047066404,0.000519546798,-0.209066798,0.666205
21,4,0.6975,0,0,-0.00205600056,0.000200866711,-0.0808292154,0.666205
21,5,0.8525,0,0,-0.00826483553,-0.0010801828,0.434667981,0.666205
21,6,1.0075,0,0,0.012776031,0.000900102007,-0.362203068,0.666205
21,7,1.1625,0,0,-0.00534659556,7.13796948e-05,-0.0287233494,0.666205
21,8,1.3175,0,0,-0.00263231795,-0.000336629587,0.135460501,0.666205
21,9,1.4725,0,0,0.00285281567,0.000105556842,-0.0424763101,0.666205
21,10,1.6275,0,0,0.00425957491,0.000765790953,-0.308155998,0.666205
21,11,1.7825,0,0,-0.00724777884,-0.000357614768,0.143904985,0.666205
21,12,1.9375,0,0,0.00213698309,-2.63823896e-05,0.0106163328,0.666205
21,13,2.0925,0,0,-0.000455169254,-9.69336239e-05,0.0390063078,0.666205
21,14,2.2475,0,0,-5.6867944e-05,-0.000105748155,0.042553295,0.666205
21,15,2.4025,0,0,0.00511967883,0.000687802064,-0.276773094,0.666205
21,16,2.5575,0,0,-0.016251813,-0.00183122895,0.736890639,0.666205
21,17,2.7125,0,0,0.00973511775,-0.000322285698,0.129688488,0.666205
21,18,2.8675,0,0,0.010935472,0.00137271247,-0.552382577,0.666205
21,19,3.0225,0,0,-0.01435724,-0.000852659735,0.343112191,0.666205
21,20,3.1775,0,0,0.00206580549,-0.000532459883,0.214263052,0.666205
21,21,3.3325,0,0,0.00769162045,0.000659741287,-0.265481374,0.666205
21,22,3.4875,0,0,-0.00554573135,-0.000199847073,0.0804189107,0.666205
21,23,3.6425,0,0,-0.00256240827,-0.000597020355,0.240242331,0.666205
21,24,3.7975,0,0,0.00960467061,0.000891703589,-0.358823526,0.666205
21,25,3.9525,0,0,-0.0104452097,-0.000727303916,0.292668728,0.666205
21,26,4.1075,0,0,0.00699191444,0.000356442823,-0.143433392,0.666205
21,27,4.2625,0,0,-0.000930198241,0.000212262096,-0.0854147436,0.666205
21,28,4.4175,0,0,-0.00339823435,-0.000314464229,0.126541111,0.666205
21,29,4.5725,0,0,0.0035484463,0.000235544947,-0.0947838154,0.666205
21,30,4.7275,0,0,0.00240114707,0.000607722743,-0.244548996,0.666205
21,31,4.8825,0,0,-0.00841967402,-0.00069732673,0.280605841,0.666205
21,32,5.0375,0,0,0.00904645809,0.000704874275,-0.28364299,0.666205
21,33,5.1925,0,0,-0.00465771795,-1.70720073e-05,0.00686981406,0.666205
21,34,5.3475,0,0,-0.00402062098,-0.00064026826,0.257645385,0.666205
21,35,5.5025,0,0,0.00697796188,0.000441315832,-0.177586481,0.666205
21,36,5.6575,0,0,-0.00271124162,2.10733802e-05,-0.00847997548,0.666205
21,37,5.8125,0,0,-0.00330352977,-0.000490973734,0.197568932,0.666205
21,38,5.9675,0,0,0.00761928533,0.000690015492,-0.277663782,0.666205
21,39,6.1225,0,0,-0.0083444319,-0.000603371454,0.242798027,0.666205
21,40,6.2775,0,0,0.00249585137,-0.000216514492,0.0871259173,0.666205
21,41,6.4325,0,0,0.00458132995,0.00049359165,-0.198622388,0.666205
21,42,6.5875,0,0,-0.00420412287,-0.000158047395,0.0635986265,0.666205
21,43,6.7425,0,0,0.00271193974,0.000262303265,-0.105551423,0.666205
21,44,6.8975,0,0,0.00149098441,0.000493405849,-0.198547621,0.666205
21,45,7.0525,0,0,-0.00776207318,-0.000709715494,0.285591108,0.666205
21,46,7.2075,0,0,0.00413846908,-6.82527865e-05,0.0274650745,0.666205
21,47,7.3625,0,0,0.00571240891,0.000817170595,-0.328831281,0.666205
21,48,7.5175,0,0,-0.00786927938,-0.000402567709,0.16199415,0.666205
21,49,7.6725,0,0,0.00428321875,0.000261331196,-0.10516026,0.666205
21,50,7.8275,0,0,-0.000293890925,0.000215778103,-0.0868295929,0.666205
21,51,7.9825,0,0,-0.00676125638,-0.000832216635,0.334885842,0.666205
21,52,8.1375,0,0,0.00851615099,0.000487786769,-0.196286491,0.666205
21,53,8.2925,0,0,0.00108976686,0.000656700633,-0.264257808,0.666205
21,54,8.4475,0,0,-0.00765169791,-0.000529312544,0.212996556,0.666205
21,55,8.6025,0,0,0.0064522679,0.000470788981,-0.189446543,0.666205
21,56,8.7575,0,0,-0.00757993577,-0.000704101064,0.283331848,0.666205
21,57,8.9125,0,0,0.00313669768,-0.000217912923,0.0876886494,0.666205
21,58,9.0675,0,0,0.00800459784,0.00102279974,-0.411576911,0.666205
21,59,9.2225,0,0,-0.00840296563,-0.000279659931,0.112535784,0.666205
21,60,9.3775,0,0,-0.000189871669,-0.00030909004,0.124378526,0.666205
21,61,9.5325,0,0,0.00803423761,0.000936216789,-0.376735737,0.666205
21,62,9.6875,0,0,-0.0110391058,-0.000774844612,0.311799211,0.666205
21,63,9.8425,0,0,0.00845232194,0.000535265289,-0.215391954,0.666205
21,64,9.9975,0,0,0.000463924413,0.000607173573,-0.244328008,0.666205
21,65,10.1525,0,0,-0.0117838105,-0.00121931706,0.490655922,0.666205
21,66,10.3075,0,0,0.00567009594,-0.000340452191,0.136998726,0.666205
21,67,10.4625,0,0,0.00842093253,0.00096479235,-0.388234607,0.666205
21,68,10.6175,0,0,-0.00925195622,-0.000469260863,0.188831624,0.666205
21,69,10.7725,0,0,0.00864660886,0.00087096351,-0.350477671,0.666205
21,70,10.9275,0,0,-0.00820252401,-0.000400427711,0.16113301,0.666205
21,71,11.0825,0,0,-0.00512408233,-0.00119466047,0.480734055,0.666205
21,72,11.2375,0,0,0.0116154219,0.000605729918,-0.243747078,0.666205
21,73,11.3925,0,0,-0.00521264488,-0.000202230038,0.0813778213,0.666205
21,74,11.5475,0,0,0.000453628015,-0.000131917696,0.053083977,0.666205
21,75,11.7025,0,0,0.00604529804,0.000805103501,-0.323975455,0.666205
21,76,11.8575,0,0,-0.010625347,-0.000841825279,0.338752382,0.666205
21,77,12.0125,0,0,0.00469807041,-0.000113624366,0.0457226997,0.666205
21,78,12.1675,0,0,0.0108729105,0.00157167676,-0.632446255,0.666205
21,79,12.3225,0,0,-0.0135742818,-0.000532336918,0.21421357,0.666205
21,80,12.4775,0,0,0.00422020159,0.000121794329,-0.0490103111,0.666205
21,81,12.6325,0,0,0.00412132782,0.00076060014,-0.306067203,0.666205
21,82,12.7875,0,0,-0.0103061393,-0.000836851457,0.336750904,0.666205
21,83,12.9425,0,0,0.00916085202,0.000583080606,-0.234632944,0.666205
21,84,13.0975,0,0,0.000692554215,0.000690426509,-0.277829177,0.666205
21,85,13.2525,0,0,-0.0108286007,-0.000988006596,0.397576072,0.666205
21,86,13.4075,0,0,0.00865612239,0.000353692374,-0.142326605,0.666205
21,87,13.5625,0,0,-0.00496241586,-0.000415482084,0.167190923,0.666205
21,88,13.7175,0,0,3.57584835e-05,-0.000409939519,0.164960582,0.666205
21,89,13.8725,0,0,0.00879326583,0.000953016684,-0.383496053,0.666205
21,90,14.0275,0,0,-0.00993252164,-0.00058652417,0.236018642,0.666205
21,91,14.1825,0,0,-0.00169509189,-0.000849263414,0.341745504,0.666205
21,92,14.3375,0,0,0.0116351471,0.000954184394,-0.383965942,0.666205
21,93,14.4925,0,0,-0.0164829409,-0.00160067145,0.644113784,0.666205
21,94,14.6475,0,0,0.00929056862,-0.000160633316,0.0646392067,0.666205
21,95,14.8025,0,0,0.00982987691,0.00136299761,-0.548473295,0.666205
21,96,14.9575,0,0,-0.0186394128,-0.00152611138,0.614110646,0.666205
21,97,15.1125,0,0,0.00900955862,-0.000129629799,0.052163322,0.666205
21,98,15.2675,0,0,0.0118235614,0.00170302222,-0.685299963,0.666205
21,99,15.4225,0,0,-0.0169726698,-0.0009277416,0.373325302,0.666205
21,100,15.5775,0,0,0.00775212553,0.000273837858,-0.110192968,0.666205
21,101,15.7325,0,0,0.00340126719,0.000801034273,-0.322337989,0.666205
21,102,15.8875,0,0,-0.0132937143,-0.00125949145,0.506822185,0.666205
21,103,16.0425,0,0,0.012521146,0.000681286175,-0.274151086,0.666205
21,104,16.1975,0,0,0.00765407945,0.00186766849,-0.751553992,0.666205
21,105,16.3525,0,0,-0.0162670284,-0.000653720913,0.263058762,0.666205
21,106,16.5075,0,0,0.0106570126,0.000998116041,-0.401644135,0.666205
21,107,16.6625,0,0,-0.0191538715,-0.00197073405,0.793027803,0.666205
21,108,16.8175,0,0,0.00765568049,-0.00078410357,0.315525036,0.666205
21,109,16.9725,0,0,0.0137746229,0.00135096298,-0.543630534,0.666205
21,110,17.1275,0,0,-0.0197101782,-0.00170411465,0.685739559,0.666205
21,111,17.2825,0,0,0.00826561595,-0.000422944176,0.170193686,0.666205
21,112,17.4375,0,0,0.0122359197,0.00147362338,-0.592989353,0.666205
21,113,17.5925,0,0,-0.0184471156,-0.00138567955,0.55760056,0.666205
21,114,17.7475,0,0,0.00955182512,9.48533462e-05,-0.0381691994,0.666205
21,115,17.9025,0,0,0.0141155079,0.00228275707,-0.918586568,0.666205
21,116,18.0575,0,0,-0.0239145115,-0.00142399221,0.573017661,0.666205
21,117,18.2125,0,0,0.0101244561,0.00014529849,-0.0584684383,0.666205
21,118,18.3675,0,0,0.01535133,0.00252475463,-1.01596693,0.666205
21,119,18.5225,0,0,-0.0241220355,-0.00121416087,0.488581059,0.666205
21,120,18.6775,0,0,0.0107525555,0.000452485233,-0.182081073,0.666205
21,121,18.8325,0,0,0.00388633661,0.00105486741,-0.424481012,0.666205
21,122,18.9875,0,0,-0.0164237735,-0.00149081748,0.599908301,0.666205
21,123,19.1425,0,0,0.0144637809,0.000751068553,-0.302231671,0.666205
21,124,19.2975,0,0,0.0205611211,0.00393804232,-1.58467707,0.666205
21,125,19.4525,0,0,-0.0284775996,-0.000475985611,0.191537678,0.666205
21,126,19.6075,0,0,0.00745930543,0.00068020673,-0.273716715,0.666205
21,127,19.7625,0,0,-0.0140571915,-0.00149865795,0.603063323,0.666205
22,0,0.0775,0,0,0,-8.30207138e-05,0.0334077216,0.643297
22,1,0.2325,0,0,0.000581418832,7.09920516e-06,-0.00285673609,0.643297
22,2,0.3875,0,0,-0.00140052689,-0.000209982464,0.0844974146,0.643297
22,3,0.5425,0,0,0.0047066404,0.000519546798,-0.209066798,0.643297
22,4,0.6975,0,0,-0.00205600056,0.000200866711,-0.0808292154,0.643297
22,5,0.8525,0,0,-0.00826483553,-0.0010801828,0.434667981,0.643297
22,6,1.0075,0,0,0.012776031,0.000900102007,-0.362203068,0.643297
22,7,1.1625,0,0,-0.00534659556,7.13796948e-05,-0.0287233494,0.643297
22,8,1.3175,0,0,-0.00263231795,-0.000336629587,0.135460501,0.643297
22,9,1.4725,0,0,0.00285281567,0.000105556842,-0.0424763101,0.643297
22,10,1.6275,0,0,0.00425957491,0.000765790953,-0.308155998,0.643297
22,11,1.7825,0,0,-0.00724777884,-0.000357614768,0.143904985,0.643297
22,12,1.9375,0,0,0.00213698309,-2.63823896e-05,0.0106163328,0.643297
22,13,2.0925,0,0,-0.000455169254,-9.69336239e-05,0.0390063078,0.643297
22,14,2.2475,0,0,-5.6867944e-05,-0.000105748155,0.042553295,0.643297
22,15,2.4025,0,0,0.00511967883,0.000687802064,-0.276773094,0.643297
22,16,2.5575,0,0,-0.016251813,-0.00183122895,0.736890639,0.643297
22,17,2.7125,0,0,0.00973511775,-0.000322285698,0.129688488,0.643297
22,18,2.8675,0,0,0.010935472,0.00137271247,-0.552382577,0.643297
22,19,3.0225,0,0,-0.01435724,-0.000852659735,0.343112191,0.643297
22,20,3.1775,0,0,0.00206580549,-0.000532459883,0.214263052,0.643297
22,21,3.3325,0,0,0.00769162045,0.000659741287,-0.265481374,0.643297
22,22,3.4875,0,0,-0.00554573135,-0.000199847073,0.0804189107,0.643297
22,23,3.6425,0,0,-0.00256240827,-0.000597020355,0.240242331,0.643297
22,24,3.7975,0,0,0.00960467061,0.000891703589,-0.358823526,0.643297
22,25,3.9525,0,0,-0.0104452097,-0.000727303916,0.292668728,0.643297
22,26,4.1075,0,0,0.00699191444,0.000356442823,-0.143433392,0.643297
22,27,4.2625,0,0,-0.000930198241,0.000212262096,-0.0854147436,0.643297
22,28,4.4175,0,0,-0.00339823435,-0.000314464229,0.126541111,0.643297
22,29,4.5725,0,0,0.0035484463,0.000235544947,-0.0947838154,0.643297
22,30,4.7275,0,0,0.00240114707,0.000607722743,-0.244548996,0.643297
22,31,4.8825,0,0,-0.00841967402,-0.00069732673,0.280605841,0.643297
22,32,5.0375,0,0,0.00904645809,0.000704874275,-0.28364299,0.643297
22,33,5.1925,0,0,-0.00465771795,-1.70720073e-05,0.00686981406,0.643297
22,34,5.3475,0,0,-0.00402062098,-0.00064026826,0.257645385,0.643297
22,35,5.5025,0,0,0.00697796188,0.000441315832,-0.177586481,0.643297
22,36,5.6575,0,0,-0.00271124162,2.10733802e-05,-0.00847997548,0.643297
22,37,5.8125,0,0,-0.00330352977,-0.000490973734,0.197568932,0.643297
22,38,5.9675,0,0,0.00761928533,0.000690015492,-0.277663782,0.643297
22,39,6.1225,0,0,-0.0083444319,-0.000603371454,0.242798027,0.643297
22,40,6.2775,0,0,0.00249585137,-0.000216514492,0.0871259173,0.643297
22,41,6.4325,0,0,0.00458132995,0.00049359165,-0.198622388,0.643297
22,42,6.5875,0,0,-0.00420412287,-0.000158047395,0.0635986265,0.643297
22,43,6.7425,0,0,0.00271193974,0.000262303265,-0.105551423,0.643297
22,44,6.8975,0,0,0.00149098441,0.000493405849,-0.198547621,0.643297
22,45,7.0525,0,0,-0.00776207318,-0.000709715494,0.285591108,0.643297
22,46,7.2075,0,0,0.00413846908,-6.82527865e-05,0.0274650745,0.643297
22,47,7.3625,0,0,0.00571240891,0.000817170595,-0.328831281,0.643297
22,48,7.5175,0,0,-0.00786927938,-0.000402567709,0.16199415,0.643297
22,49,7.6725,0,0,0.00428321875,0.000261331196,-0.10516026,0.643297
22,50,7.8275,0,0,-0.000293890925,0.000215778103,-0.0868295929,0.643297
22,51,7.9825,0,0,-0.00676125638,-0.000832216635,0.334885842,0.643297
22,52,8.1375,0,0,0.00851615099,0.000487786769,-0.196286491,0.643297
22,53,8.2925,0,0,0.00108976686,0.000656700633,-0.264257808,0.643297
22,54,8.4475,0,0,-0.00765169791,-0.000529312544,0.212996556,0.643297
22,55,8.6025,0,0,0.0064522679,0.000470788981,-0.189446543,0.643297
22,56,8.7575,0,0,-0.00757993577,-0.000704101064,0.283331848,0.643297
22,57,8.9125,0,0,0.00313669768,-0.000217912923,0.0876886494,0.643297
22,58,9.0675,0,0,0.00800459784,0.00102279974,-0.411576911,0.643297
22,59,9.2225,0,0,-0.00840296563,-0.000279659931,0.112535784,0.643297
22,60,9.3775,0,0,-0.000189871669,-0.00030909004,0.124378526,0.643297
22,61,9.5325,0,0,0.00803423761,0.000936216789,-0.376735737,0.643297
22,62,9.6875,0,0,-0.0110391058,-0.000774844612,0.311799211,0.643297
22,63,9.8425,0,0,0.00845232194,0.000535265289,-0.215391954,0.643297
22,64,9.9975,0,0,0.000463924413,0.000607173573,-0.244328008,0.643297
22,65,10.1525,0,0,-0.0117838105,-0.00121931706,0.490655922,0.643297
22,66,10.3075,0,0,0.00567009594,-0.000340452191,0.136998726,0.643297
22,67,10.4625,0,0,0.00842093253,0.00096479235,-0.388234607,0.643297
22,68,10.6175,0,0,-0.00925195622,-0.000469260863,0.188831624,0.643297
22,69,10.7725,0,0,0.00864660886,0.00087096351,-0.350477671,0.643297
22,70,10.9275,0,0,-0.00820252401,-0.000400427711,0.16113301,0.643297
22,71,11.0825,0,0,-0.00512408233,-0.00119466047,0.480734055,0.643297
22,72,11.2375,0,0,0.0116154219,0.000605729918,-0.243747078,0.643297
22,73,11.3925,0,0,-0.00521264488,-0.000202230038,0.0813778213,0.643297
22,74,11.5475,0,0,0.000453628015,-0.000131917696,0.053083977,0.643297
22,75,11.7025,0,0,0.00604529804,0.000805103501,-0.323975455,0.643297
22,76,11.8575,0,0,-0.010625347,-0.000841825279,0.338752382,0.643297
22,77,12.0125,0,0,0.00469807041,-0.000113624366,0.0457226997,0.643297
22,78,12.1675,0,0,0.0108729105,0.00157167676,-0.632446255,0.643297
22,79,12.3225,0,0,-0.0135742818,-0.000532336918,0.21421357,0.643297
22,80,12.4775,0,0,0.00422020159,0.000121794329,-0.0490103111,0.643297
22,81,12.6325,0,0,0.00412132782,0.00076060014,-0.306067203,0.643297
22,82,12.7875,0,0,-0.0103061393,-0.000836851457,0.336750904,0.643297
22,83,12.9425,0,0,0.00916085202,0.000583080606,-0.234632944,0.643297
22,84,13.0975,0,0,0.000692554215,0.000690426509,-0.277829177,0.643297
22,85,13.2525,0,0,-0.0108286007,-0.000988006596,0.397576072,0.643297
22,86,13.4075,0,0,0.00865612239,0.000353692374,-0.142326605,0.643297
22,87,13.5625,0,0,-0.00496241586,-0.000415482084,0.167190923,0.643297
22,88,13.7175,0,0,3.57584835e-05,-0.000409939519,0.164960582,0.643297
22,89,13.8725,0,0,0.00879326583,0.000953016684,-0.383496053,0.643297
22,90,14.0275,0,0,-0.00993252164,-0.00058652417,0.236018642,0.643297
22,91,14.1825,0,0,-0.00169509189,-0.000849263414,0.341745504,0.643297
22,92,14.3375,0,0,0.0116351471,0.000954184394,-0.383965942,0.643297
22,93,14.4925,0,0,-0.0164829409,-0.00160067145,0.644113784,0.643297
22,94,14.6475,0,0,0.00929056862,-0.000160633316,0.0646392067,0.643297
22,95,14.8025,0,0,0.00982987691,0.00136299761,-0.548473295,0.643297
22,96,14.9575,0,0,-0.0186394128,-0.00152611138,0.614110646,0.643297
22,97,15.1125,0,0,0.00900955862,-0.000129629799,0.052163322,0.643297
22,98,15.2675,0,0,0.0118235614,0.00170302222,-0.685299963,0.643297
22,99,15.4225,0,0,-0.0169726698,-0.0009277416,0.373325302,0.643297
22,100,15.5775,0,0,0.00775212553,0.000273837858,-0.110192968,0.643297
22,101,15.7325,0,0,0.00340126719,0.000801034273,-0.322337989,0.643297
22,102,15.8875,0,0,-0.0132937143,-0.00125949145,0.506822185,0.643297
22,103,16.0425,0,0,0.012521146,0.000681286175,-0.274151086,0.643297
22,104,16.1975,0,0,0.00765407945,0.00186766849,-0.751553992,0.643297
22,105,16.3525,0,0,-0.0162670284,-0.000653720913,0.263058762,0.643297
22,106,16.5075,0,0,0.0106570126,0.000998116041,-0.401644135,0.643297
22,107,16.6625,0,0,-0.0191538715,-0.00197073405,0.793027803,0.643297
22,108,16.8175,0,0,0.00765568049,-0.00078410357,0.315525036,0.643297
22,109,16.9725,0,0,0.0137746229,0.00135096298,-0.543630534,0.643297
22,110,17.1275,0,0,-0.0197101782,-0.00170411465,0.685739559,0.643297
22,111,17.2825,0,0,0.00826561595,-0.000422944176,0.170193686,0.643297
22,112,17.4375,0,0,0.0122359197,0.00147362338,-0.592989353,0.643297
22,113,17.5925,0,0,-0.0184471156,-0.00138567955,0.55760056,0.643297
22,114,17.7475,0,0,0.00955182512,9.48533462e-05,-0.0381691994,0.643297
22,115,17.9025,0,0,0.0141155079,0.00228275707,-0.918586568,0.643297
22,116,18.0575,0,0,-0.0239145115,-0.00142399221,0.573017661,0.643297
22,117,18.2125,0,0,0.0101244561,0.00014529849,-0.0584684383,0.643297
22,118,18.3675,0,0,0.01535133,0.00252475463,-1.01596693,0.643297
22,119,18.5225,0,0,-0.0241220355,-0.00121416087,0.488581059,0.643297
22,120,18.6775,0,0,0.0107525555,0.000452485233,-0.182081073,0.643297
22,121,18.8325,0,0,0.00388633661,0.00105486741,-0.424481012,0.643297
22,122,18.9875,0,0,-0.0164237735,-0.00149081748,0.599908301,0.643297
22,123,19.1425,0,0,0.0144637809,0.000751068553,-0.302231671,0.643297
22,124,19.2975,0,0,0.0205611211,0.00393804232,-1.58467707,0.643297
22,125,19.4525,0,0,-0.0284775996,-0.000475985611,0.191537678,0.643297
22,126,19.6075,0,0,0.00745930543,0.00068020673,-0.273716715,0.643297
22,127,19.7625,0,0,-0.0140571915,-0.00149865795,0.603063323,0.643297
23,0,0.0775,0,0,0,0.00040663179,-0.163629545,0.764397
23,1,0.2325,0,0,-0.0056188029,-0.00046428266,0.186828384,0.764397
23,2,0.3875,0,0,0.00632824556,0.000516595402,-0.207879149,0.764397
23,3,0.5425,0,0,-0.00537789185,-0.000316977835,0.127552592,0.764397
23,4,0.6975,0,0,0.00161666139,-6.63953192e-05,0.0267176255,0.764397
23,5,0.8525,0,0,0.000248589707,-2.78639147e-05,0.0112125018,0.764397
23,6,1.0075,0,0,0.00302013929,0.000440257675,-0.177160676,0.764397
23,7,1.1625,0,0,-0.0056483825,-0.000435241612,0.175142201,0.764397
23,8,1.3175,0,0,0.00366806778,0.000133308894,-0.0536437982,0.764397
23,9,1.4725,0,0,-0.00314171838,-0.000353657455,0.142312554,0.764397
23,10,1.6275,0,0,0.00357786583,0.000200911748,-0.0808473383,0.764397
23,11,1.7825,0,0,-0.0008678404,6.63964861e-05,-0.026718095,0.764397
23,12,1.9375,0,0,-0.000671457098,-3.76793641e-05,0.0151622607,0.764397
23,13,2.0925,0,0,0.000112661906,-2.02167687e-05,0.00813527309,0.764397
23,14,2.2475,0,0,0.000794718045,0.000102964528,-0.0414331572,0.764397
23,15,2.4025,0,0,-0.000388871369,4.2689466e-05,-0.0171783369,0.764397
23,16,2.5575,0,0,-0.00539374071,-0.000793340345,0.319241935,0.764397
23,17,2.7125,0,0,0.00805808496,0.000455662824,-0.183359743,0.764397
23,18,2.8675,0,0,-0.00578809363,-0.00044149169,0.177657247,0.764397
23,19,3.0225,0,0,0.00523863547,0.000370496808,-0.149088747,0.764397
23,20,3.1775,0,0,-0.00358179699,-0.000184681725,0.0743163406,0.764397
23,21,3.3325,0,0,0.00195018156,0.000117596416,-0.0473210618,0.764397
23,22,3.4875,0,0,-0.000369808069,6.02761656e-05,-0.0242552643,0.764397
23,23,3.6425,0,0,0.00273337983,0.000483950038,-0.194742582,0.764397
23,24,3.7975,0,0,-0.00530848016,-0.000338864386,0.136359789,0.764397
23,25,3.9525,0,0,0.00201188264,-2.70225769e-05,0.0108739456,0.764397
23,26,4.1075,0,0,-0.00127629856,-0.000224848853,0.0904796831,0.764397
23,27,4.2625,0,0,0.00236285693,0.000141393971,-0.0568972514,0.764397
23,28,4.4175,0,0,-0.00127484033,-5.62062792e-05,0.0226175329,0.764397
23,29,4.5725,0,0,-0.00116554763,-0.000236866162,0.095315475,0.764397
23,30,4.7275,0,0,0.00233956326,0.000125766143,-0.0506085784,0.764397
23,31,4.8825,0,0,0.000812387482,0.000251686203,-0.101279093,0.764397
23,32,5.0375,0,0,-0.000101175665,0.000236003975,-0.0949685292,0.764397
23,33,5.1925,0,0,-0.00352699229,-0.000310679829,0.125018261,0.764397
23,34,5.3475,0,0,0.00195821356,-7.15672794e-06,0.00287988338,0.764397
23,35,5.5025,0,0,-0.00077361104,-0.000127066439,0.0511318202,0.764397
23,36,5.6575,0,0,0.00362678374,0.00043508504,-0.175079197,0.764397
23,37,5.8125,0,0,-0.00459078885,-0.000276487231,0.111259082,0.764397
23,38,5.9675,0,0,0.000621103369,-0.000180216209,0.072519407,0.764397
23,39,6.1225,0,0,0.0018683722,0.000109381482,-0.044015354,0.764397
23,40,6.2775,0,0,0.00135521957,0.000319440515,-0.12854358,0.764397
23,41,6.4325,0,0,-0.00117882294,0.00013672296,-0.0550176259,0.764397
23,42,6.5875,0,0,-0.0036219365,-0.000424677198,0.170891058,0.764397
23,43,6.7425,0,0,0.00146541651,-0.000197537639,0.0794895893,0.764397
23,44,6.8975,0,0,0.0033749013,0.000325572062,-0.131010929,0.764397
23,45,7.0525,0,0,-0.00176056459,5.26845505e-05,-0.0212003814,0.764397
23,46,7.2075,0,0,-0.00117836534,-0.000129962077,0.0522970315,0.764397
23,47,7.3625,0,0,0.00044659543,-6.07397856e-05,0.024441826,0.764397
23,48,7.5175,0,0,0.0015315073,0.000176643846,-0.0710818799,0.764397
23,49,7.6725,0,0,0.000770054607,0.00029600231,-0.119111994,0.764397
23,50,7.8275,0,0,-0.00491242886,-0.000465424164,0.187287728,0.764397
23,51,7.9825,0,0,0.00179240767,-0.000187600976,0.0754910538,0.764397
23,52,8.1375,0,0,0.00223473707,0.00015878327,-0.063894744,0.764397
23,53,8.2925,0,0,0.000529316107,0.000240827266,-0.0969094323,0.764397
23,54,8.4475,0,0,-0.00309084531,-0.000238253758,0.0958738468,0.764397
23,55,8.6025,0,0,0.00183757091,4.65697338e-05,-0.0187397654,0.764397
23,56,8.7575,0,0,0.000235138323,8.30161738e-05,-0.0334058946,0.764397
23,57,8.9125,0,0,0.00269780703,0.000501176263,-0.201674453,0.764397
23,58,9.0675,0,0,-0.00341654303,-2.83879057e-05,0.011423357,0.764397
23,59,9.2225,0,0,-0.00379442564,-0.00061652388,0.248090593,0.764397
23,60,9.3775,0,0,0.00456050164,9.03538743e-05,-0.0363586018,0.764397
23,61,9.5325,0,0,0.00269121779,0.000507492632,-0.204216174,0.764397
23,62,9.6875,0,0,-0.00278810452,7.53364313e-05,-0.030315549,0.764397
23,63,9.8425,0,0,-0.00139448212,-0.000140808297,0.0566615748,0.764397
23,64,9.9975,0,0,0.000489628648,-6.49158567e-05,0.0261222864,0.764397
23,65,10.1525,0,0,0.00270957115,0.000355067671,-0.142880028,0.764397
23,66,10.3075,0,0,0.000485032462,0.000430247703,-0.173132641,0.764397
23,67,10.4625,0,0,-0.00679114326,-0.000622379503,0.250446909,0.764397
23,68,10.6175,0,0,0.00118314778,-0.000438991597,0.176651204,0.764397
23,69,10.7725,0,0,0.00428184706,0.000224694697,-0.0904176505,0.764397
23,70,10.9275,0,0,0.000655559933,0.000326306487,-0.131306463,0.764397
23,71,11.0825,0,0,-0.00376786903,-0.000257713212,0.103704375,0.764397
23,72,11.2375,0,0,0.00125030412,-6.3916073e-05,0.0257199712,0.764397
23,73,11.3925,0,0,0.0017924849,0.000213919086,-0.0860815204,0.764397
23,74,11.5475,0,0,0.00131568955,0.000417850966,-0.168144166,0.764397
23,75,11.7025,0,0,-0.00422975583,-0.000237761188,0.0956756356,0.764397
23,76,11.8575,0,0,-0.00223324984,-0.000583914913,0.234968672,0.764397
23,77,12.0125,0,0,0.00372443389,-6.62766068e-06,0.00266698553,0.764397
23,78,12.1675,0,0,0.00333728861,0.000510652074,-0.205487541,0.764397
23,79,12.3225,0,0,-0.00344994996,-2.40901704e-05,0.00969393863,0.764397
23,80,12.4775,0,0,-0.00239100583,-0.000394696074,0.158826586,0.764397
23,81,12.6325,0,0,0.00359664335,0.000162783645,-0.0655045043,0.764397
23,82,12.7875,0,0,0.00209495431,0.000487501564,-0.196171723,0.764397
23,83,12.9425,0,0,-0.00385049154,-0.000109324624,0.0439924741,0.764397
23,84,13.0975,0,0,-0.00211314906,-0.000436862728,0.175794542,0.764397
23,85,13.2525,0,0,0.000879243034,-0.000300580058,0.12095409,0.764397
23,86,13.4075,0,0,0.00319548068,0.000194719448,-0.0783555427,0.764397
23,87,13.5625,0,0,0.000448315073,0.000264208284,-0.106318006,0.764397
23,88,13.7175,0,0,-0.00298791192,-0.000198918064,0.0800450752,0.764397
23,89,13.8725,0,0,-0.00210785856,-0.000525636141,0.211517163,0.764397
23,90,14.0275,0,0,0.00713233747,0.000579876167,-0.233343471,0.764397
23,91,14.1825,0,0,-0.00411391606,-5.77808225e-05,0.0232511326,0.764397
23,92,14.3375,0,0,-0.00150545836,-0.000291126868,0.117150105,0.764397
23,93,14.4925,0,0,-4.01848875e-05,-0.000297355526,0.119656531,0.764397
23,94,14.6475,0,0,0.00377593292,0.000287914077,-0.115857271,0.764397
23,95,14.8025,0,0,-0.00220890256,-5.44658192e-05,0.0219171679,0.764397
23,96,14.9575,0,0,0.000826446098,7.3633326e-05,-0.0296302156,0.764397
23,97,15.1125,0,0,-0.00105968588,-9.0617985e-05,0.0364648805,0.764397
23,98,15.2675,0,0,0.000228011378,-5.52762214e-05,0.0222432756,0.764397
23,99,15.4225,0,0,0.00200000072,0.00025472389,-0.102501465,0.764397
23,100,15.5775,0,0,-0.00304011875,-0.000216494516,0.0871178792,0.764397
23,101,15.7325,0,0,-0.000816228837,-0.000343009986,0.138027988,0.764397
23,102,15.8875,0,0,0.00522294932,0.000466547159,-0.187739624,0.764397
23,103,16.0425,0,0,-0.00244304367,8.7875391e-05,-0.0353612545,0.764397
23,104,16.1975,0,0,-0.00138083167,-0.000126153518,0.0507644588,0.764397
23,105,16.3525,0,0,0.0020864999,0.000197253966,-0.0793754388,0.764397
23,106,16.5075,0,0,-0.000107374029,0.000180610992,-0.0726782685,0.764397
23,107,16.6625,0,0,-0.00124569728,-1.24720861e-05,0.00501879544,0.764397
23,108,16.8175,0,0,-0.00104530602,-0.00017449452,0.0702169863,0.764397
23,109,16.9725,0,0,-0.00157586551,-0.000418753674,0.168507418,0.764397
23,110,17.1275,0,0,0.00662131073,0.00060754949,-0.244479278,0.764397
23,111,17.2825,0,0,-0.00255821427,0.000211026278,-0.084917448,0.764397
23,112,17.4375,0,0,-0.00308363796,-0.000266937605,0.107416291,0.764397
23,113,17.5925,0,0,0.00127946409,-6.86206709e-05,0.027613112,0.764397
23,114,17.7475,0,0,0.0036424901,0.000495965294,-0.199577548,0.764397
23,115,17.9025,0,0,-0.00278159444,6.48181561e-05,-0.0260829715,0.764397
23,116,18.0575,0,0,-0.00240677963,-0.000308232686,0.124033525,0.764397
23,117,18.2125,0,0,-0.00299307337,-0.000772159059,0.310718538,0.764397
23,118,18.3675,0,0,0.00754847071,0.000397853902,-0.160097303,0.764397
23,119,18.5225,0,0,0.0017833499,0.000674273136,-0.271329023,0.764397
23,120,18.6775,0,0,-0.00685397252,-0.000388092605,0.156169335,0.764397
23,121,18.8325,0,0,-0.00135267092,-0.000597756597,0.240538596,0.764397
23,122,18.9875,0,0,0.00424662124,6.04696956e-05,-0.0243331412,0.764397
23,123,19.1425,0,0,0.00332421677,0.000575723294,-0.231672346,0.764397
23,124,19.2975,0,0,-0.00559640865,-0.000291720047,0.117388801,0.764397
23,125,19.4525,0,0,-0.00385147367,-0.000888698466,0.357614257,0.764397
23,126,19.6075,0,0,0.00681528005,0.000167669942,-0.0674707608,0.764397
23,127,19.7625,0,0,0.0043685002,0.000844787473,-0.339944375,0.764397
24,0,0.0775,0,0,0,0.00040663179,-0.163629545,0.713370
24,1,0.2325,0,0,-0.0056188029,-0.00046428266,0.186828384,0.713370
24,2,0.3875,0,0,0.00632824556,0.000516595402,-0.207879149,0.713370
24,3,0.5425,0,0,-0.00537789185,-0.000316977835,0.127552592,0.713370
24,4,0.6975,0,0,0.00161666139,-6.63953192e-05,0.0267176255,0.713370
24,5,0.8525,0,0,0.000248589707,-2.78639147e-05,0.0112125018,0.713370
24,6,1.0075,0,0,0.00302013929,0.000440257675,-0.177160676,0.713370
24,7,1.1625,0,0,-0.0056483825,-0.000435241612,0.175142201,0.713370
24,8,1.3175,0,0,0.00366806778,0.000133308894,-0.0536437982,0.713370
24,9,1.4725,0,0,-0.00314171838,-0.000353657455,0.142312554,0.713370
24,10,1.6275,0,0,0.00357786583,0.000200911748,-0.0808473383,0.713370
24,11,1.7825,0,0,-0.0008678404,6.63964861e-05,-0.026718095,0.713370
24,12,1.9375,0,0,-0.000671457098,-3.76793641e-05,0.0151622607,0.713370
24,13,2.0925,0,0,0.000112661906,-2.02167687e-05,0.00813527309,0.713370
24,14,2.2475,0,0,0.000794718045,0.000102964528,-0.0414331572,0.713370
24,15,2.4025,0,0,-0.000388871369,4.2689466e-05,-0.0171783369,0.713370
24,16,2.5575,0,0,-0.00539374071,-0.000793340345,0.319241935,0.713370
24,17,2.7125,0,0,0.00805808496,0.000455662824,-0.183359743,0.713370
24,18,2.8675,0,0,-0.00578809363,-0.00044149169,0.177657247,0.713370
24,19,3.0225,0,0,0.00523863547,0.000370496808,-0.149088747,0.713370
24,20,3.1775,0,0,-0.00358179699,-0.000184681725,0.0743163406,0.713370
24,21,3.3325,0,0,0.00195018156,0.000117596416,-0.0473210618,0.713370
24,22,3.4875,0,0,-0.000369808069,6.02761656e-05,-0.0242552643,0.713370
24,23,3.6425,0,0,0.00273337983,0.000483950038,-0.194742582,0.713370
24,24,3.7975,0,0,-0.00530848016,-0.000338864386,0.136359789,0.713370
24,25,3.9525,0,0,0.00201188264,-2.70225769e-05,0.0108739456,0.713370
24,26,4.1075,0,0,-0.00127629856,-0.000224848853,0.0904796831,0.713370
24,27,4.2625,0,0,0.00236285693,0.000141393971,-0.0568972514,0.713370
24,28,4.4175,0,0,-0.00127484033,-5.62062792e-05,0.0226175329,0.713370
24,29,4.5725,0,0,-0.00116554763,-0.000236866162,0.095315475,0.713370
24,30,4.7275,0,0,0.00233956326,0.000125766143,-0.0506085784,0.713370
24,31,4.8825,0,0,0.000812387482,0.000251686203,-0.101279093,0.713370
24,32,5.0375,0,0,-0.000101175665,0.000236003975,-0.0949685292,0.713370
24,33,5.1925,0,0,-0.00352699229,-0.000310679829,0.125018261,0.713370
24,34,5.3475,0,0,0.00195821356,-7.15672794e-06,0.00287988338,0.713370
24,35,5.5025,0,0,-0.00077361104,-0.000127066439,0.0511318202,0.713370
24,36,5.6575,0,0,0.00362678374,0.00043508504,-0.175079197,0.713370
24,37,5.8125,0,0,-0.00459078885,-0.000276487231,0.111259082,0.713370
24,38,5.9675,0,0,0.000621103369,-0.000180216209,0.072519407,0.713370
24,39,6.1225,0,0,0.0018683722,0.000109381482,-0.044015354,0.713370
24,40,6.2775,0,0,0.00135521957,0.000319440515,-0.12854358,0.713370
24,41,6.4325,0,0,-0.00117882294,0.00013672296,-0.0550176259,0.713370
24,42,6.5875,0,0,-0.0036219365,-0.000424677198,0.170891058,0.713370
24,43,6.7425,0,0,0.00146541651,-0.000197537639,0.0794895893,0.713370
24,44,6.8975,0,0,0.0033749013,0.000325572062,-0.131010929,0.713370
24,45,7.0525,0,0,-0.00176056459,5.26845505e-05,-0.0212003814,0.713370
24,46,7.2075,0,0,-0.00117836534,-0.000129962077,0.0522970315,0.713370
24,47,7.3625,0,0,0.00044659543,-6.07397856e-05,0.024441826,0.713370
24,48,7.5175,0,0,0.0015315073,0.000176643846,-0.0710818799,0.713370
24,49,7.6725,0,0,0.000770054607,0.00029600231,-0.119111994,0.713370
24,50,7.8275,0,0,-0.00491242886,-0.000465424164,0.187287728,0.713370
24,51,7.9825,0,0,0.00179240767,-0.000187600976,0.0754910538,0.713370
24,52,8.1375,0,0,0.00223473707,0.00015878327,-0.063894744,0.713370
24,53,8.2925,0,0,0.000529316107,0.000240827266,-0.0969094323,0.713370
24,54,8.4475,0,0,-0.00309084531,-0.000238253758,0.0958738468,0.713370
24,55,8.6025,0,0,0.00183757091,4.65697338e-05,-0.0187397654,0.713370
24,56,8.7575,0,0,0.000235138323,8.30161738e-05,-0.0334058946,0.713370
24,57,8.9125,0,0,0.00269780703,0.000501176263,-0.201674453,0.713370
24,58,9.0675,0,0,-0.00341654303,-2.83879057e-05,0.011423357,0.713370
24,59,9.2225,0,0,-0.00379442564,-0.00061652388,0.248090593,0.713370
24,60,9.3775,0,0,0.00456050164,9.03538743e-05,-0.0363586018,0.713370
24,61,9.5325,0,0,0.00269121779,0.000507492632,-0.204216174,0.713370
24,62,9.6875,0,0,-0.00278810452,7.53364313e-05,-0.030315549,0.713370
24,63,9.8425,0,0,-0.00139448212,-0.000140808297,0.0566615748,0.713370
24,64,9.9975,0,0,0.000489628648,-6.49158567e-05,0.0261222864,0.713370
24,65,10.1525,0,0,0.00270957115,0.000355067671,-0.142880028,0.713370
24,66,10.3075,0,0,0.000485032462,0.000430247703,-0.173132641,0.713370
24,67,10.4625,0,0,-0.00679114326,-0.000622379503,0.250446909,0.713370
24,68,10.6175,0,0,0.00118314778,-0.000438991597,0.176651204,0.713370
24,69,10.7725,0,0,0.00428184706,0.000224694697,-0.0904176505,0.713370
24,70,10.9275,0,0,0.000655559933,0.000326306487,-0.131306463,0.713370
24,71,11.0825,0,0,-0.00376786903,-0.000257713212,0.103704375,0.713370
24,72,11.2375,0,0,0.00125030412,-6.3916073e-05,0.0257199712,0.713370
24,73,11.3925,0,0,0.0017924849,0.000213919086,-0.0860815204,0.713370
24,74,11.5475,0,0,0.00131568955,0.000417850966,-0.168144166,0.713370
24,75,11.7025,0,0,-0.00422975583,-0.000237761188,0.0956756356,0.713370
24,76,11.8575,0,0,-0.00223324984,-0.000583914913,0.234968672,0.713370
24,77,12.0125,0,0,0.00372443389,-6.62766068e-06,0.00266698553,0.713370
24,78,12.1675,0,0,0.00333728861,0.000510652074,-0.205487541,0.713370
24,79,12.3225,0,0,-0.00344994996,-2.40901704e-05,0.00969393863,0.713370
24,80,12.4775,0,0,-0.00239100583,-0.000394696074,0.158826586,0.713370
24,81,12.6325,0,0,0.00359664335,0.000162783645,-0.0655045043,0.713370
24,82,12.7875,0,0,0.00209495431,0.000487501564,-0.196171723,0.713370
24,83,12.9425,0,0,-0.00385049154,-0.000109324624,0.0439924741,0.713370
24,84,13.0975,0,0,-0.00211314906,-0.000436862728,0.175794542,0.713370
24,85,13.2525,0,0,0.000879243034,-0.000300580058,0.12095409,0.713370
24,86,13.4075,0,0,0.00319548068,0.000194719448,-0.0783555427,0.713370
24,87,13.5625,0,0,0.000448315073,0.000264208284,-0.106318006,0.713370
24,88,13.7175,0,0,-0.00298791192,-0.000198918064,0.0800450752,0.713370
24,89,13.8725,0,0,-0.00210785856,-0.000525636141,0.211517163,0.713370
24,90,14.0275,0,0,0.00713233747,0.000579876167,-0.233343471,0.713370
24,91,14.1825,0,0,-0.00411391606,-5.77808225e-05,0.0232511326,0.713370
24,92,14.3375,0,0,-0.00150545836,-0.000291126868,0.117150105,0.713370
24,93,14.4925,0,0,-4.01848875e-05,-0.000297355526,0.119656531,0.713370
24,94,14.6475,0,0,0.00377593292,0.000287914077,-0.115857271,0.713370
24,95,14.8025,0,0,-0.00220890256,-5.44658192e-05,0.0219171679,0.713370
24,96,14.9575,0,0,0.000826446098,7.3633326e-05,-0.0296302156,0.713370
24,97,15.1125,0,0,-0.00105968588,-9.0617985e-05,0.0364648805,0.713370
24,98,15.2675,0,0,0.000228011378,-5.52762214e-05,0.0222432756,0.713370
24,99,15.4225,0,0,0.00200000072,0.00025472389,-0.102501465,0.713370
24,100,15.5775,0,0,-0.00304011875,-0.000216494516,0.0871178792,0.713370
24,101,15.7325,0,0,-0.000816228837,-0.000343009986,0.138027988,0.713370
24,102,15.8875,0,0,0.00522294932,0.000466547159,-0.187739624,0.713370
24,103,16.0425,0,0,-0.00244304367,8.7875391e-05,-0.0353612545,0.713370
24,104,16.1975,0,0,-0.00138083167,-0.000126153518,0.0507644588,0.713370
24,105,16.3525,0,0,0.0020864999,0.000197253966,-0.0793754388,0.713370
24,106,16.5075,0,0,-0.000107374029,0.000180610992,-0.0726782685,0.713370
24,107,16.6625,0,0,-0.00124569728,-1.24720861e-05,0.00501879544,0.713370
24,108,16.8175,0,0,-0.00104530602,-0.00017449452,0.0702169863,0.713370
24,109,16.9725,0,0,-0.00157586551,-0.000418753674,0.168507418,0.713370
24,110,17.1275,0,0,0.00662131073,0.00060754949,-0.244479278,0.713370
24,111,17.2825,0,0,-0.00255821427,0.000211026278,-0.084917448,0.713370
24,112,17.4375,0,0,-0.00308363796,-0.000266937605,0.107416291,0.713370
24,113,17.5925,0,0,0.00127946409,-6.86206709e-05,0.027613112,0.713370
24,114,17.7475,0,0,0.0036424901,0.000495965294,-0.199577548,0.713370
24,115,17.9025,0,0,-0.00278159444,6.48181561e-05,-0.0260829715,0.713370
24,116,18.0575,0,0,-0.00240677963,-0.000308232686,0.124033525,0.713370
24,117,18.2125,0,0,-0.00299307337,-0.000772159059,0.310718538,0.713370
24,118,18.3675,0,0,0.00754847071,0.000397853902,-0.160097303,0.713370
24,119,18.5225,0,0,0.0017833499,0.000674273136,-0.271329023,0.713370
24,120,18.6775,0,0,-0.00685397252,-0.000388092605,0.156169335,0.713370
24,121,18.8325,0,0,-0.00135267092,-0.000597756597,0.240538596,0.713370
24,122,18.9875,0,0,0.00424662124,6.04696956e-05,-0.0243331412,0.713370
24,123,19.1425,0,0,0.00332421677,0.000575723294,-0.231672346,0.713370
24,124,19.2975,0,0,-0.00559640865,-0.000291720047,0.117388801,0.713370
24,125,19.4525,0,0,-0.00385147367,-0.000888698466,0.357614257,0.713370
24,126,19.6075,0,0,0.00681528005,0.000167669942,-0.0674707608,0.713370
24,127,19.7625,0,0,0.0043685002,0.000844787473,-0.339944375,0.713370
25,0,0.0775,0,0,0,0.000638419937,-0.256901615,0.706862
25,1,0.2325,0,0,-0.00911583242,-0.000774534087,0.311674255,0.706862
25,2,0.3875,0,0,0.00967532721,0.00072514163,-0.291798619,0.706862
25,3,0.5425,0,0,-0.00871661389,-0.000625933523,0.251877054,0.706862
25,4,0.6975,0,0,0.00655654906,0.000390331581,-0.157070304,0.706862
25,5,0.8525,0,0,-0.00375998162,-0.00019246557,0.0774485774,0.706862
25,6,1.0075,0,0,0.00565422137,0.000683938742,-0.275218485,0.706862
25,7,1.1625,0,0,-0.00788961804,-0.000538952053,0.216875516,0.706862
25,8,1.3175,0,0,0.00302864029,-6.95128092e-05,0.0279721104,0.706862
25,9,1.4725,0,0,-0.000909494431,-0.000210484446,0.0846994134,0.706862
25,10,1.6275,0,0,0.00267291661,0.000203817629,-0.0820166712,0.706862
25,11,1.7825,0,0,-0.000283314835,0.000159903829,-0.0643456597,0.706862
25,12,1.9375,0,0,-0.00429890203,-0.000506425986,0.203786953,0.706862
25,13,2.0925,0,0,0.00400892141,0.000114956833,-0.0462588874,0.706862
25,14,2.2475,0,0,-0.00118661441,-6.89684017e-05,0.0277530396,0.706862
25,15,2.4025,0,0,0.00341864245,0.000460921179,-0.185475717,0.706862
25,16,2.5575,0,0,-0.00845877412,-0.000850188809,0.342117885,0.706862
25,17,2.7125,0,0,0.00918585476,0.000573618678,-0.230825443,0.706862
25,18,2.8675,0,0,-0.00773954068,-0.000626010128,0.25190788,0.706862
25,19,3.0225,0,0,0.00858501374,0.000704667003,-0.283559583,0.706862
25,20,3.1775,0,0,-0.00692664936,-0.000368963648,0.1484718,0.706862
25,21,3.3325,0,0,0.00426111977,0.000291509915,-0.117304244,0.706862
25,22,3.4875,0,0,-0.00358367969,-0.000263960436,0.106218272,0.706862
25,23,3.6425,0,0,0.00591622187,0.000653053954,-0.262790377,0.706862
25,24,3.7975,0,0,-0.00642481137,-0.000342791809,0.137940193,0.706862
25,25,3.9525,0,0,0.00266071941,6.96196994e-05,-0.0280151233,0.706862
25,26,4.1075,0,0,-0.00139444772,-0.000146519697,0.0589598547,0.706862
25,27,4.2625,0,0,0.00281136993,0.000289242642,-0.116391888,0.706862
25,28,4.4175,0,0,-0.000597974257,0.000196556632,-0.0790948298,0.706862
25,29,4.5725,0,0,-0.00312288019,-0.000287489798,0.11568654,0.706862
25,30,4.7275,0,0,0.00332182852,0.000227393623,-0.0915037042,0.706862
25,31,4.8825,0,0,-0.00134862985,1.83559966e-05,-0.00738649423,0.706862
25,32,5.0375,0,0,0.00174741738,0.000289205691,-0.116377019,0.706862
25,33,5.1925,0,0,-0.00579301966,-0.000608712356,0.244947218,0.706862
25,34,5.3475,0,0,0.00473978381,0.000125954134,-0.0506842262,0.706862
25,35,5.5025,0,0,-0.00447964582,-0.000568390969,0.228721801,0.706862
25,36,5.6575,0,0,0.00824297559,0.000709270248,-0.285411939,0.706862
25,37,5.8125,0,0,-0.00736925167,-0.000432963761,0.174225589,0.706862
25,38,5.9675,0,0,0.00491514871,0.000328884289,-0.132343776,0.706862
25,39,6.1225,0,0,-0.00150067216,9.6280103e-05,-0.0387433295,0.706862
25,40,6.2775,0,0,0.00237345707,0.000464165949,-0.186781419,0.706862
25,41,6.4325,0,0,-0.00307519628,-1.24894752e-05,0.00502579284,0.706862
25,42,6.5875,0,0,-0.00295232903,-0.000470100475,0.189169486,0.706862
25,43,6.7425,0,0,0.000664762932,-0.00036706222,0.147706661,0.706862
25,44,6.8975,0,0,0.00385760892,0.000230867162,-0.0929014643,0.706862
25,45,7.0525,0,0,-0.00172855419,-3.70587368e-05,0.0149125188,0.706862
25,46,7.2075,0,0,-0.000994563906,-0.000191216142,0.0769458048,0.706862
25,47,7.3625,0,0,0.00369313364,0.000381219573,-0.153403612,0.706862
25,48,7.5175,0,0,-0.00286891978,-6.34629929e-05,0.0255376508,0.706862
25,49,7.6725,0,0,0.00450574151,0.000634926941,-0.255496026,0.706862
25,50,7.8275,0,0,-0.00909224705,-0.000774371352,0.31160877,0.706862
25,51,7.9825,0,0,0.00532825801,5.15086386e-05,-0.0207271918,0.706862
25,52,8.1375,0,0,-0.00228679678,-0.000302944862,0.121905693,0.706862
25,53,8.2925,0,0,0.00421145777,0.000349831092,-0.140772816,0.706862
25,54,8.4475,0,0,-0.00548992519,-0.000501107313,0.201646707,0.706862
25,55,8.6025,0,0,0.00639800604,0.000490583623,-0.197411951,0.706862
25,56,8.7575,0,0,-0.00462729097,-0.000226646477,0.0912030511,0.706862
25,57,8.9125,0,0,0.00615447241,0.000727296747,-0.292665843,0.706862
25,58,9.0675,0,0,-0.00582921032,-0.000176230853,0.0709156907,0.706862
25,59,9.2225,0,0,-0.00346185696,-0.000712818681,0.286839837,0.706862
25,60,9.3775,0,0,0.00452467551,-1.14939773e-05,0.00462520228,0.706862
25,61,9.5325,0,0,3.70406026e-06,-1.0919848e-05,0.00439417134,0.706862
25,62,9.6875,0,0,-0.000702680891,-0.000119835386,0.0482220283,0.706862
25,63,9.8425,0,0,-0.00146866771,-0.00034747888,0.139826281,0.706862
25,64,9.9975,0,0,0.00193992144,-4.67910578e-05,0.0188288267,0.706862
25,65,10.1525,0,0,0.000488772739,2.89687168e-05,-0.0116570766,0.706862
25,66,10.3075,0,0,0.00373587738,0.000608029711,-0.24467252,0.706862
25,67,10.4625,0,0,-0.00901152672,-0.00078875693,0.317397559,0.706862
25,68,10.6175,0,0,0.00712769081,0.000316035146,-0.127173252,0.706862
25,69,10.7725,0,0,-0.00296244234,-0.000143143416,0.0576012319,0.706862
25,70,10.9275,0,0,0.00284946,0.000298522884,-0.120126279,0.706862
25,71,11.0825,0,0,-0.00369150977,-0.00027366113,0.110121853,0.706862
25,72,11.2375,0,0,0.00390113559,0.000331014887,-0.133201133,0.706862
25,73,11.3925,0,0,-0.00309143978,-0.000148158279,0.0596192239,0.706862
25,74,11.5475,0,0,0.00272054289,0.00027352587,-0.110067424,0.706862
25,75,11.7025,0,0,-0.00411044965,-0.000363593826,0.146310972,0.706862
25,76,11.8575,0,0,-0.000707798173,-0.000473302543,0.190458005,0.706862
25,77,12.0125,0,0,0.00538971853,0.00036210383,-0.145711394,0.706862
25,78,12.1675,0,0,-0.000469576536,0.000289319467,-0.116422803,0.706862
25,79,12.3225,0,0,-0.00133080143,8.30452446e-05,-0.0334175928,0.706862
25,80,12.4775,0,0,-0.00309570236,-0.000396788622,0.159668632,0.706862
25,81,12.6325,0,0,0.00686210373,0.000666837456,-0.268336889,0.706862
25,82,12.7875,0,0,-0.00436668805,-9.99919084e-06,0.00402369684,0.706862
25,83,12.9425,0,0,-0.000149316797,-3.31432944e-05,0.0133369361,0.706862
25,84,13.0975,0,0,-0.00391554968,-0.000640053495,0.257558963,0.706862
25,85,13.2525,0,0,0.00540069114,0.000197053632,-0.0792948237,0.706862
25,86,13.4075,0,0,-0.000351195015,0.000142618405,-0.0573899661,0.706862
25,87,13.5625,0,0,0.00346220023,0.00067925944,-0.273335523,0.706862
25,88,13.7175,0,0,-0.00537856458,-0.00015441807,0.062138178,0.706862
25,89,13.8725,0,0,0.00333621133,0.000362694686,-0.145949156,0.706862
25,90,14.0275,0,0,0.00132068647,0.00056740109,-0.228323472,0.706862
25,91,14.1825,0,0,-0.00590337622,-0.000347622225,0.139883963,0.706862
25,92,14.3375,0,0,0.00106705906,-0.000182228069,0.0733289841,0.706862
25,93,14.4925,0,0,-0.00143043219,-0.000403945059,0.162548398,0.706862
25,94,14.6475,0,0,0.00631928174,0.000575543611,-0.231600041,0.706862
25,95,14.8025,0,0,-0.00352785571,2.87259767e-05,-0.0115593975,0.706862
25,96,14.9575,0,0,0.00191560663,0.000325645004,-0.13104028,0.706862
25,97,15.1125,0,0,-0.00126855687,0.00012901869,-0.0519174102,0.706862
25,98,15.2675,0,0,0.00233272904,0.000490591691,-0.197415197,0.706862
25,99,15.4225,0,0,-0.00342841304,-4.081233e-05,0.0164229732,0.706862
25,100,15.5775,0,0,-0.00238179418,-0.000409990428,0.164981069,0.706862
25,101,15.7325,0,0,-0.000905397933,-0.000550327108,0.221452863,0.706862
25,102,15.8875,0,0,0.00703976314,0.000540836178,-0.217633692,0.706862
25,103,16.0425,0,0,-0.0024257038,0.000164852088,-0.0663368503,0.706862
25,104,16.1975,0,0,-0.00262132636,-0.000241453497,0.0971614292,0.706862
25,105,16.3525,0,0,0.00407233395,0.000389758265,-0.1568396,0.706862
25,106,16.5075,0,0,-0.00587171195,-0.000520357088,0.20939286,0.706862
25,107,16.6625,0,0,0.00437824335,0.000158270632,-0.0636884574,0.706862
25,108,16.8175,0,0,-0.00586724242,-0.000751151943,0.302265228,0.706862
25,109,16.9725,0,0,0.00128641132,-0.000551758189,0.222028733,0.706862
25,110,17.1275,0,0,0.00496292971,0.000217495917,-0.0875208451,0.706862
25,111,17.2825,0,0,0.000169204471,0.00024372261,-0.0980745252,0.706862
25,112,17.4375,0,0,-0.00311652446,-0.000239338681,0.0963104222,0.706862
25,113,17.5925,0,0,0.000601210333,-0.000146151079,0.0588115222,0.706862
25,114,17.7475,0,0,-7.53952918e-05,-0.000157837349,0.0635141036,0.706862
25,115,17.9025,0,0,0.000441398676,-8.94205545e-05,0.0359830318,0.706862
25,116,18.0575,0,0,-0.00142705003,-0.000310613309,0.124991493,0.706862
25,117,18.2125,0,0,-0.00383803641,-0.000905508952,0.364378835,0.706862
25,118,18.3675,0,0,0.00993972089,0.000635147785,-0.255584894,0.706862
25,119,18.5225,0,0,-0.00286337581,0.000191324534,-0.0769894219,0.706862
25,120,18.6775,0,0,0.00024100441,0.000228680218,-0.0920214328,0.706862
25,121,18.8325,0,0,-0.00455374556,-0.000477150344,0.192006369,0.706862
25,122,18.9875,0,0,0.00311684822,5.96113025e-06,-0.00239877219,0.706862
25,123,19.1425,0,0,0.00142982357,0.000227583784,-0.0915802254,0.706862
25,124,19.2975,0,0,-0.00322945486,-0.00027298172,0.109848457,0.706862
25,125,19.4525,0,0,-0.00137113658,-0.000485507889,0.195369464,0.706862
25,126,19.6075,0,0,0.00470262508,0.000243398998,-0.0979443029,0.706862
25,127,19.7625,0,0,0.00469687888,0.000971415223,-0.390899666,0.706862
26,0,0.0775,0,0,0,-0.00371841933,1.49630028,0.732697
26,1,0.2325,0,0,0.0377807711,0.0021376002,-0.860175116,0.732697
26,2,0.3875,0,0,-0.0247089925,-0.00169229364,0.680982757,0.732697
26,3,0.5425,0,0,0.0250598276,0.00219197964,-0.882057527,0.732697
26,4,0.6975,0,0,-0.0158924865,-0.000271355771,0.109194171,0.732697
26,5,0.8525,0,0,0.00702009784,0.000816759395,-0.328665814,0.732697
26,6,1.0075,0,0,0.00175792043,0.00108923706,-0.438311438,0.732697
26,7,1.1625,0,0,-0.0470339781,-0.00620102954,2.4953082,0.732697
26,8,1.3175,0,0,0.0539080574,0.00215471936,-0.867063905,0.732697
26,9,1.4725,0,0,-0.0359493243,-0.00341742591,1.37517986,0.732697
26,10,1.6275,0,0,0.0421447069,0.00311500366,-1.25348446,0.732697
26,11,1.7825,0,0,-0.0108563232,0.00143227356,-0.576350094,0.732697
26,12,1.9375,0,0,-0.0381734253,-0.00448460737,1.80461607,0.732697
26,13,2.0925,0,0,0.0271246085,-0.000280293049,0.112790552,0.732697
26,14,2.2475,0,0,0.0252865322,0.00363911944,-1.46438983,0.732697
26,15,2.4025,0,0,-0.0181245328,0.000829816862,-0.333920167,0.732697
26,16,2.5575,0,0,-0.0436575139,-0.00593709779,2.38910147,0.732697
26,17,2.7125,0,0,0.0531302761,0.002298095,-0.924758587,0.732697
26,18,2.8675,0,0,-0.0305852773,-0.00244262297,0.982916966,0.732697
26,19,3.0225,0,0,-0.023485455,-0.0060828685,2.44775994,0.732697
26,20,3.1775,0,0,0.0400158075,0.000119581666,-0.0481199306,0.732697
26,21,3.3325,0,0,-0.0213713498,-0.00319297755,1.28486133,0.732697
26,22,3.4875,0,0,0.0131787089,-0.00115027767,0.462874318,0.732697
26,23,3.6425,0,0,0.0336036139,0.00405828249,-1.63306198,0.732697
26,24,3.7975,0,0,-0.0313664215,-0.000803512846,0.323335372,0.732697
26,25,3.9525,0,0,-0.0172399095,-0.00347569882,1.39862901,0.732697
26,26,4.1075,0,0,0.0321721879,0.00151099031,-0.60802589,0.732697
26,27,4.2625,0,0,-0.021091445,-0.00175818367,0.707497053,0.732697
26,28,4.4175,0,0,0.0211670526,0.00152270949,-0.612741716,0.732697
26,29,4.5725,0,0,-0.00790811768,0.000296951249,-0.119493849,0.732697
26,30,4.7275,0,0,0.0216259994,0.00364898115,-1.4683582,0.732697
26,31,4.8825,0,0,-0.0374224837,-0.00215150383,0.865769969,0.732697
26,32,5.0375,0,0,0.0276562077,0.00213520837,-0.859212639,0.732697
26,33,5.1925,0,0,-0.01692478,-0.000488132534,0.196425627,0.732697
26,34,5.3475,0,0,0.0382450487,0.00543985002,-2.18900786,0.732697
26,35,5.5025,0,0,-0.0282593217,0.00105965515,-0.42640761,0.732697
26,36,5.6575,0,0,-0.0115571507,-0.000731703201,0.29443901,0.732697
26,37,5.8125,0,0,0.032939018,0.00437384458,-1.76004488,0.732697
26,38,5.9675,0,0,-0.0298536518,-0.000253471453,0.101997482,0.732697
26,39,6.1225,0,0,0.0214465365,0.00307074171,-1.23567335,0.732697
26,40,6.2775,0,0,-0.0466325202,-0.00415729893,1.67290642,0.732697
26,41,6.4325,0,0,0.0468489079,0.00310428179,-1.24916996,0.732697
26,42,6.5875,0,0,-0.0315597877,-0.0017874853,0.719288096,0.732697
26,43,6.7425,0,0,-0.0149520632,-0.0041050551,1.65188339,0.732697
26,44,6.8975,0,0,0.0251326209,-0.000209498856,0.0843028099,0.732697
26,45,7.0525,0,0,-0.00278393294,-0.000641008462,0.257943244,0.732697
26,46,7.2075,0,0,-0.00408747314,-0.0012745668,0.51288854,0.732697
26,47,7.3625,0,0,-0.0166879155,-0.00386119371,1.55375301,0.732697
26,48,7.5175,0,0,0.0332290963,0.00128931623,-0.518823743,0.732697
26,49,7.6725,0,0,-0.0282674167,-0.00309213337,1.24428141,0.732697
26,50,7.8275,0,0,0.0366677231,0.00259136371,-1.04277057,0.732697
26,51,7.9825,0,0,-0.0149357882,0.000276316542,-0.111190397,0.732697
26,52,8.1375,0,0,-0.0164923686,-0.00228000059,0.917477353,0.732697
26,53,8.2925,0,0,0.0264731378,0.00182333577,-0.733714407,0.732697
26,54,8.4475,0,0,0.00632363156,0.00280349866,-1.12813415,0.732697
26,55,8.6025,0,0,-0.0170267828,0.000164347327,-0.0661337333,0.732697
26,56,8.7575,0,0,0.0294010421,0.00472150885,-1.89994576,0.732697
26,57,8.9125,0,0,-0.0158521962,0.00226441845,-0.911207065,0.732697
26,58,9.0675,0,0,-0.048887001,-0.0053130667,2.13798996,0.732697
26,59,9.2225,0,0,0.0599245226,0.0039752343,-1.59964321,0.732697
26,60,9.3775,0,0,-0.0302759013,-0.000717530395,0.288735841,0.732697
26,61,9.5325,0,0,0.0507706714,0.00715192367,-2.87795013,0.732697
26,62,9.6875,0,0,-0.0457983145,5.31849291e-05,-0.0214017348,0.732697
26,63,9.8425,0,0,-0.0302751972,-0.00463947064,1.8669334,0.732697
26,64,9.9975,0,0,0.016855848,-0.0020268142,0.815594582,0.732697
26,65,10.1525,0,0,-0.00104286295,-0.00218845796,0.880640393,0.732697
26,66,10.3075,0,0,0.00709770179,-0.00108831418,0.437940068,0.732697
26,67,10.4625,0,0,-0.0163439024,-0.00362161906,1.45734764,0.732697
26,68,10.6175,0,0,0.0279823072,0.00071563856,-0.287974563,0.732697
26,69,10.7725,0,0,-0.0119089518,-0.00113024897,0.454814723,0.732697
26,70,10.9275,0,0,0.0374145702,0.0046690094,-1.87881986,0.732697
26,71,11.0825,0,0,-0.0362223767,-0.000945458987,0.380454818,0.732697
26,72,11.2375,0,0,0.00952739162,0.000531286715,-0.213790966,0.732697
26,73,11.3925,0,0,0.0038391279,0.00112635154,-0.453246387,0.732697
26,74,11.5475,0,0,-0.0276414189,-0.00315806839,1.27081381,0.732697
26,75,11.7025,0,0,0.0345322429,0.00219442927,-0.883043261,0.732697
26,76,11.8575,0,0,-0.0177100566,-0.000550629514,0.221574552,0.732697
26,77,12.0125,0,0,0.0299624903,0.00409355648,-1.64725632,0.732697
26,78,12.1675,0,0,-0.00999552217,0.00254425055,-1.02381213,0.732697
26,79,12.3225,0,0,-0.00784770421,0.00132785639,-0.534332393,0.732697
26,80,12.4775,0,0,-0.0424375542,-0.00524996451,2.1125975,0.732697
26,81,12.6325,0,0,0.0578468646,0.00371629951,-1.49544726,0.732697
26,82,12.7875,0,0,-0.0240859739,-1.70264369e-05,0.00685147641,0.732697
26,83,12.9425,0,0,-0.04095306,-0.00636475073,2.56118998,0.732697
26,84,13.0975,0,0,0.0533552846,0.00190531839,-0.766704394,0.732697
26,85,13.2525,0,0,-0.0314741423,-0.00297317368,1.19641176,0.732697
26,86,13.4075,0,0,-0.0262434377,-0.00704090652,2.83327659,0.732697
26,87,13.5625,0,0,0.0414033567,-0.00062338624,0.250852022,0.732697
26,88,13.7175,0,0,-0.010540135,-0.00225710716,0.908264988,0.732697
26,89,13.8725,0,0,0.00423510363,-0.0016006661,0.644111632,0.732697
26,90,14.0275,0,0,0.00684889701,-0.000539087065,0.216929845,0.732697
26,91,14.1825,0,0,-0.00219652451,-0.000879548363,0.353932235,0.732697
26,92,14.3375,0,0,0.0114537804,0.000895787596,-0.360466939,0.732697
26,93,14.4925,0,0,-0.00581195987,-5.06618415e-06,0.00203864387,0.732697
26,94,14.6475,0,0,0.0101130281,0.00156245317,-0.628734662,0.732697
26,95,14.8025,0,0,-0.000573476014,0.00147356439,-0.592965616,0.732697
26,96,14.9575,0,0,-0.0147729477,-0.00081624251,0.328457818,0.732697
26,97,15.1125,0,0,0.0274645764,0.00344076684,-1.3845723,0.732697
26,98,15.2675,0,0,-0.0151051118,0.00109947451,-0.442431011,0.732697
26,99,15.4225,0,0,-0.0270592366,-0.00309470716,1.24531711,0.732697
26,100,15.5775,0,0,0.0384427396,0.00286391747,-1.15244682,0.732697
26,101,15.7325,0,0,-0.00769929073,0.00167052741,-0.672223977,0.732697
26,102,15.8875,0,0,-0.0490472942,-0.00593180319,2.38697092,0.732697
26,103,16.0425,0,0,0.0570662439,0.00291346462,-1.1723847,0.732697
26,104,16.1975,0,0,-0.026550624,-0.0012018821,0.483640056,0.732697
26,105,16.3525,0,0,-0.0381653517,-0.00711751162,2.86410265,0.732697
26,106,16.5075,0,0,0.050219939,0.00066657893,-0.268232857,0.732697
26,107,16.6625,0,0,-0.032361402,-0.00434943838,1.75022377,0.732697
26,108,16.8175,0,0,-0.0171850612,-0.00701312286,2.82209638,0.732697
26,109,16.9725,0,0,0.0389037163,-0.000983046843,0.395580256,0.732697
26,110,17.1275,0,0,-0.0243943015,-0.00476416358,1.91711012,0.732697
26,111,17.2825,0,0,0.0319841755,0.000193383622,-0.0778180035,0.732697
26,112,17.4375,0,0,-0.00933411701,-0.00125340451,0.50437279,0.732697
26,113,17.5925,0,0,-0.00674631763,-0.00229908375,0.92515646,0.732697
26,114,17.7475,0,0,0.0239599232,0.00141470434,-0.569280202,0.732697
26,115,17.9025,0,0,-0.014948745,-0.000902351139,0.363108123,0.732697
26,116,18.0575,0,0,0.0298367193,0.00372234035,-1.49787811,0.732697
26,117,18.2125,0,0,-0.0114241782,0.00195159273,-0.785325293,0.732697
26,118,18.3675,0,0,-0.0236504046,-0.00171421998,0.689805967,0.732697
26,119,18.5225,0,0,0.0365075708,0.0039444535,-1.58725694,0.732697
26,120,18.6775,0,0,-0.0183307851,0.00110318181,-0.443922836,0.732697
26,121,18.8325,0,0,0.0357300344,0.00664133714,-2.67248897,0.732697
26,122,18.9875,0,0,-0.0267069146,0.00250176537,-1.006716,0.732697
26,123,19.1425,0,0,-0.0493973299,-0.00515482077,2.07431145,0.732697
26,124,19.2975,0,0,0.0682747085,0.00542775904,-2.18414242,0.732697
26,125,19.4525,0,0,-0.0435166347,-0.00131731934,0.53009226,0.732697
26,126,19.6075,0,0,-0.0267889913,-0.00546961299,2.20098454,0.732697
26,127,19.7625,0,0,-0.0071491613,-0.00657773299,2.64689452,0.732697
27,0,0.0775,0,0,0,-0.00371841933,1.49630028,0.767791
27,1,0.2325,0,0,0.0377807711,0.0021376002,-0.860175116,0.767791
27,2,0.3875,0,0,-0.0247089925,-0.00169229364,0.680982757,0.767791
27,3,0.5425,0,0,0.0250598276,0.00219197964,-0.882057527,0.767791
27,4,0.6975,0,0,-0.0158924865,-0.000271355771,0.109194171,0.767791
27,5,0.8525,0,0,0.00702009784,0.000816759395,-0.328665814,0.767791
27,6,1.0075,0,0,0.00175792043,0.00108923706,-0.438311438,0.767791
27,7,1.1625,0,0,-0.0470339781,-0.00620102954,2.4953082,0.767791
27,8,1.3175,0,0,0.0539080574,0.00215471936,-0.867063905,0.767791
27,9,1.4725,0,0,-0.0359493243,-0.00341742591,1.37517986,0.767791
27,10,1.6275,0,0,0.0421447069,0.00311500366,-1.25348446,0.767791
27,11,1.7825,0,0,-0.0108563232,0.00143227356,-0.576350094,0.767791
27,12,1.9375,0,0,-0.0381734253,-0.00448460737,1.80461607,0.767791
27,13,2.0925,0,0,0.0271246085,-0.000280293049,0.112790552,0.767791
27,14,2.2475,0,0,0.0252865322,0.00363911944,-1.46438983,0.767791
27,15,2.4025,0,0,-0.0181245328,0.000829816862,-0.333920167,0.767791
27,16,2.5575,0,0,-0.0436575139,-0.00593709779,2.38910147,0.767791
27,17,2.7125,0,0,0.0531302761,0.002298095,-0.924758587,0.767791
27,18,2.8675,0,0,-0.0305852773,-0.00244262297,0.982916966,0.767791
27,19,3.0225,0,0,-0.023485455,-0.0060828685,2.44775994,0.767791
27,20,3.1775,0,0,0.0400158075,0.000119581666,-0.0481199306,0.767791
27,21,3.3325,0,0,-0.0213713498,-0.00319297755,1.28486133,0.767791
27,22,3.4875,0,0,0.0131787089,-0.00115027767,0.462874318,0.767791
27,23,3.6425,0,0,0.0336036139,0.00405828249,-1.63306198,0.767791
27,24,3.7975,0,0,-0.0313664215,-0.000803512846,0.323335372,0.767791
27,25,3.9525,0,0,-0.0172399095,-0.00347569882,1.39862901,0.767791
27,26,4.1075,0,0,0.0321721879,0.00151099031,-0.60802589,0.767791
27,27,4.2625,0,0,-0.021091445,-0.00175818367,0.707497053,0.767791
27,28,4.4175,0,0,0.0211670526,0.00152270949,-0.612741716,0.767791
27,29,4.5725,0,0,-0.00790811768,0.000296951249,-0.119493849,0.767791
27,30,4.7275,0,0,0.0216259994,0.00364898115,-1.4683582,0.767791
27,31,4.8825,0,0,-0.0374224837,-0.00215150383,0.865769969,0.767791
27,32,5.0375,0,0,0.0276562077,0.00213520837,-0.859212639,0.767791
27,33,5.1925,0,0,-0.01692478,-0.000488132534,0.196425627,0.767791
27,34,5.3475,0,0,0.0382450487,0.00543985002,-2.18900786,0.767791
27,35,5.5025,0,0,-0.0282593217,0.00105965515,-0.42640761,0.767791
27,36,5.6575,0,0,-0.0115571507,-0.000731703201,0.29443901,0.767791
27,37,5.8125,0,0,0.032939018,0.00437384458,-1.76004488,0.767791
27,38,5.9675,0,0,-0.0298536518,-0.000253471453,0.101997482,0.767791
27,39,6.1225,0,0,0.0214465365,0.00307074171,-1.23567335,0.767791
27,40,6.2775,0,0,-0.0466325202,-0.00415729893,1.67290642,0.767791
27,41,6.4325,0,0,0.0468489079,0.00310428179,-1.24916996,0.767791
27,42,6.5875,0,0,-0.0315597877,-0.0017874853,0.719288096,0.767791
27,43,6.7425,0,0,-0.0149520632,-0.0041050551,1.65188339,0.767791
27,44,6.8975,0,0,0.0251326209,-0.000209498856,0.0843028099,0.767791
27,45,7.0525,0,0,-0.00278393294,-0.000641008462,0.257943244,0.767791
27,46,7.2075,0,0,-0.00408747314,-0.0012745668,0.51288854,0.767791
27,47,7.3625,0,0,-0.0166879155,-0.00386119371,1.55375301,0.767791
27,48,7.5175,0,0,0.0332290963,0.00128931623,-0.518823743,0.767791
27,49,7.6725,0,0,-0.0282674167,-0.00309213337,1.24428141,0.767791
27,50,7.8275,0,0,0.0366677231,0.00259136371,-1.04277057,0.767791
27,51,7.9825,0,0,-0.0149357882,0.000276316542,-0.111190397,0.767791
27,52,8.1375,0,0,-0.0164923686,-0.00228000059,0.917477353,0.767791
27,53,8.2925,0,0,0.0264731378,0.00182333577,-0.733714407,0.767791
27,54,8.4475,0,0,0.00632363156,0.00280349866,-1.12813415,0.767791
27,55,8.6025,0,0,-0.0170267828,0.000164347327,-0.0661337333,0.767791
27,56,8.7575,0,0,0.0294010421,0.00472150885,-1.89994576,0.767791
27,57,8.9125,0,0,-0.0158521962,0.00226441845,-0.911207065,0.767791
27,58,9.0675,0,0,-0.048887001,-0.0053130667,2.13798996,0.767791
27,59,9.2225,0,0,0.0599245226,0.0039752343,-1.59964321,0.767791
27,60,9.3775,0,0,-0.0302759013,-0.000717530395,0.288735841,0.767791
27,61,9.5325,0,0,0.0507706714,0.00715192367,-2.87795013,0.767791
27,62,9.6875,0,0,-0.0457983145,5.31849291e-05,-0.0214017348,0.767791
27,63,9.8425,0,0,-0.0302751972,-0.00463947064,1.8669334,0.767791
27,64,9.9975,0,0,0.016855848,-0.0020268142,0.815594582,0.767791
27,65,10.1525,0,0,-0.00104286295,-0.00218845796,0.880640393,0.767791
27,66,10.3075,0,0,0.00709770179,-0.00108831418,0.437940068,0.767791
27,67,10.4625,0,0,-0.0163439024,-0.00362161906,1.45734764,0.767791
27,68,10.6175,0,0,0.0279823072,0.00071563856,-0.287974563,0.767791
27,69,10.7725,0,0,-0.0119089518,-0.00113024897,0.454814723,0.767791
27,70,10.9275,0,0,0.0374145702,0.0046690094,-1.87881986,0.767791
27,71,11.0825,0,0,-0.0362223767,-0.000945458987,0.380454818,0.767791
27,72,11.2375,0,0,0.00952739162,0.000531286715,-0.213790966,0.767791
27,73,11.3925,0,0,0.0038391279,0.00112635154,-0.453246387,0.767791
27,74,11.5475,0,0,-0.0276414189,-0.00315806839,1.27081381,0.767791
27,75,11.7025,0,0,0.0345322429,0.00219442927,-0.883043261,0.767791
27,76,11.8575,0,0,-0.0177100566,-0.000550629514,0.221574552,0.767791
27,77,12.0125,0,0,0.0299624903,0.00409355648,-1.64725632,0.767791
27,78,12.1675,0,0,-0.00999552217,0.00254425055,-1.02381213,0.767791
27,79,12.3225,0,0,-0.00784770421,0.00132785639,-0.534332393,0.767791
27,80,12.4775,0,0,-0.0424375542,-0.00524996451,2.1125975,0.767791
27,81,12.6325,0,0,0.0578468646,0.00371629951,-1.49544726,0.767791
27,82,12.7875,0,0,-0.0240859739,-1.70264369e-05,0.00685147641,0.767791
27,83,12.9425,0,0,-0.04095306,-0.00636475073,2.56118998,0.767791
27,84,13.0975,0,0,0.0533552846,0.00190531839,-0.766704394,0.767791
27,85,13.2525,0,0,-0.0314741423,-0.00297317368,1.19641176,0.767791
27,86,13.4075,0,0,-0.0262434377,-0.00704090652,2.83327659,0.767791
27,87,13.5625,0,0,0.0414033567,-0.00062338624,0.250852022,0.767791
27,88,13.7175,0,0,-0.010540135,-0.00225710716,0.908264988,0.767791
27,89,13.8725,0,0,0.00423510363,-0.0016006661,0.644111632,0.767791
27,90,14.0275,0,0,0.00684889701,-0.000539087065,0.216929845,0.767791
27,91,14.1825,0,0,-0.00219652451,-0.000879548363,0.353932235,0.767791
27,92,14.3375,0,0,0.0114537804,0.000895787596,-0.360466939,0.767791
27,93,14.4925,0,0,-0.00581195987,-5.06618415e-06,0.00203864387,0.767791
27,94,14.6475,0,0,0.0101130281,0.00156245317,-0.628734662,0.767791
27,95,14.8025,0,0,-0.000573476014,0.00147356439,-0.592965616,0.767791
27,96,14.9575,0,0,-0.0147729477,-0.00081624251,0.328457818,0.767791
27,97,15.1125,0,0,0.0274645764,0.00344076684,-1.3845723,0.767791
27,98,15.2675,0,0,-0.0151051118,0.00109947451,-0.442431011,0.767791
27,99,15.4225,0,0,-0.0270592366,-0.00309470716,1.24531711,0.767791
27,100,15.5775,0,0,0.0384427396,0.00286391747,-1.15244682,0.767791
27,101,15.7325,0,0,-0.00769929073,0.00167052741,-0.672223977,0.767791
27,102,15.8875,0,0,-0.0490472942,-0.00593180319,2.38697092,0.767791
27,103,16.0425,0,0,0.0570662439,0.00291346462,-1.1723847,0.767791
27,104,16.1975,0,0,-0.026550624,-0.0012018821,0.483640056,0.767791
27,105,16.3525,0,0,-0.0381653517,-0.00711751162,2.86410265,0.767791
27,106,16.5075,0,0,0.050219939,0.00066657893,-0.268232857,0.767791
27,107,16.6625,0,0,-0.032361402,-0.00434943838,1.75022377,0.767791
27,108,16.8175,0,0,-0.0171850612,-0.00701312286,2.82209638,0.767791
27,109,16.9725,0,0,0.0389037163,-0.000983046843,0.395580256,0.767791
27,110,17.1275,0,0,-0.0243943015,-0.00476416358,1.91711012,0.767791
27,111,17.2825,0,0,0.0319841755,0.000193383622,-0.0778180035,0.767791
27,112,17.4375,0,0,-0.00933411701,-0.00125340451,0.50437279,0.767791
27,113,17.5925,0,0,-0.00674631763,-0.00229908375,0.92515646,0.767791
27,114,17.7475,0,0,0.0239599232,0.00141470434,-0.569280202,0.767791
27,115,17.9025,0,0,-0.014948745,-0.000902351139,0.363108123,0.767791
27,116,18.0575,0,0,0.0298367193,0.00372234035,-1.49787811,0.767791
27,117,18.2125,0,0,-0.0114241782,0.00195159273,-0.785325293,0.767791
27,118,18.3675,0,0,-0.0236504046,-0.00171421998,0.689805967,0.767791
27,119,18.5225,0,0,0.0365075708,0.0039444535,-1.58725694,0.767791
27,120,18.6775,0,0,-0.0183307851,0.00110318181,-0.443922836,0.767791
27,121,18.8325,0,0,0.0357300344,0.00664133714,-2.67248897,0.767791
27,122,18.9875,0,0,-0.0267069146,0.00250176537,-1.006716,0.767791
27,123,19.1425,0,0,-0.0493973299,-0.00515482077,2.07431145,0.767791
27,124,19.2975,0,0,0.0682747085,0.00542775904,-2.18414242,0.767791
27,125,19.4525,0,0,-0.0435166347,-0.00131731934,0.53009226,0.767791
27,126,19.6075,0,0,-0.0267889913,-0.00546961299,2.20098454,0.767791
27,127,19.7625,0,0,-0.0071491613,-0.00657773299,2.64689452,0.767791
28,0,0.0775,0,0,0,-0.000815412223,0.328123709,0.653618
28,1,0.2325,0,0,0.0226774396,0.00269959092,-1.08632144,0.653618
28,2,0.3875,0,0,-0.0157483621,0.000258594786,-0.104059122,0.653618
28,3,0.5425,0,0,-0.0119392551,-0.00159198975,0.64062025,0.653618
28,4,0.6975,0,0,0.0251672485,0.00230893377,-0.929120129,0.653618
28,5,0.8525,0,0,-0.0147083511,2.91393458e-05,-0.0117257381,0.653618
28,6,1.0075,0,0,-0.0229796716,-0.00353270976,1.42157034,0.653618
28,7,1.1625,0,0,0.0293947179,0.00102347152,-0.411847235,0.653618
28,8,1.3175,0,0,-0.0181440896,-0.00178886237,0.719842233,0.653618
28,9,1.4725,0,0,0.0280861573,0.00256449201,-1.03195734,0.653618
28,10,1.6275,0,0,-0.0206124562,-0.000630438705,0.25368995,0.653618
28,11,1.7825,0,0,0.00606928339,0.00031030022,-0.124865505,0.653618
28,12,1.9375,0,0,0.00600775954,0.00124150295,-0.499583573,0.653618
28,13,2.0925,0,0,-0.0210061726,-0.00201445381,0.810620734,0.653618
28,14,2.2475,0,0,0.0277110248,0.00228075503,-0.917780943,0.653618
28,15,2.4025,0,0,-0.0112259616,0.000540730987,-0.217591363,0.653618
28,16,2.5575,0,0,-0.0331019236,-0.00459006718,1.84705333,0.653618
28,17,2.7125,0,0,0.0310789948,0.000227177016,-0.0914165412,0.653618
28,18,2.8675,0,0,-0.00443215432,-0.000459806903,0.18502733,0.653618
28,19,3.0225,0,0,0.0261376806,0.00359153358,-1.44524117,0.653618
28,20,3.1775,0,0,-0.0313242252,-0.00126372132,0.508524295,0.653618
28,21,3.3325,0,0,0.00363894801,-0.000699684378,0.281554564,0.653618
28,22,3.4875,0,0,0.018274954,0.00213293349,-0.858297223,0.653618
28,23,3.6425,0,0,-0.0228441151,-0.00140790436,0.566543872,0.653618
28,24,3.7975,0,0,-0.00063439816,-0.00150623607,0.606112775,0.653618
28,25,3.9525,0,0,0.0142763656,0.000706600595,-0.284337665,0.653618
28,26,4.1075,0,0,-0.0128025362,-0.00127779251,0.514186574,0.653618
28,27,4.2625,0,0,0.016436682,0.0012698932,-0.511007874,0.653618
28,28,4.4175,0,0,-0.0141030582,-0.000916080815,0.368632976,0.653618
28,29,4.5725,0,0,0.0235837302,0.00273939737,-1.10233965,0.653618
28,30,4.7275,0,0,-0.0154436847,0.000345626244,-0.139080776,0.653618
28,31,4.8825,0,0,-0.0164266207,-0.00220049996,0.885486123,0.653618
28,32,5.0375,0,0,0.0215927108,0.00114637021,-0.461301945,0.653618
28,33,5.1925,0,0,-0.00281444648,0.000710131005,-0.28575831,0.653618
28,34,5.3475,0,0,-0.0416311971,-0.00574270454,2.3108772,0.653618
28,35,5.5025,0,0,0.035650018,-0.000216951754,0.0873018728,0.653618
28,36,5.6575,0,0,-0.0007227655,-0.000328980407,0.132382454,0.653618
28,37,5.8125,0,0,0.0299359285,0.0043110885,-1.73479169,0.653618
28,38,5.9675,0,0,-0.0339945011,-0.00095805916,0.385525156,0.653618
28,39,6.1225,0,0,-0.00323036113,-0.00145876513,0.587010364,0.653618
28,40,6.2775,0,0,0.0201914561,0.00167091056,-0.672378158,0.653618
28,41,6.4325,0,0,-0.0294308283,-0.00289086783,1.1632917,0.653618
28,42,6.5875,0,0,0.0273430424,0.00134730374,-0.54215805,0.653618
28,43,6.7425,0,0,-0.00744175914,0.000193831076,-0.07799806,0.653618
28,44,6.8975,0,0,0.0427344622,0.00681767271,-2.7434468,0.653618
28,45,7.0525,0,0,-0.0494489084,-0.000846908094,0.340797718,0.653618
28,46,7.2075,0,0,-0.00284560943,-0.00128797755,0.518285059,0.653618
28,47,7.3625,0,0,0.0228221552,0.0022494565,-0.905186346,0.653618
28,48,7.5175,0,0,-0.00386347062,0.00165061856,-0.664212612,0.653618
28,49,7.6725,0,0,-0.0346308418,-0.00371716193,1.4957943,0.653618
28,50,7.8275,0,0,0.0272558853,0.00050750029,-0.204219256,0.653618
28,51,7.9825,0,0,-0.00373792073,-7.18774223e-05,0.028923636,0.653618
28,52,8.1375,0,0,-0.0455253881,-0.00712831257,2.86844898,0.653618
28,53,8.2925,0,0,0.0429404522,-0.000472542476,0.190152153,0.653618
28,54,8.4475,0,0,-0.00310557743,-0.000953906977,0.383854309,0.653618
28,55,8.6025,0,0,0.0228701191,0.00259096148,-1.04260871,0.653618
28,56,8.7575,0,0,-0.0271154655,-0.00161193567,0.64864653,0.653618
28,57,8.9125,0,0,0.00493194816,-0.000847483702,0.341029344,0.653618
28,58,9.0675,0,0,0.0144549282,0.00139303016,-0.560558463,0.653618
28,59,9.2225,0,0,-0.0224394489,-0.00208508441,0.839042647,0.653618
28,60,9.3775,0,0,0.0146502839,0.000185709588,-0.074729955,0.653618
28,61,9.5325,0,0,-0.00298129436,-0.000276391038,0.111220374,0.653618
28,62,9.6875,0,0,0.0175361399,0.00244171064,-0.982549841,0.653618
28,63,9.8425,0,0,-0.00576445008,0.00154822088,-0.623007556,0.653618
28,64,9.9975,0,0,-0.0225571433,-0.00194813633,0.783934433,0.653618
28,65,10.1525,0,0,0.0280359035,0.00239742871,-0.964730694,0.653618
28,66,10.3075,0,0,-0.0118377284,0.000562580812,-0.226383781,0.653618
28,67,10.4625,0,0,-0.0251726057,-0.00333917307,1.34369074,0.653618
28,68,10.6175,0,0,0.0261061999,0.000707287921,-0.284614247,0.653618
28,69,10.7725,0,0,-0.00589354006,-0.000206210788,0.0829796837,0.653618
28,70,10.9275,0,0,0.0267168225,0.0039348967,-1.58341126,0.653618
28,71,11.0825,0,0,-0.0259857282,-9.28911644e-05,0.037379613,0.653618
28,72,11.2375,0,0,-0.00692213723,-0.00116582244,0.469129565,0.653618
28,73,11.3925,0,0,0.0298762116,0.00346499037,-1.3943199,0.653618
28,74,11.5475,0,0,-0.029972536,-0.00118075271,0.47513754,0.653618
28,75,11.7025,0,0,-0.00314487317,-0.00166820805,0.671290663,0.653618
28,76,11.8575,0,0,0.0180730053,0.00113310778,-0.455965112,0.653618
28,77,12.0125,0,0,-0.0193680479,-0.00186893966,0.752065512,0.653618
28,78,12.1675,0,0,0.0185362477,0.00100417873,-0.404083776,0.653618
28,79,12.3225,0,0,-0.00532595348,0.000178655944,-0.0718915528,0.653618
28,80,12.4775,0,0,-0.0398056403,-0.0059912183,2.41087969,0.653618
28,81,12.6325,0,0,0.0394698048,0.00012660144,-0.0509447034,0.653618
28,82,12.7875,0,0,-0.00772073139,-0.00107011193,0.43061544,0.653618
28,83,12.9425,0,0,0.0171286682,0.00158483164,-0.63773981,0.653618
28,84,13.0975,0,0,-0.00404754406,0.000957462313,-0.385284984,0.653618
28,85,13.2525,0,0,-0.0222725244,-0.00249477897,1.00390466,0.653618
28,86,13.4075,0,0,0.021542341,0.000844283884,-0.33974173,0.653618
28,87,13.5625,0,0,-0.00492999381,8.01348432e-05,-0.0322464407,0.653618
28,88,13.7175,0,0,-0.0179230803,-0.0026979426,1.08565816,0.653618
28,89,13.8725,0,0,0.0196728552,0.000351349959,-0.141384012,0.653618
28,90,14.0275,0,0,-0.0031946642,-0.000143822992,0.0578746947,0.653618
28,91,14.1825,0,0,0.0189949436,0.00280039327,-1.12688454,0.653618
28,92,14.3375,0,0,-0.0244892021,-0.000995433058,0.400564496,0.653618
28,93,14.4925,0,0,0.00513373068,-0.000199704802,0.0803616606,0.653618
28,94,14.6475,0,0,0.0166988441,0.00238861603,-0.96118445,0.653618
28,95,14.8025,0,0,-0.0301952912,-0.00229165411,0.922166758,0.653618
28,96,14.9575,0,0,-0.00131690841,-0.00249577492,1.00430543,0.653618
28,97,15.1125,0,0,0.0199508314,0.00059660395,-0.240074768,0.653618
28,98,15.2675,0,0,-0.0118636439,-0.00124226086,0.499888558,0.653618
28,99,15.4225,0,0,0.00866329055,0.000100549175,-0.0404612138,0.653618
28,100,15.5775,0,0,-0.00193337466,-0.000199123897,0.080127903,0.653618
28,101,15.7325,0,0,0.0143105235,0.00201900725,-0.812453049,0.653618
28,102,15.8875,0,0,-0.0140174086,-0.000153691088,0.0618456387,0.653618
28,103,16.0425,0,0,-0.00939681966,-0.00161019813,0.647947343,0.653618
28,104,16.1975,0,0,0.0204338873,0.00155705439,-0.626562182,0.653618
28,105,16.3525,0,0,-0.000313568664,0.00150845125,-0.607004168,0.653618
28,106,16.5075,0,0,-0.0302663578,-0.00318283421,1.28077963,0.653618
28,107,16.6625,0,0,0.0231767105,0.000409555922,-0.164806222,0.653618
28,108,16.8175,0,0,0.00135827404,0.000620088398,-0.249524963,0.653618
28,109,16.9725,0,0,-0.0209497055,-0.00262711596,1.05715736,0.653618
28,110,17.1275,0,0,0.017544615,9.22993701e-05,-0.0371414737,0.653618
28,111,17.2825,0,0,-0.000309212354,4.43714552e-05,-0.0178551731,0.653618
28,112,17.4375,0,0,0.0115198276,0.00182994474,-0.736373869,0.653618
28,113,17.5925,0,0,-0.017805185,-0.000929858939,0.374177324,0.653618
28,114,17.7475,0,0,0.00365536598,-0.000363277212,0.146183565,0.653618
28,115,17.9025,0,0,0.0161384772,0.00213818675,-0.860411147,0.653618
28,116,18.0575,0,0,-0.021284114,-0.00116085092,0.467129016,0.653618
28,117,18.2125,0,0,-0.00266937911,-0.00157460468,0.633624459,0.653618
28,118,18.3675,0,0,0.0175464439,0.00114509413,-0.460788446,0.653618
28,119,18.5225,0,0,-0.00689638732,7.61540909e-05,-0.0306445771,0.653618
28,120,18.6775,0,0,-0.00989861114,-0.00145813064,0.58675504,0.653618
28,121,18.8325,0,0,0.0131271672,0.000576580284,-0.2320172,0.653618
28,122,18.9875,0,0,-0.00359191171,1.98339687e-05,-0.00798123353,0.653618
28,123,19.1425,0,0,-0.00052889089,-6.21441192e-05,0.025006933,0.653618
28,124,19.2975,0,0,-0.00236856227,-0.000429271271,0.172739723,0.653618
28,125,19.4525,0,0,0.0101397039,0.00114238283,-0.459697414,0.653618
28,126,19.6075,0,0,0.00054629417,0.00122705842,-0.493771064,0.653618
28,127,19.7625,0,0,-0.0188919918,-0.00170120031,0.684566822,0.653618
29,0,0.0775,0,0,0,-0.000815412223,0.328123709,0.579738
29,1,0.2325,0,0,0.0226774396,0.00269959092,-1.08632144,0.579738
29,2,0.3875,0,0,-0.0157483621,0.000258594786,-0.104059122,0.579738
29,3,0.5425,0,0,-0.0119392551,-0.00159198975,0.64062025,0.579738
29,4,0.6975,0,0,0.0251672485,0.00230893377,-0.929120129,0.579738
29,5,0.8525,0,0,-0.0147083511,2.91393458e-05,-0.0117257381,0.579738
29,6,1.0075,0,0,-0.0229796716,-0.00353270976,1.42157034,0.579738
29,7,1.1625,0,0,0.0293947179,0.00102347152,-0.411847235,0.579738
29,8,1.3175,0,0,-0.0181440896,-0.00178886237,0.719842233,0.579738
29,9,1.4725,0,0,0.0280861573,0.00256449201,-1.03195734,0.579738
29,10,1.6275,0,0,-0.0206124562,-0.000630438705,0.25368995,0.579738
29,11,1.7825,0,0,0.00606928339,0.00031030022,-0.124865505,0.579738
29,12,1.9375,0,0,0.00600775954,0.00124150295,-0.499583573,0.579738
29,13,2.0925,0,0,-0.0210061726,-0.00201445381,0.810620734,0.579738
29,14,2.2475,0,0,0.0277110248,0.00228075503,-0.917780943,0.579738
29,15,2.4025,0,0,-0.0112259616,0.000540730987,-0.217591363,0.579738
29,16,2.5575,0,0,-0.0331019236,-0.00459006718,1.84705333,0.579738
29,17,2.7125,0,0,0.0310789948,0.000227177016,-0.0914165412,0.579738
29,18,2.8675,0,0,-0.00443215432,-0.000459806903,0.18502733,0.579738
29,19,3.0225,0,0,0.0261376806,0.00359153358,-1.44524117,0.579738
29,20,3.1775,0,0,-0.0313242252,-0.00126372132,0.508524295,0.579738
29,21,3.3325,0,0,0.00363894801,-0.000699684378,0.281554564,0.579738
29,22,3.4875,0,0,0.018274954,0.00213293349,-0.858297223,0.579738
29,23,3.6425,0,0,-0.0228441151,-0.00140790436,0.566543872,0.579738
29,24,3.7975,0,0,-0.00063439816,-0.00150623607,0.606112775,0.579738
29,25,3.9525,0,0,0.0142763656,0.000706600595,-0.284337665,0.579738
29,26,4.1075,0,0,-0.0128025362,-0.00127779251,0.514186574,0.579738
29,27,4.2625,0,0,0.016436682,0.0012698932,-0.511007874,0.579738
29,28,4.4175,0,0,-0.0141030582,-0.000916080815,0.368632976,0.579738
29,29,4.5725,0,0,0.0235837302,0.00273939737,-1.10233965,0.579738
29,30,4.7275,0,0,-0.0154436847,0.000345626244,-0.139080776,0.579738
29,31,4.8825,0,0,-0.0164266207,-0.00220049996,0.885486123,0.579738
29,32,5.0375,0,0,0.0215927108,0.00114637021,-0.461301945,0.579738
29,33,5.1925,0,0,-0.00281444648,0.000710131005,-0.28575831,0.579738
29,34,5.3475,0,0,-0.0416311971,-0.00574270454,2.3108772,0.579738
29,35,5.5025,0,0,0.035650018,-0.000216951754,0.0873018728,0.579738
29,36,5.6575,0,0,-0.0007227655,-0.000328980407,0.132382454,0.579738
29,37,5.8125,0,0,0.0299359285,0.0043110885,-1.73479169,0.579738
29,38,5.9675,0,0,-0.0339945011,-0.00095805916,0.385525156,0.579738
29,39,6.1225,0,0,-0.00323036113,-0.00145876513,0.587010364,0.579738
29,40,6.2775,0,0,0.0201914561,0.00167091056,-0.672378158,0.579738
29,41,6.4325,0,0,-0.0294308283,-0.00289086783,1.1632917,0.579738
29,42,6.5875,0,0,0.0273430424,0.00134730374,-0.54215805,0.579738
29,43,6.7425,0,0,-0.00744175914,0.000193831076,-0.07799806,0.579738
29,44,6.8975,0,0,0.0427344622,0.00681767271,-2.7434468,0.579738
29,45,7.0525,0,0,-0.0494489084,-0.000846908094,0.340797718,0.579738
29,46,7.2075,0,0,-0.00284560943,-0.00128797755,0.518285059,0.579738
29,47,7.3625,0,0,0.0228221552,0.0022494565,-0.905186346,0.579738
29,48,7.5175,0,0,-0.00386347062,0.00165061856,-0.664212612,0.579738
29,49,7.6725,0,0,-0.0346308418,-0.00371716193,1.4957943,0.579738
29,50,7.8275,0,0,0.0272558853,0.00050750029,-0.204219256,0.579738
29,51,7.9825,0,0,-0.00373792073,-7.18774223e-05,0.028923636,0.579738
29,52,8.1375,0,0,-0.0455253881,-0.00712831257,2.86844898,0.579738
29,53,8.2925,0,0,0.0429404522,-0.000472542476,0.190152153,0.579738
29,54,8.4475,0,0,-0.00310557743,-0.000953906977,0.383854309,0.579738
29,55,8.6025,0,0,0.0228701191,0.00259096148,-1.04260871,0.579738
29,56,8.7575,0,0,-0.0271154655,-0.00161193567,0.64864653,0.579738
29,57,8.9125,0,0,0.00493194816,-0.000847483702,0.341029344,0.579738
29,58,9.0675,0,0,0.0144549282,0.00139303016,-0.560558463,0.579738
29,59,9.2225,0,0,-0.0224394489,-0.00208508441,0.839042647,0.579738
29,60,9.3775,0,0,0.0146502839,0.000185709588,-0.074729955,0.579738
29,61,9.5325,0,0,-0.00298129436,-0.000276391038,0.111220374,0.579738
29,62,9.6875,0,0,0.0175361399,0.00244171064,-0.982549841,0.579738
29,63,9.8425,0,0,-0.00576445008,0.00154822088,-0.623007556,0.579738
29,64,9.9975,0,0,-0.0225571433,-0.00194813633,0.783934433,0.579738
29,65,10.1525,0,0,0.0280359035,0.00239742871,-0.964730694,0.579738
29,66,10.3075,0,0,-0.0118377284,0.000562580812,-0.226383781,0.579738
29,67,10.4625,0,0,-0.0251726057,-0.00333917307,1.34369074,0.579738
29,68,10.6175,0,0,0.0261061999,0.000707287921,-0.284614247,0.579738
29,69,10.7725,0,0,-0.00589354006,-0.000206210788,0.0829796837,0.579738
29,70,10.9275,0,0,0.0267168225,0.0039348967,-1.58341126,0.579738
29,71,11.0825,0,0,-0.0259857282,-9.28911644e-05,0.037379613,0.579738
29,72,11.2375,0,0,-0.00692213723,-0.00116582244,0.469129565,0.579738
29,73,11.3925,0,0,0.0298762116,0.00346499037,-1.3943199,0.579738
29,74,11.5475,0,0,-0.029972536,-0.00118075271,0.47513754,0.579738
29,75,11.7025,0,0,-0.00314487317,-0.00166820805,0.671290663,0.579738
29,76,11.8575,0,0,0.0180730053,0.00113310778,-0.455965112,0.579738
29,77,12.0125,0,0,-0.0193680479,-0.00186893966,0.752065512,0.579738
29,78,12.1675,0,0,0.0185362477,0.00100417873,-0.404083776,0.579738
29,79,12.3225,0,0,-0.00532595348,0.000178655944,-0.0718915528,0.579738
29,80,12.4775,0,0,-0.0398056403,-0.0059912183,2.41087969,0.579738
29,81,12.6325,0,0,0.0394698048,0.00012660144,-0.0509447034,0.579738
29,82,12.7875,0,0,-0.00772073139,-0.00107011193,0.43061544,0.579738
29,83,12.9425,0,0,0.0171286682,0.00158483164,-0.63773981,0.579738
29,84,13.0975,0,0,-0.00404754406,0.000957462313,-0.385284984,0.579738
29,85,13.2525,0,0,-0.0222725244,-0.00249477897,1.00390466,0.579738
29,86,13.4075,0,0,0.021542341,0.000844283884,-0.33974173,0.579738
29,87,13.5625,0,0,-0.00492999381,8.01348432e-05,-0.0322464407,0.579738
29,88,13.7175,0,0,-0.0179230803,-0.0026979426,1.08565816,0.579738
29,89,13.8725,0,0,0.0196728552,0.000351349959,-0.141384012,0.579738
29,90,14.0275,0,0,-0.0031946642,-0.000143822992,0.0578746947,0.579738
29,91,14.1825,0,0,0.0189949436,0.00280039327,-1.12688454,0.579738
29,92,14.3375,0,0,-0.0244892021,-0.000995433058,0.400564496,0.579738
29,93,14.4925,0,0,0.00513373068,-0.000199704802,0.0803616606,0.579738
29,94,14.6475,0,0,0.0166988441,0.00238861603,-0.96118445,0.579738
29,95,14.8025,0,0,-0.0301952912,-0.00229165411,0.922166758,0.579738
29,96,14.9575,0,0,-0.00131690841,-0.00249577492,1.00430543,0.579738
29,97,15.1125,0,0,0.0199508314,0.00059660395,-0.240074768,0.579738
29,98,15.2675,0,0,-0.0118636439,-0.00124226086,0.499888558,0.579738
29,99,15.4225,0,0,0.00866329055,0.000100549175,-0.0404612138,0.579738
29,100,15.5775,0,0,-0.00193337466,-0.000199123897,0.080127903,0.579738
29,101,15.7325,0,0,0.0143105235,0.00201900725,-0.812453049,0.579738
29,102,15.8875,0,0,-0.0140174086,-0.000153691088,0.0618456387,0.579738
29,103,16.0425,0,0,-0.00939681966,-0.00161019813,0.647947343,0.579738
29,104,16.1975,0,0,0.0204338873,0.00155705439,-0.626562182,0.579738
29,105,16.3525,0,0,-0.000313568664,0.00150845125,-0.607004168,0.579738
29,106,16.5075,0,0,-0.0302663578,-0.00318283421,1.28077963,0.579738
29,107,16.6625,0,0,0.0231767105,0.000409555922,-0.164806222,0.579738
29,108,16.8175,0,0,0.00135827404,0.000620088398,-0.249524963,0.579738
29,109,16.9725,0,0,-0.0209497055,-0.00262711596,1.05715736,0.579738
29,110,17.1275,0,0,0.017544615,9.22993701e-05,-0.0371414737,0.579738
29,111,17.2825,0,0,-0.000309212354,4.43714552e-05,-0.0178551731,0.579738
29,112,17.4375,0,0,0.0115198276,0.00182994474,-0.736373869,0.579738
29,113,17.5925,0,0,-0.017805185,-0.000929858939,0.374177324,0.579738
29,114,17.7475,0,0,0.00365536598,-0.000363277212,0.146183565,0.579738
29,115,17.9025,0,0,0.0161384772,0.00213818675,-0.860411147,0.579738
29,116,18.0575,0,0,-0.021284114,-0.00116085092,0.467129016,0.579738
29,117,18.2125,0,0,-0.00266937911,-0.00157460468,0.633624459,0.579738
29,118,18.3675,0,0,0.0175464439,0.00114509413,-0.460788446,0.579738
29,119,18.5225,0,0,-0.00689638732,7.61540909e-05,-0.0306445771,0.579738
29,120,18.6775,0,0,-0.00989861114,-0.00145813064,0.58675504,0.579738
29,121,18.8325,0,0,0.0131271672,0.000576580284,-0.2320172,0.579738
29,122,18.9875,0,0,-0.00359191171,1.98339687e-05,-0.00798123353,0.579738
29,123,19.1425,0,0,-0.00052889089,-6.21441192e-05,0.025006933,0.579738
29,124,19.2975,0,0,-0.00236856227,-0.000429271271,0.172739723,0.579738
29,125,19.4525,0,0,0.0101397039,0.00114238283,-0.459697414,0.579738
29,126,19.6075,0,0,0.00054629417,0.00122705842,-0.493771064,0.579738
29,127,19.7625,0,0,-0.0188919918,-0.00170120031,0.684566822,0.579738
30,0,0.0775,0,0,0,-2.98221433e-05,0.0120004974,0.725389
30,1,0.2325,0,0,-0.00621048968,-0.000992448043,0.39936332,0.725389
30,2,0.3875,0,0,-0.000980297482,-0.00114439415,0.460506775,0.725389
30,3,0.5425,0,0,0.0107754658,0.000525803044,-0.211584325,0.725389
30,4,0.6975,0,0,-0.00787051227,-0.000694126358,0.279318004,0.725389
30,5,0.8525,0,0,-9.52149257e-05,-0.000708884671,0.285256783,0.725389
30,6,1.0075,0,0,-0.00414213847,-0.00135091613,0.543611684,0.725389
30,7,1.1625,0,0,0.0115682398,0.000442161041,-0.177926595,0.725389
30,8,1.3175,0,0,-0.00399846918,-0.000177601682,0.0714673153,0.725389
30,9,1.4725,0,0,-0.0022537157,-0.000526927615,0.212036855,0.725389
30,10,1.6275,0,0,-0.00762337613,-0.00170855092,0.687524723,0.725389
30,11,1.7825,0,0,0.0124731992,0.00022479496,-0.0904579965,0.725389
30,12,1.9375,0,0,0.00527776211,0.00104284809,-0.419644411,0.725389
30,13,2.0925,0,0,-0.0123405723,-0.000869940621,0.350066058,0.725389
30,14,2.2475,0,0,0.00711522024,0.000232918515,-0.0937269333,0.725389
30,15,2.4025,0,0,-0.000192859757,0.000203025253,-0.0816978175,0.725389
30,16,2.5575,0,0,0.00282577483,0.000641020352,-0.257948028,0.725389
30,17,2.7125,0,0,-0.00850364893,-0.000677045231,0.272444521,0.725389
30,18,2.8675,0,0,0.00652093695,0.000333699996,-0.134281627,0.725389
30,19,3.0225,0,0,0.00478291457,0.00107505175,-0.432603239,0.725389
30,20,3.1775,0,0,0.00246955454,0.00145783271,-0.586635154,0.725389
30,21,3.3325,0,0,-0.0113401378,-0.000299888646,0.120675864,0.725389
30,22,3.4875,0,0,2.43126144e-05,-0.000296120191,0.119159429,0.725389
30,23,3.6425,0,0,0.0206993435,0.00291227805,-1.17190722,0.725389
30,24,3.7975,0,0,-0.0117463391,0.00109159548,-0.439260472,0.725389
30,25,3.9525,0,0,-0.00306964339,0.000615800755,-0.247799606,0.725389
30,26,4.1075,0,0,-0.00362931859,5.3256374e-05,-0.0214304844,0.725389
30,27,4.2625,0,0,0.0197247674,0.00311059531,-1.25171054,0.725389
30,28,4.4175,0,0,-0.00809784293,0.00185542966,-0.746629059,0.725389
30,29,4.5725,0,0,-0.00692371246,0.000782254229,-0.314780857,0.725389
30,30,4.7275,0,0,-0.0122840567,-0.00112177457,0.451404603,0.725389
30,31,4.8825,0,0,0.0275937583,0.00315525796,-1.26968289,0.725389
30,32,5.0375,0,0,0.000914827953,0.0032970563,-1.32674285,0.725389
30,33,5.1925,0,0,-0.0146648149,0.00102400999,-0.412063917,0.725389
30,34,5.3475,0,0,0.00161893155,0.00127494438,-0.513040479,0.725389
30,35,5.5025,0,0,0.0354294133,0.00676650344,-2.72285617,0.725389
30,36,5.6575,0,0,-0.0195940468,0.00372942619,-1.50072947,0.725389
30,37,5.8125,0,0,-0.0209458605,0.000482817817,-0.194286973,0.725389
30,38,5.9675,0,0,0.0071992166,0.00159869639,-0.643319016,0.725389
30,39,6.1225,0,0,-0.0542184589,-0.00680516474,2.73841356,0.725389
30,40,6.2775,0,0,0.0730611181,0.00451930857,-1.81857991,0.725389
30,41,6.4325,0,0,-0.0126617769,0.00255673315,-1.02883516,0.725389
30,42,6.5875,0,0,-0.00845809298,0.00124572874,-0.501284039,0.725389
30,43,6.7425,0,0,-0.0444204449,-0.00563944022,2.2693234,0.725389
30,44,6.8975,0,0,0.0661775816,0.00461808493,-1.85832774,0.725389
30,45,7.0525,0,0,-0.00149150511,0.00438690164,-1.76529906,0.725389
30,46,7.2075,0,0,-0.036834201,-0.00132239952,0.532136533,0.725389
30,47,7.3625,0,0,-0.026131393,-0.00537276543,2.16201286,0.725389
30,48,7.5175,0,0,-0.015072224,-0.00770896015,3.10210286,0.725389
30,49,7.6725,0,0,0.0801701571,0.0047174142,-1.89829806,0.725389
30,50,7.8275,0,0,-0.0341241462,-0.000571828457,0.230105054,0.725389
30,51,7.9825,0,0,-0.0216406554,-0.00392613005,1.57988354,0.725389
30,52,8.1375,0,0,-0.00794389152,-0.00515743323,2.07536271,0.725389
30,53,8.2925,0,0,0.0575132091,0.00375711418,-1.51187118,0.725389
30,54,8.4475,0,0,-0.0346666018,-0.0016162091,0.650366168,0.725389
30,55,8.6025,0,0,-0.00672397169,-0.00265842471,1.06975607,0.725389
30,56,8.7575,0,0,-0.0179646899,-0.00544295164,2.19025595,0.725389
30,57,8.9125,0,0,0.00913758641,-0.00402662574,1.62032324,0.725389
30,58,9.0675,0,0,0.0234908289,-0.00038554726,0.155145082,0.725389
30,59,9.2225,0,0,-0.0110025689,-0.00209094544,0.841401138,0.725389
30,60,9.3775,0,0,-0.0134542515,-0.00417635442,1.68057439,0.725389
30,61,9.5325,0,0,0.00929038711,-0.00273634442,1.10111113,0.725389
30,62,9.6875,0,0,0.0232819069,0.000872351147,-0.351036059,0.725389
30,63,9.8425,0,0,-0.0191679072,-0.00209867447,0.844511317,0.725389
30,64,9.9975,0,0,0.00235727771,-0.00173329643,0.697482372,0.725389
30,65,10.1525,0,0,-0.009230245,-0.0031639844,1.27319442,0.725389
30,66,10.3075,0,0,0.0206458185,3.61174698e-05,-0.0145337509,0.725389
30,67,10.4625,0,0,-0.00697612902,-0.00104518253,0.420583795,0.725389
30,68,10.6175,0,0,-0.00389810986,-0.00164938956,0.663718059,0.725389
30,69,10.7725,0,0,-0.00432806108,-0.00232023903,0.933669391,0.725389
30,70,10.9275,0,0,0.0168500573,0.000291519854,-0.117308243,0.725389
30,71,11.0825,0,0,-0.0046078685,-0.000422699765,0.170095334,0.725389
30,72,11.2375,0,0,-0.00764987207,-0.00160842994,0.647235816,0.725389
30,73,11.3925,0,0,0.0074625279,-0.000451738111,0.18178043,0.725389
30,74,11.5475,0,0,0.00118083097,-0.000268709311,0.10812923,0.725389
30,75,11.7025,0,0,0.00207650128,5.31483873e-05,-0.0213870303,0.725389
30,76,11.8575,0,0,-0.00714782699,-0.0010547648,0.424439721,0.725389
30,77,12.0125,0,0,0.00102615528,-0.000895710727,0.360436007,0.725389
30,78,12.1675,0,0,0.00747263006,0.000262546933,-0.105649475,0.725389
30,79,12.3225,0,0,0.00168676174,0.000523995002,-0.210856765,0.725389
30,80,12.4775,0,0,-0.00776987474,-0.000680335583,0.273768565,0.725389
30,81,12.6325,0,0,-0.000414341469,-0.000744558511,0.299612016,0.725389
30,82,12.7875,0,0,0.014026817,0.00142959812,-0.575273493,0.725389
30,83,12.9425,0,0,-0.00831556809,0.000140685067,-0.0566119869,0.725389
30,84,13.0975,0,0,-0.000290540514,9.56512879e-05,-0.0384902929,0.725389
30,85,13.2525,0,0,-0.00552267349,-0.000760363103,0.305971819,0.725389
30,86,13.4075,0,0,0.0104555483,0.000860246884,-0.346165277,0.725389
30,87,13.5625,0,0,-0.0018557959,0.00057259852,-0.230414929,0.725389
30,88,13.7175,0,0,-0.00278122064,0.00014150932,-0.0569436679,0.725389
30,89,13.8725,0,0,-0.00155926906,-0.000100177385,0.0403116046,0.725389
30,90,14.0275,0,0,0.00338905485,0.000425126116,-0.171071703,0.725389
30,91,14.1825,0,0,0.00507480586,0.00121172102,-0.48759926,0.725389
30,92,14.3375,0,0,-0.00776071665,8.80994405e-06,-0.00354514126,0.725389
30,93,14.4925,0,0,0.00135711295,0.000219162452,-0.0881914625,0.725389
30,94,14.6475,0,0,-0.000146475043,0.00019645882,-0.0790554702,0.725389
30,95,14.8025,0,0,0.00743373589,0.00134868788,-0.542715031,0.725389
30,96,14.9575,0,0,-0.00839187513,4.79472383e-05,-0.0192940763,0.725389
30,97,15.1125,0,0,6.8835344e-05,5.86167166e-05,-0.0235874983,0.725389
30,98,15.2675,0,0,0.00815720239,0.00132298309,-0.532371363,0.725389
30,99,15.4225,0,0,-0.00165308211,0.00106675536,-0.429264751,0.725389
30,100,15.5775,0,0,-0.00311440579,0.000584022462,-0.23501195,0.725389
30,101,15.7325,0,0,-0.00409454562,-5.06321091e-05,0.0203744743,0.725389
30,102,15.8875,0,0,0.0112340169,0.00169064052,-0.680317538,0.725389
30,103,16.0425,0,0,-0.00605342261,0.000752360013,-0.302751358,0.725389
30,104,16.1975,0,0,0.00053416727,0.00083515594,-0.336068624,0.725389
30,105,16.3525,0,0,-0.00479280593,9.22710197e-05,-0.0371300654,0.725389
30,106,16.5075,0,0,0.00637903653,0.00108102168,-0.435005551,0.725389
30,107,16.6625,0,0,0.00174655529,0.00135173775,-0.543942305,0.725389
30,108,16.8175,0,0,-0.00544640557,0.000507544887,-0.204237202,0.725389
30,109,16.9725,0,0,0.000490280713,0.000583538398,-0.234817161,0.725389
30,110,17.1275,0,0,0.0027529553,0.00101024647,-0.406525447,0.725389
30,111,17.2825,0,0,0.0013311863,0.00121658035,-0.489554662,0.725389
30,112,17.4375,0,0,-0.00753027363,4.93879349e-05,-0.0198738158,0.725389
30,113,17.5925,0,0,0.000178739147,7.70925026e-05,-0.0310221961,0.725389
30,114,17.7475,0,0,0.0089021149,0.00145692031,-0.586268003,0.725389
30,115,17.9025,0,0,-0.0089667537,6.70734881e-05,-0.0269905221,0.725389
30,116,18.0575,0,0,0.000468971594,0.000139764085,-0.0562413816,0.725389
30,117,18.2125,0,0,-0.00545186771,-0.00070527541,0.283804408,0.725389
30,118,18.3675,0,0,0.00970203274,0.000798539664,-0.321334153,0.725389
30,119,18.5225,0,0,-0.00917978729,-0.000624327365,0.251230733,0.725389
30,120,18.6775,0,0,0.000823925257,-0.00049661895,0.19984058,0.725389
30,121,18.8325,0,0,-0.00349206105,-0.00103788841,0.417648627,0.725389
30,122,18.9875,0,0,0.00494327343,-0.000271681031,0.109325056,0.725389
30,123,19.1425,0,0,-0.00466286201,-0.000994424642,0.400158708,0.725389
30,124,19.2975,0,0,-0.00251983884,-0.00138499966,0.557326972,0.725389
30,125,19.4525,0,0,0.00150520969,-0.00115169216,0.46344351,0.725389
30,126,19.6075,0,0,-0.000142080397,-0.00117371462,0.472305398,0.725389
30,127,19.7625,0,0,-0.00356675783,-0.00172656208,0.694772458,0.725389
31,0,0.0775,0,0,0,-2.98221433e-05,0.0120004974,0.722318
31,1,0.2325,0,0,-0.00621048968,-0.000992448043,0.39936332,0.722318
31,2,0.3875,0,0,-0.000980297482,-0.00114439415,0.460506775,0.722318
31,3,0.5425,0,0,0.0107754658,0.000525803044,-0.211584325,0.722318
31,4,0.6975,0,0,-0.00787051227,-0.000694126358,0.279318004,0.722318
31,5,0.8525,0,0,-9.52149257e-05,-0.000708884671,0.285256783,0.722318
31,6,1.0075,0,0,-0.00414213847,-0.00135091613,0.543611684,0.722318
31,7,1.1625,0,0,0.0115682398,0.000442161041,-0.177926595,0.722318
31,8,1.3175,0,0,-0.00399846918,-0.000177601682,0.0714673153,0.722318
31,9,1.4725,0,0,-0.0022537157,-0.000526927615,0.212036855,0.722318
31,10,1.6275,0,0,-0.00762337613,-0.00170855092,0.687524723,0.722318
31,11,1.7825,0,0,0.0124731992,0.00022479496,-0.0904579965,0.722318
31,12,1.9375,0,0,0.00527776211,0.00104284809,-0.419644411,0.722318
31,13,2.0925,0,0,-0.0123405723,-0.000869940621,0.350066058,0.722318
31,14,2.2475,0,0,0.00711522024,0.000232918515,-0.0937269333,0.722318
31,15,2.4025,0,0,-0.000192859757,0.000203025253,-0.0816978175,0.722318
31,16,2.5575,0,0,0.00282577483,0.000641020352,-0.257948028,0.722318
31,17,2.7125,0,0,-0.00850364893,-0.000677045231,0.272444521,0.722318
31,18,2.8675,0,0,0.00652093695,0.000333699996,-0.134281627,0.722318
31,19,3.0225,0,0,0.00478291457,0.00107505175,-0.432603239,0.722318
31,20,3.1775,0,0,0.00246955454,0.00145783271,-0.586635154,0.722318
31,21,3.3325,0,0,-0.0113401378,-0.000299888646,0.120675864,0.722318
31,22,3.4875,0,0,2.43126144e-05,-0.000296120191,0.119159429,0.722318
31,23,3.6425,0,0,0.0206993435,0.00291227805,-1.17190722,0.722318
31,24,3.7975,0,0,-0.0117463391,0.00109159548,-0.439260472,0.722318
31,25,3.9525,0,0,-0.00306964339,0.000615800755,-0.247799606,0.722318
31,26,4.1075,0,0,-0.00362931859,5.3256374e-05,-0.0214304844,0.722318
31,27,4.2625,0,0,0.0197247674,0.00311059531,-1.25171054,0.722318
31,28,4.4175,0,0,-0.00809784293,0.00185542966,-0.746629059,0.722318
31,29,4.5725,0,0,-0.00692371246,0.000782254229,-0.314780857,0.722318
31,30,4.7275,0,0,-0.0122840567,-0.00112177457,0.451404603,0.722318
31,31,4.8825,0,0,0.0275937583,0.00315525796,-1.26968289,0.722318
31,32,5.0375,0,0,0.000914827953,0.0032970563,-1.32674285,0.722318
31,33,5.1925,0,0,-0.0146648149,0.00102400999,-0.412063917,0.722318
31,34,5.3475,0,0,0.00161893155,0.00127494438,-0.513040479,0.722318
31,35,5.5025,0,0,0.0354294133,0.00676650344,-2.72285617,0.722318
31,36,5.6575,0,0,-0.0195940468,0.00372942619,-1.50072947,0.722318
31,37,5.8125,0,0,-0.0209458605,0.000482817817,-0.194286973,0.722318
31,38,5.9675,0,0,0.0071992166,0.00159869639,-0.643319016,0.722318
31,39,6.1225,0,0,-0.0542184589,-0.00680516474,2.73841356,0.722318
31,40,6.2775,0,0,0.0730611181,0.00451930857,-1.81857991,0.722318
31,41,6.4325,0,0,-0.0126617769,0.00255673315,-1.02883516,0.722318
31,42,6.5875,0,0,-0.00845809298,0.00124572874,-0.501284039,0.722318
31,43,6.7425,0,0,-0.0444204449,-0.00563944022,2.2693234,0.722318
31,44,6.8975,0,0,0.0661775816,0.00461808493,-1.85832774,0.722318
31,45,7.0525,0,0,-0.00149150511,0.00438690164,-1.76529906,0.722318
31,46,7.2075,0,0,-0.036834201,-0.00132239952,0.532136533,0.722318
31,47,7.3625,0,0,-0.026131393,-0.00537276543,2.16201286,0.722318
31,48,7.5175,0,0,-0.015072224,-0.00770896015,3.10210286,0.722318
31,49,7.6725,0,0,0.0801701571,0.0047174142,-1.89829806,0.722318
31,50,7.8275,0,0,-0.0341241462,-0.000571828457,0.230105054,0.722318
31,51,7.9825,0,0,-0.0216406554,-0.00392613005,1.57988354,0.722318
31,52,8.1375,0,0,-0.00794389152,-0.00515743323,2.07536271,0.722318
31,53,8.2925,0,0,0.0575132091,0.00375711418,-1.51187118,0.722318
31,54,8.4475,0,0,-0.0346666018,-0.0016162091,0.650366168,0.722318
31,55,8.6025,0,0,-0.00672397169,-0.00265842471,1.06975607,0.722318
31,56,8.7575,0,0,-0.0179646899,-0.00544295164,2.19025595,0.722318
31,57,8.9125,0,0,0.00913758641,-0.00402662574,1.62032324,0.722318
31,58,9.0675,0,0,0.0234908289,-0.00038554726,0.155145082,0.722318
31,59,9.2225,0,0,-0.0110025689,-0.00209094544,0.841401138,0.722318
31,60,9.3775,0,0,-0.0134542515,-0.00417635442,1.68057439,0.722318
31,61,9.5325,0,0,0.00929038711,-0.00273634442,1.10111113,0.722318
31,62,9.6875,0,0,0.0232819069,0.000872351147,-0.351036059,0.722318
31,63,9.8425,0,0,-0.0191679072,-0.00209867447,0.844511317,0.722318
31,64,9.9975,0,0,0.00235727771,-0.00173329643,0.697482372,0.722318
31,65,10.1525,0,0,-0.009230245,-0.0031639844,1.27319442,0.722318
31,66,10.3075,0,0,0.0206458185,3.61174698e-05,-0.0145337509,0.722318
31,67,10.4625,0,0,-0.00697612902,-0.00104518253,0.420583795,0.722318
31,68,10.6175,0,0,-0.00389810986,-0.00164938956,0.663718059,0.722318
31,69,10.7725,0,0,-0.00432806108,-0.00232023903,0.933669391,0.722318
31,70,10.9275,0,0,0.0168500573,0.000291519854,-0.117308243,0.722318
31,71,11.0825,0,0,-0.0046078685,-0.000422699765,0.170095334,0.722318
31,72,11.2375,0,0,-0.00764987207,-0.00160842994,0.647235816,0.722318
31,73,11.3925,0,0,0.0074625279,-0.000451738111,0.18178043,0.722318
31,74,11.5475,0,0,0.00118083097,-0.000268709311,0.10812923,0.722318
31,75,11.7025,0,0,0.00207650128,5.31483873e-05,-0.0213870303,0.722318
31,76,11.8575,0,0,-0.00714782699,-0.0010547648,0.424439721,0.722318
31,77,12.0125,0,0,0.00102615528,-0.000895710727,0.360436007,0.722318
31,78,12.1675,0,0,0.00747263006,0.000262546933,-0.105649475,0.722318
31,79,12.3225,0,0,0.00168676174,0.000523995002,-0.210856765,0.722318
31,80,12.4775,0,0,-0.00776987474,-0.000680335583,0.273768565,0.722318
31,81,12.6325,0,0,-0.000414341469,-0.000744558511,0.299612016,0.722318
31,82,12.7875,0,0,0.014026817,0.00142959812,-0.575273493,0.722318
31,83,12.9425,0,0,-0.00831556809,0.000140685067,-0.0566119869,0.722318
31,84,13.0975,0,0,-0.000290540514,9.56512879e-05,-0.0384902929,0.722318
31,85,13.2525,0,0,-0.00552267349,-0.000760363103,0.305971819,0.722318
31,86,13.4075,0,0,0.0104555483,0.000860246884,-0.346165277,0.722318
31,87,13.5625,0,0,-0.0018557959,0.00057259852,-0.230414929,0.722318
31,88,13.7175,0,0,-0.00278122064,0.00014150932,-0.0569436679,0.722318
31,89,13.8725,0,0,-0.00155926906,-0.000100177385,0.0403116046,0.722318
31,90,14.0275,0,0,0.00338905485,0.000425126116,-0.171071703,0.722318
31,91,14.1825,0,0,0.00507480586,0.00121172102,-0.48759926,0.722318
31,92,14.3375,0,0,-0.00776071665,8.80994405e-06,-0.00354514126,0.722318
31,93,14.4925,0,0,0.00135711295,0.000219162452,-0.0881914625,0.722318
31,94,14.6475,0,0,-0.000146475043,0.00019645882,-0.0790554702,0.722318
31,95,14.8025,0,0,0.00743373589,0.00134868788,-0.542715031,0.722318
31,96,14.9575,0,0,-0.00839187513,4.79472383e-05,-0.0192940763,0.722318
31,97,15.1125,0,0,6.8835344e-05,5.86167166e-05,-0.0235874983,0.722318
31,98,15.2675,0,0,0.00815720239,0.00132298309,-0.532371363,0.722318
31,99,15.4225,0,0,-0.00165308211,0.00106675536,-0.429264751,0.722318
31,100,15.5775,0,0,-0.00311440579,0.000584022462,-0.23501195,0.722318
31,101,15.7325,0,0,-0.00409454562,-5.06321091e-05,0.0203744743,0.722318
31,102,15.8875,0,0,0.0112340169,0.00169064052,-0.680317538,0.722318
31,103,16.0425,0,0,-0.00605342261,0.000752360013,-0.302751358,0.722318
31,104,16.1975,0,0,0.00053416727,0.00083515594,-0.336068624,0.722318
31,105,16.3525,0,0,-0.00479280593,9.22710197e-05,-0.0371300654,0.722318
31,106,16.5075,0,0,0.00637903653,0.00108102168,-0.435005551,0.722318
31,107,16.6625,0,0,0.00174655529,0.00135173775,-0.543942305,0.722318
31,108,16.8175,0,0,-0.00544640557,0.000507544887,-0.204237202,0.722318
31,109,16.9725,0,0,0.000490280713,0.000583538398,-0.234817161,0.722318
31,110,17.1275,0,0,0.0027529553,0.00101024647,-0.406525447,0.722318
31,111,17.2825,0,0,0.0013311863,0.00121658035,-0.489554662,0.722318
31,112,17.4375,0,0,-0.00753027363,4.93879349e-05,-0.0198738158,0.722318
31,113,17.5925,0,0,0.000178739147,7.70925026e-05,-0.0310221961,0.722318
31,114,17.7475,0,0,0.0089021149,0.00145692031,-0.586268003,0.722318
31,115,17.9025,0,0,-0.0089667537,6.70734881e-05,-0.0269905221,0.722318
31,116,18.0575,0,0,0.000468971594,0.000139764085,-0.0562413816,0.722318
31,117,18.2125,0,0,-0.00545186771,-0.00070527541,0.283804408,0.722318
31,118,18.3675,0,0,0.00970203274,0.000798539664,-0.321334153,0.722318
31,119,18.5225,0,0,-0.00917978729,-0.000624327365,0.251230733,0.722318
31,120,18.6775,0,0,0.000823925257,-0.00049661895,0.19984058,0.722318
31,121,18.8325,0,0,-0.00349206105,-0.00103788841,0.417648627,0.722318
31,122,18.9875,0,0,0.00494327343,-0.000271681031,0.109325056,0.722318
31,123,19.1425,0,0,-0.00466286201,-0.000994424642,0.400158708,0.722318
31,124,19.2975,0,0,-0.00251983884,-0.00138499966,0.557326972,0.722318
31,125,19.4525,0,0,0.00150520969,-0.00115169216,0.46344351,0.722318
31,126,19.6075,0,0,-0.000142080397,-0.00117371462,0.472305398,0.722318
31,127,19.7625,0,0,-0.00356675783,-0.00172656208,0.694772458,0.722318
32,0,0.0775,0,0,0,0.000638419937,-0.256901615,0.724832
32,1,0.2325,0,0,-0.00911583242,-0.000774534087,0.311674255,0.724832
32,2,0.3875,0,0,0.00967532721,0.00072514163,-0.291798619,0.724832
32,3,0.5425,0,0,-0.00871661389,-0.000625933523,0.251877054,0.724832
32,4,0.6975,0,0,0.00655654906,0.000390331581,-0.157070304,0.724832
32,5,0.8525,0,0,-0.00375998162,-0.00019246557,0.0774485774,0.724832
32,6,1.0075,0,0,0.00565422137,0.000683938742,-0.275218485,0.724832
32,7,1.1625,0,0,-0.00788961804,-0.000538952053,0.216875516,0.724832
32,8,1.3175,0,0,0.00302864029,-6.95128092e-05,0.0279721104,0.724832
32,9,1.4725,0,0,-0.000909494431,-0.000210484446,0.0846994134,0.724832
32,10,1.6275,0,0,0.00267291661,0.000203817629,-0.0820166712,0.724832
32,11,1.7825,0,0,-0.000283314835,0.000159903829,-0.0643456597,0.724832
32,12,1.9375,0,0,-0.00429890203,-0.000506425986,0.203786953,0.724832
32,13,2.0925,0,0,0.00400892141,0.000114956833,-0.0462588874,0.724832
32,14,2.2475,0,0,-0.00118661441,-6.89684017e-05,0.0277530396,0.724832
32,15,2.4025,0,0,0.00341864245,0.000460921179,-0.185475717,0.724832
32,16,2.5575,0,0,-0.00845877412,-0.000850188809,0.342117885,0.724832
32,17,2.7125,0,0,0.00918585476,0.000573618678,-0.230825443,0.724832
32,18,2.8675,0,0,-0.00773954068,-0.000626010128,0.25190788,0.724832
32,19,3.0225,0,0,0.00858501374,0.000704667003,-0.283559583,0.724832
32,20,3.1775,0,0,-0.00692664936,-0.000368963648,0.1484718,0.724832
32,21,3.3325,0,0,0.00426111977,0.000291509915,-0.117304244,0.724832
32,22,3.4875,0,0,-0.00358367969,-0.000263960436,0.106218272,0.724832
32,23,3.6425,0,0,0.00591622187,0.000653053954,-0.262790377,0.724832
32,24,3.7975,0,0,-0.00642481137,-0.000342791809,0.137940193,0.724832
32,25,3.9525,0,0,0.00266071941,6.96196994e-05,-0.0280151233,0.724832
32,26,4.1075,0,0,-0.00139444772,-0.000146519697,0.0589598547,0.724832
32,27,4.2625,0,0,0.00281136993,0.000289242642,-0.116391888,0.724832
32,28,4.4175,0,0,-0.000597974257,0.000196556632,-0.0790948298,0.724832
32,29,4.5725,0,0,-0.00312288019,-0.000287489798,0.11568654,0.724832
32,30,4.7275,0,0,0.00332182852,0.000227393623,-0.0915037042,0.724832
32,31,4.8825,0,0,-0.00134862985,1.83559966e-05,-0.00738649423,0.724832
32,32,5.0375,0,0,0.00174741738,0.000289205691,-0.116377019,0.724832
32,33,5.1925,0,0,-0.00579301966,-0.000608712356,0.244947218,0.724832
32,34,5.3475,0,0,0.00473978381,0.000125954134,-0.0506842262,0.724832
32,35,5.5025,0,0,-0.00447964582,-0.000568390969,0.228721801,0.724832
32,36,5.6575,0,0,0.00824297559,0.000709270248,-0.285411939,0.724832
32,37,5.8125,0,0,-0.00736925167,-0.000432963761,0.174225589,0.724832
32,38,5.9675,0,0,0.00491514871,0.000328884289,-0.132343776,0.724832
32,39,6.1225,0,0,-0.00150067216,9.6280103e-05,-0.0387433295,0.724832
32,40,6.2775,0,0,0.00237345707,0.000464165949,-0.186781419,0.724832
32,41,6.4325,0,0,-0.00307519628,-1.24894752e-05,0.00502579284,0.724832
32,42,6.5875,0,0,-0.00295232903,-0.000470100475,0.189169486,0.724832
32,43,6.7425,0,0,0.000664762932,-0.00036706222,0.147706661,0.724832
32,44,6.8975,0,0,0.00385760892,0.000230867162,-0.0929014643,0.724832
32,45,7.0525,0,0,-0.00172855419,-3.70587368e-05,0.0149125188,0.724832
32,46,7.2075,0,0,-0.000994563906,-0.000191216142,0.0769458048,0.724832
32,47,7.3625,0,0,0.00369313364,0.000381219573,-0.153403612,0.724832
32,48,7.5175,0,0,-0.00286891978,-6.34629929e-05,0.0255376508,0.724832
32,49,7.6725,0,0,0.00450574151,0.000634926941,-0.255496026,0.724832
32,50,7.8275,0,0,-0.00909224705,-0.000774371352,0.31160877,0.724832
32,51,7.9825,0,0,0.00532825801,5.15086386e-05,-0.0207271918,0.724832
32,52,8.1375,0,0,-0.00228679678,-0.000302944862,0.121905693,0.724832
32,53,8.2925,0,0,0.00421145777,0.000349831092,-0.140772816,0.724832
32,54,8.4475,0,0,-0.00548992519,-0.000501107313,0.201646707,0.724832
32,55,8.6025,0,0,0.00639800604,0.000490583623,-0.197411951,0.724832
32,56,8.7575,0,0,-0.00462729097,-0.000226646477,0.0912030511,0.724832
32,57,8.9125,0,0,0.00615447241,0.000727296747,-0.292665843,0.724832
32,58,9.0675,0,0,-0.00582921032,-0.000176230853,0.0709156907,0.724832
32,59,9.2225,0,0,-0.00346185696,-0.000712818681,0.286839837,0.724832
32,60,9.3775,0,0,0.00452467551,-1.14939773e-05,0.00462520228,0.724832
32,61,9.5325,0,0,3.70406026e-06,-1.0919848e-05,0.00439417134,0.724832
32,62,9.6875,0,0,-0.000702680891,-0.000119835386,0.0482220283,0.724832
32,63,9.8425,0,0,-0.00146866771,-0.00034747888,0.139826281,0.724832
32,64,9.9975,0,0,0.00193992144,-4.67910578e-05,0.0188288267,0.724832
32,65,10.1525,0,0,0.000488772739,2.89687168e-05,-0.0116570766,0.724832
32,66,10.3075,0,0,0.00373587738,0.000608029711,-0.24467252,0.724832
32,67,10.4625,0,0,-0.00901152672,-0.00078875693,0.317397559,0.724832
32,68,10.6175,0,0,0.00712769081,0.000316035146,-0.127173252,0.724832
32,69,10.7725,0,0,-0.00296244234,-0.000143143416,0.0576012319,0.724832
32,70,10.9275,0,0,0.00284946,0.000298522884,-0.120126279,0.724832
32,71,11.0825,0,0,-0.00369150977,-0.00027366113,0.110121853,0.724832
32,72,11.2375,0,0,0.00390113559,0.000331014887,-0.133201133,0.724832
32,73,11.3925,0,0,-0.00309143978,-0.000148158279,0.0596192239,0.724832
32,74,11.5475,0,0,0.00272054289,0.00027352587,-0.110067424,0.724832
32,75,11.7025,0,0,-0.00411044965,-0.000363593826,0.146310972,0.724832
32,76,11.8575,0,0,-0.000707798173,-0.000473302543,0.190458005,0.724832
32,77,12.0125,0,0,0.00538971853,0.00036210383,-0.145711394,0.724832
32,78,12.1675,0,0,-0.000469576536,0.000289319467,-0.116422803,0.724832
32,79,12.3225,0,0,-0.00133080143,8.30452446e-05,-0.0334175928,0.724832
32,80,12.4775,0,0,-0.00309570236,-0.000396788622,0.159668632,0.724832
32,81,12.6325,0,0,0.00686210373,0.000666837456,-0.268336889,0.724832
32,82,12.7875,0,0,-0.00436668805,-9.99919084e-06,0.00402369684,0.724832
32,83,12.9425,0,0,-0.000149316797,-3.31432944e-05,0.0133369361,0.724832
32,84,13.0975,0,0,-0.00391554968,-0.000640053495,0.257558963,0.724832
32,85,13.2525,0,0,0.00540069114,0.000197053632,-0.0792948237,0.724832
32,86,13.4075,0,0,-0.000351195015,0.000142618405,-0.0573899661,0.724832
32,87,13.5625,0,0,0.00346220023,0.00067925944,-0.273335523,0.724832
32,88,13.7175,0,0,-0.00537856458,-0.00015441807,0.062138178,0.724832
32,89,13.8725,0,0,0.00333621133,0.000362694686,-0.145949156,0.724832
32,90,14.0275,0,0,0.00132068647,0.00056740109,-0.228323472,0.724832
32,91,14.1825,0,0,-0.00590337622,-0.000347622225,0.139883963,0.724832
32,92,14.3375,0,0,0.00106705906,-0.000182228069,0.0733289841,0.724832
32,93,14.4925,0,0,-0.00143043219,-0.000403945059,0.162548398,0.724832
32,94,14.6475,0,0,0.00631928174,0.000575543611,-0.231600041,0.724832
32,95,14.8025,0,0,-0.00352785571,2.87259767e-05,-0.0115593975,0.724832
32,96,14.9575,0,0,0.00191560663,0.000325645004,-0.13104028,0.724832
32,97,15.1125,0,0,-0.00126855687,0.00012901869,-0.0519174102,0.724832
32,98,15.2675,0,0,0.00233272904,0.000490591691,-0.197415197,0.724832
32,99,15.4225,0,0,-0.00342841304,-4.081233e-05,0.0164229732,0.724832
32,100,15.5775,0,0,-0.00238179418,-0.000409990428,0.164981069,0.724832
32,101,15.7325,0,0,-0.000905397933,-0.000550327108,0.221452863,0.724832
32,102,15.8875,0,0,0.00703976314,0.000540836178,-0.217633692,0.724832
32,103,16.0425,0,0,-0.0024257038,0.000164852088,-0.0663368503,0.724832
32,104,16.1975,0,0,-0.00262132636,-0.000241453497,0.0971614292,0.724832
32,105,16.3525,0,0,0.00407233395,0.000389758265,-0.1568396,0.724832
32,106,16.5075,0,0,-0.00587171195,-0.000520357088,0.20939286,0.724832
32,107,16.6625,0,0,0.00437824335,0.000158270632,-0.0636884574,0.724832
32,108,16.8175,0,0,-0.00586724242,-0.000751151943,0.302265228,0.724832
32,109,16.9725,0,0,0.00128641132,-0.000551758189,0.222028733,0.724832
32,110,17.1275,0,0,0.00496292971,0.000217495917,-0.0875208451,0.724832
32,111,17.2825,0,0,0.000169204471,0.00024372261,-0.0980745252,0.724832
32,112,17.4375,0,0,-0.00311652446,-0.000239338681,0.0963104222,0.724832
32,113,17.5925,0,0,0.000601210333,-0.000146151079,0.0588115222,0.724832
32,114,17.7475,0,0,-7.53952918e-05,-0.000157837349,0.0635141036,0.724832
32,115,17.9025,0,0,0.000441398676,-8.94205545e-05,0.0359830318,0.724832
32,116,18.0575,0,0,-0.00142705003,-0.000310613309,0.124991493,0.724832
32,117,18.2125,0,0,-0.00383803641,-0.000905508952,0.364378835,0.724832
32,118,18.3675,0,0,0.00993972089,0.000635147785,-0.255584894,0.724832
32,119,18.5225,0,0,-0.00286337581,0.000191324534,-0.0769894219,0.724832
32,120,18.6775,0,0,0.00024100441,0.000228680218,-0.0920214328,0.724832
32,121,18.8325,0,0,-0.00455374556,-0.000477150344,0.192006369,0.724832
32,122,18.9875,0,0,0.00311684822,5.96113025e-06,-0.00239877219,0.724832
32,123,19.1425,0,0,0.00142982357,0.000227583784,-0.0915802254,0.724832
32,124,19.2975,0,0,-0.00322945486,-0.00027298172,0.109848457,0.724832
32,125,19.4525,0,0,-0.00137113658,-0.000485507889,0.195369464,0.724832
32,126,19.6075,0,0,0.00470262508,0.000243398998,-0.0979443029,0.724832
32,127,19.7625,0,0,0.00469687888,0.000971415223,-0.390899666,0.724832
33,0,0.0775,0,0,0,-0.00371841933,1.49630028,0.757083
33,1,0.2325,0,0,0.0377807711,0.0021376002,-0.860175116,0.757083
33,2,0.3875,0,0,-0.0247089925,-0.00169229364,0.680982757,0.757083
33,3,0.5425,0,0,0.0250598276,0.00219197964,-0.882057527,0.757083
33,4,0.6975,0,0,-0.0158924865,-0.000271355771,0.109194171,0.757083
33,5,0.8525,0,0,0.00702009784,0.000816759395,-0.328665814,0.757083
33,6,1.0075,0,0,0.00175792043,0.00108923706,-0.438311438,0.757083
33,7,1.1625,0,0,-0.0470339781,-0.00620102954,2.4953082,0.757083
33,8,1.3175,0,0,0.0539080574,0.00215471936,-0.867063905,0.757083
33,9,1.4725,0,0,-0.0359493243,-0.00341742591,1.37517986,0.757083
33,10,1.6275,0,0,0.0421447069,0.00311500366,-1.25348446,0.757083
33,11,1.7825,0,0,-0.0108563232,0.00143227356,-0.576350094,0.757083
33,12,1.9375,0,0,-0.0381734253,-0.00448460737,1.80461607,0.757083
33,13,2.0925,0,0,0.0271246085,-0.000280293049,0.112790552,0.757083
33,14,2.2475,0,0,0.0252865322,0.00363911944,-1.46438983,0.757083
33,15,2.4025,0,0,-0.0181245328,0.000829816862,-0.333920167,0.757083
33,16,2.5575,0,0,-0.0436575139,-0.00593709779,2.38910147,0.757083
33,17,2.7125,0,0,0.0531302761,0.002298095,-0.924758587,0.757083
33,18,2.8675,0,0,-0.0305852773,-0.00244262297,0.982916966,0.757083
33,19,3.0225,0,0,-0.023485455,-0.0060828685,2.44775994,0.757083
33,20,3.1775,0,0,0.0400158075,0.000119581666,-0.0481199306,0.757083
33,21,3.3325,0,0,-0.0213713498,-0.00319297755,1.28486133,0.757083
33,22,3.4875,0,0,0.0131787089,-0.00115027767,0.462874318,0.757083
33,23,3.6425,0,0,0.0336036139,0.00405828249,-1.63306198,0.757083
33,24,3.7975,0,0,-0.0313664215,-0.000803512846,0.323335372,0.757083
33,25,3.9525,0,0,-0.0172399095,-0.00347569882,1.39862901,0.757083
33,26,4.1075,0,0,0.0321721879,0.00151099031,-0.60802589,0.757083
33,27,4.2625,0,0,-0.021091445,-0.00175818367,0.707497053,0.757083
33,28,4.4175,0,0,0.0211670526,0.00152270949,-0.612741716,0.757083
33,29,4.5725,0,0,-0.00790811768,0.000296951249,-0.119493849,0.757083
33,30,4.7275,0,0,0.0216259994,0.00364898115,-1.4683582,0.757083
33,31,4.8825,0,0,-0.0374224837,-0.00215150383,0.865769969,0.757083
33,32,5.0375,0,0,0.0276562077,0.00213520837,-0.859212639,0.757083
33,33,5.1925,0,0,-0.01692478,-0.000488132534,0.196425627,0.757083
33,34,5.3475,0,0,0.0382450487,0.00543985002,-2.18900786,0.757083
33,35,5.5025,0,0,-0.0282593217,0.00105965515,-0.42640761,0.757083
33,36,5.6575,0,0,-0.0115571507,-0.000731703201,0.29443901,0.757083
33,37,5.8125,0,0,0.032939018,0.00437384458,-1.76004488,0.757083
33,38,5.9675,0,0,-0.0298536518,-0.000253471453,0.101997482,0.757083
33,39,6.1225,0,0,0.0214465365,0.00307074171,-1.23567335,0.757083
33,40,6.2775,0,0,-0.0466325202,-0.00415729893,1.67290642,0.757083
33,41,6.4325,0,0,0.0468489079,0.00310428179,-1.24916996,0.757083
33,42,6.5875,0,0,-0.0315597877,-0.0017874853,0.719288096,0.757083
33,43,6.7425,0,0,-0.0149520632,-0.0041050551,1.65188339,0.757083
33,44,6.8975,0,0,0.0251326209,-0.000209498856,0.0843028099,0.757083
33,45,7.0525,0,0,-0.00278393294,-0.000641008462,0.257943244,0.757083
33,46,7.2075,0,0,-0.00408747314,-0.0012745668,0.51288854,0.757083
33,47,7.3625,0,0,-0.0166879155,-0.00386119371,1.55375301,0.757083
33,48,7.5175,0,0,0.0332290963,0.00128931623,-0.518823743,0.757083
33,49,7.6725,0,0,-0.0282674167,-0.00309213337,1.24428141,0.757083
33,50,7.8275,0,0,0.0366677231,0.00259136371,-1.04277057,0.757083
33,51,7.9825,0,0,-0.0149357882,0.000276316542,-0.111190397,0.757083
33,52,8.1375,0,0,-0.0164923686,-0.00228000059,0.917477353,0.757083
33,53,8.2925,0,0,0.0264731378,0.00182333577,-0.733714407,0.757083
33,54,8.4475,0,0,0.00632363156,0.00280349866,-1.12813415,0.757083
33,55,8.6025,0,0,-0.0170267828,0.000164347327,-0.0661337333,0.757083
33,56,8.7575,0,0,0.0294010421,0.00472150885,-1.89994576,0.757083
33,57,8.9125,0,0,-0.0158521962,0.00226441845,-0.911207065,0.757083
33,58,9.0675,0,0,-0.048887001,-0.0053130667,2.13798996,0.757083
33,59,9.2225,0,0,0.0599245226,0.0039752343,-1.59964321,0.757083
33,60,9.3775,0,0,-0.0302759013,-0.000717530395,0.288735841,0.757083
33,61,9.5325,0,0,0.0507706714,0.00715192367,-2.87795013,0.757083
33,62,9.6875,0,0,-0.0457983145,5.31849291e-05,-0.0214017348,0.757083
33,63,9.8425,0,0,-0.0302751972,-0.00463947064,1.8669334,0.757083
33,64,9.9975,0,0,0.016855848,-0.0020268142,0.815594582,0.757083
33,65,10.1525,0,0,-0.00104286295,-0.00218845796,0.880640393,0.757083
33,66,10.3075,0,0,0.00709770179,-0.00108831418,0.437940068,0.757083
33,67,10.4625,0,0,-0.0163439024,-0.00362161906,1.45734764,0.757083
33,68,10.6175,0,0,0.0279823072,0.00071563856,-0.287974563,0.757083
33,69,10.7725,0,0,-0.0119089518,-0.00113024897,0.454814723,0.757083
33,70,10.9275,0,0,0.0374145702,0.0046690094,-1.87881986,0.757083
33,71,11.0825,0,0,-0.0362223767,-0.000945458987,0.380454818,0.757083
33,72,11.2375,0,0,0.00952739162,0.000531286715,-0.213790966,0.757083
33,73,11.3925,0,0,0.0038391279,0.00112635154,-0.453246387,0.757083
33,74,11.5475,0,0,-0.0276414189,-0.00315806839,1.27081381,0.757083
33,75,11.7025,0,0,0.0345322429,0.00219442927,-0.883043261,0.757083
33,76,11.8575,0,0,-0.0177100566,-0.000550629514,0.221574552,0.757083
33,77,12.0125,0,0,0.0299624903,0.00409355648,-1.64725632,0.757083
33,78,12.1675,0,0,-0.00999552217,0.00254425055,-1.02381213,0.757083
33,79,12.3225,0,0,-0.00784770421,0.00132785639,-0.534332393,0.757083
33,80,12.4775,0,0,-0.0424375542,-0.00524996451,2.1125975,0.757083
33,81,12.6325,0,0,0.0578468646,0.00371629951,-1.49544726,0.757083
33,82,12.7875,0,0,-0.0240859739,-1.70264369e-05,0.00685147641,0.757083
33,83,12.9425,0,0,-0.04095306,-0.00636475073,2.56118998,0.757083
33,84,13.0975,0,0,0.0533552846,0.00190531839,-0.766704394,0.757083
33,85,13.2525,0,0,-0.0314741423,-0.00297317368,1.19641176,0.757083
33,86,13.4075,0,0,-0.0262434377,-0.00704090652,2.83327659,0.757083
33,87,13.5625,0,0,0.0414033567,-0.00062338624,0.250852022,0.757083
33,88,13.7175,0,0,-0.010540135,-0.00225710716,0.908264988,0.757083
33,89,13.8725,0,0,0.00423510363,-0.0016006661,0.644111632,0.757083
33,90,14.0275,0,0,0.00684889701,-0.000539087065,0.216929845,0.757083
33,91,14.1825,0,0,-0.00219652451,-0.000879548363,0.353932235,0.757083
33,92,14.3375,0,0,0.0114537804,0.000895787596,-0.360466939,0.757083
33,93,14.4925,0,0,-0.00581195987,-5.06618415e-06,0.00203864387,0.757083
33,94,14.6475,0,0,0.0101130281,0.00156245317,-0.628734662,0.757083
33,95,14.8025,0,0,-0.000573476014,0.00147356439,-0.592965616,0.757083
33,96,14.9575,0,0,-0.0147729477,-0.00081624251,0.328457818,0.757083
33,97,15.1125,0,0,0.0274645764,0.00344076684,-1.3845723,0.757083
33,98,15.2675,0,0,-0.0151051118,0.00109947451,-0.442431011,0.757083
33,99,15.4225,0,0,-0.0270592366,-0.00309470716,1.24531711,0.757083
33,100,15.5775,0,0,0.0384427396,0.00286391747,-1.15244682,0.757083
33,101,15.7325,0,0,-0.00769929073,0.00167052741,-0.672223977,0.757083
33,102,15.8875,0,0,-0.0490472942,-0.00593180319,2.38697092,0.757083
33,103,16.0425,0,0,0.0570662439,0.00291346462,-1.1723847,0.757083
33,104,16.1975,0,0,-0.026550624,-0.0012018821,0.483640056,0.757083
33,105,16.3525,0,0,-0.0381653517,-0.00711751162,2.86410265,0.757083
33,106,16.5075,0,0,0.050219939,0.00066657893,-0.268232857,0.757083
33,107,16.6625,0,0,-0.032361402,-0.00434943838,1.75022377,0.757083
33,108,16.8175,0,0,-0.0171850612,-0.00701312286,2.82209638,0.757083
33,109,16.9725,0,0,0.0389037163,-0.000983046843,0.395580256,0.757083
33,110,17.1275,0,0,-0.0243943015,-0.00476416358,1.91711012,0.757083
33,111,17.2825,0,0,0.0319841755,0.000193383622,-0.0778180035,0.757083
33,112,17.4375,0,0,-0.00933411701,-0.00125340451,0.50437279,0.757083
33,113,17.5925,0,0,-0.00674631763,-0.00229908375,0.92515646,0.757083
33,114,17.7475,0,0,0.0239599232,0.00141470434,-0.569280202,0.757083
33,115,17.9025,0,0,-0.014948745,-0.000902351139,0.363108123,0.757083
33,116,18.0575,0,0,0.0298367193,0.00372234035,-1.49787811,0.757083
33,117,18.2125,0,0,-0.0114241782,0.00195159273,-0.785325293,0.757083
33,118,18.3675,0,0,-0.0236504046,-0.00171421998,0.689805967,0.757083
33,119,18.5225,0,0,0.0365075708,0.0039444535,-1.58725694,0.757083
33,120,18.6775,0,0,-0.0183307851,0.00110318181,-0.443922836,0.757083
33,121,18.8325,0,0,0.0357300344,0.00664133714,-2.67248897,0.757083
33,122,18.9875,0,0,-0.0267069146,0.00250176537,-1.006716,0.757083
33,123,19.1425,0,0,-0.0493973299,-0.00515482077,2.07431145,0.757083
33,124,19.2975,0,0,0.0682747085,0.00542775904,-2.18414242,0.757083
33,125,19.4525,0,0,-0.0435166347,-0.00131731934,0.53009226,0.757083
33,126,19.6075,0,0,-0.0267889913,-0.00546961299,2.20098454,0.757083
33,127,19.7625,0,0,-0.0071491613,-0.00657773299,2.64689452,0.757083
34,0,0.0775,0,0,0,-0.00371841933,1.49630028,0.771051
34,1,0.2325,0,0,0.0377807711,0.0021376002,-0.860175116,0.771051
34,2,0.3875,0,0,-0.0247089925,-0.00169229364,0.680982757,0.771051
34,3,0.5425,0,0,0.0250598276,0.00219197964,-0.882057527,0.771051
34,4,0.6975,0,0,-0.0158924865,-0.000271355771,0.109194171,0.771051
34,5,0.8525,0,0,0.00702009784,0.000816759395,-0.328665814,0.771051
34,6,1.0075,0,0,0.00175792043,0.00108923706,-0.438311438,0.771051
34,7,1.1625,0,0,-0.0470339781,-0.00620102954,2.4953082,0.771051
34,8,1.3175,0,0,0.0539080574,0.00215471936,-0.867063905,0.771051
34,9,1.4725,0,0,-0.0359493243,-0.00341742591,1.37517986,0.771051
34,10,1.6275,0,0,0.0421447069,0.00311500366,-1.25348446,0.771051
34,11,1.7825,0,0,-0.0108563232,0.00143227356,-0.576350094,0.771051
34,12,1.9375,0,0,-0.0381734253,-0.00448460737,1.80461607,0.771051
34,13,2.0925,0,0,0.0271246085,-0.000280293049,0.112790552,0.771051
34,14,2.2475,0,0,0.0252865322,0.00363911944,-1.46438983,0.771051
34,15,2.4025,0,0,-0.0181245328,0.000829816862,-0.333920167,0.771051
34,16,2.5575,0,0,-0.0436575139,-0.00593709779,2.38910147,0.771051
34,17,2.7125,0,0,0.0531302761,0.002298095,-0.924758587,0.771051
34,18,2.8675,0,0,-0.0305852773,-0.00244262297,0.982916966,0.771051
34,19,3.0225,0,0,-0.023485455,-0.0060828685,2.44775994,0.771051
34,20,3.1775,0,0,0.0400158075,0.000119581666,-0.0481199306,0.771051
34,21,3.3325,0,0,-0.0213713498,-0.00319297755,1.28486133,0.771051
34,22,3.4875,0,0,0.0131787089,-0.00115027767,0.462874318,0.771051
34,23,3.6425,0,0,0.0336036139,0.00405828249,-1.63306198,0.771051
34,24,3.7975,0,0,-0.0313664215,-0.000803512846,0.323335372,0.771051
34,25,3.9525,0,0,-0.0172399095,-0.00347569882,1.39862901,0.771051
34,26,4.1075,0,0,0.0321721879,0.00151099031,-0.60802589,0.771051
34,27,4.2625,0,0,-0.021091445,-0.00175818367,0.707497053,0.771051
34,28,4.4175,0,0,0.0211670526,0.00152270949,-0.612741716,0.771051
34,29,4.5725,0,0,-0.00790811768,0.000296951249,-0.119493849,0.771051
34,30,4.7275,0,0,0.0216259994,0.00364898115,-1.4683582,0.771051
34,31,4.8825,0,0,-0.0374224837,-0.00215150383,0.865769969,0.771051
34,32,5.0375,0,0,0.0276562077,0.00213520837,-0.859212639,0.771051
34,33,5.1925,0,0,-0.01692478,-0.000488132534,0.196425627,0.771051
34,34,5.3475,0,0,0.0382450487,0.00543985002,-2.18900786,0.771051
34,35,5.5025,0,0,-0.0282593217,0.00105965515,-0.42640761,0.771051
34,36,5.6575,0,0,-0.0115571507,-0.000731703201,0.29443901,0.771051
34,37,5.8125,0,0,0.032939018,0.00437384458,-1.76004488,0.771051
34,38,5.9675,0,0,-0.0298536518,-0.000253471453,0.101997482,0.771051
34,39,6.1225,0,0,0.0214465365,0.00307074171,-1.23567335,0.771051
34,40,6.2775,0,0,-0.0466325202,-0.00415729893,1.67290642,0.771051
34,41,6.4325,0,0,0.0468489079,0.00310428179,-1.24916996,0.771051
34,42,6.5875,0,0,-0.0315597877,-0.0017874853,0.719288096,0.771051
34,43,6.7425,0,0,-0.0149520632,-0.0041050551,1.65188339,0.771051
34,44,6.8975,0,0,0.0251326209,-0.000209498856,0.0843028099,0.771051
34,45,7.0525,0,0,-0.00278393294,-0.000641008462,0.257943244,0.771051
34,46,7.2075,0,0,-0.00408747314,-0.0012745668,0.51288854,0.771051
34,47,7.3625,0,0,-0.0166879155,-0.00386119371,1.55375301,0.771051
34,48,7.5175,0,0,0.0332290963,0.00128931623,-0.518823743,0.771051
34,49,7.6725,0,0,-0.0282674167,-0.00309213337,1.24428141,0.771051
34,50,7.8275,0,0,0.0366677231,0.00259136371,-1.04277057,0.771051
34,51,7.9825,0,0,-0.0149357882,0.000276316542,-0.111190397,0.771051
34,52,8.1375,0,0,-0.0164923686,-0.00228000059,0.917477353,0.771051
34,53,8.2925,0,0,0.0264731378,0.00182333577,-0.733714407,0.771051
34,54,8.4475,0,0,0.00632363156,0.00280349866,-1.12813415,0.771051
34,55,8.6025,0,0,-0.0170267828,0.000164347327,-0.0661337333,0.771051
34,56,8.7575,0,0,0.0294010421,0.00472150885,-1.89994576,0.771051
34,57,8.9125,0,0,-0.0158521962,0.00226441845,-0.911207065,0.771051
34,58,9.0675,0,0,-0.048887001,-0.0053130667,2.13798996,0.771051
34,59,9.2225,0,0,0.0599245226,0.0039752343,-1.59964321,0.771051
34,60,9.3775,0,0,-0.0302759013,-0.000717530395,0.288735841,0.771051
34,61,9.5325,0,0,0.0507706714,0.00715192367,-2.87795013,0.771051
34,62,9.6875,0,0,-0.0457983145,5.31849291e-05,-0.0214017348,0.771051
34,63,9.8425,0,0,-0.0302751972,-0.00463947064,1.8669334,0.771051
34,64,9.9975,0,0,0.016855848,-0.0020268142,0.815594582,0.771051
34,65,10.1525,0,0,-0.00104286295,-0.00218845796,0.880640393,0.771051
34,66,10.3075,0,0,0.00709770179,-0.00108831418,0.437940068,0.771051
34,67,10.4625,0,0,-0.0163439024,-0.00362161906,1.45734764,0.771051
34,68,10.6175,0,0,0.0279823072,0.00071563856,-0.287974563,0.771051
34,69,10.7725,0,0,-0.0119089518,-0.00113024897,0.454814723,0.771051
34,70,10.9275,0,0,0.0374145702,0.0046690094,-1.87881986,0.771051
34,71,11.0825,0,0,-0.0362223767,-0.000945458987,0.380454818,0.771051
34,72,11.2375,0,0,0.00952739162,0.000531286715,-0.213790966,0.771051
34,73,11.3925,0,0,0.0038391279,0.00112635154,-0.453246387,0.771051
34,74,11.5475,0,0,-0.0276414189,-0.00315806839,1.27081381,0.771051
34,75,11.7025,0,0,0.0345322429,0.00219442927,-0.883043261,0.771051
34,76,11.8575,0,0,-0.0177100566,-0.000550629514,0.221574552,0.771051
34,77,12.0125,0,0,0.0299624903,0.00409355648,-1.64725632,0.771051
34,78,12.1675,0,0,-0.00999552217,0.00254425055,-1.02381213,0.771051
34,79,12.3225,0,0,-0.00784770421,0.00132785639,-0.534332393,0.771051
34,80,12.4775,0,0,-0.0424375542,-0.00524996451,2.1125975,0.771051
34,81,12.6325,0,0,0.0578468646,0.00371629951,-1.49544726,0.771051
34,82,12.7875,0,0,-0.0240859739,-1.70264369e-05,0.00685147641,0.771051
34,83,12.9425,0,0,-0.04095306,-0.00636475073,2.56118998,0.771051
34,84,13.0975,0,0,0.0533552846,0.00190531839,-0.766704394,0.771051
34,85,13.2525,0,0,-0.0314741423,-0.00297317368,1.19641176,0.771051
34,86,13.4075,0,0,-0.0262434377,-0.00704090652,2.83327659,0.771051
34,87,13.5625,0,0,0.0414033567,-0.00062338624,0.250852022,0.771051
34,88,13.7175,0,0,-0.010540135,-0.00225710716,0.908264988,0.771051
34,89,13.8725,0,0,0.00423510363,-0.0016006661,0.644111632,0.771051
34,90,14.0275,0,0,0.00684889701,-0.000539087065,0.216929845,0.771051
34,91,14.1825,0,0,-0.00219652451,-0.000879548363,0.353932235,0.771051
34,92,14.3375,0,0,0.0114537804,0.000895787596,-0.360466939,0.771051
34,93,14.4925,0,0,-0.00581195987,-5.06618415e-06,0.00203864387,0.771051
34,94,14.6475,0,0,0.0101130281,0.00156245317,-0.628734662,0.771051
34,95,14.8025,0,0,-0.000573476014,0.00147356439,-0.592965616,0.771051
34,96,14.9575,0,0,-0.0147729477,-0.00081624251,0.328457818,0.771051
34,97,15.1125,0,0,0.0274645764,0.00344076684,-1.3845723,0.771051
34,98,15.2675,0,0,-0.0151051118,0.00109947451,-0.442431011,0.771051
34,99,15.4225,0,0,-0.0270592366,-0.00309470716,1.24531711,0.771051
34,100,15.5775,0,0,0.0384427396,0.00286391747,-1.15244682,0.771051
34,101,15.7325,0,0,-0.00769929073,0.00167052741,-0.672223977,0.771051
34,102,15.8875,0,0,-0.0490472942,-0.00593180319,2.38697092,0.771051
34,103,16.0425,0,0,0.0570662439,0.00291346462,-1.1723847,0.771051
34,104,16.1975,0,0,-0.026550624,-0.0012018821,0.483640056,0.771051
34,105,16.3525,0,0,-0.0381653517,-0.00711751162,2.86410265,0.771051
34,106,16.5075,0,0,0.050219939,0.00066657893,-0.268232857,0.771051
34,107,16.6625,0,0,-0.032361402,-0.00434943838,1.75022377,0.771051
34,108,16.8175,0,0,-0.0171850612,-0.00701312286,2.82209638,0.771051
34,109,16.9725,0,0,0.0389037163,-0.000983046843,0.395580256,0.771051
34,110,17.1275,0,0,-0.0243943015,-0.00476416358,1.91711012,0.771051
34,111,17.2825,0,0,0.0319841755,0.000193383622,-0.0778180035,0.771051
34,112,17.4375,0,0,-0.00933411701,-0.00125340451,0.50437279,0.771051
34,113,17.5925,0,0,-0.00674631763,-0.00229908375,0.92515646,0.771051
34,114,17.7475,0,0,0.0239599232,0.00141470434,-0.569280202,0.771051
34,115,17.9025,0,0,-0.014948745,-0.000902351139,0.363108123,0.771051
34,116,18.0575,0,0,0.0298367193,0.00372234035,-1.49787811,0.771051
34,117,18.2125,0,0,-0.0114241782,0.00195159273,-0.785325293,0.771051
34,118,18.3675,0,0,-0.0236504046,-0.00171421998,0.689805967,0.771051
34,119,18.5225,0,0,0.0365075708,0.0039444535,-1.58725694,0.771051
34,120,18.6775,0,0,-0.0183307851,0.00110318181,-0.443922836,0.771051
34,121,18.8325,0,0,0.0357300344,0.00664133714,-2.67248897,0.771051
34,122,18.9875,0,0,-0.0267069146,0.00250176537,-1.006716,0.771051
34,123,19.1425,0,0,-0.0493973299,-0.00515482077,2.07431145,0.771051
34,124,19.2975,0,0,0.0682747085,0.00542775904,-2.18414242,0.771051
34,125,19.4525,0,0,-0.0435166347,-0.00131731934,0.53009226,0.771051
34,126,19.6075,0,0,-0.0267889913,-0.00546961299,2.20098454,0.771051
34,127,19.7625,0,0,-0.0071491613,-0.00657773299,2.64689452,0.771051
35,0,0.0775,0,0,0,-0.000318875818,0.128316345,0.626862
35,1,0.2325,0,0,0.00210541969,7.46423419e-06,-0.00300362459,0.626862
35,2,0.3875,0,0,0.000797683746,0.000131105215,-0.0527570327,0.626862
35,3,0.5425,0,0,-0.0014761861,-9.77036302e-05,0.0393161601,0.626862
35,4,0.6975,0,0,-0.00387136352,-0.000697764975,0.280782192,0.626862
35,5,0.8525,0,0,0.00503519662,8.26905003e-05,-0.0332748429,0.626862
35,6,1.0075,0,0,0.00332802208,0.000598533923,-0.240851394,0.626862
35,7,1.1625,0,0,-0.00186781759,0.000309022197,-0.124351225,0.626862
35,8,1.3175,0,0,-0.00186460468,2.00084711e-05,-0.00805145366,0.626862
35,9,1.4725,0,0,-0.00173273173,-0.000248564948,0.100023093,0.626862
35,10,1.6275,0,0,0.00499226747,0.000525236511,-0.211356351,0.626862
35,11,1.7825,0,0,0.000236462421,0.000561888186,-0.226105067,0.626862
35,12,1.9375,0,0,-0.00491891304,-0.000200543335,0.080699088,0.626862
35,13,2.0925,0,0,-0.000132322359,-0.0002210533,0.0889523441,0.626862
35,14,2.2475,0,0,0.00160547107,2.77947152e-05,-0.0111846558,0.626862
35,15,2.4025,0,0,0.0018099769,0.000308341134,-0.124077164,0.626862
35,16,2.5575,0,0,-0.00286130558,-0.000135161231,0.0543891827,0.626862
35,17,2.7125,0,0,-0.0027663753,-0.000563949403,0.226934505,0.626862
35,18,2.8675,0,0,0.0025829517,-0.000163591889,0.0658297433,0.626862
35,19,3.0225,0,0,0.000907998308,-2.28521513e-05,0.00919575696,0.626862
35,20,3.1775,0,0,-0.00109695716,-0.000192880511,0.0776155506,0.626862
35,21,3.3325,0,0,-0.00175752703,-0.000465297201,0.187236638,0.626862
35,22,3.4875,0,0,0.00156469631,-0.000222769272,0.0896428552,0.626862
35,23,3.6425,0,0,0.00407782523,0.000409293638,-0.164700678,0.626862
35,24,3.7975,0,0,0.000287314786,0.00045382743,-0.182621176,0.626862
35,25,3.9525,0,0,-0.00463455163,-0.000264528073,0.10644669,0.626862
35,26,4.1075,0,0,0.00133474291,-5.76429227e-05,0.0231956415,0.626862
35,27,4.2625,0,0,0.00194196305,0.000243361349,-0.0979291532,0.626862
35,28,4.4175,0,0,0.00243419801,0.000620662041,-0.249755798,0.626862
35,29,4.5725,0,0,-0.00379713996,3.2105347e-05,-0.0129192637,0.626862
35,30,4.7275,0,0,-0.000553519246,-5.36901361e-05,0.0216050313,0.626862
35,31,4.8825,0,0,0.00254650662,0.000341018391,-0.137226566,0.626862
35,32,5.0375,0,0,-0.000839398482,0.000210911626,-0.0848713116,0.626862
35,33,5.1925,0,0,-0.00343041501,-0.0003208027,0.129091726,0.626862
35,34,5.3475,0,0,0.000678266737,-0.000215671356,0.0867866376,0.626862
35,35,5.5025,0,0,0.00292933581,0.000238375694,-0.0959229142,0.626862
35,36,5.6575,0,0,-0.00293462081,-0.000216490532,0.0871162759,0.626862
35,37,5.8125,0,0,0.00041367296,-0.000152371223,0.0613145221,0.626862
35,38,5.9675,0,0,0.000181934501,-0.000124171375,0.0499668401,0.626862
35,39,6.1225,0,0,-0.000816328379,-0.000250702274,0.100883158,0.626862
35,40,6.2775,0,0,-0.00193768587,-0.000551043584,0.221741175,0.626862
35,41,6.4325,0,0,0.00526756029,0.000265428261,-0.106808928,0.626862
35,42,6.5875,0,0,-0.0019858944,-4.23853711e-05,0.0170559685,0.626862
35,43,6.7425,0,0,-0.00210643095,-0.000368882169,0.148439012,0.626862
35,44,6.8975,0,0,0.00322913308,0.000131633459,-0.0529695993,0.626862
35,45,7.0525,0,0,-0.000676367326,2.67965234e-05,-0.0107829811,0.626862
35,46,7.2075,0,0,0.00198618345,0.000334654959,-0.134665906,0.626862
35,47,7.3625,0,0,-0.00256413879,-6.2786554e-05,0.0252654502,0.626862
35,48,7.5175,0,0,0.00313933414,0.000423810238,-0.170542191,0.626862
35,49,7.6725,0,0,-0.00290273325,-2.61134159e-05,0.0105080972,0.626862
35,50,7.8275,0,0,0.00197653655,0.00028024975,-0.112773128,0.626862
35,51,7.9825,0,0,0.00130239959,0.000482121685,-0.194006848,0.626862
35,52,8.1375,0,0,-0.00339940381,-4.47859054e-05,0.0180219488,0.626862
35,53,8.2925,0,0,-0.000211335659,-7.75429325e-05,0.0312034501,0.626862
35,54,8.4475,0,0,0.0014729276,0.000150760846,-0.0606665028,0.626862
35,55,8.6025,0,0,-0.000874234,1.5254576e-05,-0.00613847561,0.626862
35,56,8.7575,0,0,-0.00312052423,-0.00046842668,0.188495947,0.626862
35,57,8.9125,0,0,0.0051096809,0.00032357386,-0.130206848,0.626862
35,58,9.0675,0,0,-0.00213624972,-7.5448461e-06,0.003036063,0.626862
35,59,9.2225,0,0,-0.00154787652,-0.000247465707,0.0995807558,0.626862
35,60,9.3775,0,0,0.00026407314,-0.00020653437,0.0831098941,0.626862
35,61,9.5325,0,0,-0.000163984071,-0.000231951901,0.0933379656,0.626862
35,62,9.6875,0,0,0.000139709938,-0.000210296861,0.0846239287,0.626862
35,63,9.8425,0,0,0.000266898147,-0.000168927648,0.0679768646,0.626862
35,64,9.9975,0,0,0.00298463912,0.000293691416,-0.118182085,0.626862
35,65,10.1525,0,0,-0.00699200438,-0.000790069263,0.317925645,0.626862
35,66,10.3075,0,0,0.00736178613,0.000351007586,-0.141246241,0.626862
35,67,10.4625,0,0,-0.000745043523,0.000235525841,-0.0947761268,0.626862
35,68,10.6175,0,0,-0.00235111233,-0.000128896571,0.0518682692,0.626862
35,69,10.7725,0,0,0.000826041252,-8.6017652e-07,0.000346136962,0.626862
35,70,10.9275,0,0,0.00190115848,0.000293819388,-0.118233581,0.626862
35,71,11.0825,0,0,-0.00220190321,-4.74756093e-05,0.0191042917,0.626862
35,72,11.2375,0,0,0.000484699009,2.76527371e-05,-0.0111275234,0.626862
35,73,11.3925,0,0,0.00615702866,0.000981992179,-0.395155857,0.626862
35,74,11.5475,0,0,-0.0102977475,-0.000614158684,0.247138833,0.626862
35,75,11.7025,0,0,0.00572854979,0.000273766534,-0.110164268,0.626862
35,76,11.8575,0,0,0.000853555045,0.000406067566,-0.1634025,0.626862
35,77,12.0125,0,0,-0.00417407379,-0.000240913871,0.0969442824,0.626862
35,78,12.1675,0,0,-0.00054867219,-0.000325958061,0.131166255,0.626862
35,79,12.3225,0,0,0.00387487803,0.000274648034,-0.110518985,0.626862
35,80,12.4775,0,0,-0.00334454424,-0.000243756323,0.0980880916,0.626862
35,81,12.6325,0,0,-0.00325328894,-0.000748016108,0.301003361,0.626862
35,82,12.7875,0,0,0.00665036419,0.000282790341,-0.113795468,0.626862
35,83,12.9425,0,0,-0.00553599071,-0.000575288219,0.23149727,0.626862
35,84,13.0975,0,0,0.000601562277,-0.000482046066,0.193976419,0.626862
35,85,13.2525,0,0,0.00130018939,-0.000280516711,0.112880554,0.626862
35,86,13.4075,0,0,0.00226337481,7.03063844e-05,-0.0282914468,0.626862
35,87,13.5625,0,0,-0.00613109846,-0.000880013877,0.354119559,0.626862
35,88,13.7175,0,0,0.00804971516,0.000367691973,-0.147960075,0.626862
35,89,13.8725,0,0,0.00307302031,0.000844010122,-0.339631567,0.626862
35,90,14.0275,0,0,-0.00784319282,-0.000371684765,0.149566783,0.626862
35,91,14.1825,0,0,0.00644670826,0.000627555016,-0.252529547,0.626862
35,92,14.3375,0,0,-0.0018119012,0.00034671033,-0.139517015,0.626862
35,93,14.4925,0,0,-0.00476719257,-0.000392204519,0.157823979,0.626862
35,94,14.6475,0,0,0.00419668892,0.000258282263,-0.103933362,0.626862
35,95,14.8025,0,0,0.00743110978,0.00141010428,-0.567429126,0.626862
35,96,14.9575,0,0,-0.0153314721,-0.000966273898,0.388830785,0.626862
35,97,15.1125,0,0,0.00728999309,0.000163675031,-0.0658631998,0.626862
35,98,15.2675,0,0,0.00508349935,0.00095161743,-0.382932989,0.626862
35,99,15.4225,0,0,-0.0125911926,-0.00100001742,0.402409254,0.626862
35,100,15.5775,0,0,0.00694702516,7.67714814e-05,-0.0308930164,0.626862
35,101,15.7325,0,0,0.00502278112,0.000855302554,-0.344175667,0.626862
35,102,15.8875,0,0,-0.0101426225,-0.000716803931,0.28844351,0.626862
35,103,16.0425,0,0,0.00428149482,-5.31722331e-05,0.0213966259,0.626862
35,104,16.1975,0,0,0.00612066313,0.000895530552,-0.360363504,0.626862
35,105,16.3525,0,0,-0.0113471441,-0.000863276777,0.347384512,0.626862
35,106,16.5075,0,0,0.00430703786,-0.000195685908,0.0787444487,0.626862
35,107,16.6625,0,0,0.00582114716,0.000706591902,-0.284334167,0.626862
35,108,16.8175,0,0,-0.0101376899,-0.000864750033,0.347977354,0.626862
35,109,16.9725,0,0,0.00277886195,-0.000434026431,0.17465321,0.626862
35,110,17.1275,0,0,0.00953191835,0.00104342091,-0.419874917,0.626862
35,111,17.2825,0,0,-0.0139521424,-0.00111916115,0.450352959,0.626862
35,112,17.4375,0,0,0.00461704565,-0.000403519076,0.162376982,0.626862
35,113,17.5925,0,0,0.0102270083,0.00118166721,-0.475505538,0.626862
35,114,17.7475,0,0,-0.0109917686,-0.000522056919,0.210076876,0.626862
35,115,17.9025,0,0,0.000767144391,-0.000403149538,0.162228279,0.626862
35,116,18.0575,0,0,0.00799227305,0.000835652785,-0.336268556,0.626862
35,117,18.2125,0,0,-0.00496940724,6.5394664e-05,-0.0263149595,0.626862
35,118,18.3675,0,0,-0.00287434168,-0.000380128296,0.152964479,0.626862
35,119,18.5225,0,0,0.00593640121,0.000540013891,-0.217302802,0.626862
35,120,18.6775,0,0,-0.00114979251,0.000361796051,-0.145587543,0.626862
35,121,18.8325,0,0,-0.00577006002,-0.000532563252,0.214304648,0.626862
35,122,18.9875,0,0,0.00600501864,0.000398214638,-0.160242464,0.626862
35,123,19.1425,0,0,0.00234530769,0.000761737329,-0.306524811,0.626862
35,124,19.2975,0,0,-0.00954106432,-0.00071712764,0.288573772,0.626862
35,125,19.4525,0,0,0.00592562463,0.000201344177,-0.0810213487,0.626862
35,126,19.6075,0,0,0.00491755662,0.000963565454,-0.387740901,0.626862
35,127,19.7625,0,0,-0.0125524839,-0.000982069546,0.395186989,0.626862
36,0,0.0775,0,0,0,-0.000350265048,0.140947441,0.717544
36,1,0.2325,0,0,-0.00631747994,-0.00132947444,0.534983498,0.717544
36,2,0.3875,0,0,0.0197198969,0.00172710958,-0.694992771,0.717544
36,3,0.5425,0,0,-0.0161495821,-0.000776075645,0.312294581,0.717544
36,4,0.6975,0,0,-0.0185064142,-0.00364456984,1.46658308,0.717544
36,5,0.8525,0,0,0.0506259268,0.00420244882,-1.69107483,0.717544
36,6,1.0075,0,0,-0.0225994463,0.000699534633,-0.281494306,0.717544
36,7,1.1625,0,0,-0.0292914849,-0.00384064553,1.54548438,0.717544
36,8,1.3175,0,0,0.0442073417,0.00301149243,-1.21183131,0.717544
36,9,1.4725,0,0,-0.0121989072,0.00112066181,-0.450956827,0.717544
36,10,1.6275,0,0,-0.014856007,-0.00118201928,0.475647209,0.717544
36,11,1.7825,0,0,0.00380722396,-0.000591899561,0.238181712,0.717544
36,12,1.9375,0,0,-0.000590798303,-0.000683473298,0.275031189,0.717544
36,13,2.0925,0,0,0.00219442044,-0.00034333813,0.138160034,0.717544
36,14,2.2475,0,0,-0.0157710243,-0.00278784689,1.12183584,0.717544
36,15,2.4025,0,0,0.0455768799,0.0042765695,-1.72090116,0.717544
36,16,2.5575,0,0,-0.00906871538,0.00287091861,-1.15526409,0.717544
36,17,2.7125,0,0,-0.0230694199,-0.000704841469,0.283629789,0.717544
36,18,2.8675,0,0,0.00114980351,-0.000526621925,0.211913844,0.717544
36,19,3.0225,0,0,0.00956850006,0.000956495584,-0.38489597,0.717544
36,20,3.1775,0,0,-0.00809573459,-0.000298343278,0.120054005,0.717544
36,21,3.3325,0,0,-0.0274022386,-0.00454569027,1.82919597,0.717544
36,22,3.4875,0,0,0.0515202777,0.00343995278,-1.38424472,0.717544
36,23,3.6425,0,0,-0.0238805998,-0.000261540191,0.10524436,0.717544
36,24,3.7975,0,0,-0.0159381479,-0.00273195312,1.09934407,0.717544
36,25,3.9525,0,0,0.0352965671,0.00273901478,-1.10218569,0.717544
36,26,4.1075,0,0,-0.0140452425,0.000562002188,-0.226150942,0.717544
36,27,4.2625,0,0,-0.00707455858,-0.000534554393,0.215105887,0.717544
36,28,4.4175,0,0,-0.00781434578,-0.00174577799,0.70250498,0.717544
36,29,4.5725,0,0,0.00879999987,-0.000381778008,0.153628327,0.717544
36,30,4.7275,0,0,-0.0107808712,-0.00205281304,0.826056575,0.717544
36,31,4.8825,0,0,0.00516069174,-0.00125290582,0.504172114,0.717544
36,32,5.0375,0,0,0.0227515221,0.0022735801,-0.914893736,0.717544
36,33,5.1925,0,0,-0.00611673655,0.00132548594,-0.533378516,0.717544
36,34,5.3475,0,0,-0.00592468291,0.000407160086,-0.163842132,0.717544
36,35,5.5025,0,0,-0.0162112864,-0.00210558931,0.847293863,0.717544
36,36,5.6575,0,0,0.0188246126,0.000812225648,-0.326841423,0.717544
36,37,5.8125,0,0,-0.0115919127,-0.000984520822,0.396173388,0.717544
36,38,5.9675,0,0,-0.0150103579,-0.00331112629,1.33240465,0.717544
36,39,6.1225,0,0,0.0456997559,0.00377233588,-1.51799642,0.717544
36,40,6.2775,0,0,-0.0250363678,-0.000108301124,0.0435806154,0.717544
36,41,6.4325,0,0,-0.0105442077,-0.00174265332,0.701247607,0.717544
36,42,6.5875,0,0,0.0280561238,0.00260604586,-1.0486787,0.717544
36,43,6.7425,0,0,-0.0150446027,0.000274132444,-0.110311511,0.717544
36,44,6.8975,0,0,-0.0205756141,-0.00291508773,1.17303785,0.717544
36,45,7.0525,0,0,0.022892721,0.000633284023,-0.254834912,0.717544
36,46,7.2075,0,0,-0.00069355812,0.000525782514,-0.211576064,0.717544
36,47,7.3625,0,0,-0.0147174317,-0.0017554194,0.706384705,0.717544
36,48,7.5175,0,0,0.0217634606,0.001617917,-0.651053432,0.717544
36,49,7.6725,0,0,-0.00173587542,0.00134885631,-0.542782806,0.717544
36,50,7.8275,0,0,-0.000253717657,0.00130953007,-0.52695784,0.717544
36,51,7.9825,0,0,-0.0172027382,-0.00135689435,0.546017332,0.717544
36,52,8.1375,0,0,0.000325090511,-0.00130650532,0.525740674,0.717544
36,53,8.2925,0,0,0.0066358228,-0.000277952788,0.111848826,0.717544
36,54,8.4475,0,0,-0.00559039253,-0.00114446363,0.460534733,0.717544
36,55,8.6025,0,0,0.0240093182,0.00257698069,-1.03698281,0.717544
36,56,8.7575,0,0,0.00312559216,0.00306144748,-1.23193334,0.717544
36,57,8.9125,0,0,-0.0144021457,0.000829114901,-0.333637697,0.717544
36,58,9.0675,0,0,-0.0266420151,-0.00330039744,1.32808734,0.717544
36,59,9.2225,0,0,0.0299414375,0.00134052538,-0.539430421,0.717544
36,60,9.3775,0,0,-0.00806100768,9.1069188e-05,-0.0366464456,0.717544
36,61,9.5325,0,0,-0.0132732522,-0.00196628491,0.791237461,0.717544
36,62,9.6875,0,0,0.0364059241,0.00367663333,-1.4794855,0.717544
36,63,9.8425,0,0,-0.0234955542,3.48224372e-05,-0.0140126269,0.717544
36,64,9.9975,0,0,-0.00253964812,-0.000358823021,0.144391189,0.717544
36,65,10.1525,0,0,0.0309055474,0.00443153683,-1.78326036,0.717544
36,66,10.3075,0,0,-0.0233102779,0.000818443757,-0.329343605,0.717544
36,67,10.4625,0,0,-0.0134017136,-0.00125882185,0.506552736,0.717544
36,68,10.6175,0,0,0.00473152984,-0.000525434721,0.211436111,0.717544
36,69,10.7725,0,0,0.00898850328,0.000867783287,-0.349197942,0.717544
36,70,10.9275,0,0,-0.0127188643,-0.00110364067,0.444107483,0.717544
36,71,11.0825,0,0,0.0133643529,0.000967834029,-0.389458585,0.717544
36,72,11.2375,0,0,-0.0210932783,-0.0023016241,0.926178704,0.717544
36,73,11.3925,0,0,0.0335937406,0.00290540569,-1.16914177,0.717544
36,74,11.5475,0,0,-0.0153043446,0.000533232288,-0.214573869,0.717544
36,75,11.7025,0,0,-0.0115598187,-0.00125853961,0.506439163,0.717544
36,76,11.8575,0,0,0.0141877779,0.000940565963,-0.378485855,0.717544
36,77,12.0125,0,0,-0.0092211192,-0.000488707513,0.196657,0.717544
36,78,12.1675,0,0,0.00320641092,8.28617996e-06,-0.00333437741,0.717544
36,79,12.3225,0,0,0.027807808,0.00431849641,-1.73777265,0.717544
36,80,12.4775,0,0,-0.0210519385,0.00105544595,-0.424713818,0.717544
36,81,12.6325,0,0,-0.0355647481,-0.00445709001,1.79354302,0.717544
36,82,12.7875,0,0,0.0336204681,0.000754082546,-0.303444509,0.717544
36,83,12.9425,0,0,0.00249591489,0.00114094935,-0.45912058,0.717544
36,84,13.0975,0,0,-0.0137248051,-0.000986395436,0.396927737,0.717544
36,85,13.2525,0,0,0.0224811726,0.00249818631,-1.00527578,0.717544
36,86,13.4075,0,0,-0.0161072212,1.56702657e-06,-0.000630575007,0.717544
36,87,13.5625,0,0,-0.0061924018,-0.000958255253,0.385604064,0.717544
36,88,13.7175,0,0,0.053855148,0.00738929268,-2.97346796,0.717544
36,89,13.8725,0,0,-0.0454338264,0.000347049586,-0.139653532,0.717544
36,90,14.0275,0,0,-0.0271803155,-0.00386589932,1.55564656,0.717544
36,91,14.1825,0,0,0.0237333015,-0.000187237592,0.0753448273,0.717544
36,92,14.3375,0,0,0.00528031987,0.000631211987,-0.25400112,0.717544
36,93,14.4925,0,0,-0.00897051116,-0.000759217242,0.305510722,0.717544
36,94,14.6475,0,0,0.00999853973,0.000790556417,-0.318121676,0.717544
36,95,14.8025,0,0,-0.0207002347,-0.00241797997,0.973000565,0.717544
36,96,14.9575,0,0,0.0303174413,0.00228122344,-0.91796943,0.717544
36,97,15.1125,0,0,-0.0597825464,-0.00698507125,2.81080835,0.717544
36,98,15.2675,0,0,0.0315473128,-0.00209523777,0.843128382,0.717544
36,99,15.4225,0,0,0.0280345359,0.00225011529,-0.905451442,0.717544
36,100,15.5775,0,0,-0.0163618333,-0.000285968873,0.115074516,0.717544
36,101,15.7325,0,0,0.00441357136,0.000398134688,-0.160210292,0.717544
36,102,15.8875,0,0,0.0187865657,0.00331005237,-1.3319725,0.717544
36,103,16.0425,0,0,-0.0169479865,0.000683114457,-0.274886791,0.717544
36,104,16.1975,0,0,-0.0394137082,-0.00542601031,2.18343873,0.717544
36,105,16.3525,0,0,0.0512396565,0.00251613645,-1.01249896,0.717544
36,106,16.5075,0,0,-0.0206542328,-0.00068526963,0.275754037,0.717544
36,107,16.6625,0,0,-0.0186138183,-0.00357041146,1.43674159,0.717544
36,108,16.8175,0,0,0.0364049978,0.00207236319,-0.833923599,0.717544
36,109,16.9725,0,0,-0.0241306392,-0.00166788589,0.671161025,0.717544
36,110,17.1275,0,0,0.0181740494,0.00114909176,-0.462397105,0.717544
36,111,17.2825,0,0,0.0133495358,0.00321826981,-1.295039,0.717544
36,112,17.4375,0,0,-0.024245495,-0.000539781917,0.217209455,0.717544
36,113,17.5925,0,0,0.0472067783,0.00677726872,-2.72718814,0.717544
36,114,17.7475,0,0,-0.0526681232,-0.00138629038,0.557846361,0.717544
36,115,17.9025,0,0,0.000784685365,-0.00126466415,0.508903692,0.717544
36,116,18.0575,0,0,-0.00961296801,-0.00275467419,1.10848708,0.717544
36,117,18.2125,0,0,0.0228282693,0.000783707543,-0.315365674,0.717544
36,118,18.3675,0,0,-0.0057163677,-0.00010232945,0.0411776004,0.717544
36,119,18.5225,0,0,0.0131809624,0.00194071973,-0.780949974,0.717544
36,120,18.6775,0,0,0.013631615,0.00405362005,-1.63118581,0.717544
36,121,18.8325,0,0,-0.0645037185,-0.00594445631,2.39206256,0.717544
36,122,18.9875,0,0,0.0587356159,0.00315956416,-1.27141571,0.717544
36,123,19.1425,0,0,-0.0422258312,-0.00338543969,1.36230853,0.717544
36,124,19.2975,0,0,0.0339942146,0.00188366358,-0.757990451,0.717544
36,125,19.4525,0,0,-0.0104729441,0.000260357244,-0.104768339,0.717544
36,126,19.6075,0,0,-0.0103419069,-0.00134263832,0.540280674,0.717544
36,127,19.7625,0,0,0.0289511864,0.00314479556,-1.26547279,0.717544
37,0,0.0775,0,0,0,-2.98221433e-05,0.0120004974,0.723543
37,1,0.2325,0,0,-0.00621048968,-0.000992448043,0.39936332,0.723543
37,2,0.3875,0,0,-0.000980297482,-0.00114439415,0.460506775,0.723543
37,3,0.5425,0,0,0.0107754658,0.000525803044,-0.211584325,0.723543
37,4,0.6975,0,0,-0.00787051227,-0.000694126358,0.279318004,0.723543
37,5,0.8525,0,0,-9.52149257e-05,-0.000708884671,0.285256783,0.723543
37,6,1.0075,0,0,-0.00414213847,-0.00135091613,0.543611684,0.723543
37,7,1.1625,0,0,0.0115682398,0.000442161041,-0.177926595,0.723543
37,8,1.3175,0,0,-0.00399846918,-0.000177601682,0.0714673153,0.723543
37,9,1.4725,0,0,-0.0022537157,-0.000526927615,0.212036855,0.723543
37,10,1.6275,0,0,-0.00762337613,-0.00170855092,0.687524723,0.723543
37,11,1.7825,0,0,0.0124731992,0.00022479496,-0.0904579965,0.723543
37,12,1.9375,0,0,0.00527776211,0.00104284809,-0.419644411,0.723543
37,13,2.0925,0,0,-0.0123405723,-0.000869940621,0.350066058,0.723543
37,14,2.2475,0,0,0.00711522024,0.000232918515,-0.0937269333,0.723543
37,15,2.4025,0,0,-0.000192859757,0.000203025253,-0.0816978175,0.723543
37,16,2.5575,0,0,0.00282577483,0.000641020352,-0.257948028,0.723543
37,17,2.7125,0,0,-0.00850364893,-0.000677045231,0.272444521,0.723543
37,18,2.8675,0,0,0.00652093695,0.000333699996,-0.134281627,0.723543
37,19,3.0225,0,0,0.00478291457,0.00107505175,-0.432603239,0.723543
37,20,3.1775,0,0,0.00246955454,0.00145783271,-0.586635154,0.723543
37,21,3.3325,0,0,-0.0113401378,-0.000299888646,0.120675864,0.723543
37,22,3.4875,0,0,2.43126144e-05,-0.000296120191,0.119159429,0.723543
37,23,3.6425,0,0,0.0206993435,0.00291227805,-1.17190722,0.723543
37,24,3.7975,0,0,-0.0117463391,0.00109159548,-0.439260472,0.723543
37,25,3.9525,0,0,-0.00306964339,0.000615800755,-0.247799606,0.723543
37,26,4.1075,0,0,-0.00362931859,5.3256374e-05,-0.0214304844,0.723543
37,27,4.2625,0,0,0.0197247674,0.00311059531,-1.25171054,0.723543
37,28,4.4175,0,0,-0.00809784293,0.00185542966,-0.746629059,0.723543
37,29,4.5725,0,0,-0.00692371246,0.000782254229,-0.314780857,0.723543
37,30,4.7275,0,0,-0.0122840567,-0.00112177457,0.451404603,0.723543
37,31,4.8825,0,0,0.0275937583,0.00315525796,-1.26968289,0.723543
37,32,5.0375,0,0,0.000914827953,0.0032970563,-1.32674285,0.723543
37,33,5.1925,0,0,-0.0146648149,0.00102400999,-0.412063917,0.723543
37,34,5.3475,0,0,0.00161893155,0.00127494438,-0.513040479,0.723543
37,35,5.5025,0,0,0.0354294133,0.00676650344,-2.72285617,0.723543
37,36,5.6575,0,0,-0.0195940468,0.00372942619,-1.50072947,0.723543
37,37,5.8125,0,0,-0.0209458605,0.000482817817,-0.194286973,0.723543
37,38,5.9675,0,0,0.0071992166,0.00159869639,-0.643319016,0.723543
37,39,6.1225,0,0,-0.0542184589,-0.00680516474,2.73841356,0.723543
37,40,6.2775,0,0,0.0730611181,0.00451930857,-1.81857991,0.723543
37,41,6.4325,0,0,-0.0126617769,0.00255673315,-1.02883516,0.723543
37,42,6.5875,0,0,-0.00845809298,0.00124572874,-0.501284039,0.723543
37,43,6.7425,0,0,-0.0444204449,-0.00563944022,2.2693234,0.723543
37,44,6.8975,0,0,0.0661775816,0.00461808493,-1.85832774,0.723543
37,45,7.0525,0,0,-0.00149150511,0.00438690164,-1.76529906,0.723543
37,46,7.2075,0,0,-0.036834201,-0.00132239952,0.532136533,0.723543
37,47,7.3625,0,0,-0.026131393,-0.00537276543,2.16201286,0.723543
37,48,7.5175,0,0,-0.015072224,-0.00770896015,3.10210286,0.723543
37,49,7.6725,0,0,0.0801701571,0.0047174142,-1.89829806,0.723543
37,50,7.8275,0,0,-0.0341241462,-0.000571828457,0.230105054,0.723543
37,51,7.9825,0,0,-0.0216406554,-0.00392613005,1.57988354,0.723543
37,52,8.1375,0,0,-0.00794389152,-0.00515743323,2.07536271,0.723543
37,53,8.2925,0,0,0.0575132091,0.00375711418,-1.51187118,0.723543
37,54,8.4475,0,0,-0.0346666018,-0.0016162091,0.650366168,0.723543
37,55,8.6025,0,0,-0.00672397169,-0.00265842471,1.06975607,0.723543
37,56,8.7575,0,0,-0.0179646899,-0.00544295164,2.19025595,0.723543
37,57,8.9125,0,0,0.00913758641,-0.00402662574,1.62032324,0.723543
37,58,9.0675,0,0,0.0234908289,-0.00038554726,0.155145082,0.723543
37,59,9.2225,0,0,-0.0110025689,-0.00209094544,0.841401138,0.723543
37,60,9.3775,0,0,-0.0134542515,-0.00417635442,1.68057439,0.723543
37,61,9.5325,0,0,0.00929038711,-0.00273634442,1.10111113,0.723543
37,62,9.6875,0,0,0.0232819069,0.000872351147,-0.351036059,0.723543
37,63,9.8425,0,0,-0.0191679072,-0.00209867447,0.844511317,0.723543
37,64,9.9975,0,0,0.00235727771,-0.00173329643,0.697482372,0.723543
37,65,10.1525,0,0,-0.009230245,-0.0031639844,1.27319442,0.723543
37,66,10.3075,0,0,0.0206458185,3.61174698e-05,-0.0145337509,0.723543
37,67,10.4625,0,0,-0.00697612902,-0.00104518253,0.420583795,0.723543
37,68,10.6175,0,0,-0.00389810986,-0.00164938956,0.663718059,0.723543
37,69,10.7725,0,0,-0.00432806108,-0.00232023903,0.933669391,0.723543
37,70,10.9275,0,0,0.0168500573,0.000291519854,-0.117308243,0.723543
37,71,11.0825,0,0,-0.0046078685,-0.000422699765,0.170095334,0.723543
37,72,11.2375,0,0,-0.00764987207,-0.00160842994,0.647235816,0.723543
37,73,11.3925,0,0,0.0074625279,-0.000451738111,0.18178043,0.723543
37,74,11.5475,0,0,0.00118083097,-0.000268709311,0.10812923,0.723543
37,75,11.7025,0,0,0.00207650128,5.31483873e-05,-0.0213870303,0.723543
37,76,11.8575,0,0,-0.00714782699,-0.0010547648,0.424439721,0.723543
37,77,12.0125,0,0,0.00102615528,-0.000895710727,0.360436007,0.723543
37,78,12.1675,0,0,0.00747263006,0.000262546933,-0.105649475,0.723543
37,79,12.3225,0,0,0.00168676174,0.000523995002,-0.210856765,0.723543
37,80,12.4775,0,0,-0.00776987474,-0.000680335583,0.273768565,0.723543
37,81,12.6325,0,0,-0.000414341469,-0.000744558511,0.299612016,0.723543
37,82,12.7875,0,0,0.014026817,0.00142959812,-0.575273493,0.723543
37,83,12.9425,0,0,-0.00831556809,0.000140685067,-0.0566119869,0.723543
37,84,13.0975,0,0,-0.000290540514,9.56512879e-05,-0.0384902929,0.723543
37,85,13.2525,0,0,-0.00552267349,-0.000760363103,0.305971819,0.723543
37,86,13.4075,0,0,0.0104555483,0.000860246884,-0.346165277,0.723543
37,87,13.5625,0,0,-0.0018557959,0.00057259852,-0.230414929,0.723543
37,88,13.7175,0,0,-0.00278122064,0.00014150932,-0.0569436679,0.723543
37,89,13.8725,0,0,-0.00155926906,-0.000100177385,0.0403116046,0.723543
37,90,14.0275,0,0,0.00338905485,0.000425126116,-0.171071703,0.723543
37,91,14.1825,0,0,0.00507480586,0.00121172102,-0.48759926,0.723543
37,92,14.3375,0,0,-0.00776071665,8.80994405e-06,-0.00354514126,0.723543
37,93,14.4925,0,0,0.00135711295,0.000219162452,-0.0881914625,0.723543
37,94,14.6475,0,0,-0.000146475043,0.00019645882,-0.0790554702,0.723543
37,95,14.8025,0,0,0.00743373589,0.00134868788,-0.542715031,0.723543
37,96,14.9575,0,0,-0.00839187513,4.79472383e-05,-0.0192940763,0.723543
37,97,15.1125,0,0,6.8835344e-05,5.86167166e-05,-0.0235874983,0.723543
37,98,15.2675,0,0,0.00815720239,0.00132298309,-0.532371363,0.723543
37,99,15.4225,0,0,-0.00165308211,0.00106675536,-0.429264751,0.723543
37,100,15.5775,0,0,-0.00311440579,0.000584022462,-0.23501195,0.723543
37,101,15.7325,0,0,-0.00409454562,-5.06321091e-05,0.0203744743,0.723543
37,102,15.8875,0,0,0.0112340169,0.00169064052,-0.680317538,0.723543
37,103,16.0425,0,0,-0.00605342261,0.000752360013,-0.302751358,0.723543
37,104,16.1975,0,0,0.00053416727,0.00083515594,-0.336068624,0.723543
37,105,16.3525,0,0,-0.00479280593,9.22710197e-05,-0.0371300654,0.723543
37,106,16.5075,0,0,0.00637903653,0.00108102168,-0.435005551,0.723543
37,107,16.6625,0,0,0.00174655529,0.00135173775,-0.543942305,0.723543
37,108,16.8175,0,0,-0.00544640557,0.000507544887,-0.204237202,0.723543
37,109,16.9725,0,0,0.000490280713,0.000583538398,-0.234817161,0.723543
37,110,17.1275,0,0,0.0027529553,0.00101024647,-0.406525447,0.723543
37,111,17.2825,0,0,0.0013311863,0.00121658035,-0.489554662,0.723543
37,112,17.4375,0,0,-0.00753027363,4.93879349e-05,-0.0198738158,0.723543
37,113,17.5925,0,0,0.000178739147,7.70925026e-05,-0.0310221961,0.723543
37,114,17.7475,0,0,0.0089021149,0.00145692031,-0.586268003,0.723543
37,115,17.9025,0,0,-0.0089667537,6.70734881e-05,-0.0269905221,0.723543
37,116,18.0575,0,0,0.000468971594,0.000139764085,-0.0562413816,0.723543
37,117,18.2125,0,0,-0.00545186771,-0.00070527541,0.283804408,0.723543
37,118,18.3675,0,0,0.00970203274,0.000798539664,-0.321334153,0.723543
37,119,18.5225,0,0,-0.00917978729,-0.000624327365,0.251230733,0.723543
37,120,18.6775,0,0,0.000823925257,-0.00049661895,0.19984058,0.723543
37,121,18.8325,0,0,-0.00349206105,-0.00103788841,0.417648627,0.723543
37,122,18.9875,0,0,0.00494327343,-0.000271681031,0.109325056,0.723543
37,123,19.1425,0,0,-0.00466286201,-0.000994424642,0.400158708,0.723543
37,124,19.2975,0,0,-0.00251983884,-0.00138499966,0.557326972,0.723543
37,125,19.4525,0,0,0.00150520969,-0.00115169216,0.46344351,0.723543
37,126,19.6075,0,0,-0.000142080397,-0.00117371462,0.472305398,0.723543
37,127,19.7625,0,0,-0.00356675783,-0.00172656208,0.694772458,0.723543
38,0,0.0775,0,0,0,-2.98221433e-05,0.0120004974,0.702483
38,1,0.2325,0,0,-0.00621048968,-0.000992448043,0.39936332,0.702483
38,2,0.3875,0,0,-0.000980297482,-0.00114439415,0.460506775,0.702483
38,3,0.5425,0,0,0.0107754658,0.000525803044,-0.211584325,0.702483
38,4,0.6975,0,0,-0.00787051227,-0.000694126358,0.279318004,0.702483
38,5,0.8525,0,0,-9.52149257e-05,-0.000708884671,0.285256783,0.702483
38,6,1.0075,0,0,-0.00414213847,-0.00135091613,0.543611684,0.702483
38,7,1.1625,0,0,0.0115682398,0.000442161041,-0.177926595,0.702483
38,8,1.3175,0,0,-0.00399846918,-0.000177601682,0.0714673153,0.702483
38,9,1.4725,0,0,-0.0022537157,-0.000526927615,0.212036855,0.702483
38,10,1.6275,0,0,-0.00762337613,-0.00170855092,0.687524723,0.702483
38,11,1.7825,0,0,0.0124731992,0.00022479496,-0.0904579965,0.702483
38,12,1.9375,0,0,0.00527776211,0.00104284809,-0.419644411,0.702483
38,13,2.0925,0,0,-0.0123405723,-0.000869940621,0.350066058,0.702483
38,14,2.2475,0,0,0.00711522024,0.000232918515,-0.0937269333,0.702483
38,15,2.4025,0,0,-0.000192859757,0.000203025253,-0.0816978175,0.702483
38,16,2.5575,0,0,0.00282577483,0.000641020352,-0.257948028,0.702483
38,17,2.7125,0,0,-0.00850364893,-0.000677045231,0.272444521,0.702483
38,18,2.8675,0,0,0.00652093695,0.000333699996,-0.134281627,0.702483
38,19,3.0225,0,0,0.00478291457,0.00107505175,-0.432603239,0.702483
38,20,3.1775,0,0,0.00246955454,0.00145783271,-0.586635154,0.702483
38,21,3.3325,0,0,-0.0113401378,-0.000299888646,0.120675864,0.702483
38,22,3.4875,0,0,2.43126144e-05,-0.000296120191,0.119159429,0.702483
38,23,3.6425,0,0,0.0206993435,0.00291227805,-1.17190722,0.702483
38,24,3.7975,0,0,-0.0117463391,0.00109159548,-0.439260472,0.702483
38,25,3.9525,0,0,-0.00306964339,0.000615800755,-0.247799606,0.702483
38,26,4.1075,0,0,-0.00362931859,5.3256374e-05,-0.0214304844,0.702483
38,27,4.2625,0,0,0.0197247674,0.00311059531,-1.25171054,0.702483
38,28,4.4175,0,0,-0.00809784293,0.00185542966,-0.746629059,0.702483
38,29,4.5725,0,0,-0.00692371246,0.000782254229,-0.314780857,0.702483
38,30,4.7275,0,0,-0.0122840567,-0.00112177457,0.451404603,0.702483
38,31,4.8825,0,0,0.0275937583,0.00315525796,-1.26968289,0.702483
38,32,5.0375,0,0,0.000914827953,0.0032970563,-1.32674285,0.702483
38,33,5.1925,0,0,-0.0146648149,0.00102400999,-0.412063917,0.702483
38,34,5.3475,0,0,0.00161893155,0.00127494438,-0.513040479,0.702483
38,35,5.5025,0,0,0.0354294133,0.00676650344,-2.72285617,0.702483
38,36,5.6575,0,0,-0.0195940468,0.00372942619,-1.50072947,0.702483
38,37,5.8125,0,0,-0.0209458605,0.000482817817,-0.194286973,0.702483
38,38,5.9675,0,0,0.0071992166,0.00159869639,-0.643319016,0.702483
38,39,6.1225,0,0,-0.0542184589,-0.00680516474,2.73841356,0.702483
38,40,6.2775,0,0,0.0730611181,0.00451930857,-1.81857991,0.702483
38,41,6.4325,0,0,-0.0126617769,0.00255673315,-1.02883516,0.702483
38,42,6.5875,0,0,-0.00845809298,0.00124572874,-0.501284039,0.702483
38,43,6.7425,0,0,-0.0444204449,-0.00563944022,2.2693234,0.702483
38,44,6.8975,0,0,0.0661775816,0.00461808493,-1.85832774,0.702483
38,45,7.0525,0,0,-0.00149150511,0.00438690164,-1.76529906,0.702483
38,46,7.2075,0,0,-0.036834201,-0.00132239952,0.532136533,0.702483
38,47,7.3625,0,0,-0.026131393,-0.00537276543,2.16201286,0.702483
38,48,7.5175,0,0,-0.015072224,-0.00770896015,3.10210286,0.702483
38,49,7.6725,0,0,0.0801701571,0.0047174142,-1.89829806,0.702483
38,50,7.8275,0,0,-0.0341241462,-0.000571828457,0.230105054,0.702483
38,51,7.9825,0,0,-0.0216406554,-0.00392613005,1.57988354,0.702483
38,52,8.1375,0,0,-0.00794389152,-0.00515743323,2.07536271,0.702483
38,53,8.2925,0,0,0.0575132091,0.00375711418,-1.51187118,0.702483
38,54,8.4475,0,0,-0.0346666018,-0.0016162091,0.650366168,0.702483
38,55,8.6025,0,0,-0.00672397169,-0.00265842471,1.06975607,0.702483
38,56,8.7575,0,0,-0.0179646899,-0.00544295164,2.19025595,0.702483
38,57,8.9125,0,0,0.00913758641,-0.00402662574,1.62032324,0.702483
38,58,9.0675,0,0,0.0234908289,-0.00038554726,0.155145082,0.702483
38,59,9.2225,0,0,-0.0110025689,-0.00209094544,0.841401138,0.702483
38,60,9.3775,0,0,-0.0134542515,-0.00417635442,1.68057439,0.702483
38,61,9.5325,0,0,0.00929038711,-0.00273634442,1.10111113,0.702483
38,62,9.6875,0,0,0.0232819069,0.000872351147,-0.351036059,0.702483
38,63,9.8425,0,0,-0.0191679072,-0.00209867447,0.844511317,0.702483
38,64,9.9975,0,0,0.00235727771,-0.00173329643,0.697482372,0.702483
38,65,10.1525,0,0,-0.009230245,-0.0031639844,1.27319442,0.702483
38,66,10.3075,0,0,0.0206458185,3.61174698e-05,-0.0145337509,0.702483
38,67,10.4625,0,0,-0.00697612902,-0.00104518253,0.420583795,0.702483
38,68,10.6175,0,0,-0.00389810986,-0.00164938956,0.663718059,0.702483
38,69,10.7725,0,0,-0.00432806108,-0.00232023903,0.933669391,0.702483
38,70,10.9275,0,0,0.0168500573,0.000291519854,-0.117308243,0.702483
38,71,11.0825,0,0,-0.0046078685,-0.000422699765,0.170095334,0.702483
38,72,11.2375,0,0,-0.00764987207,-0.00160842994,0.647235816,0.702483
38,73,11.3925,0,0,0.0074625279,-0.000451738111,0.18178043,0.702483
38,74,11.5475,0,0,0.00118083097,-0.000268709311,0.10812923,0.702483
38,75,11.7025,0,0,0.00207650128,5.31483873e-05,-0.0213870303,0.702483
38,76,11.8575,0,0,-0.00714782699,-0.0010547648,0.424439721,0.702483
38,77,12.0125,0,0,0.00102615528,-0.000895710727,0.360436007,0.702483
38,78,12.1675,0,0,0.00747263006,0.000262546933,-0.105649475,0.702483
38,79,12.3225,0,0,0.00168676174,0.000523995002,-0.210856765,0.702483
38,80,12.4775,0,0,-0.00776987474,-0.000680335583,0.273768565,0.702483
38,81,12.6325,0,0,-0.000414341469,-0.000744558511,0.299612016,0.702483
38,82,12.7875,0,0,0.014026817,0.00142959812,-0.575273493,0.702483
38,83,12.9425,0,0,-0.00831556809,0.000140685067,-0.0566119869,0.702483
38,84,13.0975,0,0,-0.000290540514,9.56512879e-05,-0.0384902929,0.702483
38,85,13.2525,0,0,-0.00552267349,-0.000760363103,0.305971819,0.702483
38,86,13.4075,0,0,0.0104555483,0.000860246884,-0.346165277,0.702483
38,87,13.5625,0,0,-0.0018557959,0.00057259852,-0.230414929,0.702483
38,88,13.7175,0,0,-0.00278122064,0.00014150932,-0.0569436679,0.702483
38,89,13.8725,0,0,-0.00155926906,-0.000100177385,0.0403116046,0.702483
38,90,14.0275,0,0,0.00338905485,0.000425126116,-0.171071703,0.702483
38,91,14.1825,0,0,0.00507480586,0.00121172102,-0.48759926,0.702483
38,92,14.3375,0,0,-0.00776071665,8.80994405e-06,-0.00354514126,0.702483
38,93,14.4925,0,0,0.00135711295,0.000219162452,-0.0881914625,0.702483
38,94,14.6475,0,0,-0.000146475043,0.00019645882,-0.0790554702,0.702483
38,95,14.8025,0,0,0.00743373589,0.00134868788,-0.542715031,0.702483
38,96,14.9575,0,0,-0.00839187513,4.79472383e-05,-0.0192940763,0.702483
38,97,15.1125,0,0,6.8835344e-05,5.86167166e-05,-0.0235874983,0.702483
38,98,15.2675,0,0,0.00815720239,0.00132298309,-0.532371363,0.702483
38,99,15.4225,0,0,-0.00165308211,0.00106675536,-0.429264751,0.702483
38,100,15.5775,0,0,-0.00311440579,0.000584022462,-0.23501195,0.702483
38,101,15.7325,0,0,-0.00409454562,-5.06321091e-05,0.0203744743,0.702483
38,102,15.8875,0,0,0.0112340169,0.00169064052,-0.680317538,0.702483
38,103,16.0425,0,0,-0.00605342261,0.000752360013,-0.302751358,0.702483
38,104,16.1975,0,0,0.00053416727,0.00083515594,-0.336068624,0.702483
38,105,16.3525,0,0,-0.00479280593,9.22710197e-05,-0.0371300654,0.702483
38,106,16.5075,0,0,0.00637903653,0.00108102168,-0.435005551,0.702483
38,107,16.6625,0,0,0.00174655529,0.00135173775,-0.543942305,0.702483
38,108,16.8175,0,0,-0.00544640557,0.000507544887,-0.204237202,0.702483
38,109,16.9725,0,0,0.000490280713,0.000583538398,-0.234817161,0.702483
38,110,17.1275,0,0,0.0027529553,0.00101024647,-0.406525447,0.702483
38,111,17.2825,0,0,0.0013311863,0.00121658035,-0.489554662,0.702483
38,112,17.4375,0,0,-0.00753027363,4.93879349e-05,-0.0198738158,0.702483
38,113,17.5925,0,0,0.000178739147,7.70925026e-05,-0.0310221961,0.702483
38,114,17.7475,0,0,0.0089021149,0.00145692031,-0.586268003,0.702483
38,115,17.9025,0,0,-0.0089667537,6.70734881e-05,-0.0269905221,0.702483
38,116,18.0575,0,0,0.000468971594,0.000139764085,-0.0562413816,0.702483
38,117,18.2125,0,0,-0.00545186771,-0.00070527541,0.283804408,0.702483
38,118,18.3675,0,0,0.00970203274,0.000798539664,-0.321334153,0.702483
38,119,18.5225,0,0,-0.00917978729,-0.000624327365,0.251230733,0.702483
38,120,18.6775,0,0,0.000823925257,-0.00049661895,0.19984058,0.702483
38,121,18.8325,0,0,-0.00349206105,-0.00103788841,0.417648627,0.702483
38,122,18.9875,0,0,0.00494327343,-0.000271681031,0.109325056,0.702483
38,123,19.1425,0,0,-0.00466286201,-0.000994424642,0.400158708,0.702483
38,124,19.2975,0,0,-0.00251983884,-0.00138499966,0.557326972,0.702483
38,125,19.4525,0,0,0.00150520969,-0.00115169216,0.46344351,0.702483
38,126,19.6075,0,0,-0.000142080397,-0.00117371462,0.472305398,0.702483
38,127,19.7625,0,0,-0.00356675783,-0.00172656208,0.694772458,0.702483
39,0,0.0775,0,0,0,-0.00178465512,0.718149226,0.714514
39,1,0.2325,0,0,0.00963147254,-0.000291776879,0.117411671,0.714514
39,2,0.3875,0,0,0.00895496571,0.00109624281,-0.441130565,0.714514
39,3,0.5425,0,0,-0.00753056011,-7.09940115e-05,0.0285681496,0.714514
39,4,0.6975,0,0,-0.00045646263,-0.000141745719,0.0570387955,0.714514
39,5,0.8525,0,0,0.000545868856,-5.71360466e-05,0.0229916734,0.714514
39,6,1.0075,0,0,0.0105668345,0.0015807233,-0.636086605,0.714514
39,7,1.1625,0,0,0.00962241353,0.0030721974,-1.23625913,0.714514
39,8,1.3175,0,0,-0.0606155331,-0.00632321024,2.54447399,0.714514
39,9,1.4725,0,0,0.0181598511,-0.00350843332,1.41180144,0.714514
39,10,1.6275,0,0,0.0159752218,-0.00103227394,0.415389352,0.714514
39,11,1.7825,0,0,0.00298128322,-0.000570175045,0.229439718,0.714514
39,12,1.9375,0,0,0.000552700346,-0.000484506491,0.194966499,0.714514
39,13,2.0925,0,0,0.000798511863,-0.000360737153,0.14516144,0.714514
39,14,2.2475,0,0,0.0093235276,0.00108440963,-0.436368867,0.714514
39,15,2.4025,0,0,0.00599512717,0.00201365434,-0.810299025,0.714514
39,16,2.5575,0,0,-0.00921588953,0.000585191461,-0.235482357,0.714514
39,17,2.7125,0,0,0.00511482505,0.00137798934,-0.554506005,0.714514
39,18,2.8675,0,0,0.00731306052,0.00251151372,-1.01063876,0.714514
39,19,3.0225,0,0,0.0182949174,0.00534722592,-2.15173571,0.714514
39,20,3.1775,0,0,0.00978210733,0.00686345255,-2.76186871,0.714514
39,21,3.3325,0,0,-0.0761348274,-0.00493744569,1.98683923,0.714514
39,22,3.4875,0,0,0.0121581979,-0.00305292502,1.22850388,0.714514
39,23,3.6425,0,0,0.0231987036,0.000542874038,-0.218453731,0.714514
39,24,3.7975,0,0,-0.00107872827,0.000375671156,-0.151170916,0.714514
39,25,3.9525,0,0,-0.0390123461,-0.00567124249,2.28212071,0.714514
39,26,4.1075,0,0,0.027620959,-0.00138999384,0.559336641,0.714514
39,27,4.2625,0,0,0.012250003,0.000508756621,-0.204724806,0.714514
39,28,4.4175,0,0,0.0149268231,0.0028224142,-1.13574581,0.714514
39,29,4.5725,0,0,-0.0184916202,-4.37869287e-05,0.0176199584,0.714514
39,30,4.7275,0,0,0.0211451741,0.00323371506,-1.3012542,0.714514
39,31,4.8825,0,0,0.00806583745,0.00448391987,-1.80433942,0.714514
39,32,5.0375,0,0,-0.0746425684,-0.00708567824,2.85129283,0.714514
39,33,5.1925,0,0,0.013989984,-0.00491723072,1.97870468,0.714514
39,34,5.3475,0,0,0.0157653877,-0.00247359563,0.995380433,0.714514
39,35,5.5025,0,0,-0.0131535277,-0.00451239243,1.81579684,0.714514
39,36,5.6575,0,0,0.0177055039,-0.00176803932,0.711462989,0.714514
39,37,5.8125,0,0,-0.00899034446,-0.00316154271,1.27221188,0.714514
39,38,5.9675,0,0,0.00216607923,-0.00282580043,1.13710843,0.714514
39,39,6.1225,0,0,0.0128859914,-0.000828471767,0.333378898,0.714514
39,40,6.2775,0,0,0.00947193728,0.000639678512,-0.257408069,0.714514
39,41,6.4325,0,0,0.0258686018,0.00464931179,-1.8708935,0.714514
39,42,6.5875,0,0,-0.0358484858,-0.000907203503,0.365060726,0.714514
39,43,6.7425,0,0,0.00101006692,-0.000750643131,0.30206048,0.714514
39,44,6.8975,0,0,0.014811444,0.00154513069,-0.621764058,0.714514
39,45,7.0525,0,0,-0.00133266516,0.00133856759,-0.538642603,0.714514
39,46,7.2075,0,0,-0.0163372283,-0.00119370279,0.48034868,0.714514
39,47,7.3625,0,0,0.00181172442,-0.000912885501,0.367347174,0.714514
39,48,7.5175,0,0,-0.0120461211,-0.00278003427,1.11869203,0.714514
39,49,7.6725,0,0,0.00588048857,-0.00186855854,0.75191215,0.714514
39,50,7.8275,0,0,0.0054308901,-0.00102677058,0.413174784,0.714514
39,51,7.9825,0,0,-0.00243196929,-0.00140372582,0.564862419,0.714514
39,52,8.1375,0,0,0.0160746875,0.00108785075,-0.437753584,0.714514
39,53,8.2925,0,0,0.00234116846,0.00145073186,-0.583777758,0.714514
39,54,8.4475,0,0,-0.0421802683,-0.00508720972,2.04710461,0.714514
39,55,8.6025,0,0,0.0361487771,0.000515850726,-0.20757949,0.714514
39,56,8.7575,0,0,0.00289199682,0.000964110234,-0.387960122,0.714514
39,57,8.9125,0,0,0.0216960944,0.00432700487,-1.74119647,0.714514
39,58,9.0675,0,0,0.00415489514,0.00497101361,-2.00034703,0.714514
39,59,9.2225,0,0,-0.067278658,-0.00545717837,2.19598082,0.714514
39,60,9.3775,0,0,0.0400210244,0.000746080415,-0.300224434,0.714514
39,61,9.5325,0,0,-0.00923830002,-0.000685856088,0.275990029,0.714514
39,62,9.6875,0,0,0.0418018185,0.00579342578,-2.33128754,0.714514
39,63,9.8425,0,0,-0.0215158033,0.00245847627,-0.989296369,0.714514
39,64,9.9975,0,0,-0.0262411238,-0.00160889792,0.647424133,0.714514
39,65,10.1525,0,0,0.0173760064,0.00108438307,-0.436358181,0.714514
39,66,10.3075,0,0,0.000763365337,0.0012027047,-0.483971069,0.714514
39,67,10.4625,0,0,-0.0188921392,-0.00172557688,0.694376009,0.714514
39,68,10.6175,0,0,0.0229651488,0.00183402118,-0.73801424,0.714514
39,69,10.7725,0,0,0.00281500922,0.00227034761,-0.913592975,0.714514
39,70,10.9275,0,0,0.02868398,0.00671636451,-2.70268015,0.714514
39,71,11.0825,0,0,0.00635547493,0.00770146313,-3.09908605,0.714514
39,72,11.2375,0,0,-0.0633258404,-0.00211404213,0.850695298,0.714514
39,73,11.3925,0,0,0.0401319218,0.00410640575,-1.65242689,0.714514
39,74,11.5475,0,0,0.00284642225,0.0045476012,-1.82996493,0.714514
39,75,11.7025,0,0,-0.0662079402,-0.00571462954,2.29957975,0.714514
39,76,11.8575,0,0,0.00800344746,-0.00447409518,1.80038594,0.714514
39,77,12.0125,0,0,0.017892315,-0.00170078635,0.684400244,0.714514
39,78,12.1675,0,0,0.000160085584,-0.00167597309,0.674415331,0.714514
39,79,12.3225,0,0,0.0148519479,0.00062607884,-0.25193553,0.714514
39,80,12.4775,0,0,-0.0125475503,-0.00131879146,0.530684641,0.714514
39,81,12.6325,0,0,0.00513800279,-0.000522401022,0.210215344,0.714514
39,82,12.7875,0,0,0.0150326446,0.00180765889,-0.727405996,0.714514
39,83,12.9425,0,0,-0.0155501924,-0.000602620922,0.242496011,0.714514
39,84,13.0975,0,0,0.000489053724,-0.000526817595,0.211992582,0.714514
39,85,13.2525,0,0,0.0085497032,0.000798386401,-0.32127248,0.714514
39,86,13.4075,0,0,0.000815870773,0.000924846371,-0.372160255,0.714514
39,87,13.5625,0,0,0.0395318688,0.00705228603,-2.83785573,0.714514
39,88,13.7175,0,0,-0.0662819349,-0.00322141388,1.29630417,0.714514
39,89,13.8725,0,0,0.0017387301,-0.00295191071,1.1878555,0.714514
39,90,14.0275,0,0,0.0216118985,0.000397933559,-0.160129357,0.714514
39,91,14.1825,0,0,-0.00447395547,-0.00029552954,0.11892175,0.714514
39,92,14.3375,0,0,-0.0159067448,-0.00276107499,1.11106277,0.714514
39,93,14.4925,0,0,0.0160659003,-0.000270860444,0.108994851,0.714514
39,94,14.6475,0,0,-0.00163540281,-0.00052434788,0.210998764,0.714514
39,95,14.8025,0,0,0.0166187662,0.00205156089,-0.825552705,0.714514
39,96,14.9575,0,0,-0.00652843084,0.00103965411,-0.418359146,0.714514
39,97,15.1125,0,0,-0.00089308198,0.000901226401,-0.362655526,0.714514
39,98,15.2675,0,0,0.0124743724,0.00283475412,-1.14071142,0.714514
39,99,15.4225,0,0,0.00109978088,0.00300522016,-1.20930734,0.714514
39,100,15.5775,0,0,0.0229979171,0.00656989731,-2.64374142,0.714514
39,101,15.7325,0,0,-0.043312146,-0.000143485326,0.0577388173,0.714514
39,102,15.8875,0,0,-0.00704832628,-0.0012359759,0.497359476,0.714514
39,103,16.0425,0,0,0.0367586238,0.00446161078,-1.79536219,0.714514
39,104,16.1975,0,0,0.00217161994,0.00479821188,-1.93081123,0.714514
39,105,16.3525,0,0,-0.0631361689,-0.00498789431,2.00713986,0.714514
39,106,16.5075,0,0,0.0213623832,-0.00167672491,0.674717867,0.714514
39,107,16.6625,0,0,0.00753515089,-0.000508776522,0.204732814,0.714514
39,108,16.8175,0,0,0.0261115164,0.00353850852,-1.42390377,0.714514
39,109,16.9725,0,0,-0.0145254862,0.00128705816,-0.517915093,0.714514
39,110,17.1275,0,0,-0.0161069135,-0.00120951344,0.486710921,0.714514
39,111,17.2825,0,0,0.021286365,0.00208987314,-0.840969643,0.714514
39,112,17.4375,0,0,0.0011189742,0.00226331415,-0.910762691,0.714514
39,113,17.5925,0,0,-0.049213821,-0.00536482811,2.15881887,0.714514
39,114,17.7475,0,0,0.0479675544,0.00207014282,-0.833030116,0.714514
39,115,17.9025,0,0,-0.0118759893,0.000229364473,-0.0922967787,0.714514
39,116,18.0575,0,0,0.0418318772,0.00671330545,-2.70144918,0.714514
39,117,18.2125,0,0,-0.0824289935,-0.00606318855,2.43984068,0.714514
39,118,18.3675,0,0,0.0162711542,-0.00354115965,1.42497059,0.714514
39,119,18.5225,0,0,0.0125917,-0.00158944614,0.639596695,0.714514
39,120,18.6775,0,0,0.00943407674,-0.000127164248,0.0511711789,0.714514
39,121,18.8325,0,0,-0.015059027,-0.00246131344,0.99043805,0.714514
39,122,18.9875,0,0,0.00665706583,-0.00142946823,0.575221224,0.714514
39,123,19.1425,0,0,0.00339647851,-0.000903014061,0.363374885,0.714514
39,124,19.2975,0,0,0.0115198463,0.000882562111,-0.355144974,0.714514
39,125,19.4525,0,0,0.00355469922,0.00143354049,-0.57685991,0.714514
39,126,19.6075,0,0,-0.00672504006,0.00039115928,-0.157403372,0.714514
39,127,19.7625,0,0,0.0073327262,0.00152773184,-0.614762722,0.714514
40,0,0.0775,0,0,0,0.00127999024,-0.515070947,0.724923
40,1,0.2325,0,0,-0.00989440426,-0.000253642416,0.102066277,0.724923
40,2,0.3875,0,0,-0.0214268366,-0.00357480209,1.43850839,0.724923
40,3,0.5425,0,0,0.0344873846,0.00177074252,-0.712550766,0.724923
40,4,0.6975,0,0,0.000526249401,0.00185231118,-0.745374177,0.724923
40,5,0.8525,0,0,-0.0095519612,0.000371757196,-0.14959593,0.724923
40,6,1.0075,0,0,-0.0281102059,-0.00398532472,1.60370361,0.724923
40,7,1.1625,0,0,0.0686602686,0.00665701691,-2.67879855,0.724923
40,8,1.3175,0,0,-0.0334904974,0.00146598982,-0.589917593,0.724923
40,9,1.4725,0,0,-0.0128790713,-0.000530266231,0.213380322,0.724923
40,10,1.6275,0,0,-0.00980593074,-0.0020501855,0.824999245,0.724923
40,11,1.7825,0,0,0.0519182767,0.00599714739,-2.41326557,0.724923
40,12,1.9375,0,0,-0.0237451227,0.00231665337,-0.932226517,0.724923
40,13,2.0925,0,0,-0.0185217337,-0.000554215345,0.223017498,0.724923
40,14,2.2475,0,0,-0.0105201964,-0.00218484578,0.879186847,0.724923
40,15,2.4025,0,0,0.0112895075,-0.000434972128,0.175033761,0.724923
40,16,2.5575,0,0,0.0163539348,0.00209988777,-0.844999552,0.724923
40,17,2.7125,0,0,-0.0111970998,0.000364337298,-0.146610146,0.724923
40,18,2.8675,0,0,-0.0197132002,-0.00269120874,1.08294844,0.724923
40,19,3.0225,0,0,-0.00549142343,-0.00354237937,1.42546141,0.724923
40,20,3.1775,0,0,0.0333304945,0.00162384728,-0.653439789,0.724923
40,21,3.3325,0,0,-0.00886061119,0.000250452544,-0.100782666,0.724923
40,22,3.4875,0,0,-0.0147372175,-0.00203381616,0.818412187,0.724923
40,23,3.6425,0,0,-0.015108295,-0.00437560189,1.76075202,0.724923
40,24,3.7975,0,0,0.0308967416,0.000413393067,-0.166350298,0.724923
40,25,3.9525,0,0,-0.0037187017,-0.000163005696,0.0655938578,0.724923
40,26,4.1075,0,0,-0.00820468038,-0.00143473115,0.577339036,0.724923
40,27,4.2625,0,0,0.0120894771,0.000439137803,-0.176710037,0.724923
40,28,4.4175,0,0,0.00860051837,0.00177221815,-0.713144561,0.724923
40,29,4.5725,0,0,-0.00697227817,0.000691515034,-0.278267202,0.724923
40,30,4.7275,0,0,-0.0105348611,-0.000941388437,0.37881682,0.724923
40,31,4.8825,0,0,0.0075286852,0.000225557768,-0.090764952,0.724923
40,32,5.0375,0,0,0.0169329647,0.0028501673,-1.14691372,0.724923
40,33,5.1925,0,0,-0.00640361464,0.00185760703,-0.747505239,0.724923
40,34,5.3475,0,0,-0.0179819176,-0.000929590188,0.374069178,0.724923
40,35,5.5025,0,0,-0.0220543965,-0.00434802165,1.74965367,0.724923
40,36,5.6575,0,0,0.0463191467,0.00283144608,-1.13938026,0.724923
40,37,5.8125,0,0,-0.0131149003,0.000798636536,-0.321373134,0.724923
40,38,5.9675,0,0,-0.0109453522,-0.000897893049,0.361314178,0.724923
40,39,6.1225,0,0,-0.0148232949,-0.00319550376,1.28587789,0.724923
40,40,6.2775,0,0,0.0262170519,0.000868139279,-0.349341194,0.724923
40,41,6.4325,0,0,-0.00120546033,0.000681292928,-0.274153803,0.724923
40,42,6.5875,0,0,-0.00973262521,-0.00082726398,0.332892882,0.724923
40,43,6.7425,0,0,-0.00955946647,-0.00230898128,0.92913925,0.724923
40,44,6.8975,0,0,0.0376304452,0.00352373773,-1.41795997,0.724923
40,45,7.0525,0,0,-0.00957163693,0.002040134,-0.820954501,0.724923
40,46,7.2075,0,0,-0.0195175286,-0.000985082929,0.396399581,0.724923
40,47,7.3625,0,0,-0.0162999415,-0.00351157386,1.4130652,0.724923
40,48,7.5175,0,0,0.0506587893,0.00434053849,-1.74664243,0.724923
40,49,7.6725,0,0,-0.0157194767,0.0019040196,-0.766181758,0.724923
40,50,7.8275,0,0,-0.0168601194,-0.000709298905,0.285423471,0.724923
40,51,7.9825,0,0,-0.0161014561,-0.00320502461,1.28970909,0.724923
40,52,8.1375,0,0,0.0598485185,0.00607149576,-2.44318352,0.724923
40,53,8.2925,0,0,-0.0319596669,0.00111774738,-0.449784055,0.724923
40,54,8.4475,0,0,-0.00998974908,-0.000430663724,0.173300049,0.724923
40,55,8.6025,0,0,-0.00954242252,-0.00190973921,0.768483345,0.724923
40,56,8.7575,0,0,0.0464941057,0.00529684717,-2.13146319,0.724923
40,57,8.9125,0,0,-0.0261748292,0.00123974865,-0.498877641,0.724923
40,58,9.0675,0,0,-0.0136533354,-0.000876518336,0.352712946,0.724923
40,59,9.2225,0,0,-0.00636528384,-0.00186313733,0.749730644,0.724923
40,60,9.3775,0,0,0.0293075621,0.00267953479,-1.07825081,0.724923
40,61,9.5325,0,0,-0.00253735779,0.00228624433,-0.919989851,0.724923
40,62,9.6875,0,0,-0.0133562348,0.00021602794,-0.0869301279,0.724923
40,63,9.8425,0,0,-0.0197661251,-0.00284772144,1.1459295,0.724923
40,64,9.9975,0,0,-0.00345367257,-0.00338304069,1.36134317,0.724923
40,65,10.1525,0,0,0.0354113074,0.00210571196,-0.847343217,0.724923
40,66,10.3075,0,0,-0.0103788302,0.000496993274,-0.199991209,0.724923
40,67,10.4625,0,0,-0.0147341992,-0.00178680761,0.719015391,0.724923
40,68,10.6175,0,0,0.0599504269,0.00750550856,-3.02023349,0.724923
40,69,10.7725,0,0,-0.0393497865,0.00140629165,-0.565894918,0.724923
40,70,10.9275,0,0,-0.0108179709,-0.000270493841,0.108847329,0.724923
40,71,11.0825,0,0,-0.00720021446,-0.00138652708,0.55794161,0.724923
40,72,11.2375,0,0,-0.00478047293,-0.00212750039,0.85611093,0.724923
40,73,11.3925,0,0,0.0277931418,0.0021804366,-0.877412579,0.724923
40,74,11.5475,0,0,-0.0137628108,4.72009218e-05,-0.0189937569,0.724923
40,75,11.7025,0,0,-0.0121425307,-0.00183489133,0.738364391,0.724923
40,76,11.8575,0,0,-0.00905198881,-0.0032379496,1.30295819,0.724923
40,77,12.0125,0,0,0.037994391,0.002651181,-1.06684119,0.724923
40,78,12.1675,0,0,-0.00965738106,0.00115428694,-0.464487655,0.724923
40,79,12.3225,0,0,-0.0222144091,-0.00228894647,0.921077195,0.724923
40,80,12.4775,0,0,-0.0204913234,-0.0054651016,2.19916915,0.724923
40,81,12.6325,0,0,0.0513965435,0.00250136265,-1.00655394,0.724923
40,82,12.7875,0,0,-0.0110719916,0.000785203943,-0.315967829,0.724923
40,83,12.9425,0,0,-0.0112732539,-0.000962150418,0.387171487,0.724923
40,84,13.0975,0,0,-0.0369331634,-0.00668679075,2.6907796,0.724923
40,85,13.2525,0,0,0.0759796998,0.00509006273,-2.04825266,0.724923
40,86,13.4075,0,0,-0.0347905365,-0.000302470428,0.121714779,0.724923
40,87,13.5625,0,0,-0.00535129504,-0.00113192116,0.455487615,0.724923
40,88,13.7175,0,0,0.0013221973,-0.000926980577,0.373019065,0.724923
40,89,13.8725,0,0,0.0347819575,0.00446422284,-1.79641329,0.724923
40,90,14.0275,0,0,-0.0264384094,0.000366269385,-0.147387623,0.724923
40,91,14.1825,0,0,-0.0144453803,-0.00187276456,0.753604662,0.724923
40,92,14.3375,0,0,-0.00491809326,-0.00263506902,1.06035769,0.724923
40,93,14.4925,0,0,0.037227542,0.0031352,-1.26161151,0.724923
40,94,14.6475,0,0,-0.00496617614,0.00236544269,-0.951859449,0.724923
40,95,14.8025,0,0,-0.0261664997,-0.00169036475,0.680206571,0.724923
40,96,14.9575,0,0,-0.015938062,-0.00416076437,1.67430092,0.724923
40,97,15.1125,0,0,0.025397889,-0.000224091579,0.0901749543,0.724923
40,98,15.2675,0,0,0.0116414244,0.00158032921,-0.635928021,0.724923
40,99,15.4225,0,0,-0.00629378715,0.000604792202,-0.243369739,0.724923
40,100,15.5775,0,0,-0.0362201706,-0.00500933425,2.01576734,0.724923
40,101,15.7325,0,0,-0.000807448883,-0.00513448882,2.06612983,0.724923
40,102,15.8875,0,0,0.0390159736,0.000912987092,-0.367388055,0.724923
40,103,16.0425,0,0,-0.00401981258,0.000289916142,-0.116662906,0.724923
40,104,16.1975,0,0,-0.00507110404,-0.000496104983,0.199633759,0.724923
40,105,16.3525,0,0,0.0508198596,0.00738097326,-2.9701202,0.724923
40,106,16.5075,0,0,-0.0346224607,0.00201449186,-0.810636044,0.724923
40,107,16.6625,0,0,-0.016188538,-0.00049473154,0.199081082,0.724923
40,108,16.8175,0,0,-0.00694099691,-0.00157058606,0.632007356,0.724923
40,109,16.9725,0,0,0.0531136664,0.00666203223,-2.68081672,0.724923
40,110,17.1275,0,0,-0.0166033297,0.00408851612,-1.64522806,0.724923
40,111,17.2825,0,0,-0.0279976146,-0.000251114143,0.101048895,0.724923
40,112,17.4375,0,0,-0.0148495125,-0.00255278858,1.02724785,0.724923
40,113,17.5925,0,0,0.00552761416,-0.00169600838,0.682477579,0.724923
40,114,17.7475,0,0,0.0312235347,0.0031436395,-1.26500759,0.724923
40,115,17.9025,0,0,-0.0106091349,0.00149922358,-0.603290935,0.724923
40,116,18.0575,0,0,-0.0284695681,-0.00291355946,1.17242287,0.724923
40,117,18.2125,0,0,-0.00606320593,-0.00385335638,1.55059926,0.724923
40,118,18.3675,0,0,0.039574509,0.00228069251,-0.917755783,0.724923
40,119,18.5225,0,0,-0.00450956025,0.00158171067,-0.636483922,0.724923
40,120,18.6775,0,0,-0.0182239993,-0.00124300922,0.500189701,0.724923
40,121,18.8325,0,0,-0.0214295088,-0.00456458309,1.83679848,0.724923
40,122,18.9875,0,0,0.0660663231,0.00567569698,-2.2839132,0.724923
40,123,19.1425,0,0,-0.0310401698,0.000864470667,-0.347864937,0.724923
40,124,19.2975,0,0,-0.00473474285,0.000130585525,-0.0525479085,0.724923
40,125,19.4525,0,0,-0.0257140976,-0.00385509961,1.55130073,0.724923
40,126,19.6075,0,0,0.0719490344,0.00729700072,-2.93632947,0.724923
40,127,19.7625,0,0,-0.0443694525,0.00041973558,-0.168902539,0.724923
41,0,0.0775,0,0,0,0.00127999024,-0.515070947,0.744037
41,1,0.2325,0,0,-0.00989440426,-0.000253642416,0.102066277,0.744037
41,2,0.3875,0,0,-0.0214268366,-0.00357480209,1.43850839,0.744037
41,3,0.5425,0,0,0.0344873846,0.00177074252,-0.712550766,0.744037
41,4,0.6975,0,0,0.000526249401,0.00185231118,-0.745374177,0.744037
41,5,0.8525,0,0,-0.0095519612,0.000371757196,-0.14959593,0.744037
41,6,1.0075,0,0,-0.0281102059,-0.00398532472,1.60370361,0.744037
41,7,1.1625,0,0,0.0686602686,0.00665701691,-2.67879855,0.744037
41,8,1.3175,0,0,-0.0334904974,0.00146598982,-0.589917593,0.744037
41,9,1.4725,0,0,-0.0128790713,-0.000530266231,0.213380322,0.744037
41,10,1.6275,0,0,-0.00980593074,-0.0020501855,0.824999245,0.744037
41,11,1.7825,0,0,0.0519182767,0.00599714739,-2.41326557,0.744037
41,12,1.9375,0,0,-0.0237451227,0.00231665337,-0.932226517,0.744037
41,13,2.0925,0,0,-0.0185217337,-0.000554215345,0.223017498,0.744037
41,14,2.2475,0,0,-0.0105201964,-0.00218484578,0.879186847,0.744037
41,15,2.4025,0,0,0.0112895075,-0.000434972128,0.175033761,0.744037
41,16,2.5575,0,0,0.0163539348,0.00209988777,-0.844999552,0.744037
41,17,2.7125,0,0,-0.0111970998,0.000364337298,-0.146610146,0.744037
41,18,2.8675,0,0,-0.0197132002,-0.00269120874,1.08294844,0.744037
41,19,3.0225,0,0,-0.00549142343,-0.00354237937,1.42546141,0.744037
41,20,3.1775,0,0,0.0333304945,0.00162384728,-0.653439789,0.744037
41,21,3.3325,0,0,-0.00886061119,0.000250452544,-0.100782666,0.744037
41,22,3.4875,0,0,-0.0147372175,-0.00203381616,0.818412187,0.744037
41,23,3.6425,0,0,-0.015108295,-0.00437560189,1.76075202,0.744037
41,24,3.7975,0,0,0.0308967416,0.000413393067,-0.166350298,0.744037
41,25,3.9525,0,0,-0.0037187017,-0.000163005696,0.0655938578,0.744037
41,26,4.1075,0,0,-0.00820468038,-0.00143473115,0.577339036,0.744037
41,27,4.2625,0,0,0.0120894771,0.000439137803,-0.176710037,0.744037
41,28,4.4175,0,0,0.00860051837,0.00177221815,-0.713144561,0.744037
41,29,4.5725,0,0,-0.00697227817,0.000691515034,-0.278267202,0.744037
41,30,4.7275,0,0,-0.0105348611,-0.000941388437,0.37881682,0.744037
41,31,4.8825,0,0,0.0075286852,0.000225557768,-0.090764952,0.744037
41,32,5.0375,0,0,0.0169329647,0.0028501673,-1.14691372,0.744037
41,33,5.1925,0,0,-0.00640361464,0.00185760703,-0.747505239,0.744037
41,34,5.3475,0,0,-0.0179819176,-0.000929590188,0.374069178,0.744037
41,35,5.5025,0,0,-0.0220543965,-0.00434802165,1.74965367,0.744037
41,36,5.6575,0,0,0.0463191467,0.00283144608,-1.13938026,0.744037
41,37,5.8125,0,0,-0.0131149003,0.000798636536,-0.321373134,0.744037
41,38,5.9675,0,0,-0.0109453522,-0.000897893049,0.361314178,0.744037
41,39,6.1225,0,0,-0.0148232949,-0.00319550376,1.28587789,0.744037
41,40,6.2775,0,0,0.0262170519,0.000868139279,-0.349341194,0.744037
41,41,6.4325,0,0,-0.00120546033,0.000681292928,-0.274153803,0.744037
41,42,6.5875,0,0,-0.00973262521,-0.00082726398,0.332892882,0.744037
41,43,6.7425,0,0,-0.00955946647,-0.00230898128,0.92913925,0.744037
41,44,6.8975,0,0,0.0376304452,0.00352373773,-1.41795997,0.744037
41,45,7.0525,0,0,-0.00957163693,0.002040134,-0.820954501,0.744037
41,46,7.2075,0,0,-0.0195175286,-0.000985082929,0.396399581,0.744037
41,47,7.3625,0,0,-0.0162999415,-0.00351157386,1.4130652,0.744037
41,48,7.5175,0,0,0.0506587893,0.00434053849,-1.74664243,0.744037
41,49,7.6725,0,0,-0.0157194767,0.0019040196,-0.766181758,0.744037
41,50,7.8275,0,0,-0.0168601194,-0.000709298905,0.285423471,0.744037
41,51,7.9825,0,0,-0.0161014561,-0.00320502461,1.28970909,0.744037
41,52,8.1375,0,0,0.0598485185,0.00607149576,-2.44318352,0.744037
41,53,8.2925,0,0,-0.0319596669,0.00111774738,-0.449784055,0.744037
41,54,8.4475,0,0,-0.00998974908,-0.000430663724,0.173300049,0.744037
41,55,8.6025,0,0,-0.00954242252,-0.00190973921,0.768483345,0.744037
41,56,8.7575,0,0,0.0464941057,0.00529684717,-2.13146319,0.744037
41,57,8.9125,0,0,-0.0261748292,0.00123974865,-0.498877641,0.744037
41,58,9.0675,0,0,-0.0136533354,-0.000876518336,0.352712946,0.744037
41,59,9.2225,0,0,-0.00636528384,-0.00186313733,0.749730644,0.744037
41,60,9.3775,0,0,0.0293075621,0.00267953479,-1.07825081,0.744037
41,61,9.5325,0,0,-0.00253735779,0.00228624433,-0.919989851,0.744037
41,62,9.6875,0,0,-0.0133562348,0.00021602794,-0.0869301279,0.744037
41,63,9.8425,0,0,-0.0197661251,-0.00284772144,1.1459295,0.744037
41,64,9.9975,0,0,-0.00345367257,-0.00338304069,1.36134317,0.744037
41,65,10.1525,0,0,0.0354113074,0.00210571196,-0.847343217,0.744037
41,66,10.3075,0,0,-0.0103788302,0.000496993274,-0.199991209,0.744037
41,67,10.4625,0,0,-0.0147341992,-0.00178680761,0.719015391,0.744037
41,68,10.6175,0,0,0.0599504269,0.00750550856,-3.02023349,0.744037
41,69,10.7725,0,0,-0.0393497865,0.00140629165,-0.565894918,0.744037
41,70,10.9275,0,0,-0.0108179709,-0.000270493841,0.108847329,0.744037
41,71,11.0825,0,0,-0.00720021446,-0.00138652708,0.55794161,0.744037
41,72,11.2375,0,0,-0.00478047293,-0.00212750039,0.85611093,0.744037
41,73,11.3925,0,0,0.0277931418,0.0021804366,-0.877412579,0.744037
41,74,11.5475,0,0,-0.0137628108,4.72009218e-05,-0.0189937569,0.744037
41,75,11.7025,0,0,-0.0121425307,-0.00183489133,0.738364391,0.744037
41,76,11.8575,0,0,-0.00905198881,-0.0032379496,1.30295819,0.744037
41,77,12.0125,0,0,0.037994391,0.002651181,-1.06684119,0.744037
41,78,12.1675,0,0,-0.00965738106,0.00115428694,-0.464487655,0.744037
41,79,12.3225,0,0,-0.0222144091,-0.00228894647,0.921077195,0.744037
41,80,12.4775,0,0,-0.0204913234,-0.0054651016,2.19916915,0.744037
41,81,12.6325,0,0,0.0513965435,0.00250136265,-1.00655394,0.744037
41,82,12.7875,0,0,-0.0110719916,0.000785203943,-0.315967829,0.744037
41,83,12.9425,0,0,-0.0112732539,-0.000962150418,0.387171487,0.744037
41,84,13.0975,0,0,-0.0369331634,-0.00668679075,2.6907796,0.744037
41,85,13.2525,0,0,0.0759796998,0.00509006273,-2.04825266,0.744037
41,86,13.4075,0,0,-0.0347905365,-0.000302470428,0.121714779,0.744037
41,87,13.5625,0,0,-0.00535129504,-0.00113192116,0.455487615,0.744037
41,88,13.7175,0,0,0.0013221973,-0.000926980577,0.373019065,0.744037
41,89,13.8725,0,0,0.0347819575,0.00446422284,-1.79641329,0.744037
41,90,14.0275,0,0,-0.0264384094,0.000366269385,-0.147387623,0.744037
41,91,14.1825,0,0,-0.0144453803,-0.00187276456,0.753604662,0.744037
41,92,14.3375,0,0,-0.00491809326,-0.00263506902,1.06035769,0.744037
41,93,14.4925,0,0,0.037227542,0.0031352,-1.26161151,0.744037
41,94,14.6475,0,0,-0.00496617614,0.00236544269,-0.951859449,0.744037
41,95,14.8025,0,0,-0.0261664997,-0.00169036475,0.680206571,0.744037
41,96,14.9575,0,0,-0.015938062,-0.00416076437,1.67430092,0.744037
41,97,15.1125,0,0,0.025397889,-0.000224091579,0.0901749543,0.744037
41,98,15.2675,0,0,0.0116414244,0.00158032921,-0.635928021,0.744037
41,99,15.4225,0,0,-0.00629378715,0.000604792202,-0.243369739,0.744037
41,100,15.5775,0,0,-0.0362201706,-0.00500933425,2.01576734,0.744037
41,101,15.7325,0,0,-0.000807448883,-0.00513448882,2.06612983,0.744037
41,102,15.8875,0,0,0.0390159736,0.000912987092,-0.367388055,0.744037
41,103,16.0425,0,0,-0.00401981258,0.000289916142,-0.116662906,0.744037
41,104,16.1975,0,0,-0.00507110404,-0.000496104983,0.199633759,0.744037
41,105,16.3525,0,0,0.0508198596,0.00738097326,-2.9701202,0.744037
41,106,16.5075,0,0,-0.0346224607,0.00201449186,-0.810636044,0.744037
41,107,16.6625,0,0,-0.016188538,-0.00049473154,0.199081082,0.744037
41,108,16.8175,0,0,-0.00694099691,-0.00157058606,0.632007356,0.744037
41,109,16.9725,0,0,0.0531136664,0.00666203223,-2.68081672,0.744037
41,110,17.1275,0,0,-0.0166033297,0.00408851612,-1.64522806,0.744037
41,111,17.2825,0,0,-0.0279976146,-0.000251114143,0.101048895,0.744037
41,112,17.4375,0,0,-0.0148495125,-0.00255278858,1.02724785,0.744037
41,113,17.5925,0,0,0.00552761416,-0.00169600838,0.682477579,0.744037
41,114,17.7475,0,0,0.0312235347,0.0031436395,-1.26500759,0.744037
41,115,17.9025,0,0,-0.0106091349,0.00149922358,-0.603290935,0.744037
41,116,18.0575,0,0,-0.0284695681,-0.00291355946,1.17242287,0.744037
41,117,18.2125,0,0,-0.00606320593,-0.00385335638,1.55059926,0.744037
41,118,18.3675,0,0,0.039574509,0.00228069251,-0.917755783,0.744037
41,119,18.5225,0,0,-0.00450956025,0.00158171067,-0.636483922,0.744037
41,120,18.6775,0,0,-0.0182239993,-0.00124300922,0.500189701,0.744037
41,121,18.8325,0,0,-0.0214295088,-0.00456458309,1.83679848,0.744037
41,122,18.9875,0,0,0.0660663231,0.00567569698,-2.2839132,0.744037
41,123,19.1425,0,0,-0.0310401698,0.000864470667,-0.347864937,0.744037
41,124,19.2975,0,0,-0.00473474285,0.000130585525,-0.0525479085,0.744037
41,125,19.4525,0,0,-0.0257140976,-0.00385509961,1.55130073,0.744037
41,126,19.6075,0,0,0.0719490344,0.00729700072,-2.93632947,0.744037
41,127,19.7625,0,0,-0.0443694525,0.00041973558,-0.168902539,0.744037
42,0,0.0775,0,0,0,-0.000318875818,0.128316345,0.654179
42,1,0.2325,0,0,0.00210541969,7.46423419e-06,-0.00300362459,0.654179
42,2,0.3875,0,0,0.000797683746,0.000131105215,-0.0527570327,0.654179
42,3,0.5425,0,0,-0.0014761861,-9.77036302e-05,0.0393161601,0.654179
42,4,0.6975,0,0,-0.00387136352,-0.000697764975,0.280782192,0.654179
42,5,0.8525,0,0,0.00503519662,8.26905003e-05,-0.0332748429,0.654179
42,6,1.0075,0,0,0.00332802208,0.000598533923,-0.240851394,0.654179
42,7,1.1625,0,0,-0.00186781759,0.000309022197,-0.124351225,0.654179
42,8,1.3175,0,0,-0.00186460468,2.00084711e-05,-0.00805145366,0.654179
42,9,1.4725,0,0,-0.00173273173,-0.000248564948,0.100023093,0.654179
42,10,1.6275,0,0,0.00499226747,0.000525236511,-0.211356351,0.654179
42,11,1.7825,0,0,0.000236462421,0.000561888186,-0.226105067,0.654179
42,12,1.9375,0,0,-0.00491891304,-0.000200543335,0.080699088,0.654179
42,13,2.0925,0,0,-0.000132322359,-0.0002210533,0.0889523441,0.654179
42,14,2.2475,0,0,0.00160547107,2.77947152e-05,-0.0111846558,0.654179
42,15,2.4025,0,0,0.0018099769,0.000308341134,-0.124077164,0.654179
42,16,2.5575,0,0,-0.00286130558,-0.000135161231,0.0543891827,0.654179
42,17,2.7125,0,0,-0.0027663753,-0.000563949403,0.226934505,0.654179
42,18,2.8675,0,0,0.0025829517,-0.000163591889,0.0658297433,0.654179
42,19,3.0225,0,0,0.000907998308,-2.28521513e-05,0.00919575696,0.654179
42,20,3.1775,0,0,-0.00109695716,-0.000192880511,0.0776155506,0.654179
42,21,3.3325,0,0,-0.00175752703,-0.000465297201,0.187236638,0.654179
42,22,3.4875,0,0,0.00156469631,-0.000222769272,0.0896428552,0.654179
42,23,3.6425,0,0,0.00407782523,0.000409293638,-0.164700678,0.654179
42,24,3.7975,0,0,0.000287314786,0.00045382743,-0.182621176,0.654179
42,25,3.9525,0,0,-0.00463455163,-0.000264528073,0.10644669,0.654179
42,26,4.1075,0,0,0.00133474291,-5.76429227e-05,0.0231956415,0.654179
42,27,4.2625,0,0,0.00194196305,0.000243361349,-0.0979291532,0.654179
42,28,4.4175,0,0,0.00243419801,0.000620662041,-0.249755798,0.654179
42,29,4.5725,0,0,-0.00379713996,3.2105347e-05,-0.0129192637,0.654179
42,30,4.7275,0,0,-0.000553519246,-5.36901361e-05,0.0216050313,0.654179
42,31,4.8825,0,0,0.00254650662,0.000341018391,-0.137226566,0.654179
42,32,5.0375,0,0,-0.000839398482,0.000210911626,-0.0848713116,0.654179
42,33,5.1925,0,0,-0.00343041501,-0.0003208027,0.129091726,0.654179
42,34,5.3475,0,0,0.000678266737,-0.000215671356,0.0867866376,0.654179
42,35,5.5025,0,0,0.00292933581,0.000238375694,-0.0959229142,0.654179
42,36,5.6575,0,0,-0.00293462081,-0.000216490532,0.0871162759,0.654179
42,37,5.8125,0,0,0.00041367296,-0.000152371223,0.0613145221,0.654179
42,38,5.9675,0,0,0.000181934501,-0.000124171375,0.0499668401,0.654179
42,39,6.1225,0,0,-0.000816328379,-0.000250702274,0.100883158,0.654179
42,40,6.2775,0,0,-0.00193768587,-0.000551043584,0.221741175,0.654179
42,41,6.4325,0,0,0.00526756029,0.000265428261,-0.106808928,0.654179
42,42,6.5875,0,0,-0.0019858944,-4.23853711e-05,0.0170559685,0.654179
42,43,6.7425,0,0,-0.00210643095,-0.000368882169,0.148439012,0.654179
42,44,6.8975,0,0,0.00322913308,0.000131633459,-0.0529695993,0.654179
42,45,7.0525,0,0,-0.000676367326,2.67965234e-05,-0.0107829811,0.654179
42,46,7.2075,0,0,0.00198618345,0.000334654959,-0.134665906,0.654179
42,47,7.3625,0,0,-0.00256413879,-6.2786554e-05,0.0252654502,0.654179
42,48,7.5175,0,0,0.00313933414,0.000423810238,-0.170542191,0.654179
42,49,7.6725,0,0,-0.00290273325,-2.61134159e-05,0.0105080972,0.654179
42,50,7.8275,0,0,0.00197653655,0.00028024975,-0.112773128,0.654179
42,51,7.9825,0,0,0.00130239959,0.000482121685,-0.194006848,0.654179
42,52,8.1375,0,0,-0.00339940381,-4.47859054e-05,0.0180219488,0.654179
42,53,8.2925,0,0,-0.000211335659,-7.75429325e-05,0.0312034501,0.654179
42,54,8.4475,0,0,0.0014729276,0.000150760846,-0.0606665028,0.654179
42,55,8.6025,0,0,-0.000874234,1.5254576e-05,-0.00613847561,0.654179
42,56,8.7575,0,0,-0.00312052423,-0.00046842668,0.188495947,0.654179
42,57,8.9125,0,0,0.0051096809,0.00032357386,-0.130206848,0.654179
42,58,9.0675,0,0,-0.00213624972,-7.5448461e-06,0.003036063,0.654179
42,59,9.2225,0,0,-0.00154787652,-0.000247465707,0.0995807558,0.654179
42,60,9.3775,0,0,0.00026407314,-0.00020653437,0.0831098941,0.654179
42,61,9.5325,0,0,-0.000163984071,-0.000231951901,0.0933379656,0.654179
42,62,9.6875,0,0,0.000139709938,-0.000210296861,0.0846239287,0.654179
42,63,9.8425,0,0,0.000266898147,-0.000168927648,0.0679768646,0.654179
42,64,9.9975,0,0,0.00298463912,0.000293691416,-0.118182085,0.654179
42,65,10.1525,0,0,-0.00699200438,-0.000790069263,0.317925645,0.654179
42,66,10.3075,0,0,0.00736178613,0.000351007586,-0.141246241,0.654179
42,67,10.4625,0,0,-0.000745043523,0.000235525841,-0.0947761268,0.654179
42,68,10.6175,0,0,-0.00235111233,-0.000128896571,0.0518682692,0.654179
42,69,10.7725,0,0,0.000826041252,-8.6017652e-07,0.000346136962,0.654179
42,70,10.9275,0,0,0.00190115848,0.000293819388,-0.118233581,0.654179
42,71,11.0825,0,0,-0.00220190321,-4.74756093e-05,0.0191042917,0.654179
42,72,11.2375,0,0,0.000484699009,2.76527371e-05,-0.0111275234,0.654179
42,73,11.3925,0,0,0.00615702866,0.000981992179,-0.395155857,0.654179
42,74,11.5475,0,0,-0.0102977475,-0.000614158684,0.247138833,0.654179
42,75,11.7025,0,0,0.00572854979,0.000273766534,-0.110164268,0.654179
42,76,11.8575,0,0,0.000853555045,0.000406067566,-0.1634025,0.654179
42,77,12.0125,0,0,-0.00417407379,-0.000240913871,0.0969442824,0.654179
42,78,12.1675,0,0,-0.00054867219,-0.000325958061,0.131166255,0.654179
42,79,12.3225,0,0,0.00387487803,0.000274648034,-0.110518985,0.654179
42,80,12.4775,0,0,-0.00334454424,-0.000243756323,0.0980880916,0.654179
42,81,12.6325,0,0,-0.00325328894,-0.000748016108,0.301003361,0.654179
42,82,12.7875,0,0,0.00665036419,0.000282790341,-0.113795468,0.654179
42,83,12.9425,0,0,-0.00553599071,-0.000575288219,0.23149727,0.654179
42,84,13.0975,0,0,0.000601562277,-0.000482046066,0.193976419,0.654179
42,85,13.2525,0,0,0.00130018939,-0.000280516711,0.112880554,0.654179
42,86,13.4075,0,0,0.00226337481,7.03063844e-05,-0.0282914468,0.654179
42,87,13.5625,0,0,-0.00613109846,-0.000880013877,0.354119559,0.654179
42,88,13.7175,0,0,0.00804971516,0.000367691973,-0.147960075,0.654179
42,89,13.8725,0,0,0.00307302031,0.000844010122,-0.339631567,0.654179
42,90,14.0275,0,0,-0.00784319282,-0.000371684765,0.149566783,0.654179
42,91,14.1825,0,0,0.00644670826,0.000627555016,-0.252529547,0.654179
42,92,14.3375,0,0,-0.0018119012,0.00034671033,-0.139517015,0.654179
42,93,14.4925,0,0,-0.00476719257,-0.000392204519,0.157823979,0.654179
42,94,14.6475,0,0,0.00419668892,0.000258282263,-0.103933362,0.654179
42,95,14.8025,0,0,0.00743110978,0.00141010428,-0.567429126,0.654179
42,96,14.9575,0,0,-0.0153314721,-0.000966273898,0.388830785,0.654179
42,97,15.1125,0,0,0.00728999309,0.000163675031,-0.0658631998,0.654179
42,98,15.2675,0,0,0.00508349935,0.00095161743,-0.382932989,0.654179
42,99,15.4225,0,0,-0.0125911926,-0.00100001742,0.402409254,0.654179
42,100,15.5775,0,0,0.00694702516,7.67714814e-05,-0.0308930164,0.654179
42,101,15.7325,0,0,0.00502278112,0.000855302554,-0.344175667,0.654179
42,102,15.8875,0,0,-0.0101426225,-0.000716803931,0.28844351,0.654179
42,103,16.0425,0,0,0.00428149482,-5.31722331e-05,0.0213966259,0.654179
42,104,16.1975,0,0,0.00612066313,0.000895530552,-0.360363504,0.654179
42,105,16.3525,0,0,-0.0113471441,-0.000863276777,0.347384512,0.654179
42,106,16.5075,0,0,0.00430703786,-0.000195685908,0.0787444487,0.654179
42,107,16.6625,0,0,0.00582114716,0.000706591902,-0.284334167,0.654179
42,108,16.8175,0,0,-0.0101376899,-0.000864750033,0.347977354,0.654179
42,109,16.9725,0,0,0.00277886195,-0.000434026431,0.17465321,0.654179
42,110,17.1275,0,0,0.00953191835,0.00104342091,-0.419874917,0.654179
42,111,17.2825,0,0,-0.0139521424,-0.00111916115,0.450352959,0.654179
42,112,17.4375,0,0,0.00461704565,-0.000403519076,0.162376982,0.654179
42,113,17.5925,0,0,0.0102270083,0.00118166721,-0.475505538,0.654179
42,114,17.7475,0,0,-0.0109917686,-0.000522056919,0.210076876,0.654179
42,115,17.9025,0,0,0.000767144391,-0.000403149538,0.162228279,0.654179
42,116,18.0575,0,0,0.00799227305,0.000835652785,-0.336268556,0.654179
42,117,18.2125,0,0,-0.00496940724,6.5394664e-05,-0.0263149595,0.654179
42,118,18.3675,0,0,-0.00287434168,-0.000380128296,0.152964479,0.654179
42,119,18.5225,0,0,0.00593640121,0.000540013891,-0.217302802,0.654179
42,120,18.6775,0,0,-0.00114979251,0.000361796051,-0.145587543,0.654179
42,121,18.8325,0,0,-0.00577006002,-0.000532563252,0.214304648,0.654179
42,122,18.9875,0,0,0.00600501864,0.000398214638,-0.160242464,0.654179
42,123,19.1425,0,0,0.00234530769,0.000761737329,-0.306524811,0.654179
42,124,19.2975,0,0,-0.00954106432,-0.00071712764,0.288573772,0.654179
42,125,19.4525,0,0,0.00592562463,0.000201344177,-0.0810213487,0.654179
42,126,19.6075,0,0,0.00491755662,0.000963565454,-0.387740901,0.654179
42,127,19.7625,0,0,-0.0125524839,-0.000982069546,0.395186989,0.654179
43,0,0.0775,0,0,0,-0.000350265048,0.140947441,0.725705
43,1,0.2325,0,0,-0.00631747994,-0.00132947444,0.534983498,0.725705
43,2,0.3875,0,0,0.0197198969,0.00172710958,-0.694992771,0.725705
43,3,0.5425,0,0,-0.0161495821,-0.000776075645,0.312294581,0.725705
43,4,0.6975,0,0,-0.0185064142,-0.00364456984,1.46658308,0.725705
43,5,0.8525,0,0,0.0506259268,0.00420244882,-1.69107483,0.725705
43,6,1.0075,0,0,-0.0225994463,0.000699534633,-0.281494306,0.725705
43,7,1.1625,0,0,-0.0292914849,-0.00384064553,1.54548438,0.725705
43,8,1.3175,0,0,0.0442073417,0.00301149243,-1.21183131,0.725705
43,9,1.4725,0,0,-0.0121989072,0.00112066181,-0.450956827,0.725705
43,10,1.6275,0,0,-0.014856007,-0.00118201928,0.475647209,0.725705
43,11,1.7825,0,0,0.00380722396,-0.000591899561,0.238181712,0.725705
43,12,1.9375,0,0,-0.000590798303,-0.000683473298,0.275031189,0.725705
43,13,2.0925,0,0,0.00219442044,-0.00034333813,0.138160034,0.725705
43,14,2.2475,0,0,-0.0157710243,-0.00278784689,1.12183584,0.725705
43,15,2.4025,0,0,0.0455768799,0.0042765695,-1.72090116,0.725705
43,16,2.5575,0,0,-0.00906871538,0.00287091861,-1.15526409,0.725705
43,17,2.7125,0,0,-0.0230694199,-0.000704841469,0.283629789,0.725705
43,18,2.8675,0,0,0.00114980351,-0.000526621925,0.211913844,0.725705
43,19,3.0225,0,0,0.00956850006,0.000956495584,-0.38489597,0.725705
43,20,3.1775,0,0,-0.00809573459,-0.000298343278,0.120054005,0.725705
43,21,3.3325,0,0,-0.0274022386,-0.00454569027,1.82919597,0.725705
43,22,3.4875,0,0,0.0515202777,0.00343995278,-1.38424472,0.725705
43,23,3.6425,0,0,-0.0238805998,-0.000261540191,0.10524436,0.725705
43,24,3.7975,0,0,-0.0159381479,-0.00273195312,1.09934407,0.725705
43,25,3.9525,0,0,0.0352965671,0.00273901478,-1.10218569,0.725705
43,26,4.1075,0,0,-0.0140452425,0.000562002188,-0.226150942,0.725705
43,27,4.2625,0,0,-0.00707455858,-0.000534554393,0.215105887,0.725705
43,28,4.4175,0,0,-0.00781434578,-0.00174577799,0.70250498,0.725705
43,29,4.5725,0,0,0.00879999987,-0.000381778008,0.153628327,0.725705
43,30,4.7275,0,0,-0.0107808712,-0.00205281304,0.826056575,0.725705
43,31,4.8825,0,0,0.00516069174,-0.00125290582,0.504172114,0.725705
43,32,5.0375,0,0,0.0227515221,0.0022735801,-0.914893736,0.725705
43,33,5.1925,0,0,-0.00611673655,0.00132548594,-0.533378516,0.725705
43,34,5.3475,0,0,-0.00592468291,0.000407160086,-0.163842132,0.725705
43,35,5.5025,0,0,-0.0162112864,-0.00210558931,0.847293863,0.725705
43,36,5.6575,0,0,0.0188246126,0.000812225648,-0.326841423,0.725705
43,37,5.8125,0,0,-0.0115919127,-0.000984520822,0.396173388,0.725705
43,38,5.9675,0,0,-0.0150103579,-0.00331112629,1.33240465,0.725705
43,39,6.1225,0,0,0.0456997559,0.00377233588,-1.51799642,0.725705
43,40,6.2775,0,0,-0.0250363678,-0.000108301124,0.0435806154,0.725705
43,41,6.4325,0,0,-0.0105442077,-0.00174265332,0.701247607,0.725705
43,42,6.5875,0,0,0.0280561238,0.00260604586,-1.0486787,0.725705
43,43,6.7425,0,0,-0.0150446027,0.000274132444,-0.110311511,0.725705
43,44,6.8975,0,0,-0.0205756141,-0.00291508773,1.17303785,0.725705
43,45,7.0525,0,0,0.022892721,0.000633284023,-0.254834912,0.725705
43,46,7.2075,0,0,-0.00069355812,0.000525782514,-0.211576064,0.725705
43,47,7.3625,0,0,-0.0147174317,-0.0017554194,0.706384705,0.725705
43,48,7.5175,0,0,0.0217634606,0.001617917,-0.651053432,0.725705
43,49,7.6725,0,0,-0.00173587542,0.00134885631,-0.542782806,0.725705
43,50,7.8275,0,0,-0.000253717657,0.00130953007,-0.52695784,0.725705
43,51,7.9825,0,0,-0.0172027382,-0.00135689435,0.546017332,0.725705
43,52,8.1375,0,0,0.000325090511,-0.00130650532,0.525740674,0.725705
43,53,8.2925,0,0,0.0066358228,-0.000277952788,0.111848826,0.725705
43,54,8.4475,0,0,-0.00559039253,-0.00114446363,0.460534733,0.725705
43,55,8.6025,0,0,0.0240093182,0.00257698069,-1.03698281,0.725705
43,56,8.7575,0,0,0.00312559216,0.00306144748,-1.23193334,0.725705
43,57,8.9125,0,0,-0.0144021457,0.000829114901,-0.333637697,0.725705
43,58,9.0675,0,0,-0.0266420151,-0.00330039744,1.32808734,0.725705
43,59,9.2225,0,0,0.0299414375,0.00134052538,-0.539430421,0.725705
43,60,9.3775,0,0,-0.00806100768,9.1069188e-05,-0.0366464456,0.725705
43,61,9.5325,0,0,-0.0132732522,-0.00196628491,0.791237461,0.725705
43,62,9.6875,0,0,0.0364059241,0.00367663333,-1.4794855,0.725705
43,63,9.8425,0,0,-0.0234955542,3.48224372e-05,-0.0140126269,0.725705
43,64,9.9975,0,0,-0.00253964812,-0.000358823021,0.144391189,0.725705
43,65,10.1525,0,0,0.0309055474,0.00443153683,-1.78326036,0.725705
43,66,10.3075,0,0,-0.0233102779,0.000818443757,-0.329343605,0.725705
43,67,10.4625,0,0,-0.0134017136,-0.00125882185,0.506552736,0.725705
43,68,10.6175,0,0,0.00473152984,-0.000525434721,0.211436111,0.725705
43,69,10.7725,0,0,0.00898850328,0.000867783287,-0.349197942,0.725705
43,70,10.9275,0,0,-0.0127188643,-0.00110364067,0.444107483,0.725705
43,71,11.0825,0,0,0.0133643529,0.000967834029,-0.389458585,0.725705
43,72,11.2375,0,0,-0.0210932783,-0.0023016241,0.926178704,0.725705
43,73,11.3925,0,0,0.0335937406,0.00290540569,-1.16914177,0.725705
43,74,11.5475,0,0,-0.0153043446,0.000533232288,-0.214573869,0.725705
43,75,11.7025,0,0,-0.0115598187,-0.00125853961,0.506439163,0.725705
43,76,11.8575,0,0,0.0141877779,0.000940565963,-0.378485855,0.725705
43,77,12.0125,0,0,-0.0092211192,-0.000488707513,0.196657,0.725705
43,78,12.1675,0,0,0.00320641092,8.28617996e-06,-0.00333437741,0.725705
43,79,12.3225,0,0,0.027807808,0.00431849641,-1.73777265,0.725705
43,80,12.4775,0,0,-0.0210519385,0.00105544595,-0.424713818,0.725705
43,81,12.6325,0,0,-0.0355647481,-0.00445709001,1.79354302,0.725705
43,82,12.7875,0,0,0.0336204681,0.000754082546,-0.303444509,0.725705
43,83,12.9425,0,0,0.00249591489,0.00114094935,-0.45912058,0.725705
43,84,13.0975,0,0,-0.0137248051,-0.000986395436,0.396927737,0.725705
43,85,13.2525,0,0,0.0224811726,0.00249818631,-1.00527578,0.725705
43,86,13.4075,0,0,-0.0161072212,1.56702657e-06,-0.000630575007,0.725705
43,87,13.5625,0,0,-0.0061924018,-0.000958255253,0.385604064,0.725705
43,88,13.7175,0,0,0.053855148,0.00738929268,-2.97346796,0.725705
43,89,13.8725,0,0,-0.0454338264,0.000347049586,-0.139653532,0.725705
43,90,14.0275,0,0,-0.0271803155,-0.00386589932,1.55564656,0.725705
43,91,14.1825,0,0,0.0237333015,-0.000187237592,0.0753448273,0.725705
43,92,14.3375,0,0,0.00528031987,0.000631211987,-0.25400112,0.725705
43,93,14.4925,0,0,-0.00897051116,-0.000759217242,0.305510722,0.725705
43,94,14.6475,0,0,0.00999853973,0.000790556417,-0.318121676,0.725705
43,95,14.8025,0,0,-0.0207002347,-0.00241797997,0.973000565,0.725705
43,96,14.9575,0,0,0.0303174413,0.00228122344,-0.91796943,0.725705
43,97,15.1125,0,0,-0.0597825464,-0.00698507125,2.81080835,0.725705
43,98,15.2675,0,0,0.0315473128,-0.00209523777,0.843128382,0.725705
43,99,15.4225,0,0,0.0280345359,0.00225011529,-0.905451442,0.725705
43,100,15.5775,0,0,-0.0163618333,-0.000285968873,0.115074516,0.725705
43,101,15.7325,0,0,0.00441357136,0.000398134688,-0.160210292,0.725705
43,102,15.8875,0,0,0.0187865657,0.00331005237,-1.3319725,0.725705
43,103,16.0425,0,0,-0.0169479865,0.000683114457,-0.274886791,0.725705
43,104,16.1975,0,0,-0.0394137082,-0.00542601031,2.18343873,0.725705
43,105,16.3525,0,0,0.0512396565,0.00251613645,-1.01249896,0.725705
43,106,16.5075,0,0,-0.0206542328,-0.00068526963,0.275754037,0.725705
43,107,16.6625,0,0,-0.0186138183,-0.00357041146,1.43674159,0.725705
43,108,16.8175,0,0,0.0364049978,0.00207236319,-0.833923599,0.725705
43,109,16.9725,0,0,-0.0241306392,-0.00166788589,0.671161025,0.725705
43,110,17.1275,0,0,0.0181740494,0.00114909176,-0.462397105,0.725705
43,111,17.2825,0,0,0.0133495358,0.00321826981,-1.295039,0.725705
43,112,17.4375,0,0,-0.024245495,-0.000539781917,0.217209455,0.725705
43,113,17.5925,0,0,0.0472067783,0.00677726872,-2.72718814,0.725705
43,114,17.7475,0,0,-0.0526681232,-0.00138629038,0.557846361,0.725705
43,115,17.9025,0,0,0.000784685365,-0.00126466415,0.508903692,0.725705
43,116,18.0575,0,0,-0.00961296801,-0.00275467419,1.10848708,0.725705
43,117,18.2125,0,0,0.0228282693,0.000783707543,-0.315365674,0.725705
43,118,18.3675,0,0,-0.0057163677,-0.00010232945,0.0411776004,0.725705
43,119,18.5225,0,0,0.0131809624,0.00194071973,-0.780949974,0.725705
43,120,18.6775,0,0,0.013631615,0.00405362005,-1.63118581,0.725705
43,121,18.8325,0,0,-0.0645037185,-0.00594445631,2.39206256,0.725705
43,122,18.9875,0,0,0.0587356159,0.00315956416,-1.27141571,0.725705
43,123,19.1425,0,0,-0.0422258312,-0.00338543969,1.36230853,0.725705
43,124,19.2975,0,0,0.0339942146,0.00188366358,-0.757990451,0.725705
43,125,19.4525,0,0,-0.0104729441,0.000260357244,-0.104768339,0.725705
43,126,19.6075,0,0,-0.0103419069,-0.00134263832,0.540280674,0.725705
43,127,19.7625,0,0,0.0289511864,0.00314479556,-1.26547279,0.725705
44,0,0.0775,0,0,0,-0.000350265048,0.140947441,0.741885
44,1,0.2325,0,0,-0.00631747994,-0.00132947444,0.534983498,0.741885
44,2,0.3875,0,0,0.0197198969,0.00172710958,-0.694992771,0.741885
44,3,0.5425,0,0,-0.0161495821,-0.000776075645,0.312294581,0.741885
44,4,0.6975,0,0,-0.0185064142,-0.00364456984,1.46658308,0.741885
44,5,0.8525,0,0,0.0506259268,0.00420244882,-1.69107483,0.741885
44,6,1.0075,0,0,-0.0225994463,0.000699534633,-0.281494306,0.741885
44,7,1.1625,0,0,-0.0292914849,-0.00384064553,1.54548438,0.741885
44,8,1.3175,0,0,0.0442073417,0.00301149243,-1.21183131,0.741885
44,9,1.4725,0,0,-0.0121989072,0.00112066181,-0.450956827,0.741885
44,10,1.6275,0,0,-0.014856007,-0.00118201928,0.475647209,0.741885
44,11,1.7825,0,0,0.00380722396,-0.000591899561,0.238181712,0.741885
44,12,1.9375,0,0,-0.000590798303,-0.000683473298,0.275031189,0.741885
44,13,2.0925,0,0,0.00219442044,-0.00034333813,0.138160034,0.741885
44,14,2.2475,0,0,-0.0157710243,-0.00278784689,1.12183584,0.741885
44,15,2.4025,0,0,0.0455768799,0.0042765695,-1.72090116,0.741885
44,16,2.5575,0,0,-0.00906871538,0.00287091861,-1.15526409,0.741885
44,17,2.7125,0,0,-0.0230694199,-0.000704841469,0.283629789,0.741885
44,18,2.8675,0,0,0.00114980351,-0.000526621925,0.211913844,0.741885
44,19,3.0225,0,0,0.00956850006,0.000956495584,-0.38489597,0.741885
44,20,3.1775,0,0,-0.00809573459,-0.000298343278,0.120054005,0.741885
44,21,3.3325,0,0,-0.0274022386,-0.00454569027,1.82919597,0.741885
44,22,3.4875,0,0,0.0515202777,0.00343995278,-1.38424472,0.741885
44,23,3.6425,0,0,-0.0238805998,-0.000261540191,0.10524436,0.741885
44,24,3.7975,0,0,-0.0159381479,-0.00273195312,1.09934407,0.741885
44,25,3.9525,0,0,0.0352965671,0.00273901478,-1.10218569,0.741885
44,26,4.1075,0,0,-0.0140452425,0.000562002188,-0.226150942,0.741885
44,27,4.2625,0,0,-0.00707455858,-0.000534554393,0.215105887,0.741885
44,28,4.4175,0,0,-0.00781434578,-0.00174577799,0.70250498,0.741885
44,29,4.5725,0,0,0.00879999987,-0.000381778008,0.153628327,0.741885
44,30,4.7275,0,0,-0.0107808712,-0.00205281304,0.826056575,0.741885
44,31,4.8825,0,0,0.00516069174,-0.00125290582,0.504172114,0.741885
44,32,5.0375,0,0,0.0227515221,0.0022735801,-0.914893736,0.741885
44,33,5.1925,0,0,-0.00611673655,0.00132548594,-0.533378516,0.741885
44,34,5.3475,0,0,-0.00592468291,0.000407160086,-0.163842132,0.741885
44,35,5.5025,0,0,-0.0162112864,-0.00210558931,0.847293863,0.741885
44,36,5.6575,0,0,0.0188246126,0.000812225648,-0.326841423,0.741885
44,37,5.8125,0,0,-0.0115919127,-0.000984520822,0.396173388,0.741885
44,38,5.9675,0,0,-0.0150103579,-0.00331112629,1.33240465,0.741885
44,39,6.1225,0,0,0.0456997559,0.00377233588,-1.51799642,0.741885
44,40,6.2775,0,0,-0.0250363678,-0.000108301124,0.0435806154,0.741885
44,41,6.4325,0,0,-0.0105442077,-0.00174265332,0.701247607,0.741885
44,42,6.5875,0,0,0.0280561238,0.00260604586,-1.0486787,0.741885
44,43,6.7425,0,0,-0.0150446027,0.000274132444,-0.110311511,0.741885
44,44,6.8975,0,0,-0.0205756141,-0.00291508773,1.17303785,0.741885
44,45,7.0525,0,0,0.022892721,0.000633284023,-0.254834912,0.741885
44,46,7.2075,0,0,-0.00069355812,0.000525782514,-0.211576064,0.741885
44,47,7.3625,0,0,-0.0147174317,-0.0017554194,0.706384705,0.741885
44,48,7.5175,0,0,0.0217634606,0.001617917,-0.651053432,0.741885
44,49,7.6725,0,0,-0.00173587542,0.00134885631,-0.542782806,0.741885
44,50,7.8275,0,0,-0.000253717657,0.00130953007,-0.52695784,0.741885
44,51,7.9825,0,0,-0.0172027382,-0.00135689435,0.546017332,0.741885
44,52,8.1375,0,0,0.000325090511,-0.00130650532,0.525740674,0.741885
44,53,8.2925,0,0,0.0066358228,-0.000277952788,0.111848826,0.741885
44,54,8.4475,0,0,-0.00559039253,-0.00114446363,0.460534733,0.741885
44,55,8.6025,0,0,0.0240093182,0.00257698069,-1.03698281,0.741885
44,56,8.7575,0,0,0.00312559216,0.00306144748,-1.23193334,0.741885
44,57,8.9125,0,0,-0.0144021457,0.000829114901,-0.333637697,0.741885
44,58,9.0675,0,0,-0.0266420151,-0.00330039744,1.32808734,0.741885
44,59,9.2225,0,0,0.0299414375,0.00134052538,-0.539430421,0.741885
44,60,9.3775,0,0,-0.00806100768,9.1069188e-05,-0.0366464456,0.741885
44,61,9.5325,0,0,-0.0132732522,-0.00196628491,0.791237461,0.741885
44,62,9.6875,0,0,0.0364059241,0.00367663333,-1.4794855,0.741885
44,63,9.8425,0,0,-0.0234955542,3.48224372e-05,-0.0140126269,0.741885
44,64,9.9975,0,0,-0.00253964812,-0.000358823021,0.144391189,0.741885
44,65,10.1525,0,0,0.0309055474,0.00443153683,-1.78326036,0.741885
44,66,10.3075,0,0,-0.0233102779,0.000818443757,-0.329343605,0.741885
44,67,10.4625,0,0,-0.0134017136,-0.00125882185,0.506552736,0.741885
44,68,10.6175,0,0,0.00473152984,-0.000525434721,0.211436111,0.741885
44,69,10.7725,0,0,0.00898850328,0.000867783287,-0.349197942,0.741885
44,70,10.9275,0,0,-0.0127188643,-0.00110364067,0.444107483,0.741885
44,71,11.0825,0,0,0.0133643529,0.000967834029,-0.389458585,0.741885
44,72,11.2375,0,0,-0.0210932783,-0.0023016241,0.926178704,0.741885
44,73,11.3925,0,0,0.0335937406,0.00290540569,-1.16914177,0.741885
44,74,11.5475,0,0,-0.0153043446,0.000533232288,-0.214573869,0.741885
44,75,11.7025,0,0,-0.0115598187,-0.00125853961,0.506439163,0.741885
44,76,11.8575,0,0,0.0141877779,0.000940565963,-0.378485855,0.741885
44,77,12.0125,0,0,-0.0092211192,-0.000488707513,0.196657,0.741885
44,78,12.1675,0,0,0.00320641092,8.28617996e-06,-0.00333437741,0.741885
44,79,12.3225,0,0,0.027807808,0.00431849641,-1.73777265,0.741885
44,80,12.4775,0,0,-0.0210519385,0.00105544595,-0.424713818,0.741885
44,81,12.6325,0,0,-0.0355647481,-0.00445709001,1.79354302,0.741885
44,82,12.7875,0,0,0.0336204681,0.000754082546,-0.303444509,0.741885
44,83,12.9425,0,0,0.00249591489,0.00114094935,-0.45912058,0.741885
44,84,13.0975,0,0,-0.0137248051,-0.000986395436,0.396927737,0.741885
44,85,13.2525,0,0,0.0224811726,0.00249818631,-1.00527578,0.741885
44,86,13.4075,0,0,-0.0161072212,1.56702657e-06,-0.000630575007,0.741885
44,87,13.5625,0,0,-0.0061924018,-0.000958255253,0.385604064,0.741885
44,88,13.7175,0,0,0.053855148,0.00738929268,-2.97346796,0.741885
44,89,13.8725,0,0,-0.0454338264,0.000347049586,-0.139653532,0.741885
44,90,14.0275,0,0,-0.0271803155,-0.00386589932,1.55564656,0.741885
44,91,14.1825,0,0,0.0237333015,-0.000187237592,0.0753448273,0.741885
44,92,14.3375,0,0,0.00528031987,0.000631211987,-0.25400112,0.741885
44,93,14.4925,0,0,-0.00897051116,-0.000759217242,0.305510722,0.741885
44,94,14.6475,0,0,0.00999853973,0.000790556417,-0.318121676,0.741885
44,95,14.8025,0,0,-0.0207002347,-0.00241797997,0.973000565,0.741885
44,96,14.9575,0,0,0.0303174413,0.00228122344,-0.91796943,0.741885
44,97,15.1125,0,0,-0.0597825464,-0.00698507125,2.81080835,0.741885
44,98,15.2675,0,0,0.0315473128,-0.00209523777,0.843128382,0.741885
44,99,15.4225,0,0,0.0280345359,0.00225011529,-0.905451442,0.741885
44,100,15.5775,0,0,-0.0163618333,-0.000285968873,0.115074516,0.741885
44,101,15.7325,0,0,0.00441357136,0.000398134688,-0.160210292,0.741885
44,102,15.8875,0,0,0.0187865657,0.00331005237,-1.3319725,0.741885
44,103,16.0425,0,0,-0.0169479865,0.000683114457,-0.274886791,0.741885
44,104,16.1975,0,0,-0.0394137082,-0.00542601031,2.18343873,0.741885
44,105,16.3525,0,0,0.0512396565,0.00251613645,-1.01249896,0.741885
44,106,16.5075,0,0,-0.0206542328,-0.00068526963,0.275754037,0.741885
44,107,16.6625,0,0,-0.0186138183,-0.00357041146,1.43674159,0.741885
44,108,16.8175,0,0,0.0364049978,0.00207236319,-0.833923599,0.741885
44,109,16.9725,0,0,-0.0241306392,-0.00166788589,0.671161025,0.741885
44,110,17.1275,0,0,0.0181740494,0.00114909176,-0.462397105,0.741885
44,111,17.2825,0,0,0.0133495358,0.00321826981,-1.295039,0.741885
44,112,17.4375,0,0,-0.024245495,-0.000539781917,0.217209455,0.741885
44,113,17.5925,0,0,0.0472067783,0.00677726872,-2.72718814,0.741885
44,114,17.7475,0,0,-0.0526681232,-0.00138629038,0.557846361,0.741885
44,115,17.9025,0,0,0.000784685365,-0.00126466415,0.508903692,0.741885
44,116,18.0575,0,0,-0.00961296801,-0.00275467419,1.10848708,0.741885
44,117,18.2125,0,0,0.0228282693,0.000783707543,-0.315365674,0.741885
44,118,18.3675,0,0,-0.0057163677,-0.00010232945,0.0411776004,0.741885
44,119,18.5225,0,0,0.0131809624,0.00194071973,-0.780949974,0.741885
44,120,18.6775,0,0,0.013631615,0.00405362005,-1.63118581,0.741885
44,121,18.8325,0,0,-0.0645037185,-0.00594445631,2.39206256,0.741885
44,122,18.9875,0,0,0.0587356159,0.00315956416,-1.27141571,0.741885
44,123,19.1425,0,0,-0.0422258312,-0.00338543969,1.36230853,0.741885
44,124,19.2975,0,0,0.0339942146,0.00188366358,-0.757990451,0.741885
44,125,19.4525,0,0,-0.0104729441,0.000260357244,-0.104768339,0.741885
44,126,19.6075,0,0,-0.0103419069,-0.00134263832,0.540280674,0.741885
44,127,19.7625,0,0,0.0289511864,0.00314479556,-1.26547279,0.741885
45,0,0.0775,0,0,0,-0.00178465512,0.718149226,0.740830
45,1,0.2325,0,0,0.00963147254,-0.000291776879,0.117411671,0.740830
45,2,0.3875,0,0,0.00895496571,0.00109624281,-0.441130565,0.740830
45,3,0.5425,0,0,-0.00753056011,-7.09940115e-05,0.0285681496,0.740830
45,4,0.6975,0,0,-0.00045646263,-0.000141745719,0.0570387955,0.740830
45,5,0.8525,0,0,0.000545868856,-5.71360466e-05,0.0229916734,0.740830
45,6,1.0075,0,0,0.0105668345,0.0015807233,-0.636086605,0.740830
45,7,1.1625,0,0,0.00962241353,0.0030721974,-1.23625913,0.740830
45,8,1.3175,0,0,-0.0606155331,-0.00632321024,2.54447399,0.740830
45,9,1.4725,0,0,0.0181598511,-0.00350843332,1.41180144,0.740830
45,10,1.6275,0,0,0.0159752218,-0.00103227394,0.415389352,0.740830
45,11,1.7825,0,0,0.00298128322,-0.000570175045,0.229439718,0.740830
45,12,1.9375,0,0,0.000552700346,-0.000484506491,0.194966499,0.740830
45,13,2.0925,0,0,0.000798511863,-0.000360737153,0.14516144,0.740830
45,14,2.2475,0,0,0.0093235276,0.00108440963,-0.436368867,0.740830
45,15,2.4025,0,0,0.00599512717,0.00201365434,-0.810299025,0.740830
45,16,2.5575,0,0,-0.00921588953,0.000585191461,-0.235482357,0.740830
45,17,2.7125,0,0,0.00511482505,0.00137798934,-0.554506005,0.740830
45,18,2.8675,0,0,0.00731306052,0.00251151372,-1.01063876,0.740830
45,19,3.0225,0,0,0.0182949174,0.00534722592,-2.15173571,0.740830
45,20,3.1775,0,0,0.00978210733,0.00686345255,-2.76186871,0.740830
45,21,3.3325,0,0,-0.0761348274,-0.00493744569,1.98683923,0.740830
45,22,3.4875,0,0,0.0121581979,-0.00305292502,1.22850388,0.740830
45,23,3.6425,0,0,0.0231987036,0.000542874038,-0.218453731,0.740830
45,24,3.7975,0,0,-0.00107872827,0.000375671156,-0.151170916,0.740830
45,25,3.9525,0,0,-0.0390123461,-0.00567124249,2.28212071,0.740830
45,26,4.1075,0,0,0.027620959,-0.00138999384,0.559336641,0.740830
45,27,4.2625,0,0,0.012250003,0.000508756621,-0.204724806,0.740830
45,28,4.4175,0,0,0.0149268231,0.0028224142,-1.13574581,0.740830
45,29,4.5725,0,0,-0.0184916202,-4.37869287e-05,0.0176199584,0.740830
45,30,4.7275,0,0,0.0211451741,0.00323371506,-1.3012542,0.740830
45,31,4.8825,0,0,0.00806583745,0.00448391987,-1.80433942,0.740830
45,32,5.0375,0,0,-0.0746425684,-0.00708567824,2.85129283,0.740830
45,33,5.1925,0,0,0.013989984,-0.00491723072,1.97870468,0.740830
45,34,5.3475,0,0,0.0157653877,-0.00247359563,0.995380433,0.740830
45,35,5.5025,0,0,-0.0131535277,-0.00451239243,1.81579684,0.740830
45,36,5.6575,0,0,0.0177055039,-0.00176803932,0.711462989,0.740830
45,37,5.8125,0,0,-0.00899034446,-0.00316154271,1.27221188,0.740830
45,38,5.9675,0,0,0.00216607923,-0.00282580043,1.13710843,0.740830
45,39,6.1225,0,0,0.0128859914,-0.000828471767,0.333378898,0.740830
45,40,6.2775,0,0,0.00947193728,0.000639678512,-0.257408069,0.740830
45,41,6.4325,0,0,0.0258686018,0.00464931179,-1.8708935,0.740830
45,42,6.5875,0,0,-0.0358484858,-0.000907203503,0.365060726,0.740830
45,43,6.7425,0,0,0.00101006692,-0.000750643131,0.30206048,0.740830
45,44,6.8975,0,0,0.014811444,0.00154513069,-0.621764058,0.740830
45,45,7.0525,0,0,-0.00133266516,0.00133856759,-0.538642603,0.740830
45,46,7.2075,0,0,-0.0163372283,-0.00119370279,0.48034868,0.740830
45,47,7.3625,0,0,0.00181172442,-0.000912885501,0.367347174,0.740830
45,48,7.5175,0,0,-0.0120461211,-0.00278003427,1.11869203,0.740830
45,49,7.6725,0,0,0.00588048857,-0.00186855854,0.75191215,0.740830
45,50,7.8275,0,0,0.0054308901,-0.00102677058,0.413174784,0.740830
45,51,7.9825,0,0,-0.00243196929,-0.00140372582,0.564862419,0.740830
45,52,8.1375,0,0,0.0160746875,0.00108785075,-0.437753584,0.740830
45,53,8.2925,0,0,0.00234116846,0.00145073186,-0.583777758,0.740830
45,54,8.4475,0,0,-0.0421802683,-0.00508720972,2.04710461,0.740830
45,55,8.6025,0,0,0.0361487771,0.000515850726,-0.20757949,0.740830
45,56,8.7575,0,0,0.00289199682,0.000964110234,-0.387960122,0.740830
45,57,8.9125,0,0,0.0216960944,0.00432700487,-1.74119647,0.740830
45,58,9.0675,0,0,0.00415489514,0.00497101361,-2.00034703,0.740830
45,59,9.2225,0,0,-0.067278658,-0.00545717837,2.19598082,0.740830
45,60,9.3775,0,0,0.0400210244,0.000746080415,-0.300224434,0.740830
45,61,9.5325,0,0,-0.00923830002,-0.000685856088,0.275990029,0.740830
45,62,9.6875,0,0,0.0418018185,0.00579342578,-2.33128754,0.740830
45,63,9.8425,0,0,-0.0215158033,0.00245847627,-0.989296369,0.740830
45,64,9.9975,0,0,-0.0262411238,-0.00160889792,0.647424133,0.740830
45,65,10.1525,0,0,0.0173760064,0.00108438307,-0.436358181,0.740830
45,66,10.3075,0,0,0.000763365337,0.0012027047,-0.483971069,0.740830
45,67,10.4625,0,0,-0.0188921392,-0.00172557688,0.694376009,0.740830
45,68,10.6175,0,0,0.0229651488,0.00183402118,-0.73801424,0.740830
45,69,10.7725,0,0,0.00281500922,0.00227034761,-0.913592975,0.740830
45,70,10.9275,0,0,0.02868398,0.00671636451,-2.70268015,0.740830
45,71,11.0825,0,0,0.00635547493,0.00770146313,-3.09908605,0.740830
45,72,11.2375,0,0,-0.0633258404,-0.00211404213,0.850695298,0.740830
45,73,11.3925,0,0,0.0401319218,0.00410640575,-1.65242689,0.740830
45,74,11.5475,0,0,0.00284642225,0.0045476012,-1.82996493,0.740830
45,75,11.7025,0,0,-0.0662079402,-0.00571462954,2.29957975,0.740830
45,76,11.8575,0,0,0.00800344746,-0.00447409518,1.80038594,0.740830
45,77,12.0125,0,0,0.017892315,-0.00170078635,0.684400244,0.740830
45,78,12.1675,0,0,0.000160085584,-0.00167597309,0.674415331,0.740830
45,79,12.3225,0,0,0.0148519479,0.00062607884,-0.25193553,0.740830
45,80,12.4775,0,0,-0.0125475503,-0.00131879146,0.530684641,0.740830
45,81,12.6325,0,0,0.00513800279,-0.000522401022,0.210215344,0.740830
45,82,12.7875,0,0,0.0150326446,0.00180765889,-0.727405996,0.740830
45,83,12.9425,0,0,-0.0155501924,-0.000602620922,0.242496011,0.740830
45,84,13.0975,0,0,0.000489053724,-0.000526817595,0.211992582,0.740830
45,85,13.2525,0,0,0.0085497032,0.000798386401,-0.32127248,0.740830
45,86,13.4075,0,0,0.000815870773,0.000924846371,-0.372160255,0.740830
45,87,13.5625,0,0,0.0395318688,0.00705228603,-2.83785573,0.740830
45,88,13.7175,0,0,-0.0662819349,-0.00322141388,1.29630417,0.740830
45,89,13.8725,0,0,0.0017387301,-0.00295191071,1.1878555,0.740830
45,90,14.0275,0,0,0.0216118985,0.000397933559,-0.160129357,0.740830
45,91,14.1825,0,0,-0.00447395547,-0.00029552954,0.11892175,0.740830
45,92,14.3375,0,0,-0.0159067448,-0.00276107499,1.11106277,0.740830
45,93,14.4925,0,0,0.0160659003,-0.000270860444,0.108994851,0.740830
45,94,14.6475,0,0,-0.00163540281,-0.00052434788,0.210998764,0.740830
45,95,14.8025,0,0,0.0166187662,0.00205156089,-0.825552705,0.740830
45,96,14.9575,0,0,-0.00652843084,0.00103965411,-0.418359146,0.740830
45,97,15.1125,0,0,-0.00089308198,0.000901226401,-0.362655526,0.740830
45,98,15.2675,0,0,0.0124743724,0.00283475412,-1.14071142,0.740830
45,99,15.4225,0,0,0.00109978088,0.00300522016,-1.20930734,0.740830
45,100,15.5775,0,0,0.0229979171,0.00656989731,-2.64374142,0.740830
45,101,15.7325,0,0,-0.043312146,-0.000143485326,0.0577388173,0.740830
45,102,15.8875,0,0,-0.00704832628,-0.0012359759,0.497359476,0.740830
45,103,16.0425,0,0,0.0367586238,0.00446161078,-1.79536219,0.740830
45,104,16.1975,0,0,0.00217161994,0.00479821188,-1.93081123,0.740830
45,105,16.3525,0,0,-0.0631361689,-0.00498789431,2.00713986,0.740830
45,106,16.5075,0,0,0.0213623832,-0.00167672491,0.674717867,0.740830
45,107,16.6625,0,0,0.00753515089,-0.000508776522,0.204732814,0.740830
45,108,16.8175,0,0,0.0261115164,0.00353850852,-1.42390377,0.740830
45,109,16.9725,0,0,-0.0145254862,0.00128705816,-0.517915093,0.740830
45,110,17.1275,0,0,-0.0161069135,-0.00120951344,0.486710921,0.740830
45,111,17.2825,0,0,0.021286365,0.00208987314,-0.840969643,0.740830
45,112,17.4375,0,0,0.0011189742,0.00226331415,-0.910762691,0.740830
45,113,17.5925,0,0,-0.049213821,-0.00536482811,2.15881887,0.740830
45,114,17.7475,0,0,0.0479675544,0.00207014282,-0.833030116,0.740830
45,115,17.9025,0,0,-0.0118759893,0.000229364473,-0.0922967787,0.740830
45,116,18.0575,0,0,0.0418318772,0.00671330545,-2.70144918,0.740830
45,117,18.2125,0,0,-0.0824289935,-0.00606318855,2.43984068,0.740830
45,118,18.3675,0,0,0.0162711542,-0.00354115965,1.42497059,0.740830
45,119,18.5225,0,0,0.0125917,-0.00158944614,0.639596695,0.740830
45,120,18.6775,0,0,0.00943407674,-0.000127164248,0.0511711789,0.740830
45,121,18.8325,0,0,-0.015059027,-0.00246131344,0.99043805,0.740830
45,122,18.9875,0,0,0.00665706583,-0.00142946823,0.575221224,0.740830
45,123,19.1425,0,0,0.00339647851,-0.000903014061,0.363374885,0.740830
45,124,19.2975,0,0,0.0115198463,0.000882562111,-0.355144974,0.740830
45,125,19.4525,0,0,0.00355469922,0.00143354049,-0.57685991,0.740830
45,126,19.6075,0,0,-0.00672504006,0.00039115928,-0.157403372,0.740830
45,127,19.7625,0,0,0.0073327262,0.00152773184,-0.614762722,0.740830
46,0,0.0775,0,0,0,-0.00178465512,0.718149226,0.752593
46,1,0.2325,0,0,0.00963147254,-0.000291776879,0.117411671,0.752593
46,2,0.3875,0,0,0.00895496571,0.00109624281,-0.441130565,0.752593
46,3,0.5425,0,0,-0.00753056011,-7.09940115e-05,0.0285681496,0.752593
46,4,0.6975,0,0,-0.00045646263,-0.000141745719,0.0570387955,0.752593
46,5,0.8525,0,0,0.000545868856,-5.71360466e-05,0.0229916734,0.752593
46,6,1.0075,0,0,0.0105668345,0.0015807233,-0.636086605,0.752593
46,7,1.1625,0,0,0.00962241353,0.0030721974,-1.23625913,0.752593
46,8,1.3175,0,0,-0.0606155331,-0.00632321024,2.54447399,0.752593
46,9,1.4725,0,0,0.0181598511,-0.00350843332,1.41180144,0.752593
46,10,1.6275,0,0,0.0159752218,-0.00103227394,0.415389352,0.752593
46,11,1.7825,0,0,0.00298128322,-0.000570175045,0.229439718,0.752593
46,12,1.9375,0,0,0.000552700346,-0.000484506491,0.194966499,0.752593
46,13,2.0925,0,0,0.000798511863,-0.000360737153,0.14516144,0.752593
46,14,2.2475,0,0,0.0093235276,0.00108440963,-0.436368867,0.752593
46,15,2.4025,0,0,0.00599512717,0.00201365434,-0.810299025,0.752593
46,16,2.5575,0,0,-0.00921588953,0.000585191461,-0.235482357,0.752593
46,17,2.7125,0,0,0.00511482505,0.00137798934,-0.554506005,0.752593
46,18,2.8675,0,0,0.00731306052,0.00251151372,-1.01063876,0.752593
46,19,3.0225,0,0,0.0182949174,0.00534722592,-2.15173571,0.752593
46,20,3.1775,0,0,0.00978210733,0.00686345255,-2.76186871,0.752593
46,21,3.3325,0,0,-0.0761348274,-0.00493744569,1.98683923,0.752593
46,22,3.4875,0,0,0.0121581979,-0.00305292502,1.22850388,0.752593
46,23,3.6425,0,0,0.0231987036,0.000542874038,-0.218453731,0.752593
46,24,3.7975,0,0,-0.00107872827,0.000375671156,-0.151170916,0.752593
46,25,3.9525,0,0,-0.0390123461,-0.00567124249,2.28212071,0.752593
46,26,4.1075,0,0,0.027620959,-0.00138999384,0.559336641,0.752593
46,27,4.2625,0,0,0.012250003,0.000508756621,-0.204724806,0.752593
46,28,4.4175,0,0,0.0149268231,0.0028224142,-1.13574581,0.752593
46,29,4.5725,0,0,-0.0184916202,-4.37869287e-05,0.0176199584,0.752593
46,30,4.7275,0,0,0.0211451741,0.00323371506,-1.3012542,0.752593
46,31,4.8825,0,0,0.00806583745,0.00448391987,-1.80433942,0.752593
46,32,5.0375,0,0,-0.0746425684,-0.00708567824,2.85129283,0.752593
46,33,5.1925,0,0,0.013989984,-0.00491723072,1.97870468,0.752593
46,34,5.3475,0,0,0.0157653877,-0.00247359563,0.995380433,0.752593
46,35,5.5025,0,0,-0.0131535277,-0.00451239243,1.81579684,0.752593
46,36,5.6575,0,0,0.0177055039,-0.00176803932,0.711462989,0.752593
46,37,5.8125,0,0,-0.00899034446,-0.00316154271,1.27221188,0.752593
46,38,5.9675,0,0,0.00216607923,-0.00282580043,1.13710843,0.752593
46,39,6.1225,0,0,0.0128859914,-0.000828471767,0.333378898,0.752593
46,40,6.2775,0,0,0.00947193728,0.000639678512,-0.257408069,0.752593
46,41,6.4325,0,0,0.0258686018,0.00464931179,-1.8708935,0.752593
46,42,6.5875,0,0,-0.0358484858,-0.000907203503,0.365060726,0.752593
46,43,6.7425,0,0,0.00101006692,-0.000750643131,0.30206048,0.752593
46,44,6.8975,0,0,0.014811444,0.00154513069,-0.621764058,0.752593
46,45,7.0525,0,0,-0.00133266516,0.00133856759,-0.538642603,0.752593
46,46,7.2075,0,0,-0.0163372283,-0.00119370279,0.48034868,0.752593
46,47,7.3625,0,0,0.00181172442,-0.000912885501,0.367347174,0.752593
46,48,7.5175,0,0,-0.0120461211,-0.00278003427,1.11869203,0.752593
46,49,7.6725,0,0,0.00588048857,-0.00186855854,0.75191215,0.752593
46,50,7.8275,0,0,0.0054308901,-0.00102677058,0.413174784,0.752593
46,51,7.9825,0,0,-0.00243196929,-0.00140372582,0.564862419,0.752593
46,52,8.1375,0,0,0.0160746875,0.00108785075,-0.437753584,0.752593
46,53,8.2925,0,0,0.00234116846,0.00145073186,-0.583777758,0.752593
46,54,8.4475,0,0,-0.0421802683,-0.00508720972,2.04710461,0.752593
46,55,8.6025,0,0,0.0361487771,0.000515850726,-0.20757949,0.752593
46,56,8.7575,0,0,0.00289199682,0.000964110234,-0.387960122,0.752593
46,57,8.9125,0,0,0.0216960944,0.00432700487,-1.74119647,0.752593
46,58,9.0675,0,0,0.00415489514,0.00497101361,-2.00034703,0.752593
46,59,9.2225,0,0,-0.067278658,-0.00545717837,2.19598082,0.752593
46,60,9.3775,0,0,0.0400210244,0.000746080415,-0.300224434,0.752593
46,61,9.5325,0,0,-0.00923830002,-0.000685856088,0.275990029,0.752593
46,62,9.6875,0,0,0.0418018185,0.00579342578,-2.33128754,0.752593
46,63,9.8425,0,0,-0.0215158033,0.00245847627,-0.989296369,0.752593
46,64,9.9975,0,0,-0.0262411238,-0.00160889792,0.647424133,0.752593
46,65,10.1525,0,0,0.0173760064,0.00108438307,-0.436358181,0.752593
46,66,10.3075,0,0,0.000763365337,0.0012027047,-0.483971069,0.752593
46,67,10.4625,0,0,-0.0188921392,-0.00172557688,0.694376009,0.752593
46,68,10.6175,0,0,0.0229651488,0.00183402118,-0.73801424,0.752593
46,69,10.7725,0,0,0.00281500922,0.00227034761,-0.913592975,0.752593
46,70,10.9275,0,0,0.02868398,0.00671636451,-2.70268015,0.752593
46,71,11.0825,0,0,0.00635547493,0.00770146313,-3.09908605,0.752593
46,72,11.2375,0,0,-0.0633258404,-0.00211404213,0.850695298,0.752593
46,73,11.3925,0,0,0.0401319218,0.00410640575,-1.65242689,0.752593
46,74,11.5475,0,0,0.00284642225,0.0045476012,-1.82996493,0.752593
46,75,11.7025,0,0,-0.0662079402,-0.00571462954,2.29957975,0.752593
46,76,11.8575,0,0,0.00800344746,-0.00447409518,1.80038594,0.752593
46,77,12.0125,0,0,0.017892315,-0.00170078635,0.684400244,0.752593
46,78,12.1675,0,0,0.000160085584,-0.00167597309,0.674415331,0.752593
46,79,12.3225,0,0,0.0148519479,0.00062607884,-0.25193553,0.752593
46,80,12.4775,0,0,-0.0125475503,-0.00131879146,0.530684641,0.752593
46,81,12.6325,0,0,0.00513800279,-0.000522401022,0.210215344,0.752593
46,82,12.7875,0,0,0.0150326446,0.00180765889,-0.727405996,0.752593
46,83,12.9425,0,0,-0.0155501924,-0.000602620922,0.242496011,0.752593
46,84,13.0975,0,0,0.000489053724,-0.000526817595,0.211992582,0.752593
46,85,13.2525,0,0,0.0085497032,0.000798386401,-0.32127248,0.752593
46,86,13.4075,0,0,0.000815870773,0.000924846371,-0.372160255,0.752593
46,87,13.5625,0,0,0.0395318688,0.00705228603,-2.83785573,0.752593
46,88,13.7175,0,0,-0.0662819349,-0.00322141388,1.29630417,0.752593
46,89,13.8725,0,0,0.0017387301,-0.00295191071,1.1878555,0.752593
46,90,14.0275,0,0,0.0216118985,0.000397933559,-0.160129357,0.752593
46,91,14.1825,0,0,-0.00447395547,-0.00029552954,0.11892175,0.752593
46,92,14.3375,0,0,-0.0159067448,-0.00276107499,1.11106277,0.752593
46,93,14.4925,0,0,0.0160659003,-0.000270860444,0.108994851,0.752593
46,94,14.6475,0,0,-0.00163540281,-0.00052434788,0.210998764,0.752593
46,95,14.8025,0,0,0.0166187662,0.00205156089,-0.825552705,0.752593
46,96,14.9575,0,0,-0.00652843084,0.00103965411,-0.418359146,0.752593
46,97,15.1125,0,0,-0.00089308198,0.000901226401,-0.362655526,0.752593
46,98,15.2675,0,0,0.0124743724,0.00283475412,-1.14071142,0.752593
46,99,15.4225,0,0,0.00109978088,0.00300522016,-1.20930734,0.752593
46,100,15.5775,0,0,0.0229979171,0.00656989731,-2.64374142,0.752593
46,101,15.7325,0,0,-0.043312146,-0.000143485326,0.0577388173,0.752593
46,102,15.8875,0,0,-0.00704832628,-0.0012359759,0.497359476,0.752593
46,103,16.0425,0,0,0.0367586238,0.00446161078,-1.79536219,0.752593
46,104,16.1975,0,0,0.00217161994,0.00479821188,-1.93081123,0.752593
46,105,16.3525,0,0,-0.0631361689,-0.00498789431,2.00713986,0.752593
46,106,16.5075,0,0,0.0213623832,-0.00167672491,0.674717867,0.752593
46,107,16.6625,0,0,0.00753515089,-0.000508776522,0.204732814,0.752593
46,108,16.8175,0,0,0.0261115164,0.00353850852,-1.42390377,0.752593
46,109,16.9725,0,0,-0.0145254862,0.00128705816,-0.517915093,0.752593
46,110,17.1275,0,0,-0.0161069135,-0.00120951344,0.486710921,0.752593
46,111,17.2825,0,0,0.021286365,0.00208987314,-0.840969643,0.752593
46,112,17.4375,0,0,0.0011189742,0.00226331415,-0.910762691,0.752593
46,113,17.5925,0,0,-0.049213821,-0.00536482811,2.15881887,0.752593
46,114,17.7475,0,0,0.0479675544,0.00207014282,-0.833030116,0.752593
46,115,17.9025,0,0,-0.0118759893,0.000229364473,-0.0922967787,0.752593
46,116,18.0575,0,0,0.0418318772,0.00671330545,-2.70144918,0.752593
46,117,18.2125,0,0,-0.0824289935,-0.00606318855,2.43984068,0.752593
46,118,18.3675,0,0,0.0162711542,-0.00354115965,1.42497059,0.752593
46,119,18.5225,0,0,0.0125917,-0.00158944614,0.639596695,0.752593
46,120,18.6775,0,0,0.00943407674,-0.000127164248,0.0511711789,0.752593
46,121,18.8325,0,0,-0.015059027,-0.00246131344,0.99043805,0.752593
46,122,18.9875,0,0,0.00665706583,-0.00142946823,0.575221224,0.752593
46,123,19.1425,0,0,0.00339647851,-0.000903014061,0.363374885,0.752593
46,124,19.2975,0,0,0.0115198463,0.000882562111,-0.355144974,0.752593
46,125,19.4525,0,0,0.00355469922,0.00143354049,-0.57685991,0.752593
46,126,19.6075,0,0,-0.00672504006,0.00039115928,-0.157403372,0.752593
46,127,19.7625,0,0,0.0073327262,0.00152773184,-0.614762722,0.752593
47,0,0.0775,0,0,0,-0.00140663363,0.566032528,0.743586
47,1,0.2325,0,0,-0.0285022151,-0.00582447697,2.3437826,0.743586
47,2,0.3875,0,0,0.0564657501,0.0029277143,-1.1781188,0.743586
47,3,0.5425,0,0,-0.0577504848,-0.00602361084,2.42391452,0.743586
47,4,0.6975,0,0,0.0571746877,0.00283846576,-1.14220499,0.743586
47,5,0.8525,0,0,-0.0278645777,-0.00148054378,0.595774141,0.743586
47,6,1.0075,0,0,0.0406255889,0.00481642249,-1.93813922,0.743586
47,7,1.1625,0,0,-0.0325105016,-0.000222705254,0.0896170942,0.743586
47,8,1.3175,0,0,0.0505420697,0.00761131555,-3.06281046,0.743586
47,9,1.4725,0,0,-0.0441315192,0.000770930075,-0.310223992,0.743586
47,10,1.6275,0,0,-0.0275980141,-0.00350676212,1.41112895,0.743586
47,11,1.7825,0,0,0.0372773191,0.00227122235,-0.91394497,0.743586
47,12,1.9375,0,0,-0.03921698,-0.00380740955,1.53211015,0.743586
47,13,2.0925,0,0,0.0524476161,0.00432197094,-1.7391708,0.743586
47,14,2.2475,0,0,-0.0243717836,0.000544344483,-0.219045442,0.743586
47,15,2.4025,0,0,-0.00545974072,-0.000301915328,0.121491406,0.743586
47,16,2.5575,0,0,-0.00167130504,-0.00056096761,0.225734625,0.743586
47,17,2.7125,0,0,-0.0280565266,-0.00490972923,1.97568606,0.743586
47,18,2.8675,0,0,0.0508881376,0.0029779321,-1.19832656,0.743586
47,19,3.0225,0,0,-0.0341089678,-0.00230895791,0.929129845,0.743586
47,20,3.1775,0,0,0.0288693268,0.00216578775,-0.87151785,0.743586
47,21,3.3325,0,0,-0.0287681347,-0.00229327314,0.922818257,0.743586
47,22,3.4875,0,0,0.0635869782,0.00756270848,-3.04325087,0.743586
47,23,3.6425,0,0,-0.0353659776,0.00208098195,-0.837391808,0.743586
47,24,3.7975,0,0,0.00702168445,0.00316934304,-1.27535075,0.743586
47,25,3.9525,0,0,-0.0142390218,0.000962294658,-0.38722953,0.743586
47,26,4.1075,0,0,-0.0193886355,-0.00204294384,0.822085186,0.743586
47,27,4.2625,0,0,-0.0218972238,-0.00543701352,2.18786644,0.743586
47,28,4.4175,0,0,0.0156677057,-0.00300851914,1.21063485,0.743586
47,29,4.5725,0,0,0.0620921537,0.00661576468,-2.66219856,0.743586
47,30,4.7275,0,0,-0.0318251693,0.00168286345,-0.677188029,0.743586
47,31,4.8825,0,0,-0.00376395496,0.00109945043,-0.442421321,0.743586
47,32,5.0375,0,0,-0.00143195526,0.000877497366,-0.353106909,0.743586
47,33,5.1925,0,0,-0.0237631769,-0.00280579506,1.12905823,0.743586
47,34,5.3475,0,0,0.0500435894,0.00495096129,-1.99227793,0.743586
47,35,5.5025,0,0,-0.0332066163,-0.000196064236,0.0788966885,0.743586
47,36,5.6575,0,0,0.0200382769,0.00290986869,-1.17093769,0.743586
47,37,5.8125,0,0,-0.017022633,0.000271360572,-0.109196103,0.743586
47,38,5.9675,0,0,-0.0292899124,-0.00426857585,1.7176845,0.743586
47,39,6.1225,0,0,0.0538364633,0.00407607596,-1.64022212,0.743586
47,40,6.2775,0,0,-0.0418077718,-0.00240412867,0.967426772,0.743586
47,41,6.4325,0,0,0.0356805603,0.00312635818,-1.25805355,0.743586
47,42,6.5875,0,0,-0.0267705702,-0.00102308019,0.411689765,0.743586
47,43,6.7425,0,0,-0.0306291759,-0.00577060246,2.32210338,0.743586
47,44,6.8975,0,0,0.0297053844,-0.00116626787,0.46930881,0.743586
47,45,7.0525,0,0,-0.0289246401,-0.00564958709,2.27340652,0.743586
47,46,7.2075,0,0,0.0521659712,0.00243613845,-0.980307581,0.743586
47,47,7.3625,0,0,-0.0220545193,-0.000982312038,0.395284569,0.743586
47,48,7.5175,0,0,0.0362349308,0.00463410224,-1.86477314,0.743586
47,49,7.6725,0,0,-0.0280914158,0.00027993279,-0.112645583,0.743586
47,50,7.8275,0,0,-0.0348231293,-0.00511765225,2.05935475,0.743586
47,51,7.9825,0,0,0.0433508542,0.00160173016,-0.64453981,0.743586
47,52,8.1375,0,0,-0.0285142256,-0.00281797482,1.13395939,0.743586
47,53,8.2925,0,0,0.0276555279,0.001468632,-0.590980815,0.743586
47,54,8.4475,0,0,-0.0214954071,-0.00186315609,0.749738193,0.743586
47,55,8.6025,0,0,-0.0228583772,-0.00540620456,2.17546885,0.743586
47,56,8.7575,0,0,0.0412385073,0.000985764082,-0.396673679,0.743586
47,57,8.9125,0,0,0.0291688418,0.00550693455,-2.21600282,0.743586
47,58,9.0675,0,0,-0.0225067034,0.00201839552,-0.812206887,0.743586
47,59,9.2225,0,0,-0.0238797924,-0.00168297231,0.677231833,0.743586
47,60,9.3775,0,0,0.0228157832,0.00185347409,-0.745842132,0.743586
47,61,9.5325,0,0,-0.0243789882,-0.00192526908,0.7747326,0.743586
47,62,9.6875,0,0,0.0577049876,0.00701900399,-2.82446296,0.743586
47,63,9.8425,0,0,-0.0495344177,-0.000658830752,0.265114973,0.743586
47,64,9.9975,0,0,0.045780435,0.00643713668,-2.59031825,0.743586
47,65,10.1525,0,0,-0.0328770054,0.00134120084,-0.539702229,0.743586
47,66,10.3075,0,0,-0.0179770811,-0.00144524672,0.581570526,0.743586
47,67,10.4625,0,0,0.0261178994,0.00260302769,-1.04746418,0.743586
47,68,10.6175,0,0,-0.0156492395,0.000177395566,-0.0713843737,0.743586
47,69,10.7725,0,0,0.0248962671,0.00403631696,-1.62422301,0.743586
47,70,10.9275,0,0,-0.0243208867,0.000266579534,-0.107272203,0.743586
47,71,11.0825,0,0,-0.0286991278,-0.00418178528,1.68275978,0.743586
47,72,11.2375,0,0,0.040157527,0.0020426314,-0.821959461,0.743586
47,73,11.3925,0,0,-0.0491867745,-0.00558131864,2.24593515,0.743586
47,74,11.5475,0,0,0.0542659913,0.00282991,-1.13876214,0.743586
47,75,11.7025,0,0,-0.0240994366,-0.000905502675,0.364376309,0.743586
47,76,11.8575,0,0,0.0119804609,0.000951468764,-0.382873166,0.743586
47,77,12.0125,0,0,-0.00601605671,1.89799731e-05,-0.00763758376,0.743586
47,78,12.1675,0,0,-0.0123514523,-0.00189549513,0.762751493,0.743586
47,79,12.3225,0,0,0.0165714717,0.000673082981,-0.270850102,0.743586
47,80,12.4775,0,0,-0.023270779,-0.00293388777,1.18060302,0.743586
47,81,12.6325,0,0,0.0449868433,0.00403907294,-1.62533201,0.743586
47,82,12.7875,0,0,-0.0313290696,-0.000816932854,0.328735614,0.743586
47,83,12.9425,0,0,0.0349966817,0.00460755282,-1.85408959,0.743586
47,84,13.0975,0,0,-0.0318706377,-0.000332396032,0.133756909,0.743586
47,85,13.2525,0,0,0.0233515635,0.00328709631,-1.32273493,0.743586
47,86,13.4075,0,0,-0.0181301178,0.000476928047,-0.191916917,0.743586
47,87,13.5625,0,0,-0.0124479914,-0.00145251062,0.584493533,0.743586
47,88,13.7175,0,0,-0.00554898812,-0.00231260378,0.930596951,0.743586
47,89,13.8725,0,0,0.0135989965,-0.000204759319,0.0823956097,0.743586
47,90,14.0275,0,0,0.0164954447,0.00235203461,-0.946464006,0.743586
47,91,14.1825,0,0,-0.0103734947,0.000744142934,-0.299444787,0.743586
47,92,14.3375,0,0,-0.0155887371,-0.00167211132,0.672861347,0.743586
47,93,14.4925,0,0,0.0214816562,0.0016575454,-0.666999989,0.743586
47,94,14.6475,0,0,-0.0111196059,-6.59935156e-05,0.0265559388,0.743586
47,95,14.8025,0,0,0.00179473478,0.000212190375,-0.0853858831,0.743586
47,96,14.9575,0,0,-0.0130022571,-0.00180315948,0.725595422,0.743586
47,97,15.1125,0,0,0.00884747216,-0.000431801296,0.173757811,0.743586
47,98,15.2675,0,0,0.0105370799,0.00120144609,-0.483464602,0.743586
47,99,15.4225,0,0,-0.0118007428,-0.000627669049,0.252575434,0.743586
47,100,15.5775,0,0,0.0169938754,0.00200638163,-0.807372471,0.743586
47,101,15.7325,0,0,-0.0123097764,9.83662835e-05,-0.0395828133,0.743586
47,102,15.8875,0,0,0.0168083756,0.0027036645,-1.08796066,0.743586
47,103,16.0425,0,0,-0.0194547777,-0.000311826038,0.125479498,0.743586
47,104,16.1975,0,0,-0.0151495424,-0.00266000511,1.07039202,0.743586
47,105,16.3525,0,0,0.0142733297,-0.000447639001,0.180130939,0.743586
47,106,16.5075,0,0,-0.0456357666,-0.00752118282,3.02654085,0.743586
47,107,16.6625,0,0,0.0533946043,0.000754980847,-0.303805987,0.743586
47,108,16.8175,0,0,-0.0250599286,-0.00312930809,1.2592406,0.743586
47,109,16.9725,0,0,0.0343147934,0.00218948489,-0.881053634,0.743586
47,110,17.1275,0,0,-0.0118805786,0.000347995206,-0.140034052,0.743586
47,111,17.2825,0,0,0.000944951523,0.000494462692,-0.198972897,0.743586
47,112,17.4375,0,0,-0.00880416016,-0.000870182132,0.350163243,0.743586
47,113,17.5925,0,0,-0.00884161134,-0.00224063189,0.901635301,0.743586
47,114,17.7475,0,0,0.0161167938,0.000257471147,-0.103606967,0.743586
47,115,17.9025,0,0,-0.01456531,-0.0020001519,0.804865615,0.743586
47,116,18.0575,0,0,0.0184083844,0.000853147672,-0.343308538,0.743586
47,117,18.2125,0,0,-0.0139659429,-0.00131157348,0.52778011,0.743586
47,118,18.3675,0,0,0.0225290336,0.00218042673,-0.877408609,0.743586
47,119,18.5225,0,0,-0.0158077697,-0.000269777579,0.108559103,0.743586
47,120,18.6775,0,0,-0.0039179312,-0.000877056915,0.352929671,0.743586
47,121,18.8325,0,0,-0.003711769,-0.00145238111,0.584441418,0.743586
47,122,18.9875,0,0,0.016655646,0.00112924401,-0.454410325,0.743586
47,123,19.1425,0,0,-0.00657930367,0.000109451945,-0.0440437084,0.743586
47,124,19.2975,0,0,-0.0169546345,-0.0025185164,1.01345665,0.743586
47,125,19.4525,0,0,0.0429840989,0.00414401893,-1.66756252,0.743586
47,126,19.6075,0,0,-0.0251287681,0.000249059867,-0.100222249,0.743586
47,127,19.7625,0,0,0.00491453067,0.00101081212,-0.406753066,0.743586
48,0,0.0775,0,0,0,-0.00140663363,0.566032528,0.775107
48,1,0.2325,0,0,-0.0285022151,-0.00582447697,2.3437826,0.775107
48,2,0.3875,0,0,0.0564657501,0.0029277143,-1.1781188,0.775107
48,3,0.5425,0,0,-0.0577504848,-0.00602361084,2.42391452,0.775107
48,4,0.6975,0,0,0.0571746877,0.00283846576,-1.14220499,0.775107
48,5,0.8525,0,0,-0.0278645777,-0.00148054378,0.595774141,0.775107
48,6,1.0075,0,0,0.0406255889,0.00481642249,-1.93813922,0.775107
48,7,1.1625,0,0,-0.0325105016,-0.000222705254,0.0896170942,0.775107
48,8,1.3175,0,0,0.0505420697,0.00761131555,-3.06281046,0.775107
48,9,1.4725,0,0,-0.0441315192,0.000770930075,-0.310223992,0.775107
48,10,1.6275,0,0,-0.0275980141,-0.00350676212,1.41112895,0.775107
48,11,1.7825,0,0,0.0372773191,0.00227122235,-0.91394497,0.775107
48,12,1.9375,0,0,-0.03921698,-0.00380740955,1.53211015,0.775107
48,13,2.0925,0,0,0.0524476161,0.00432197094,-1.7391708,0.775107
48,14,2.2475,0,0,-0.0243717836,0.000544344483,-0.219045442,0.775107
48,15,2.4025,0,0,-0.00545974072,-0.000301915328,0.121491406,0.775107
48,16,2.5575,0,0,-0.00167130504,-0.00056096761,0.225734625,0.775107
48,17,2.7125,0,0,-0.0280565266,-0.00490972923,1.97568606,0.775107
48,18,2.8675,0,0,0.0508881376,0.0029779321,-1.19832656,0.775107
48,19,3.0225,0,0,-0.0341089678,-0.00230895791,0.929129845,0.775107
48,20,3.1775,0,0,0.0288693268,0.00216578775,-0.87151785,0.775107
48,21,3.3325,0,0,-0.0287681347,-0.00229327314,0.922818257,0.775107
48,22,3.4875,0,0,0.0635869782,0.00756270848,-3.04325087,0.775107
48,23,3.6425,0,0,-0.0353659776,0.00208098195,-0.837391808,0.775107
48,24,3.7975,0,0,0.00702168445,0.00316934304,-1.27535075,0.775107
48,25,3.9525,0,0,-0.0142390218,0.000962294658,-0.38722953,0.775107
48,26,4.1075,0,0,-0.0193886355,-0.00204294384,0.822085186,0.775107
48,27,4.2625,0,0,-0.0218972238,-0.00543701352,2.18786644,0.775107
48,28,4.4175,0,0,0.0156677057,-0.00300851914,1.21063485,0.775107
48,29,4.5725,0,0,0.0620921537,0.00661576468,-2.66219856,0.775107
48,30,4.7275,0,0,-0.0318251693,0.00168286345,-0.677188029,0.775107
48,31,4.8825,0,0,-0.00376395496,0.00109945043,-0.442421321,0.775107
48,32,5.0375,0,0,-0.00143195526,0.000877497366,-0.353106909,0.775107
48,33,5.1925,0,0,-0.0237631769,-0.00280579506,1.12905823,0.775107
48,34,5.3475,0,0,0.0500435894,0.00495096129,-1.99227793,0.775107
48,35,5.5025,0,0,-0.0332066163,-0.000196064236,0.0788966885,0.775107
48,36,5.6575,0,0,0.0200382769,0.00290986869,-1.17093769,0.775107
48,37,5.8125,0,0,-0.017022633,0.000271360572,-0.109196103,0.775107
48,38,5.9675,0,0,-0.0292899124,-0.00426857585,1.7176845,0.775107
48,39,6.1225,0,0,0.0538364633,0.00407607596,-1.64022212,0.775107
48,40,6.2775,0,0,-0.0418077718,-0.00240412867,0.967426772,0.775107
48,41,6.4325,0,0,0.0356805603,0.00312635818,-1.25805355,0.775107
48,42,6.5875,0,0,-0.0267705702,-0.00102308019,0.411689765,0.775107
48,43,6.7425,0,0,-0.0306291759,-0.00577060246,2.32210338,0.775107
48,44,6.8975,0,0,0.0297053844,-0.00116626787,0.46930881,0.775107
48,45,7.0525,0,0,-0.0289246401,-0.00564958709,2.27340652,0.775107
48,46,7.2075,0,0,0.0521659712,0.00243613845,-0.980307581,0.775107
48,47,7.3625,0,0,-0.0220545193,-0.000982312038,0.395284569,0.775107
48,48,7.5175,0,0,0.0362349308,0.00463410224,-1.86477314,0.775107
48,49,7.6725,0,0,-0.0280914158,0.00027993279,-0.112645583,0.775107
48,50,7.8275,0,0,-0.0348231293,-0.00511765225,2.05935475,0.775107
48,51,7.9825,0,0,0.0433508542,0.00160173016,-0.64453981,0.775107
48,52,8.1375,0,0,-0.0285142256,-0.00281797482,1.13395939,0.775107
48,53,8.2925,0,0,0.0276555279,0.001468632,-0.590980815,0.775107
48,54,8.4475,0,0,-0.0214954071,-0.00186315609,0.749738193,0.775107
48,55,8.6025,0,0,-0.0228583772,-0.00540620456,2.17546885,0.775107
48,56,8.7575,0,0,0.0412385073,0.000985764082,-0.396673679,0.775107
48,57,8.9125,0,0,0.0291688418,0.00550693455,-2.21600282,0.775107
48,58,9.0675,0,0,-0.0225067034,0.00201839552,-0.812206887,0.775107
48,59,9.2225,0,0,-0.0238797924,-0.00168297231,0.677231833,0.775107
48,60,9.3775,0,0,0.0228157832,0.00185347409,-0.745842132,0.775107
48,61,9.5325,0,0,-0.0243789882,-0.00192526908,0.7747326,0.775107
48,62,9.6875,0,0,0.0577049876,0.00701900399,-2.82446296,0.775107
48,63,9.8425,0,0,-0.0495344177,-0.000658830752,0.265114973,0.775107
48,64,9.9975,0,0,0.045780435,0.00643713668,-2.59031825,0.775107
48,65,10.1525,0,0,-0.0328770054,0.00134120084,-0.539702229,0.775107
48,66,10.3075,0,0,-0.0179770811,-0.00144524672,0.581570526,0.775107
48,67,10.4625,0,0,0.0261178994,0.00260302769,-1.04746418,0.775107
48,68,10.6175,0,0,-0.0156492395,0.000177395566,-0.0713843737,0.775107
48,69,10.7725,0,0,0.0248962671,0.00403631696,-1.62422301,0.775107
48,70,10.9275,0,0,-0.0243208867,0.000266579534,-0.107272203,0.775107
48,71,11.0825,0,0,-0.0286991278,-0.00418178528,1.68275978,0.775107
48,72,11.2375,0,0,0.040157527,0.0020426314,-0.821959461,0.775107
48,73,11.3925,0,0,-0.0491867745,-0.00558131864,2.24593515,0.775107
48,74,11.5475,0,0,0.0542659913,0.00282991,-1.13876214,0.775107
48,75,11.7025,0,0,-0.0240994366,-0.000905502675,0.364376309,0.775107
48,76,11.8575,0,0,0.0119804609,0.000951468764,-0.382873166,0.775107
48,77,12.0125,0,0,-0.00601605671,1.89799731e-05,-0.00763758376,0.775107
48,78,12.1675,0,0,-0.0123514523,-0.00189549513,0.762751493,0.775107
48,79,12.3225,0,0,0.0165714717,0.000673082981,-0.270850102,0.775107
48,80,12.4775,0,0,-0.023270779,-0.00293388777,1.18060302,0.775107
48,81,12.6325,0,0,0.0449868433,0.00403907294,-1.62533201,0.775107
48,82,12.7875,0,0,-0.0313290696,-0.000816932854,0.328735614,0.775107
48,83,12.9425,0,0,0.0349966817,0.00460755282,-1.85408959,0.775107
48,84,13.0975,0,0,-0.0318706377,-0.000332396032,0.133756909,0.775107
48,85,13.2525,0,0,0.0233515635,0.00328709631,-1.32273493,0.775107
48,86,13.4075,0,0,-0.0181301178,0.000476928047,-0.191916917,0.775107
48,87,13.5625,0,0,-0.0124479914,-0.00145251062,0.584493533,0.775107
48,88,13.7175,0,0,-0.00554898812,-0.00231260378,0.930596951,0.775107
48,89,13.8725,0,0,0.0135989965,-0.000204759319,0.0823956097,0.775107
48,90,14.0275,0,0,0.0164954447,0.00235203461,-0.946464006,0.775107
48,91,14.1825,0,0,-0.0103734947,0.000744142934,-0.299444787,0.775107
48,92,14.3375,0,0,-0.0155887371,-0.00167211132,0.672861347,0.775107
48,93,14.4925,0,0,0.0214816562,0.0016575454,-0.666999989,0.775107
48,94,14.6475,0,0,-0.0111196059,-6.59935156e-05,0.0265559388,0.775107
48,95,14.8025,0,0,0.00179473478,0.000212190375,-0.0853858831,0.775107
48,96,14.9575,0,0,-0.0130022571,-0.00180315948,0.725595422,0.775107
48,97,15.1125,0,0,0.00884747216,-0.000431801296,0.173757811,0.775107
48,98,15.2675,0,0,0.0105370799,0.00120144609,-0.483464602,0.775107
48,99,15.4225,0,0,-0.0118007428,-0.000627669049,0.252575434,0.775107
48,100,15.5775,0,0,0.0169938754,0.00200638163,-0.807372471,0.775107
48,101,15.7325,0,0,-0.0123097764,9.83662835e-05,-0.0395828133,0.775107
48,102,15.8875,0,0,0.0168083756,0.0027036645,-1.08796066,0.775107
48,103,16.0425,0,0,-0.0194547777,-0.000311826038,0.125479498,0.775107
48,104,16.1975,0,0,-0.0151495424,-0.00266000511,1.07039202,0.775107
48,105,16.3525,0,0,0.0142733297,-0.000447639001,0.180130939,0.775107
48,106,16.5075,0,0,-0.0456357666,-0.00752118282,3.02654085,0.775107
48,107,16.6625,0,0,0.0533946043,0.000754980847,-0.303805987,0.775107
48,108,16.8175,0,0,-0.0250599286,-0.00312930809,1.2592406,0.775107
48,109,16.9725,0,0,0.0343147934,0.00218948489,-0.881053634,0.775107
48,110,17.1275,0,0,-0.0118805786,0.000347995206,-0.140034052,0.775107
48,111,17.2825,0,0,0.000944951523,0.000494462692,-0.198972897,0.775107
48,112,17.4375,0,0,-0.00880416016,-0.000870182132,0.350163243,0.775107
48,113,17.5925,0,0,-0.00884161134,-0.00224063189,0.901635301,0.775107
48,114,17.7475,0,0,0.0161167938,0.000257471147,-0.103606967,0.775107
48,115,17.9025,0,0,-0.01456531,-0.0020001519,0.804865615,0.775107
48,116,18.0575,0,0,0.0184083844,0.000853147672,-0.343308538,0.775107
48,117,18.2125,0,0,-0.0139659429,-0.00131157348,0.52778011,0.775107
48,118,18.3675,0,0,0.0225290336,0.00218042673,-0.877408609,0.775107
48,119,18.5225,0,0,-0.0158077697,-0.000269777579,0.108559103,0.775107
48,120,18.6775,0,0,-0.0039179312,-0.000877056915,0.352929671,0.775107
48,121,18.8325,0,0,-0.003711769,-0.00145238111,0.584441418,0.775107
48,122,18.9875,0,0,0.016655646,0.00112924401,-0.454410325,0.775107
48,123,19.1425,0,0,-0.00657930367,0.000109451945,-0.0440437084,0.775107
48,124,19.2975,0,0,-0.0169546345,-0.0025185164,1.01345665,0.775107
48,125,19.4525,0,0,0.0429840989,0.00414401893,-1.66756252,0.775107
48,126,19.6075,0,0,-0.0251287681,0.000249059867,-0.100222249,0.775107
48,127,19.7625,0,0,0.00491453067,0.00101081212,-0.406753066,0.775107
