# raw tracked shifts, before detrend or spectrum
# reference=first b_shift_hz=0 pair_lag_s=0 dt_s=0.254698925107 looks=128
window,look,centre_time_s,disp_az_px,disp_rg_px,vel_los_ms,disp_los_m,phase_rad,quality
0,0,0.25654205,0,0,0,0.000867484988,-0.338169221,0.751605
0,1,0.513074946,0,0,-0.00638288881,-0.000758229931,0.295578631,0.751605
0,2,0.769436935,0,0,-0.00177317517,-0.00120985574,0.471634644,0.751605
0,3,1.02578222,0,0,-0.0118640723,-0.0042316222,1.64960133,0.751605
0,4,1.281978,0,0,-0.0104344465,-0.0068892645,2.68562251,0.751605
0,5,1.53815114,0,0,0.00540400727,-0.00551286966,2.1490664,0.751605
0,6,1.79419456,0,0,0.0194480696,-0.000559467226,0.218095528,0.751605
0,7,2.05020541,0,0,0.000785287966,-0.000359455225,0.140125415,0.751605
0,8,2.30608263,0,0,-0.00101197345,-0.000617203774,0.240602803,0.751605
0,9,2.56192635,0,0,-2.5910739e-05,-0.000623803212,0.243175443,0.751605
0,10,2.81766506,0,0,-0.0192237755,-0.00552007816,2.15187647,0.751605
0,11,3.07336006,0,0,0.0532955543,0.00805424222,-3.13976248,0.751605
0,12,3.32894641,0,0,-0.011969525,0.00500561707,-1.95132556,0.751605
0,13,3.584487,0,0,-0.00253556734,0.0043598108,-1.69957272,0.751605
0,14,3.83993485,0,0,-0.00113129704,0.00407167065,-1.58724787,0.751605
0,15,4.09533618,0,0,0.00383192783,0.00504765855,-1.96771447,0.751605
0,16,4.35065937,0,0,0.000631815678,0.00520858133,-2.03044654,0.751605
0,17,4.60592512,0,0,-0.015980707,0.00113831244,-0.443745123,0.751605
0,18,4.8611098,0,0,-0.00748145579,-0.000767206305,0.299077866,0.751605
0,19,5.1162377,0,0,0.00301921465,1.78442039e-06,-0.000695615559,0.751605
0,20,5.37129773,0,0,-0.000312274274,-7.77515017e-05,0.0303096482,0.751605
0,21,5.62630289,0,0,0.00057452186,6.85785985e-05,-0.0267338013,0.751605
0,22,5.88125211,0,0,0.00749481129,0.00197749898,-0.770882838,0.751605
0,23,6.13614215,0,0,0.000153676043,0.0020166401,-0.786141112,0.751605
0,24,6.39098057,0,0,0.00189100986,0.00249827828,-0.973896762,0.751605
0,25,6.64575558,0,0,-0.00579062756,0.00102341167,-0.398953678,0.751605
0,26,6.90048319,0,0,-0.00372134788,7.55883606e-05,-0.029466397,0.751605
0,27,7.15515174,0,0,0.00709702082,0.00188319194,-0.73411939,0.751605
0,28,7.4097824,0,0,-0.000470995467,0.0017632299,-0.687354928,0.751605
0,29,7.66435048,0,0,-0.00873955495,-0.000462725354,0.180382917,0.751605
0,30,7.91888418,0,0,-0.0109713421,-0.00325711439,1.2697117,0.751605
0,31,8.17336128,0,0,0.0123412085,-0.000113821851,0.0443708507,0.751605
0,32,8.42781187,0,0,-0.00374905616,-0.00106870243,0.416609247,0.751605
0,33,8.68220295,0,0,-0.00914777845,-0.00339863176,1.32487902,0.751605
0,34,8.93657044,0,0,0.0149053186,0.000397736853,-0.155048633,0.751605
0,35,9.19087557,0,0,-0.00137685014,4.70546025e-05,-0.0183431627,0.751605
0,36,9.44515996,0,0,-1.23314253e-05,4.39138018e-05,-0.0171187932,0.751605
0,37,9.69939005,0,0,0.00395849444,0.00105213808,-0.410152015,0.751605
0,38,9.95360519,0,0,0.00030193752,0.00112904124,-0.440130957,0.751605
0,39,10.2077637,0,0,0.0155282521,0.00508407036,-1.98190878,0.751605
0,40,10.4619096,0,0,-0.0190869019,0.000222656948,-0.086797729,0.751605
0,41,10.7159966,0,0,-0.0120490903,-0.00284623341,1.10953913,0.751605
0,42,10.9700733,0,0,0.0416837034,0.00777056105,-3.02917585,0.751605
0,43,11.224101,0,0,-0.0173856504,0.00334245459,-1.30297963,0.751605
0,44,11.4781222,0,0,-0.0272350118,-0.00359427365,1.40114554,0.751605
0,45,11.7320928,0,0,-0.0125815582,-0.00679878301,2.65035037,0.751605
0,46,11.9860587,0,0,0.0375796308,0.00277270857,-1.08087715,0.751605
0,47,12.2399852,0,0,-0.0114478738,-0.000143052582,0.0557657838,0.751605
0,48,12.4939095,0,0,-0.00381890347,-0.00111572319,0.434939218,0.751605
0,49,12.7477932,0,0,-0.00381457476,-0.00208729128,0.813682862,0.751605
0,50,13.0016757,0,0,0.018885804,0.00272290271,-1.06146147,0.751605
0,51,13.2562988,0,0,-0.0158634356,-0.00131749729,0.513596245,0.751605
0,52,13.5101389,0,0,-0.00653686396,-0.00298242951,1.16263207,0.751605
0,53,13.7639523,0,0,-0.00473914299,-0.00418948414,1.63317476,0.751605
0,54,14.0177639,0,0,0.041698807,0.00643115719,-2.50703983,0.751605
0,55,14.2715496,0,0,-0.0121616644,0.00333359434,-1.29952566,0.751605
0,56,14.525334,0,0,-0.0283521571,-0.00388766959,1.51551925,0.751605
0,57,14.7791059,0,0,0.000593833303,-0.00373642089,1.4565584,0.751605
0,58,15.0328743,0,0,0.0126443655,-0.000515914599,0.20111753,0.751605
0,59,15.2866185,0,0,0.0315914093,0.00753038338,-2.93554807,0.751605
0,60,15.5403627,0,0,-0.010047429,0.00497131401,-1.93795329,0.751605
0,61,15.7941069,0,0,-0.0136733116,0.00148873623,-0.580349839,0.751605
0,62,16.0478485,0,0,-0.00970913519,-0.000984170064,0.383656235,0.751605
0,63,16.3015789,0,0,0.0222271932,0.00467707214,-1.82324982,0.751605
0,64,16.5553092,0,0,-0.00427358644,0.00358859427,-1.39893156,0.751605
0,65,16.8090396,0,0,-0.0345633164,-0.00521464527,2.03281043,0.751605
0,66,17.0627734,0,0,-0.00161355894,-0.005625617,2.19301838,0.751605
0,67,17.3165176,0,0,0.00786009724,-0.00362365868,1.41260062,0.751605
0,68,17.5702656,0,0,-0.00763887583,-0.00556927214,2.17105362,0.751605
0,69,17.8240237,0,0,0.039818307,0.00457240786,-1.78244883,0.751605
0,70,18.077786,0,0,-0.00643040831,0.00293458977,-1.14398284,0.751605
0,71,18.3315579,0,0,-0.00968563543,0.00046766884,-0.182310022,0.751605
0,72,18.5853392,0,0,-0.0112811286,-0.00240562249,0.937777016,0.751605
0,73,18.8391388,0,0,-0.00389500253,-0.00339767545,1.32450622,0.751605
0,74,19.0929435,0,0,0.00868883947,-0.00118463737,0.461803839,0.751605
0,75,19.3467569,0,0,0.00685373533,0.000561001649,-0.218693688,0.751605
0,76,19.6005868,0,0,-0.00997164845,-0.00197876649,0.77137695,0.751605
0,77,19.8544419,0,0,-0.0039073214,-0.00297395705,1.15932927,0.751605
0,78,20.1083146,0,0,0.0115970758,-2.01943131e-05,0.00787229199,0.751605
0,79,20.3622112,0,0,0.00251175234,0.000619546307,-0.241515986,0.751605
0,80,20.6161267,0,0,-0.0032621738,-0.000211325852,0.0823805598,0.751605
0,81,20.8700649,0,0,-0.0145956228,-0.0039288153,1.53155897,0.751605
0,82,21.1240233,0,0,-0.00894673871,-0.00620754003,2.41986779,0.751605
0,83,21.3780029,0,0,0.0105487844,-0.00352077598,1.37249415,0.751605
0,84,21.6320114,0,0,0.00769505729,-0.00156085316,0.608462978,0.751605
0,85,21.8860465,0,0,0.0247545162,0.0047440955,-1.84937734,0.751605
0,86,22.1401121,0,0,-0.00509298536,0.0034469176,-1.34370215,0.751605
0,87,22.3942026,0,0,-0.00279235367,0.00273570812,-1.06645337,0.751605
0,88,22.6483335,0,0,0.0172363545,0.0071257891,-2.77782623,0.751605
0,89,22.9024932,0,0,-0.0572012583,-0.00744330991,2.90160447,0.751605
0,90,23.1566956,0,0,0.00291847157,-0.00669997834,2.61183362,0.751605
0,91,23.4109246,0,0,0.0192980609,-0.00178478297,0.695756901,0.751605
0,92,23.6651986,0,0,0.0055657559,-0.000367190923,0.143141,0.751605
0,93,23.9194968,0,0,0.000480955156,-0.000244692161,0.0953876537,0.751605
0,94,24.1738518,0,0,-0.00994002051,-0.0027764047,1.082318,0.751605
0,95,24.4282331,0,0,-0.0103546594,-0.00541372531,2.11041724,0.751605
0,96,24.6826741,0,0,0.0489960588,0.00706551821,-2.754331,0.751605
0,97,24.9371386,0,0,-0.00632582943,0.00545433625,-2.12624849,0.751605
0,98,25.191676,0,0,0.00414928543,0.00651115479,-2.53822507,0.751605
0,99,25.4462374,0,0,-0.0509678711,-0.00647030721,2.52230157,0.751605
0,100,25.7008753,0,0,0.00356502064,-0.00556230028,2.1683358,0.751605
0,101,25.9555336,0,0,0.0522683928,0.00775040319,-3.02131777,0.751605
0,102,26.210272,0,0,-0.0115590429,0.00480632738,-1.87363702,0.751605
0,103,26.4650273,0,0,0.0105729351,0.00749924258,-2.92340854,0.751605
0,104,26.7198782,0,0,-0.0154656469,0.00356015894,-1.3878467,0.751605
0,105,26.9747443,0,0,-0.000890152376,0.00333343809,-1.29946475,0.751605
0,106,27.2297102,0,0,-0.00395355704,0.00232647136,-0.906921757,0.751605
0,107,27.4846872,0,0,0.00328556052,0.0031633001,-1.23314034,0.751605
0,108,27.7397812,0,0,0.00446863164,0.00430145577,-1.67682435,0.751605
0,109,27.9948828,0,0,-0.0133080644,0.000911906073,-0.355485767,0.751605
0,110,28.2501065,0,0,-0.00975691427,-0.0015731695,0.613264222,0.751605
0,111,28.5053353,0,0,0.0304317456,0.00617776338,-2.40826004,0.751605
0,112,28.7606862,0,0,-0.0361440913,-0.00302809782,1.18043482,0.751605
0,113,29.0160458,0,0,-0.00643288287,-0.00466654617,1.81914651,0.751605
0,114,29.2715352,0,0,0.0292483435,0.00278297549,-1.08487947,0.751605
0,115,29.5270392,0,0,-0.00355566844,0.00187735056,-0.731842263,0.751605
0,116,29.7826671,0,0,-0.00135623906,0.00153191793,-0.597183237,0.751605
0,117,30.0383179,0,0,-0.00804166604,-0.000516285768,0.201262222,0.751605
0,118,30.2940981,0,0,-0.00610244617,-0.00207057225,0.807165329,0.751605
0,119,30.5499081,0,0,0.0390259332,0.00786929098,-3.06766346,0.751605
0,120,30.8058407,0,0,-0.0597178179,-0.00734077306,2.86163282,0.751605
0,121,31.06181,0,0,0.0177954221,-0.00280829819,1.09475095,0.751605
0,122,31.317895,0,0,-0.00978200408,-0.00529976411,2.06599207,0.751605
0,123,31.574028,0,0,0.0357361229,0.00380218797,-1.48219619,0.751605
0,124,31.8302792,0,0,-0.015269866,-8.70304866e-05,0.0339268486,0.751605
0,125,32.0865864,0,0,0.00190453311,0.00039805205,-0.155171506,0.751605
0,126,32.3430038,0,0,0.000292044544,0.000472435481,-0.184168189,0.751605
0,127,32.5994856,0,0,-0.0157551883,-0.00354039405,1.38014181,0.751605
1,0,0.25654205,0,0,0,-6.19482514e-05,0.0241491118,0.976778
1,1,0.513074946,0,0,0.000429698499,4.74954943e-05,-0.0185150343,0.976778
1,2,0.769436935,0,0,-0.000232962498,-1.18398036e-05,0.00461547717,0.976778
1,3,1.02578222,0,0,-0.000281069019,-8.34277806e-05,0.0325224159,0.976778
1,4,1.281978,0,0,-0.000235144477,-0.000143318826,0.055869573,0.976778
1,5,1.53815114,0,0,0.000173240492,-9.91946591e-05,0.0386687736,0.976778
1,6,1.79419456,0,0,0.000198825803,-4.85539409e-05,0.0189276456,0.976778
1,7,2.05020541,0,0,0.000521575342,8.42907381e-05,-0.0328588202,0.976778
1,8,2.30608263,0,0,0.000217385762,0.000139658658,-0.05444274,0.976778
1,9,2.56192635,0,0,0.000703171689,0.000318755731,-0.124259646,0.976778
1,10,2.81766506,0,0,-6.56268816e-05,0.000302040635,-0.117743647,0.976778
1,11,3.07336006,0,0,-0.000794495593,9.96834616e-05,-0.0388593221,0.976778
1,12,3.32894641,0,0,0.000756535137,0.000292372148,-0.113974608,0.976778
1,13,3.584487,0,0,-0.000677936924,0.000119702342,-0.0466632257,0.976778
1,14,3.83993485,0,0,0.000656490882,0.000286909864,-0.111845261,0.976778
1,15,4.09533618,0,0,-0.000175019437,0.000242332601,-0.0944678332,0.976778
1,16,4.35065937,0,0,0.00102921993,0.000504473811,-0.1966576,0.976778
1,17,4.60592512,0,0,-0.00485551711,-0.000732221179,0.285439713,0.976778
1,18,4.8611098,0,0,0.00733459999,0.00113589355,-0.442802174,0.976778
1,19,5.1162377,0,0,-0.000808133541,0.000930062809,-0.362563757,0.976778
1,20,5.37129773,0,0,0.0145723991,0.0046416372,-1.80943631,0.976778
1,21,5.62630289,0,0,-0.0026750021,0.00396031704,-1.5438392,0.976778
1,22,5.88125211,0,0,-0.0237492183,-0.00208858333,0.814186538,0.976778
1,23,6.13614215,0,0,0.0350383063,0.00683563563,-2.66471652,0.976778
1,24,6.39098057,0,0,-0.0188358775,0.00203815788,-0.794529327,0.976778
1,25,6.64575558,0,0,-0.0126964937,-0.00119562542,0.466087281,0.976778
1,26,6.90048319,0,0,-0.000534000571,-0.0013316348,0.519107429,0.976778
1,27,7.15515174,0,0,-0.00152898918,-0.0017210667,0.670918567,0.976778
1,28,7.4097824,0,0,0.000822518569,-0.0015115721,0.589251881,0.976778
1,29,7.66435048,0,0,-0.00225385346,-0.00208562616,0.813033751,0.976778
1,30,7.91888418,0,0,-0.000215195722,-0.00214043628,0.834400225,0.976778
1,31,8.17336128,0,0,-0.0225799808,-0.00789153311,3.07633405,0.976778
1,32,8.42781187,0,0,0.0345665,0.000912517279,-0.355724032,0.976778
1,33,8.68220295,0,0,-0.0289366471,-0.00645761562,2.51735405,0.976778
1,34,8.93657044,0,0,0.0458211458,0.00521298096,-2.03216164,0.976778
1,35,9.19087557,0,0,-0.00143910042,0.00484644363,-1.88927543,0.976778
1,36,9.44515996,0,0,-0.0293967176,-0.00264086873,1.02948239,0.976778
1,37,9.69939005,0,0,-0.0122199076,-0.00575326607,2.24277945,0.976778
1,38,9.95360519,0,0,0.046482219,0.00608570516,-2.37237324,0.976778
1,39,10.2077637,0,0,-0.0156006801,0.00211222871,-0.823404149,0.976778
1,40,10.4619096,0,0,-0.00777374838,0.000132263354,-0.0515598497,0.976778
1,41,10.7159966,0,0,-0.0205672644,-0.00510619678,1.99053426,0.976778
1,42,10.9700733,0,0,0.0509101986,0.00786057609,-3.06426616,0.976778
1,43,11.224101,0,0,-0.0237526283,0.00181080719,-0.705901848,0.976778
1,44,11.4781222,0,0,-0.00993097318,-0.000718601008,0.2801302,0.976778
1,45,11.7320928,0,0,0.000270897206,-0.00064960378,0.253233206,0.976778
1,46,11.9860587,0,0,-0.020890293,-0.00597033895,2.32740036,0.976778
1,47,12.2399852,0,0,0.0482047612,0.00630736192,-2.45878107,0.976778
1,48,12.4939095,0,0,-0.0164435711,0.00211920203,-0.826122537,0.976778
1,49,12.7477932,0,0,-0.0156771811,-0.00187375916,0.730442236,0.976778
1,50,13.0016757,0,0,-0.0228193542,-0.00768582415,2.99614311,0.976778
1,51,13.2562988,0,0,0.045596016,0.00392743211,-1.53101976,0.976778
1,52,13.5101389,0,0,-0.00697031087,0.00215210143,-0.838947618,0.976778
1,53,13.7639523,0,0,0.0178728274,0.00670429135,-2.61351495,0.976778
1,54,14.0177639,0,0,-0.0088910726,0.00443974471,-1.73073313,0.976778
1,55,14.2715496,0,0,-0.0366887406,-0.00490483807,1.91203917,0.976778
1,56,14.525334,0,0,0.0489342759,0.00755866939,-2.94657473,0.976778
1,57,14.7791059,0,0,-0.0125362498,0.00436570003,-1.70186851,0.976778
1,58,15.0328743,0,0,-0.0161595064,0.000249891117,-0.0974143478,0.976778
1,59,15.2866185,0,0,-0.0143841204,-0.00341372889,1.33076429,0.976778
1,60,15.5403627,0,0,0.0433881984,0.00763719862,-2.97718755,0.976778
1,61,15.7941069,0,0,-0.0340692618,-0.00104020574,0.405500463,0.976778
1,62,16.0478485,0,0,-0.0169877173,-0.00536695907,2.09218649,0.976778
1,63,16.3015789,0,0,0.0130943942,-0.00203183093,0.792062911,0.976778
1,64,16.5553092,0,0,0.00127011868,-0.00170833307,0.665954653,0.976778
1,65,16.8090396,0,0,0.0194898685,0.00325571548,-1.26916637,0.976778
1,66,17.0627734,0,0,-0.00727907038,0.00140174408,-0.546437933,0.976778
1,67,17.3165176,0,0,-0.0161174399,-0.00270335053,1.0538395,0.976778
1,68,17.5702656,0,0,0.0307143513,0.00511956172,-1.99574428,0.976778
1,69,17.8240237,0,0,-0.00664539216,0.00342698748,-1.33593285,0.976778
1,70,18.077786,0,0,-0.00946315219,0.00101673279,-0.39635007,0.976778
1,71,18.3315579,0,0,0.00510167686,0.0023161244,-0.90288823,0.976778
1,72,18.5853392,0,0,-0.0135253122,-0.00112875807,0.44002057,0.976778
1,73,18.8391388,0,0,0.00244088029,-0.000507068485,0.197669075,0.976778
1,74,19.0929435,0,0,-0.00993484539,-0.00303746293,1.18408559,0.976778
1,75,19.3467569,0,0,-0.0142746888,-0.00667321081,2.60139891,0.976778
1,76,19.6005868,0,0,0.042278679,0.00409512328,-1.59639034,0.976778
1,77,19.8544419,0,0,-0.0122772006,0.000968133475,-0.377404737,0.976778
1,78,20.1083146,0,0,-0.00990887372,-0.00155564601,0.606433088,0.976778
1,79,20.3622112,0,0,-0.0096917538,-0.00402412529,1.56871339,0.976778
1,80,20.6161267,0,0,0.00209791126,-0.00348978954,1.3604148,0.976778
1,81,20.8700649,0,0,0.00939066686,-0.00109799679,0.428028985,0.976778
1,82,21.1240233,0,0,0.000146695017,-0.00106063372,0.413463848,0.976778
1,83,21.3780029,0,0,0.01130492,0.00181871724,-0.708985402,0.976778
1,84,21.6320114,0,0,-0.00801709372,-0.000223227913,0.0870203064,0.976778
1,85,21.8860465,0,0,-0.00633407524,-0.00183651007,0.71592153,0.976778
1,86,22.1401121,0,0,-0.00876357445,-0.00406858306,1.58604424,0.976778
1,87,22.3942026,0,0,-0.00276909804,-0.00477386935,1.860984,0.976778
1,88,22.6483335,0,0,0.0486357232,0.00761359706,-2.96798703,0.976778
1,89,22.9024932,0,0,-0.0321704218,-0.000580174792,0.2261679,0.976778
1,90,23.1566956,0,0,-0.00978882772,-0.00307337869,1.19808653,0.976778
1,91,23.4109246,0,0,0.00327644142,-0.00223887258,0.872773372,0.976778
1,92,23.6651986,0,0,-0.00495173057,-0.00350007303,1.36442358,0.976778
1,93,23.9194968,0,0,-0.0015292838,-0.00388957998,1.51626397,0.976778
1,94,24.1738518,0,0,0.0462162881,0.00788165892,-3.07248482,0.976778
1,95,24.4282331,0,0,-0.0153167592,0.00398049681,-1.55170582,0.976778
1,96,24.6826741,0,0,0.00983984891,0.00648669575,-2.52869027,0.976778
1,97,24.9371386,0,0,-0.00844069952,0.00433685866,-1.69062535,0.976778
1,98,25.191676,0,0,-0.00218387772,0.00378062735,-1.47379128,0.976778
1,99,25.4462374,0,0,-0.012438106,0.000612655119,-0.238829614,0.976778
1,100,25.7008753,0,0,-0.00654940955,-0.00105547245,0.411451844,0.976778
1,101,25.9555336,0,0,0.00210445344,-0.000519470424,0.202503687,0.976778
1,102,26.210272,0,0,-0.0144935814,-0.00421097002,1.64155054,0.976778
1,103,26.4650273,0,0,0.0123488047,-0.00106574274,0.415455481,0.976778
1,104,26.7198782,0,0,-0.00651343409,-0.0027247074,1.06216499,0.976778
1,105,26.9747443,0,0,0.0419888024,0.00796979543,-3.10684283,0.976778
1,106,27.2297102,0,0,-0.0110903515,0.00514509481,-2.00569777,0.976778
1,107,27.4846872,0,0,-0.00527747748,0.00380092697,-1.48170462,0.976778
1,108,27.7397812,0,0,-0.00163325491,0.0033849387,-1.31954109,0.976778
1,109,27.9948828,0,0,0.00773806508,0.00535581556,-2.08784245,0.976778
1,110,28.2501065,0,0,-0.0146673446,0.00162005865,-0.631542884,0.976778
1,111,28.5053353,0,0,-0.0173626664,-0.00280219383,1.0923713,0.976778
1,112,28.7606862,0,0,-0.00564900368,-0.004240989,1.65325276,0.976778
1,113,29.0160458,0,0,-0.0149108339,-0.00803876235,3.13372801,0.976778
1,114,29.2715352,0,0,0.0297949803,-0.000450012888,0.175427252,0.976778
1,115,29.5270392,0,0,-0.00271581552,-0.00114172818,0.44507667,0.976778
1,116,29.7826671,0,0,0.00507231125,0.000150184042,-0.0585458207,0.976778
1,117,30.0383179,0,0,-0.00641016197,-0.00148247732,0.577909944,0.976778
1,118,30.2940981,0,0,-0.0149953985,-0.0053017892,2.0667815,0.976778
1,119,30.5499081,0,0,0.0213141673,0.000126906308,-0.0494715274,0.976778
1,120,30.8058407,0,0,-0.00698084907,-0.00165110845,0.64364694,0.976778
1,121,31.06181,0,0,0.0119079142,0.00138182449,-0.538672735,0.976778
1,122,31.317895,0,0,-0.00186620651,0.000906503696,-0.353379774,0.976778
1,123,31.574028,0,0,-0.00139583409,0.000550986255,-0.214789415,0.976778
1,124,31.8302792,0,0,-0.0202592436,-0.00460902131,1.79672175,0.976778
1,125,32.0865864,0,0,0.047793417,0.00756391063,-2.94861791,0.976778
1,126,32.3430038,0,0,-0.0405270402,-0.00275828295,1.07525365,0.976778
1,127,32.5994856,0,0,0.0351539704,0.00619539553,-2.41513353,0.976778
2,0,0.25654205,0,0,0,-6.19482514e-05,0.0241491118,0.975616
2,1,0.513074946,0,0,0.000429698499,4.74954943e-05,-0.0185150343,0.975616
2,2,0.769436935,0,0,-0.000232962498,-1.18398036e-05,0.00461547717,0.975616
2,3,1.02578222,0,0,-0.000281069019,-8.34277806e-05,0.0325224159,0.975616
2,4,1.281978,0,0,-0.000235144477,-0.000143318826,0.055869573,0.975616
2,5,1.53815114,0,0,0.000173240492,-9.91946591e-05,0.0386687736,0.975616
2,6,1.79419456,0,0,0.000198825803,-4.85539409e-05,0.0189276456,0.975616
2,7,2.05020541,0,0,0.000521575342,8.42907381e-05,-0.0328588202,0.975616
2,8,2.30608263,0,0,0.000217385762,0.000139658658,-0.05444274,0.975616
2,9,2.56192635,0,0,0.000703171689,0.000318755731,-0.124259646,0.975616
2,10,2.81766506,0,0,-6.56268816e-05,0.000302040635,-0.117743647,0.975616
2,11,3.07336006,0,0,-0.000794495593,9.96834616e-05,-0.0388593221,0.975616
2,12,3.32894641,0,0,0.000756535137,0.000292372148,-0.113974608,0.975616
2,13,3.584487,0,0,-0.000677936924,0.000119702342,-0.0466632257,0.975616
2,14,3.83993485,0,0,0.000656490882,0.000286909864,-0.111845261,0.975616
2,15,4.09533618,0,0,-0.000175019437,0.000242332601,-0.0944678332,0.975616
2,16,4.35065937,0,0,0.00102921993,0.000504473811,-0.1966576,0.975616
2,17,4.60592512,0,0,-0.00485551711,-0.000732221179,0.285439713,0.975616
2,18,4.8611098,0,0,0.00733459999,0.00113589355,-0.442802174,0.975616
2,19,5.1162377,0,0,-0.000808133541,0.000930062809,-0.362563757,0.975616
2,20,5.37129773,0,0,0.0145723991,0.0046416372,-1.80943631,0.975616
2,21,5.62630289,0,0,-0.0026750021,0.00396031704,-1.5438392,0.975616
2,22,5.88125211,0,0,-0.0237492183,-0.00208858333,0.814186538,0.975616
2,23,6.13614215,0,0,0.0350383063,0.00683563563,-2.66471652,0.975616
2,24,6.39098057,0,0,-0.0188358775,0.00203815788,-0.794529327,0.975616
2,25,6.64575558,0,0,-0.0126964937,-0.00119562542,0.466087281,0.975616
2,26,6.90048319,0,0,-0.000534000571,-0.0013316348,0.519107429,0.975616
2,27,7.15515174,0,0,-0.00152898918,-0.0017210667,0.670918567,0.975616
2,28,7.4097824,0,0,0.000822518569,-0.0015115721,0.589251881,0.975616
2,29,7.66435048,0,0,-0.00225385346,-0.00208562616,0.813033751,0.975616
2,30,7.91888418,0,0,-0.000215195722,-0.00214043628,0.834400225,0.975616
2,31,8.17336128,0,0,-0.0225799808,-0.00789153311,3.07633405,0.975616
2,32,8.42781187,0,0,0.0345665,0.000912517279,-0.355724032,0.975616
2,33,8.68220295,0,0,-0.0289366471,-0.00645761562,2.51735405,0.975616
2,34,8.93657044,0,0,0.0458211458,0.00521298096,-2.03216164,0.975616
2,35,9.19087557,0,0,-0.00143910042,0.00484644363,-1.88927543,0.975616
2,36,9.44515996,0,0,-0.0293967176,-0.00264086873,1.02948239,0.975616
2,37,9.69939005,0,0,-0.0122199076,-0.00575326607,2.24277945,0.975616
2,38,9.95360519,0,0,0.046482219,0.00608570516,-2.37237324,0.975616
2,39,10.2077637,0,0,-0.0156006801,0.00211222871,-0.823404149,0.975616
2,40,10.4619096,0,0,-0.00777374838,0.000132263354,-0.0515598497,0.975616
2,41,10.7159966,0,0,-0.0205672644,-0.00510619678,1.99053426,0.975616
2,42,10.9700733,0,0,0.0509101986,0.00786057609,-3.06426616,0.975616
2,43,11.224101,0,0,-0.0237526283,0.00181080719,-0.705901848,0.975616
2,44,11.4781222,0,0,-0.00993097318,-0.000718601008,0.2801302,0.975616
2,45,11.7320928,0,0,0.000270897206,-0.00064960378,0.253233206,0.975616
2,46,11.9860587,0,0,-0.020890293,-0.00597033895,2.32740036,0.975616
2,47,12.2399852,0,0,0.0482047612,0.00630736192,-2.45878107,0.975616
2,48,12.4939095,0,0,-0.0164435711,0.00211920203,-0.826122537,0.975616
2,49,12.7477932,0,0,-0.0156771811,-0.00187375916,0.730442236,0.975616
2,50,13.0016757,0,0,-0.0228193542,-0.00768582415,2.99614311,0.975616
2,51,13.2562988,0,0,0.045596016,0.00392743211,-1.53101976,0.975616
2,52,13.5101389,0,0,-0.00697031087,0.00215210143,-0.838947618,0.975616
2,53,13.7639523,0,0,0.0178728274,0.00670429135,-2.61351495,0.975616
2,54,14.0177639,0,0,-0.0088910726,0.00443974471,-1.73073313,0.975616
2,55,14.2715496,0,0,-0.0366887406,-0.00490483807,1.91203917,0.975616
2,56,14.525334,0,0,0.0489342759,0.00755866939,-2.94657473,0.975616
2,57,14.7791059,0,0,-0.0125362498,0.00436570003,-1.70186851,0.975616
2,58,15.0328743,0,0,-0.0161595064,0.000249891117,-0.0974143478,0.975616
2,59,15.2866185,0,0,-0.0143841204,-0.00341372889,1.33076429,0.975616
2,60,15.5403627,0,0,0.0433881984,0.00763719862,-2.97718755,0.975616
2,61,15.7941069,0,0,-0.0340692618,-0.00104020574,0.405500463,0.975616
2,62,16.0478485,0,0,-0.0169877173,-0.00536695907,2.09218649,0.975616
2,63,16.3015789,0,0,0.0130943942,-0.00203183093,0.792062911,0.975616
2,64,16.5553092,0,0,0.00127011868,-0.00170833307,0.665954653,0.975616
2,65,16.8090396,0,0,0.0194898685,0.00325571548,-1.26916637,0.975616
2,66,17.0627734,0,0,-0.00727907038,0.00140174408,-0.546437933,0.975616
2,67,17.3165176,0,0,-0.0161174399,-0.00270335053,1.0538395,0.975616
2,68,17.5702656,0,0,0.0307143513,0.00511956172,-1.99574428,0.975616
2,69,17.8240237,0,0,-0.00664539216,0.00342698748,-1.33593285,0.975616
2,70,18.077786,0,0,-0.00946315219,0.00101673279,-0.39635007,0.975616
2,71,18.3315579,0,0,0.00510167686,0.0023161244,-0.90288823,0.975616
2,72,18.5853392,0,0,-0.0135253122,-0.00112875807,0.44002057,0.975616
2,73,18.8391388,0,0,0.00244088029,-0.000507068485,0.197669075,0.975616
2,74,19.0929435,0,0,-0.00993484539,-0.00303746293,1.18408559,0.975616
2,75,19.3467569,0,0,-0.0142746888,-0.00667321081,2.60139891,0.975616
2,76,19.6005868,0,0,0.042278679,0.00409512328,-1.59639034,0.975616
2,77,19.8544419,0,0,-0.0122772006,0.000968133475,-0.377404737,0.975616
2,78,20.1083146,0,0,-0.00990887372,-0.00155564601,0.606433088,0.975616
2,79,20.3622112,0,0,-0.0096917538,-0.00402412529,1.56871339,0.975616
2,80,20.6161267,0,0,0.00209791126,-0.00348978954,1.3604148,0.975616
2,81,20.8700649,0,0,0.00939066686,-0.00109799679,0.428028985,0.975616
2,82,21.1240233,0,0,0.000146695017,-0.00106063372,0.413463848,0.975616
2,83,21.3780029,0,0,0.01130492,0.00181871724,-0.708985402,0.975616
2,84,21.6320114,0,0,-0.00801709372,-0.000223227913,0.0870203064,0.975616
2,85,21.8860465,0,0,-0.00633407524,-0.00183651007,0.71592153,0.975616
2,86,22.1401121,0,0,-0.00876357445,-0.00406858306,1.58604424,0.975616
2,87,22.3942026,0,0,-0.00276909804,-0.00477386935,1.860984,0.975616
2,88,22.6483335,0,0,0.0486357232,0.00761359706,-2.96798703,0.975616
2,89,22.9024932,0,0,-0.0321704218,-0.000580174792,0.2261679,0.975616
2,90,23.1566956,0,0,-0.00978882772,-0.00307337869,1.19808653,0.975616
2,91,23.4109246,0,0,0.00327644142,-0.00223887258,0.872773372,0.975616
2,92,23.6651986,0,0,-0.00495173057,-0.00350007303,1.36442358,0.975616
2,93,23.9194968,0,0,-0.0015292838,-0.00388957998,1.51626397,0.975616
2,94,24.1738518,0,0,0.0462162881,0.00788165892,-3.07248482,0.975616
2,95,24.4282331,0,0,-0.0153167592,0.00398049681,-1.55170582,0.975616
2,96,24.6826741,0,0,0.00983984891,0.00648669575,-2.52869027,0.975616
2,97,24.9371386,0,0,-0.00844069952,0.00433685866,-1.69062535,0.975616
2,98,25.191676,0,0,-0.00218387772,0.00378062735,-1.47379128,0.975616
2,99,25.4462374,0,0,-0.012438106,0.000612655119,-0.238829614,0.975616
2,100,25.7008753,0,0,-0.00654940955,-0.00105547245,0.411451844,0.975616
2,101,25.9555336,0,0,0.00210445344,-0.000519470424,0.202503687,0.975616
2,102,26.210272,0,0,-0.0144935814,-0.00421097002,1.64155054,0.975616
2,103,26.4650273,0,0,0.0123488047,-0.00106574274,0.415455481,0.975616
2,104,26.7198782,0,0,-0.00651343409,-0.0027247074,1.06216499,0.975616
2,105,26.9747443,0,0,0.0419888024,0.00796979543,-3.10684283,0.975616
2,106,27.2297102,0,0,-0.0110903515,0.00514509481,-2.00569777,0.975616
2,107,27.4846872,0,0,-0.00527747748,0.00380092697,-1.48170462,0.975616
2,108,27.7397812,0,0,-0.00163325491,0.0033849387,-1.31954109,0.975616
2,109,27.9948828,0,0,0.00773806508,0.00535581556,-2.08784245,0.975616
2,110,28.2501065,0,0,-0.0146673446,0.00162005865,-0.631542884,0.975616
2,111,28.5053353,0,0,-0.0173626664,-0.00280219383,1.0923713,0.975616
2,112,28.7606862,0,0,-0.00564900368,-0.004240989,1.65325276,0.975616
2,113,29.0160458,0,0,-0.0149108339,-0.00803876235,3.13372801,0.975616
2,114,29.2715352,0,0,0.0297949803,-0.000450012888,0.175427252,0.975616
2,115,29.5270392,0,0,-0.00271581552,-0.00114172818,0.44507667,0.975616
2,116,29.7826671,0,0,0.00507231125,0.000150184042,-0.0585458207,0.975616
2,117,30.0383179,0,0,-0.00641016197,-0.00148247732,0.577909944,0.975616
2,118,30.2940981,0,0,-0.0149953985,-0.0053017892,2.0667815,0.975616
2,119,30.5499081,0,0,0.0213141673,0.000126906308,-0.0494715274,0.975616
2,120,30.8058407,0,0,-0.00698084907,-0.00165110845,0.64364694,0.975616
2,121,31.06181,0,0,0.0119079142,0.00138182449,-0.538672735,0.975616
2,122,31.317895,0,0,-0.00186620651,0.000906503696,-0.353379774,0.975616
2,123,31.574028,0,0,-0.00139583409,0.000550986255,-0.214789415,0.975616
2,124,31.8302792,0,0,-0.0202592436,-0.00460902131,1.79672175,0.975616
2,125,32.0865864,0,0,0.047793417,0.00756391063,-2.94861791,0.975616
2,126,32.3430038,0,0,-0.0405270402,-0.00275828295,1.07525365,0.975616
2,127,32.5994856,0,0,0.0351539704,0.00619539553,-2.41513353,0.975616
3,0,0.25654205,0,0,0,-0.00402392774,1.56863638,0.672139
3,1,0.513074946,0,0,0.00796932747,-0.0019941486,0.777373315,0.672139
3,2,0.769436935,0,0,0.0115055938,0.00093631378,-0.365000555,0.672139
3,3,1.02578222,0,0,0.0192280967,0.00583368933,-2.27413063,0.672139
3,4,1.281978,0,0,-0.00826029588,0.00372980085,-1.45397773,0.672139
3,5,1.53815114,0,0,-0.0192441231,-0.00117165662,0.456743589,0.672139
3,6,1.79419456,0,0,-0.00522668409,-0.00250288744,0.975693537,0.672139
3,7,2.05020541,0,0,0.0103488119,0.00013294384,-0.0518251215,0.672139
3,8,2.30608263,0,0,-0.000692850006,-4.35243116e-05,0.0169669594,0.672139
3,9,2.56192635,0,0,0.0178538074,0.00450382124,-1.75571191,0.672139
3,10,2.81766506,0,0,-0.00646443194,0.00285733737,-1.11386775,0.672139
3,11,3.07336006,0,0,-0.00174974993,0.00241167795,-0.940137599,0.672139
3,12,3.32894641,0,0,0.00135396805,0.00275653216,-1.07457114,0.672139
3,13,3.584487,0,0,-0.00107624534,0.00248241362,-0.967712288,0.672139
3,14,3.83993485,0,0,0.00766228733,0.00443398997,-1.72848978,0.672139
3,15,4.09533618,0,0,-0.0397425613,-0.00568839768,2.21749199,0.672139
3,16,4.35065937,0,0,0.00568550541,-0.00424030556,1.65298634,0.672139
3,17,4.60592512,0,0,0.00223587349,-0.00367083099,1.43098967,0.672139
3,18,4.8611098,0,0,0.0278009624,0.00341004426,-1.32932792,0.672139
3,19,5.1162377,0,0,-0.0217033949,-0.0021177871,0.825570959,0.672139
3,20,5.37129773,0,0,-0.0105725187,-0.00481059625,1.87530114,0.672139
3,21,5.62630289,0,0,0.0387551519,0.00506029928,-1.97264217,0.672139
3,22,5.88125211,0,0,5.2672507e-05,0.00507371492,-1.97787195,0.672139
3,23,6.13614215,0,0,-0.0108093959,0.0023205734,-0.904622571,0.672139
3,24,6.39098057,0,0,-0.00813805045,0.000247820699,-0.0966072427,0.672139
3,25,6.64575558,0,0,0.000632100792,0.000408816091,-0.159367621,0.672139
3,26,6.90048319,0,0,-0.00702527629,-0.00138051423,0.538161961,0.672139
3,27,7.15515174,0,0,0.00069357094,-0.00120386246,0.469298299,0.672139
3,28,7.4097824,0,0,-0.0086190685,-0.00339912994,1.32507322,0.672139
3,29,7.66435048,0,0,-0.00128402762,-0.00372617039,1.45256247,0.672139
3,30,7.91888418,0,0,0.0109873379,-0.000927707232,0.361645489,0.672139
3,31,8.17336128,0,0,0.00407995518,0.000111452967,-0.0434473952,0.672139
3,32,8.42781187,0,0,0.00606180386,0.0016553879,-0.645315185,0.672139
3,33,8.68220295,0,0,0.00164373013,0.00207404419,-0.808518787,0.672139
3,34,8.93657044,0,0,-0.0163983904,-0.00210260821,0.819653815,0.672139
3,35,9.19087557,0,0,0.00412351931,-0.00105235227,0.410235512,0.672139
3,36,9.44515996,0,0,-0.000154776573,-0.0010917737,0.425603055,0.672139
3,37,9.69939005,0,0,-0.0126239448,-0.00430707888,1.67901639,0.672139
3,38,9.95360519,0,0,0.0258250086,0.00227052306,-0.885111589,0.672139
3,39,10.2077637,0,0,-0.00655615836,0.000600676575,-0.234160052,0.672139
3,40,10.4619096,0,0,-0.00670682455,-0.00110754443,0.431750915,0.672139
3,41,10.7159966,0,0,0.0103970234,0.00154056625,-0.600554588,0.672139
3,42,10.9700733,0,0,0.00181307351,0.00200235413,-0.780572051,0.672139
3,43,11.224101,0,0,-0.0187981827,-0.00278552281,1.08587248,0.672139
3,44,11.4781222,0,0,0.00161289308,-0.00237472068,0.92573065,0.672139
3,45,11.7320928,0,0,0.0204530896,0.00283465925,-1.10502721,0.672139
3,46,11.9860587,0,0,-0.0178968832,-0.00172365767,0.671928598,0.672139
3,47,12.2399852,0,0,-0.0140762006,-0.00530885082,2.06953431,0.672139
3,48,12.4939095,0,0,0.0459753644,0.00640102506,-2.49529351,0.672139
3,49,12.7477932,0,0,-0.0564683481,-0.00798140249,3.11136758,0.672139
3,50,13.0016757,0,0,0.0116541331,-0.00501310732,1.95424546,0.672139
3,51,13.2562988,0,0,0.00358147621,-0.00410090918,1.59864584,0.672139
3,52,13.5101389,0,0,0.0216590364,0.00141562411,-0.551848746,0.672139
3,53,13.7639523,0,0,-0.0122624634,-0.00170761215,0.665673618,0.672139
3,54,14.0177639,0,0,-0.000347418829,-0.00179609935,0.700168334,0.672139
3,55,14.2715496,0,0,0.00727207968,5.60915271e-05,-0.0218660015,0.672139
3,56,14.525334,0,0,0.00169304643,0.000487308633,-0.189966147,0.672139
3,57,14.7791059,0,0,0.00246838953,0.00111600479,-0.435048995,0.672139
3,58,15.0328743,0,0,0.000785829534,0.00131615473,-0.51307288,0.672139
3,59,15.2866185,0,0,0.00331694073,0.00216097597,-0.842407156,0.672139
3,60,15.5403627,0,0,0.00966422723,0.00462244426,-1.80195438,0.672139
3,61,15.7941069,0,0,-0.0187035193,-0.000141322014,0.0550911612,0.672139
3,62,16.0478485,0,0,-0.00204405022,-0.000661939408,0.258041969,0.672139
3,63,16.3015789,0,0,-0.0178902048,-0.00521855533,2.03433468,0.672139
3,64,16.5553092,0,0,0.00814917828,-0.00314296838,1.22521448,0.672139
3,65,16.8090396,0,0,0.0247110799,0.0031509171,-1.22831311,0.672139
3,66,17.0627734,0,0,0.00466886592,0.00434007223,-1.69187809,0.672139
3,67,17.3165176,0,0,0.00186805908,0.00481586487,-1.87735499,0.672139
3,68,17.5702656,0,0,-0.0133905369,0.00140530952,-0.547827839,0.672139
3,69,17.8240237,0,0,-0.00411325709,0.000357667361,-0.139428457,0.672139
3,70,18.077786,0,0,-0.0217198112,-0.0051743452,2.01710037,0.672139
3,71,18.3315579,0,0,0.00747613279,-0.00327018222,1.27480589,0.672139
3,72,18.5853392,0,0,0.00390270458,-0.00227616756,0.887311966,0.672139
3,73,18.8391388,0,0,0.00258843257,-0.00161689656,0.630310217,0.672139
3,74,19.0929435,0,0,0.00591892254,-0.000109353353,0.0426289086,0.672139
3,75,19.3467569,0,0,0.00668382079,0.00159300862,-0.620998048,0.672139
3,76,19.6005868,0,0,-0.00125959432,0.0012721913,-0.495934739,0.672139
3,77,19.8544419,0,0,-0.0234209175,-0.00469309122,1.82949449,0.672139
3,78,20.1083146,0,0,0.0471087176,0.00730544853,-2.84786235,0.672139
3,79,20.3622112,0,0,-0.00907211511,0.00499479056,-1.94710509,0.672139
3,80,20.6161267,0,0,-0.00246583501,0.00436674503,-1.70227588,0.672139
3,81,20.8700649,0,0,-0.025377408,-0.00209685351,0.817410479,0.672139
3,82,21.1240233,0,0,-0.000972895767,-0.00234464902,0.914007901,0.672139
3,83,21.3780029,0,0,0.00723877878,-0.000500939844,0.195279964,0.672139
3,84,21.6320114,0,0,-0.00754856706,-0.00242355176,0.944766334,0.672139
3,85,21.8860465,0,0,-0.00525420974,-0.00376179333,1.46644926,0.672139
3,86,22.1401121,0,0,0.0264530179,0.00297576188,-1.16003284,0.672139
3,87,22.3942026,0,0,0.0127739697,0.00622927823,-2.42834193,0.672139
3,88,22.6483335,0,0,-0.00415695897,0.00517050525,-2.01560345,0.672139
3,89,22.9024932,0,0,-0.0115845725,0.00221992708,-0.865387899,0.672139
3,90,23.1566956,0,0,-0.0105065922,-0.000456090672,0.177796538,0.672139
3,91,23.4109246,0,0,-0.00253876571,-0.00110271157,0.429866935,0.672139
3,92,23.6651986,0,0,-0.0261216247,-0.0077558613,3.02344549,0.672139
3,93,23.9194968,0,0,0.0529321478,0.00572589984,-2.23211135,0.672139
3,94,24.1738518,0,0,-0.0121301338,0.0026363678,-1.02772781,0.672139
3,95,24.4282331,0,0,0.020347468,0.00781884603,-3.04799865,0.672139
3,96,24.6826741,0,0,-0.0290251234,0.000426178293,-0.16613588,0.672139
3,97,24.9371386,0,0,-0.00487838178,-0.000816340302,0.318231633,0.672139
3,98,25.191676,0,0,0.0187377378,0.00395614136,-1.54221141,0.672139
3,99,25.4462374,0,0,-0.0285657712,-0.00331952985,1.29404294,0.672139
3,100,25.7008753,0,0,-3.48658687e-05,-0.00332841015,1.29750472,0.672139
3,101,25.9555336,0,0,0.00129348257,-0.00299896153,1.1690767,0.672139
3,102,26.210272,0,0,0.00367486671,-0.00206297692,0.804204464,0.672139
3,103,26.4650273,0,0,-0.000701969444,-0.00224176779,0.873902001,0.672139
3,104,26.7198782,0,0,0.0331445404,0.00620011103,-2.41697176,0.672139
3,105,26.9747443,0,0,-0.0115692258,0.00325344165,-1.26827997,0.672139
3,106,27.2297102,0,0,0.000711426268,0.00343464116,-1.33891646,0.672139
3,107,27.4846872,0,0,0.00249135528,0.00406918667,-1.58627954,0.672139
3,108,27.7397812,0,0,-0.000701069618,0.00389062499,-1.51667135,0.672139
3,109,27.9948828,0,0,-0.00220992753,0.00332775882,-1.29725082,0.672139
3,110,28.2501065,0,0,-0.00877507584,0.00109275644,-0.425986155,0.672139
3,111,28.5053353,0,0,-0.0236563414,-0.00493248828,1.92281797,0.672139
3,112,28.7606862,0,0,-0.000859643491,-0.00515143856,2.00817074,0.672139
3,113,29.0160458,0,0,0.0067360873,-0.00343576436,1.33935431,0.672139
3,114,29.2715352,0,0,0.0276224312,0.00359963918,-1.40323717,0.672139
3,115,29.5270392,0,0,-0.0368544264,-0.0057871436,2.25598584,0.672139
3,116,29.7826671,0,0,-0.00218360513,-0.00634330548,2.47279285,0.672139
3,117,30.0383179,0,0,0.00571659105,-0.00488729588,1.90520074,0.672139
3,118,30.2940981,0,0,0.0107466947,-0.00215012429,0.838176876,0.672139
3,119,30.5499081,0,0,0.00656580315,-0.000477821286,0.186267722,0.672139
3,120,30.8058407,0,0,0.00452295787,0.000674171221,-0.262810262,0.672139
3,121,31.06181,0,0,-0.00688433946,-0.00107926264,0.420725905,0.672139
3,122,31.317895,0,0,-0.00299688466,-0.00184256594,0.718282274,0.672139
3,123,31.574028,0,0,-0.0177034454,-0.00635161444,2.47603191,0.672139
3,124,31.8302792,0,0,-0.000859127194,-0.00657043322,2.56133341,0.672139
3,125,32.0865864,0,0,0.0312678179,0.00139344638,-0.543203265,0.672139
3,126,32.3430038,0,0,-0.0190872237,-0.00346804899,1.35193974,0.672139
3,127,32.5994856,0,0,-0.0092112292,-0.00581413916,2.26650944,0.672139
4,0,0.25654205,0,0,0,0.00134747955,-0.525284144,0.718085
4,1,0.513074946,0,0,-0.000736654667,0.0011598544,-0.452142761,0.718085
4,2,0.769436935,0,0,-0.0172412885,-0.00323148325,1.25971998,0.718085
4,3,1.02578222,0,0,0.00379070523,-0.0022659947,0.88334631,0.718085
4,4,1.281978,0,0,0.00797338158,-0.00023518298,0.0916807163,0.718085
4,5,1.53815114,0,0,0.00145875768,0.000136361034,-0.0531572366,0.718085
4,6,1.79419456,0,0,0.0255773029,0.00665087259,-2.59269087,0.718085
4,7,2.05020541,0,0,-0.0314731898,-0.00136531501,0.532236893,0.718085
4,8,2.30608263,0,0,0.0125390477,0.00182836696,-0.712747126,0.718085
4,9,2.56192635,0,0,-0.00494697354,0.000568378117,-0.221569235,0.718085
4,10,2.81766506,0,0,-0.00214615601,2.17544888e-05,-0.0084804909,0.718085
4,11,3.07336006,0,0,-0.0254948992,-0.00647176893,2.52287139,0.718085
4,12,3.32894641,0,0,0.00439679466,-0.00535191006,2.08631997,0.718085
4,13,3.584487,0,0,0.0331346232,0.00308744285,-1.20356912,0.718085
4,14,3.83993485,0,0,0.0108173609,0.00584261306,-2.27760934,0.718085
4,15,4.09533618,0,0,-0.0159251296,0.00178649968,-0.69642612,0.718085
4,16,4.35065937,0,0,-0.0302264316,-0.00591213996,2.30471281,0.718085
4,17,4.60592512,0,0,0.0149617016,-0.00210141063,0.819186969,0.718085
4,18,4.8611098,0,0,0.010190867,0.000494192243,-0.192649566,0.718085
4,19,5.1162377,0,0,-0.00303799485,-0.00027958178,0.108988575,0.718085
4,20,5.37129773,0,0,0.00505216086,0.00100719816,-0.392633213,0.718085
4,21,5.62630289,0,0,0.00243823961,0.00162821517,-0.634722518,0.718085
4,22,5.88125211,0,0,-0.00357497782,0.000717672162,-0.279768111,0.718085
4,23,6.13614215,0,0,0.00405982677,0.00175170568,-0.682862474,0.718085
4,24,6.39098057,0,0,-0.00520821551,0.000425178784,-0.165746244,0.718085
4,25,6.64575558,0,0,-0.0104515599,-0.00223682229,0.871974114,0.718085
4,26,6.90048319,0,0,0.00284508435,-0.00151218237,0.589489779,0.718085
4,27,7.15515174,0,0,-0.00774471311,-0.00348475247,1.35845121,0.718085
4,28,7.4097824,0,0,0.00270661845,-0.00279537966,1.08971495,0.718085
4,29,7.66435048,0,0,0.0064078044,-0.00116331877,0.453493268,0.718085
4,30,7.91888418,0,0,0.0167117334,0.00309314177,-1.20579072,0.718085
4,31,8.17336128,0,0,-0.0385134032,-0.00671618063,2.61814972,0.718085
4,32,8.42781187,0,0,0.0496689501,0.00593444757,-2.31340893,0.718085
4,33,8.68220295,0,0,-0.0537048438,-0.00774411843,3.0188678,0.718085
4,34,8.93657044,0,0,0.0186863168,-0.00298473364,1.16353028,0.718085
4,35,9.19087557,0,0,0.0108732112,-0.000215338429,0.0839447711,0.718085
4,36,9.44515996,0,0,0.0089926824,0.00207508811,-0.808925735,0.718085
4,37,9.69939005,0,0,-0.00641117663,0.000442168317,-0.172369225,0.718085
4,38,9.95360519,0,0,0.00441182224,0.0015658547,-0.610412712,0.718085
4,39,10.2077637,0,0,-0.00380998521,0.000595455559,-0.232124758,0.718085
4,40,10.4619096,0,0,0.00388897133,0.00158597238,-0.618255129,0.718085
4,41,10.7159966,0,0,0.00242054505,0.0022024826,-0.858587568,0.718085
4,42,10.9700733,0,0,-0.0327342206,-0.0061348882,2.39154613,0.718085
4,43,11.224101,0,0,0.0508541502,0.0068176092,-2.65768933,0.718085
4,44,11.4781222,0,0,-0.0457227506,-0.00482792622,1.88205684,0.718085
4,45,11.7320928,0,0,0.0227132399,0.00095711157,-0.373108099,0.718085
4,46,11.9860587,0,0,0.027816782,0.00804201606,-3.13499639,0.718085
4,47,12.2399852,0,0,-0.0444910019,-0.0032897943,1.28245122,0.718085
4,48,12.4939095,0,0,0.00126371003,-0.00296792872,1.15697926,0.718085
4,49,12.7477932,0,0,-0.0165623589,-0.00718634372,2.80143207,0.718085
4,50,13.0016757,0,0,0.0411151969,0.00328565274,-1.28083672,0.718085
4,51,13.2562988,0,0,0.00673605138,0.00500131778,-1.94964958,0.718085
4,52,13.5101389,0,0,-0.0130267775,0.00168341156,-0.65623957,0.718085
4,53,13.7639523,0,0,0.00840812464,0.00382495186,-1.49107018,0.718085
4,54,14.0177639,0,0,-0.00982137293,0.00132345874,-0.515920179,0.718085
4,55,14.2715496,0,0,0.00246236398,0.0019506202,-0.760404758,0.718085
4,56,14.525334,0,0,0.00127898637,0.00227637665,-0.887393477,0.718085
4,57,14.7791059,0,0,0.0118470317,0.0052938029,-2.06366823,0.718085
4,58,15.0328743,0,0,-0.0331360841,-0.00314592209,1.22636592,0.718085
4,59,15.2866185,0,0,-0.0130442913,-0.00646828906,2.52151484,0.718085
4,60,15.5403627,0,0,-0.00284982397,-0.00719413616,2.80446977,0.718085
4,61,15.7941069,0,0,0.0593834249,0.00793075833,-3.09162511,0.718085
4,62,16.0478485,0,0,-0.0557227328,-0.00626176182,2.44100491,0.718085
4,63,16.3015789,0,0,-0.00102115502,-0.0065218489,2.54239393,0.718085
4,64,16.5553092,0,0,-0.00247152465,-0.00715134358,2.78778806,0.718085
4,65,16.8090396,0,0,-0.00264736008,-0.00782562334,3.05064063,0.718085
4,66,17.0627734,0,0,0.0071350472,-0.00600833449,2.34221205,0.718085
4,67,17.3165176,0,0,0.0183923613,-0.00132381984,0.516060948,0.718085
4,68,17.5702656,0,0,0.0344468104,0.00744974574,-2.90411333,0.718085
4,69,17.8240237,0,0,-0.00337110883,0.00659112794,-2.56940078,0.718085
4,70,18.077786,0,0,0.00530812208,0.00794310093,-3.09643659,0.718085
4,71,18.3315579,0,0,-0.0543420736,-0.00589776681,2.29910977,0.718085
4,72,18.5853392,0,0,0.0132706143,-0.0025177556,0.981489552,0.718085
4,73,18.8391388,0,0,0.0153851132,0.00140081619,-0.546076218,0.718085
4,74,19.0929435,0,0,-0.0208420357,-0.0039076279,1.52329954,0.718085
4,75,19.3467569,0,0,0.00408240778,-0.00286784303,1.11796314,0.718085
4,76,19.6005868,0,0,0.0361905231,0.00634984431,-2.47534186,0.718085
4,77,19.8544419,0,0,-0.0009012018,0.00612030918,-2.38586283,0.718085
4,78,20.1083146,0,0,-0.022982479,0.000266696493,-0.10396554,0.718085
4,79,20.3622112,0,0,0.000842295705,0.000481228303,-0.18759587,0.718085
4,80,20.6161267,0,0,0.0128513722,0.00375445899,-1.46359014,0.718085
4,81,20.8700649,0,0,0.00265160684,0.0044298204,-1.72686437,0.718085
4,82,21.1240233,0,0,-0.00512890427,0.00312349399,-1.21762284,0.718085
4,83,21.3780029,0,0,0.00114949808,0.00341626992,-1.33175485,0.718085
4,84,21.6320114,0,0,-0.0245407059,-0.00283422151,1.10485656,0.718085
4,85,21.8860465,0,0,0.0136715204,0.000647900034,-0.252569039,0.718085
4,86,22.1401121,0,0,-0.00949266891,-0.00176987253,0.689944409,0.718085
4,87,22.3942026,0,0,-0.00100169516,-0.00202500321,0.789401281,0.718085
4,88,22.6483335,0,0,-0.000793315444,-0.00222705981,0.86816843,0.718085
4,89,22.9024932,0,0,-0.00610782162,-0.00378271541,1.47460526,0.718085
4,90,23.1566956,0,0,0.0108099424,-0.0010294347,0.401301618,0.718085
4,91,23.4109246,0,0,0.00699257507,0.00075156666,-0.292981107,0.718085
4,92,23.6651986,0,0,-0.00213940802,0.000206661737,-0.080562361,0.718085
4,93,23.9194968,0,0,-0.00262430434,-0.000461745757,0.180001044,0.718085
4,94,24.1738518,0,0,-0.0128937952,-0.00374578153,1.46020743,0.718085
4,95,24.4282331,0,0,0.0091093223,-0.00142564693,0.555755914,0.718085
4,96,24.6826741,0,0,0.0140041747,0.00214120132,-0.834698458,0.718085
4,97,24.9371386,0,0,-0.0252094317,-0.00427961384,1.66830977,0.718085
4,98,25.191676,0,0,0.0162972603,-0.000128719148,0.0501782218,0.718085
4,99,25.4462374,0,0,0.0045857273,0.00103926067,-0.405132048,0.718085
4,100,25.7008753,0,0,-0.0151934312,-0.00283048994,1.10340189,0.718085
4,101,25.9555336,0,0,0.00132981351,-0.00249178787,0.971366622,0.718085
4,102,26.210272,0,0,0.0197654027,0.00254243895,-0.991111791,0.718085
4,103,26.4650273,0,0,0.008746642,0.00477019927,-1.8595533,0.718085
4,104,26.7198782,0,0,-0.010644699,0.00205900589,-0.802656446,0.718085
4,105,26.9747443,0,0,-0.0115963008,-0.000894559454,0.348723584,0.718085
4,106,27.2297102,0,0,0.00403723389,0.000133719679,-0.0521275647,0.718085
4,107,27.4846872,0,0,-0.00885458446,-0.00212153346,0.827031395,0.718085
4,108,27.7397812,0,0,0.00857704136,6.30297506e-05,-0.0245707095,0.718085
4,109,27.9948828,0,0,0.0222766187,0.00573686059,-2.23638415,0.718085
4,110,28.2501065,0,0,-0.0490331785,-0.00675183726,2.63204964,0.718085
4,111,28.5053353,0,0,0.0070057827,-0.00496747194,1.93645555,0.718085
4,112,28.7606862,0,0,0.017511112,-0.000507410523,0.19780241,0.718085
4,113,29.0160458,0,0,-0.00913165697,-0.00283323374,1.1044715,0.718085
4,114,29.2715352,0,0,0.0164017576,0.00134427628,-0.524035424,0.718085
4,115,29.5270392,0,0,0.0033637683,0.00220102445,-0.858019143,0.718085
4,116,29.7826671,0,0,-0.00340644548,0.00133340645,-0.519798069,0.718085
4,117,30.0383179,0,0,0.00797875009,0.00336558552,-1.31199669,0.718085
4,118,30.2940981,0,0,-0.0256393034,-0.0031647175,1.23369288,0.718085
4,119,30.5499081,0,0,0.022669876,0.00260927554,-1.01716651,0.718085
4,120,30.8058407,0,0,0.0128138757,0.00587295592,-2.28943781,0.718085
4,121,31.06181,0,0,-0.0543289239,-0.0079645626,3.10480293,0.718085
4,122,31.317895,0,0,0.0435045407,0.00311599715,-1.21470036,0.718085
4,123,31.574028,0,0,0.0113298333,0.0060016935,-2.33962322,0.718085
4,124,31.8302792,0,0,-0.0384970162,-0.00380345515,1.48269017,0.718085
4,125,32.0865864,0,0,-0.00622232773,-0.00538827534,2.10049615,0.718085
4,126,32.3430038,0,0,0.0053307897,-0.00403052893,1.5712097,0.718085
4,127,32.5994856,0,0,-0.006157172,-0.00559875402,2.18254646,0.718085
5,0,0.25654205,0,0,0,-0.00281976647,1.0992216,0.696053
5,1,0.513074946,0,0,0.00626121621,-0.00122504144,0.477554441,0.696053
5,2,0.769436935,0,0,0.0207602625,0.0040625751,-1.58370217,0.696053
5,3,1.02578222,0,0,-0.00114106419,0.00377194728,-1.47040755,0.696053
5,4,1.281978,0,0,-0.00979087937,0.00127822082,-0.498285211,0.696053
5,5,1.53815114,0,0,-0.00657892134,-0.000397423371,0.15492643,0.696053
5,6,1.79419456,0,0,-0.00963272748,-0.00285086871,1.11134609,0.696053
5,7,2.05020541,0,0,-0.00250954328,-0.00349004668,1.36051504,0.696053
5,8,2.30608263,0,0,0.0345106186,0.00529977077,-2.06599466,0.696053
5,9,2.56192635,0,0,-0.00786428287,0.00329674638,-1.28516133,0.696053
5,10,2.81766506,0,0,-0.0180029127,-0.00128857613,0.50232199,0.696053
5,11,3.07336006,0,0,-0.00389970687,-0.00228182727,0.889518278,0.696053
5,12,3.32894641,0,0,-0.0169736732,-0.00660500358,2.57480988,0.696053
5,13,3.584487,0,0,-0.00379752155,-0.00757222824,2.95186034,0.696053
5,14,3.83993485,0,0,0.00548723122,-0.00617463635,2.40704104,0.696053
5,15,4.09533618,0,0,0.0312085246,0.00177414131,-0.691608493,0.696053
5,16,4.35065937,0,0,0.0119182882,0.0048097165,-1.87495819,0.696053
5,17,4.60592512,0,0,-0.0489775458,-0.00766481176,2.98795191,0.696053
5,18,4.8611098,0,0,-0.00138944306,-0.00801870142,3.12590771,0.696053
5,19,5.1162377,0,0,0.052356451,0.00531643037,-2.07248903,0.696053
5,20,5.37129773,0,0,-0.00913759426,0.00298909494,-1.16523043,0.696053
5,21,5.62630289,0,0,-0.0127087302,-0.000247804982,0.096601116,0.696053
5,22,5.88125211,0,0,-0.00309394543,-0.00103582956,0.403794509,0.696053
5,23,6.13614215,0,0,-0.00156926184,-0.00143551886,0.55960426,0.696053
5,24,6.39098057,0,0,-0.000961275456,-0.00168035469,0.655047918,0.696053
5,25,6.64575558,0,0,0.014377262,0.00198151849,-0.772449753,0.696053
5,26,6.90048319,0,0,0.0093811666,0.00437089154,-1.7038923,0.696053
5,27,7.15515174,0,0,0.00475074307,0.00558090069,-2.17558675,0.696053
5,28,7.4097824,0,0,-0.020133722,0.000452863335,-0.176538434,0.696053
5,29,7.66435048,0,0,0.00111959547,0.000738023098,-0.287701459,0.696053
5,30,7.91888418,0,0,0.00375861831,0.00169533914,-0.660889267,0.696053
5,31,8.17336128,0,0,0.0041850499,0.00276126685,-1.07641685,0.696053
5,32,8.42781187,0,0,-0.000484526642,0.00263785844,-1.0283089,0.696053
5,33,8.68220295,0,0,0.0111243974,0.00547123049,-2.13283432,0.696053
5,34,8.93657044,0,0,0.000352653001,0.00556105083,-2.16784873,0.696053
5,35,9.19087557,0,0,-0.0365146654,-0.00373919519,1.45763989,0.696053
5,36,9.44515996,0,0,0.00552252775,-0.00233261331,0.909316054,0.696053
5,37,9.69939005,0,0,0.00644296155,-0.000691597928,0.269603666,0.696053
5,38,9.95360519,0,0,-0.00232009101,-0.00128252261,0.499962166,0.696053
5,39,10.2077637,0,0,0.00330194128,-0.000441521718,0.172117164,0.696053
5,40,10.4619096,0,0,0.0127795858,0.00281342506,-1.09674954,0.696053
5,41,10.7159966,0,0,-0.00842697477,0.000667083644,-0.260047332,0.696053
5,42,10.9700733,0,0,-0.000815834545,0.000459291463,-0.179044293,0.696053
5,43,11.224101,0,0,0.00206316576,0.000984777565,-0.383893055,0.696053
5,44,11.4781222,0,0,0.0146626706,0.00471934401,-1.83972854,0.696053
5,45,11.7320928,0,0,0.00173394619,0.00516097824,-2.01188956,0.696053
5,46,11.9860587,0,0,0.0103122751,0.00778750362,-3.03578053,0.696053
5,47,12.2399852,0,0,-0.0386853984,-0.00206562578,0.805237059,0.696053
5,48,12.4939095,0,0,0.00798943526,-3.07252015e-05,0.0119775185,0.696053
5,49,12.7477932,0,0,0.015740306,0.00397831381,-1.55085483,0.696053
5,50,13.0016757,0,0,-0.00312117887,0.0031833529,-1.24095747,0.696053
5,51,13.2562988,0,0,-0.00715604757,0.00136071528,-0.530443792,0.696053
5,52,13.5101389,0,0,-0.0180111317,-0.0032267006,1.25785558,0.696053
5,53,13.7639523,0,0,0.0118480997,-0.000209002356,0.0814747977,0.696053
5,54,14.0177639,0,0,0.00133046227,0.000129864955,-0.0506248883,0.696053
5,55,14.2715496,0,0,-0.00781413206,-0.00186038608,0.725229049,0.696053
5,56,14.525334,0,0,0.00109804078,-0.00158071628,0.616206159,0.696053
5,57,14.7791059,0,0,0.00143480014,-0.00121527422,0.473746915,0.696053
5,58,15.0328743,0,0,-0.00627424564,-0.00281331784,1.09670774,0.696053
5,59,15.2866185,0,0,-0.00296474292,-0.00356843468,1.39107281,0.696053
5,60,15.5403627,0,0,-0.00162425104,-0.00398212967,1.55234236,0.696053
5,61,15.7941069,0,0,0.00193510475,-0.00348926057,1.36020859,0.696053
5,62,16.0478485,0,0,-0.00477397632,-0.00470518721,1.83420983,0.696053
5,63,16.3015789,0,0,0.046246427,0.00707372804,-2.75753141,0.696053
5,64,16.5553092,0,0,-0.0500300435,-0.00566887026,2.20987967,0.696053
5,65,16.8090396,0,0,0.00826866577,-0.00356284998,1.38889574,0.696053
5,66,17.0627734,0,0,0.00372860169,-0.00261317913,1.01868824,0.696053
5,67,17.3165176,0,0,-0.00774851274,-0.004586717,1.78802693,0.696053
5,68,17.5702656,0,0,-0.000618278315,-0.00474419182,1.84941489,0.696053
5,69,17.8240237,0,0,-0.00574479447,-0.0062073848,2.41980727,0.696053
5,70,18.077786,0,0,0.0531078949,0.00731913895,-2.85319925,0.696053
5,71,18.3315579,0,0,-0.0118566333,0.00429926719,-1.67597118,0.696053
5,72,18.5853392,0,0,-0.00700273103,0.00251567912,-0.980680084,0.696053
5,73,18.8391388,0,0,0.00397199366,0.00352734164,-1.37505362,0.696053
5,74,19.0929435,0,0,-0.038217413,-0.00620659236,2.41949836,0.696053
5,75,19.3467569,0,0,0.00942515398,-0.00380601578,1.48368837,0.696053
5,76,19.6005868,0,0,-0.0068537088,-0.00555164804,2.16418327,0.696053
5,77,19.8544419,0,0,0.0490624307,0.00694450032,-2.70715493,0.696053
5,78,20.1083146,0,0,-0.0298283152,-0.000652739502,0.254455596,0.696053
5,79,20.3622112,0,0,0.000334807542,-0.000567464381,0.221213036,0.696053
5,80,20.6161267,0,0,-0.0194233387,-0.00551456786,2.1497284,0.696053
5,81,20.8700649,0,0,0.0298489068,0.00208791662,-0.813926637,0.696053
5,82,21.1240233,0,0,0.000338102645,0.002174031,-0.847496362,0.696053
5,83,21.3780029,0,0,0.00301854899,0.00294285219,-1.14720375,0.696053
5,84,21.6320114,0,0,0.0180106614,0.00753014828,-2.93545642,0.696053
5,85,21.8860465,0,0,-0.0462694062,-0.00425461975,1.6585664,0.696053
5,86,22.1401121,0,0,0.00880892264,-0.00201099663,0.783941132,0.696053
5,87,22.3942026,0,0,-0.00837745331,-0.00414472498,1.61572643,0.696053
5,88,22.6483335,0,0,0.00768152293,-0.00218824935,0.853039059,0.696053
5,89,22.9024932,0,0,0.00424855459,-0.00110614706,0.431206182,0.696053
5,90,23.1566956,0,0,-0.017876813,-0.00565935212,2.20616924,0.696053
5,91,23.4109246,0,0,0.045457003,0.00591849768,-2.30719123,0.696053
5,92,23.6651986,0,0,-0.00746702859,0.00401665353,-1.56580069,0.696053
5,93,23.9194968,0,0,-0.00843255467,0.00186889092,-0.728544466,0.696053
5,94,24.1738518,0,0,0.00548557543,0.00326606108,-1.27319936,0.696053
5,95,24.4282331,0,0,0.00961708228,0.0057155216,-2.22806563,0.696053
5,96,24.6826741,0,0,0.00683429124,0.00745620824,-2.90663259,0.696053
5,97,24.9371386,0,0,-0.0606371442,-0.00798800722,3.11394228,0.696053
5,98,25.191676,0,0,0.0168112614,-0.003706197,1.4447763,0.696053
5,99,25.4462374,0,0,0.0157224128,0.000298284647,-0.116279461,0.696053
5,100,25.7008753,0,0,0.00575979258,0.00176529763,-0.688160985,0.696053
5,101,25.9555336,0,0,0.010316944,0.00439301217,-1.71251552,0.696053
5,102,26.210272,0,0,-0.0081337301,0.00232135985,-0.904929151,0.696053
5,103,26.4650273,0,0,-0.0165790377,-0.00190130322,0.741179662,0.696053
5,104,26.7198782,0,0,-0.00655169346,-0.00357001251,1.39168789,0.696053
5,105,26.9747443,0,0,0.00628080297,-0.00197029874,0.76807599,0.696053
5,106,27.2297102,0,0,0.00177425599,-0.00151839765,0.591912664,0.696053
5,107,27.4846872,0,0,-0.0116853187,-0.00449463575,1.75213115,0.696053
5,108,27.7397812,0,0,-0.0138997232,-0.00803488032,3.13221469,0.696053
5,109,27.9948828,0,0,0.0537558981,0.00565668915,-2.20513114,0.696053
5,110,28.2501065,0,0,-0.0312947263,-0.00231404401,0.902077236,0.696053
5,111,28.5053353,0,0,-0.0204428395,-0.00752081326,2.93181738,0.696053
5,112,28.7606862,0,0,0.0525831433,0.00587205681,-2.28908731,0.696053
5,113,29.0160458,0,0,-0.0194451098,0.000919408234,-0.358410314,0.696053
5,114,29.2715352,0,0,-0.00244104063,0.000297677808,-0.116042899,0.696053
5,115,29.5270392,0,0,-0.00645062228,-0.00134528875,0.524430113,0.696053
5,116,29.7826671,0,0,0.00360858095,-0.000426187063,0.166139299,0.696053
5,117,30.0383179,0,0,0.015065364,0.00341094496,-1.32967903,0.696053
5,118,30.2940981,0,0,-0.0124231469,0.000246782806,-0.0962026438,0.696053
5,119,30.5499081,0,0,0.0049597452,0.00151002458,-0.588648613,0.696053
5,120,30.8058407,0,0,-0.0089874247,-0.000779062833,0.303699863,0.696053
5,121,31.06181,0,0,-0.0259505881,-0.00738864973,2.88029644,0.696053
5,122,31.317895,0,0,0.0544041076,0.00646801799,-2.52140917,0.696053
5,123,31.574028,0,0,-0.0567217632,-0.00797895412,3.11041314,0.696053
5,124,31.8302792,0,0,0.0478865725,0.00421770441,-1.64417579,0.696053
5,125,32.0865864,0,0,-0.00747292332,0.00231435887,-0.90219998,0.696053
5,126,32.3430038,0,0,-0.0261472798,-0.00434532519,1.69392584,0.696053
5,127,32.5994856,0,0,-0.00020694427,-0.00439803367,1.71447304,0.696053
6,0,0.25654205,0,0,0,0.000607934291,-0.236989307,0.994778
6,1,0.513074946,0,0,-7.99729386e-05,0.000587565269,-0.229048909,0.994778
6,2,0.769436935,0,0,-8.69750874e-05,0.000565412808,-0.220413277,0.994778
6,3,1.02578222,0,0,-9.6879321e-05,0.000540737749,-0.210794269,0.994778
6,4,1.281978,0,0,-9.26449205e-05,0.000517141187,-0.201595688,0.994778
6,5,1.53815114,0,0,-0.000112432327,0.000488504795,-0.190432444,0.994778
6,6,1.79419456,0,0,-9.99037982e-05,0.000463059405,-0.180513139,0.994778
6,7,2.05020541,0,0,-7.14125816e-05,0.000444870697,-0.173422687,0.994778
6,8,2.30608263,0,0,-5.83631199e-05,0.000430005673,-0.167627896,0.994778
6,9,2.56192635,0,0,-4.84750763e-05,0.000417659123,-0.162814876,0.994778
6,10,2.81766506,0,0,-5.8403756e-05,0.000402783749,-0.157016051,0.994778
6,11,3.07336006,0,0,-8.11316922e-05,0.000382119595,-0.148960602,0.994778
6,12,3.32894641,0,0,-0.000120040194,0.000351545486,-0.137041983,0.994778
6,13,3.584487,0,0,-0.000140471743,0.000315767484,-0.123094746,0.994778
6,14,3.83993485,0,0,-0.000131827664,0.00028219112,-0.110005767,0.994778
6,15,4.09533618,0,0,-9.67955315e-05,0.000257537402,-0.100395078,0.994778
6,16,4.35065937,0,0,-5.72776537e-05,0.000242948845,-0.0947080618,0.994778
6,17,4.60592512,0,0,-8.13880544e-05,0.000222219395,-0.0866271589,0.994778
6,18,4.8611098,0,0,-9.70056481e-05,0.000197512161,-0.0769956075,0.994778
6,19,5.1162377,0,0,-0.000142664358,0.000161175702,-0.0628306685,0.994778
6,20,5.37129773,0,0,-0.000135584042,0.000126642592,-0.0493687239,0.994778
6,21,5.62630289,0,0,-8.18781956e-05,0.000105788304,-0.0412391556,0.994778
6,22,5.88125211,0,0,-9.05699814e-05,8.2720227e-05,-0.0322465923,0.994778
6,23,6.13614215,0,0,-9.6762432e-05,5.80749396e-05,-0.0226391896,0.994778
6,24,6.39098057,0,0,-0.000119792713,2.75638644e-05,-0.0107451434,0.994778
6,25,6.64575558,0,0,-0.000131163402,-5.84331316e-06,0.00227788225,0.994778
6,26,6.90048319,0,0,-9.02218773e-05,-2.88227283e-05,0.0112358827,0.994778
6,27,7.15515174,0,0,-0.000117504004,-5.87508718e-05,0.0229026863,0.994778
6,28,7.4097824,0,0,-9.71364417e-05,-8.34914191e-05,0.032547224,0.994778
6,29,7.66435048,0,0,-0.000118260982,-0.000113612364,0.0442891868,0.994778
6,30,7.91888418,0,0,-9.21540381e-05,-0.000137083899,0.0534390288,0.994778
6,31,8.17336128,0,0,-0.000129816365,-0.000170147987,0.0663283091,0.994778
6,32,8.42781187,0,0,-9.57345062e-05,-0.000194531463,0.0758336505,0.994778
6,33,8.68220295,0,0,-9.95064989e-05,-0.000219875661,0.0857135077,0.994778
6,34,8.93657044,0,0,-0.00012141324,-0.000250799483,0.0977684537,0.994778
6,35,9.19087557,0,0,-0.000115828456,-0.000280300866,0.109268895,0.994778
6,36,9.44515996,0,0,-7.17611217e-05,-0.000298578347,0.116393953,0.994778
6,37,9.69939005,0,0,-9.27473415e-05,-0.000322200995,0.125602703,0.994778
6,38,9.95360519,0,0,-0.000132247713,-0.000355884346,0.138733389,0.994778
6,39,10.2077637,0,0,-6.05534146e-05,-0.000371307235,0.14474565,0.994778
6,40,10.4619096,0,0,-9.79110341e-05,-0.00039624507,0.154467096,0.994778
6,41,10.7159966,0,0,-0.000130507661,-0.000429485231,0.167425014,0.994778
6,42,10.9700733,0,0,-4.07237613e-05,-0.000439857529,0.171468418,0.994778
6,43,11.224101,0,0,-9.07770539e-05,-0.000462978347,0.180481541,0.994778
6,44,11.4781222,0,0,-0.000135773438,-0.000497559696,0.19396229,0.994778
6,45,11.7320928,0,0,6.19289837e-06,-0.000495982371,0.193347406,0.994778
6,46,11.9860587,0,0,-0.00013091624,-0.000529326597,0.206345891,0.994778
6,47,12.2399852,0,0,-0.000104931911,-0.000556052642,0.21676443,0.994778
6,48,12.4939095,0,0,7.8422583e-06,-0.000554055227,0.215985784,0.994778
6,49,12.7477932,0,0,-0.00016504221,-0.000596091301,0.232372587,0.994778
6,50,13.0016757,0,0,2.22197311e-05,-0.000590431959,0.230166422,0.994778
6,51,13.2562988,0,0,-0.000105389307,-0.000617274502,0.240630375,0.994778
6,52,13.5101389,0,0,-0.00011320824,-0.000646108519,0.251870658,0.994778
6,53,13.7639523,0,0,4.49852686e-05,-0.00063465082,0.247404136,0.994778
6,54,14.0177639,0,0,-0.000182908355,-0.000681237381,0.265564843,0.994778
6,55,14.2715496,0,0,9.28789258e-05,-0.000657581219,0.256343028,0.994778
6,56,14.525334,0,0,-0.000161791436,-0.000698789324,0.272407067,0.994778
6,57,14.7791059,0,0,5.87263478e-05,-0.000683831786,0.266576213,0.994778
6,58,15.0328743,0,0,-5.95877278e-05,-0.000699008716,0.272492592,0.994778
6,59,15.2866185,0,0,-2.56083343e-05,-0.000705531131,0.275035207,0.994778
6,60,15.5403627,0,0,1.85543085e-05,-0.000700805369,0.273192977,0.994778
6,61,15.7941069,0,0,-5.14198695e-05,-0.000713901954,0.278298381,0.994778
6,62,16.0478485,0,0,7.01529771e-05,-0.000696034067,0.271332993,0.994778
6,63,16.3015789,0,0,-0.000106772073,-0.000723228799,0.281934239,0.994778
6,64,16.5553092,0,0,0.000131343784,-0.000689775678,0.268893303,0.994778
6,65,16.8090396,0,0,-0.000129182933,-0.000722678432,0.281719691,0.994778
6,66,17.0627734,0,0,0.000117196278,-0.000692828666,0.270083441,0.994778
6,67,17.3165176,0,0,-3.07436059e-05,-0.00070065903,0.27313593,0.994778
6,68,17.5702656,0,0,7.14523062e-05,-0.000682460204,0.266041533,0.994778
6,69,17.8240237,0,0,5.39185601e-05,-0.000668727205,0.260688036,0.994778
6,70,18.077786,0,0,-4.18017033e-05,-0.000679374054,0.264838468,0.994778
6,71,18.3315579,0,0,0.000243162055,-0.00061744094,0.240695257,0.994778
6,72,18.5853392,0,0,-0.000189314162,-0.000665659053,0.259491988,0.994778
6,73,18.8391388,0,0,0.000352922102,-0.000575770173,0.22445086,0.994778
6,74,19.0929435,0,0,-0.000193521171,-0.000625059807,0.243665298,0.994778
6,75,19.3467569,0,0,0.000281584439,-0.000553340553,0.215707184,0.994778
6,76,19.6005868,0,0,-1.3547189e-06,-0.000553685599,0.215841692,0.994778
6,77,19.8544419,0,0,2.38063141e-05,-0.000547622156,0.213477998,0.994778
6,78,20.1083146,0,0,0.000319273274,-0.000466303597,0.181777813,0.994778
6,79,20.3622112,0,0,-0.000145190478,-0.000503283455,0.196193567,0.994778
6,80,20.6161267,0,0,0.000323047112,-0.000421003703,0.164118684,0.994778
6,81,20.8700649,0,0,0.000103012263,-0.000394766591,0.153890744,0.994778
6,82,21.1240233,0,0,-6.75260788e-06,-0.000396486473,0.154561201,0.994778
6,83,21.3780029,0,0,0.000362498879,-0.000304158398,0.118569209,0.994778
6,84,21.6320114,0,0,5.39077962e-05,-0.00029042814,0.113216781,0.994778
6,85,21.8860465,0,0,9.01167388e-05,-0.000267475503,0.10426922,0.994778
6,86,22.1401121,0,0,0.000391110011,-0.000167860204,0.065436469,0.994778
6,87,22.3942026,0,0,8.2157733e-05,-0.000146934718,0.0572791458,0.994778
6,88,22.6483335,0,0,0.000131368128,-0.000113475397,0.0442357932,0.994778
6,89,22.9024932,0,0,0.000332490119,-2.87905208e-05,0.0112233274,0.994778
6,90,23.1566956,0,0,0.000227903349,2.92562171e-05,-0.0114048685,0.994778
6,91,23.4109246,0,0,9.08162025e-05,5.23870063e-05,-0.0204218786,0.994778
6,92,23.6651986,0,0,0.000282660095,0.000124380229,-0.0484867931,0.994778
6,93,23.9194968,0,0,0.000355843764,0.000215013253,-0.0838180088,0.994778
6,94,24.1738518,0,0,0.00016519063,0.000257087129,-0.100219549,0.994778
6,95,24.4282331,0,0,0.000297822393,0.000332942172,-0.129789906,0.994778
6,96,24.6826741,0,0,0.000295724229,0.000408262815,-0.15915194,0.994778
6,97,24.9371386,0,0,0.000313282627,0.000488055564,-0.190257321,0.994778
6,98,25.191676,0,0,0.000287536727,0.000561290859,-0.218806429,0.994778
6,99,25.4462374,0,0,0.000362680696,0.000653665242,-0.254816474,0.994778
6,100,25.7008753,0,0,0.000266641812,0.000721578625,-0.281290956,0.994778
6,101,25.9555336,0,0,0.000327957436,0.000805109032,-0.313853379,0.994778
6,102,26.210272,0,0,0.000356662424,0.000895950568,-0.349265878,0.994778
6,103,26.4650273,0,0,0.000468988992,0.00101540156,-0.395831121,0.994778
6,104,26.7198782,0,0,0.000370556621,0.00110978193,-0.432623155,0.994778
6,105,26.9747443,0,0,0.000280523937,0.00118123108,-0.460475973,0.994778
6,106,27.2297102,0,0,0.00027229475,0.00125058426,-0.487511727,0.994778
6,107,27.4846872,0,0,0.000451607157,0.00136560812,-0.532351153,0.994778
6,108,27.7397812,0,0,0.00057017221,0.00151083036,-0.588962732,0.994778
6,109,27.9948828,0,0,0.000631967917,0.00167179191,-0.651709917,0.994778
6,110,28.2501065,0,0,0.000462608516,0.00178961781,-0.697641652,0.994778
6,111,28.5053353,0,0,0.000325169132,0.00187243803,-0.729927227,0.994778
6,112,28.7606862,0,0,0.000246055422,0.00193510809,-0.754357716,0.994778
6,113,29.0160458,0,0,0.000305063437,0.00201280741,-0.784647026,0.994778
6,114,29.2715352,0,0,0.000492493361,0.00213824494,-0.833545984,0.994778
6,115,29.5270392,0,0,0.000645185559,0.00230257301,-0.897605531,0.994778
6,116,29.7826671,0,0,0.000713671703,0.00248434443,-0.968464968,0.994778
6,117,30.0383179,0,0,0.000823695477,0.00269413878,-1.05024851,0.994778
6,118,30.2940981,0,0,0.000708337771,0.00287455165,-1.12057835,0.994778
6,119,30.5499081,0,0,0.000548905691,0.00301435734,-1.1750784,0.994778
6,120,30.8058407,0,0,0.000644843749,0.00317859835,-1.23910401,0.994778
6,121,31.06181,0,0,0.000621512412,0.00333689689,-1.30081309,0.994778
6,122,31.317895,0,0,0.000489210036,0.00346149816,-1.34938605,0.994778
6,123,31.574028,0,0,0.000521963978,0.00359444183,-1.4012111,0.994778
6,124,31.8302792,0,0,0.000725079094,0.00377911869,-1.47320316,0.994778
6,125,32.0865864,0,0,0.000605719945,0.00393339491,-1.53334422,0.994778
6,126,32.3430038,0,0,0.00061001257,0.00408876446,-1.59391149,0.994778
6,127,32.5994856,0,0,0.000665434537,0.00425824992,-1.65998153,0.994778
7,0,0.25654205,0,0,0,0.000607934291,-0.236989307,0.994249
7,1,0.513074946,0,0,-7.99729386e-05,0.000587565269,-0.229048909,0.994249
7,2,0.769436935,0,0,-8.69750874e-05,0.000565412808,-0.220413277,0.994249
7,3,1.02578222,0,0,-9.6879321e-05,0.000540737749,-0.210794269,0.994249
7,4,1.281978,0,0,-9.26449205e-05,0.000517141187,-0.201595688,0.994249
7,5,1.53815114,0,0,-0.000112432327,0.000488504795,-0.190432444,0.994249
7,6,1.79419456,0,0,-9.99037982e-05,0.000463059405,-0.180513139,0.994249
7,7,2.05020541,0,0,-7.14125816e-05,0.000444870697,-0.173422687,0.994249
7,8,2.30608263,0,0,-5.83631199e-05,0.000430005673,-0.167627896,0.994249
7,9,2.56192635,0,0,-4.84750763e-05,0.000417659123,-0.162814876,0.994249
7,10,2.81766506,0,0,-5.8403756e-05,0.000402783749,-0.157016051,0.994249
7,11,3.07336006,0,0,-8.11316922e-05,0.000382119595,-0.148960602,0.994249
7,12,3.32894641,0,0,-0.000120040194,0.000351545486,-0.137041983,0.994249
7,13,3.584487,0,0,-0.000140471743,0.000315767484,-0.123094746,0.994249
7,14,3.83993485,0,0,-0.000131827664,0.00028219112,-0.110005767,0.994249
7,15,4.09533618,0,0,-9.67955315e-05,0.000257537402,-0.100395078,0.994249
7,16,4.35065937,0,0,-5.72776537e-05,0.000242948845,-0.0947080618,0.994249
7,17,4.60592512,0,0,-8.13880544e-05,0.000222219395,-0.0866271589,0.994249
7,18,4.8611098,0,0,-9.70056481e-05,0.000197512161,-0.0769956075,0.994249
7,19,5.1162377,0,0,-0.000142664358,0.000161175702,-0.0628306685,0.994249
7,20,5.37129773,0,0,-0.000135584042,0.000126642592,-0.0493687239,0.994249
7,21,5.62630289,0,0,-8.18781956e-05,0.000105788304,-0.0412391556,0.994249
7,22,5.88125211,0,0,-9.05699814e-05,8.2720227e-05,-0.0322465923,0.994249
7,23,6.13614215,0,0,-9.6762432e-05,5.80749396e-05,-0.0226391896,0.994249
7,24,6.39098057,0,0,-0.000119792713,2.75638644e-05,-0.0107451434,0.994249
7,25,6.64575558,0,0,-0.000131163402,-5.84331316e-06,0.00227788225,0.994249
7,26,6.90048319,0,0,-9.02218773e-05,-2.88227283e-05,0.0112358827,0.994249
7,27,7.15515174,0,0,-0.000117504004,-5.87508718e-05,0.0229026863,0.994249
7,28,7.4097824,0,0,-9.71364417e-05,-8.34914191e-05,0.032547224,0.994249
7,29,7.66435048,0,0,-0.000118260982,-0.000113612364,0.0442891868,0.994249
7,30,7.91888418,0,0,-9.21540381e-05,-0.000137083899,0.0534390288,0.994249
7,31,8.17336128,0,0,-0.000129816365,-0.000170147987,0.0663283091,0.994249
7,32,8.42781187,0,0,-9.57345062e-05,-0.000194531463,0.0758336505,0.994249
7,33,8.68220295,0,0,-9.95064989e-05,-0.000219875661,0.0857135077,0.994249
7,34,8.93657044,0,0,-0.00012141324,-0.000250799483,0.0977684537,0.994249
7,35,9.19087557,0,0,-0.000115828456,-0.000280300866,0.109268895,0.994249
7,36,9.44515996,0,0,-7.17611217e-05,-0.000298578347,0.116393953,0.994249
7,37,9.69939005,0,0,-9.27473415e-05,-0.000322200995,0.125602703,0.994249
7,38,9.95360519,0,0,-0.000132247713,-0.000355884346,0.138733389,0.994249
7,39,10.2077637,0,0,-6.05534146e-05,-0.000371307235,0.14474565,0.994249
7,40,10.4619096,0,0,-9.79110341e-05,-0.00039624507,0.154467096,0.994249
7,41,10.7159966,0,0,-0.000130507661,-0.000429485231,0.167425014,0.994249
7,42,10.9700733,0,0,-4.07237613e-05,-0.000439857529,0.171468418,0.994249
7,43,11.224101,0,0,-9.07770539e-05,-0.000462978347,0.180481541,0.994249
7,44,11.4781222,0,0,-0.000135773438,-0.000497559696,0.19396229,0.994249
7,45,11.7320928,0,0,6.19289837e-06,-0.000495982371,0.193347406,0.994249
7,46,11.9860587,0,0,-0.00013091624,-0.000529326597,0.206345891,0.994249
7,47,12.2399852,0,0,-0.000104931911,-0.000556052642,0.21676443,0.994249
7,48,12.4939095,0,0,7.8422583e-06,-0.000554055227,0.215985784,0.994249
7,49,12.7477932,0,0,-0.00016504221,-0.000596091301,0.232372587,0.994249
7,50,13.0016757,0,0,2.22197311e-05,-0.000590431959,0.230166422,0.994249
7,51,13.2562988,0,0,-0.000105389307,-0.000617274502,0.240630375,0.994249
7,52,13.5101389,0,0,-0.00011320824,-0.000646108519,0.251870658,0.994249
7,53,13.7639523,0,0,4.49852686e-05,-0.00063465082,0.247404136,0.994249
7,54,14.0177639,0,0,-0.000182908355,-0.000681237381,0.265564843,0.994249
7,55,14.2715496,0,0,9.28789258e-05,-0.000657581219,0.256343028,0.994249
7,56,14.525334,0,0,-0.000161791436,-0.000698789324,0.272407067,0.994249
7,57,14.7791059,0,0,5.87263478e-05,-0.000683831786,0.266576213,0.994249
7,58,15.0328743,0,0,-5.95877278e-05,-0.000699008716,0.272492592,0.994249
7,59,15.2866185,0,0,-2.56083343e-05,-0.000705531131,0.275035207,0.994249
7,60,15.5403627,0,0,1.85543085e-05,-0.000700805369,0.273192977,0.994249
7,61,15.7941069,0,0,-5.14198695e-05,-0.000713901954,0.278298381,0.994249
7,62,16.0478485,0,0,7.01529771e-05,-0.000696034067,0.271332993,0.994249
7,63,16.3015789,0,0,-0.000106772073,-0.000723228799,0.281934239,0.994249
7,64,16.5553092,0,0,0.000131343784,-0.000689775678,0.268893303,0.994249
7,65,16.8090396,0,0,-0.000129182933,-0.000722678432,0.281719691,0.994249
7,66,17.0627734,0,0,0.000117196278,-0.000692828666,0.270083441,0.994249
7,67,17.3165176,0,0,-3.07436059e-05,-0.00070065903,0.27313593,0.994249
7,68,17.5702656,0,0,7.14523062e-05,-0.000682460204,0.266041533,0.994249
7,69,17.8240237,0,0,5.39185601e-05,-0.000668727205,0.260688036,0.994249
7,70,18.077786,0,0,-4.18017033e-05,-0.000679374054,0.264838468,0.994249
7,71,18.3315579,0,0,0.000243162055,-0.00061744094,0.240695257,0.994249
7,72,18.5853392,0,0,-0.000189314162,-0.000665659053,0.259491988,0.994249
7,73,18.8391388,0,0,0.000352922102,-0.000575770173,0.22445086,0.994249
7,74,19.0929435,0,0,-0.000193521171,-0.000625059807,0.243665298,0.994249
7,75,19.3467569,0,0,0.000281584439,-0.000553340553,0.215707184,0.994249
7,76,19.6005868,0,0,-1.3547189e-06,-0.000553685599,0.215841692,0.994249
7,77,19.8544419,0,0,2.38063141e-05,-0.000547622156,0.213477998,0.994249
7,78,20.1083146,0,0,0.000319273274,-0.000466303597,0.181777813,0.994249
7,79,20.3622112,0,0,-0.000145190478,-0.000503283455,0.196193567,0.994249
7,80,20.6161267,0,0,0.000323047112,-0.000421003703,0.164118684,0.994249
7,81,20.8700649,0,0,0.000103012263,-0.000394766591,0.153890744,0.994249
7,82,21.1240233,0,0,-6.75260788e-06,-0.000396486473,0.154561201,0.994249
7,83,21.3780029,0,0,0.000362498879,-0.000304158398,0.118569209,0.994249
7,84,21.6320114,0,0,5.39077962e-05,-0.00029042814,0.113216781,0.994249
7,85,21.8860465,0,0,9.01167388e-05,-0.000267475503,0.10426922,0.994249
7,86,22.1401121,0,0,0.000391110011,-0.000167860204,0.065436469,0.994249
7,87,22.3942026,0,0,8.2157733e-05,-0.000146934718,0.0572791458,0.994249
7,88,22.6483335,0,0,0.000131368128,-0.000113475397,0.0442357932,0.994249
7,89,22.9024932,0,0,0.000332490119,-2.87905208e-05,0.0112233274,0.994249
7,90,23.1566956,0,0,0.000227903349,2.92562171e-05,-0.0114048685,0.994249
7,91,23.4109246,0,0,9.08162025e-05,5.23870063e-05,-0.0204218786,0.994249
7,92,23.6651986,0,0,0.000282660095,0.000124380229,-0.0484867931,0.994249
7,93,23.9194968,0,0,0.000355843764,0.000215013253,-0.0838180088,0.994249
7,94,24.1738518,0,0,0.00016519063,0.000257087129,-0.100219549,0.994249
7,95,24.4282331,0,0,0.000297822393,0.000332942172,-0.129789906,0.994249
7,96,24.6826741,0,0,0.000295724229,0.000408262815,-0.15915194,0.994249
7,97,24.9371386,0,0,0.000313282627,0.000488055564,-0.190257321,0.994249
7,98,25.191676,0,0,0.000287536727,0.000561290859,-0.218806429,0.994249
7,99,25.4462374,0,0,0.000362680696,0.000653665242,-0.254816474,0.994249
7,100,25.7008753,0,0,0.000266641812,0.000721578625,-0.281290956,0.994249
7,101,25.9555336,0,0,0.000327957436,0.000805109032,-0.313853379,0.994249
7,102,26.210272,0,0,0.000356662424,0.000895950568,-0.349265878,0.994249
7,103,26.4650273,0,0,0.000468988992,0.00101540156,-0.395831121,0.994249
7,104,26.7198782,0,0,0.000370556621,0.00110978193,-0.432623155,0.994249
7,105,26.9747443,0,0,0.000280523937,0.00118123108,-0.460475973,0.994249
7,106,27.2297102,0,0,0.00027229475,0.00125058426,-0.487511727,0.994249
7,107,27.4846872,0,0,0.000451607157,0.00136560812,-0.532351153,0.994249
7,108,27.7397812,0,0,0.00057017221,0.00151083036,-0.588962732,0.994249
7,109,27.9948828,0,0,0.000631967917,0.00167179191,-0.651709917,0.994249
7,110,28.2501065,0,0,0.000462608516,0.00178961781,-0.697641652,0.994249
7,111,28.5053353,0,0,0.000325169132,0.00187243803,-0.729927227,0.994249
7,112,28.7606862,0,0,0.000246055422,0.00193510809,-0.754357716,0.994249
7,113,29.0160458,0,0,0.000305063437,0.00201280741,-0.784647026,0.994249
7,114,29.2715352,0,0,0.000492493361,0.00213824494,-0.833545984,0.994249
7,115,29.5270392,0,0,0.000645185559,0.00230257301,-0.897605531,0.994249
7,116,29.7826671,0,0,0.000713671703,0.00248434443,-0.968464968,0.994249
7,117,30.0383179,0,0,0.000823695477,0.00269413878,-1.05024851,0.994249
7,118,30.2940981,0,0,0.000708337771,0.00287455165,-1.12057835,0.994249
7,119,30.5499081,0,0,0.000548905691,0.00301435734,-1.1750784,0.994249
7,120,30.8058407,0,0,0.000644843749,0.00317859835,-1.23910401,0.994249
7,121,31.06181,0,0,0.000621512412,0.00333689689,-1.30081309,0.994249
7,122,31.317895,0,0,0.000489210036,0.00346149816,-1.34938605,0.994249
7,123,31.574028,0,0,0.000521963978,0.00359444183,-1.4012111,0.994249
7,124,31.8302792,0,0,0.000725079094,0.00377911869,-1.47320316,0.994249
7,125,32.0865864,0,0,0.000605719945,0.00393339491,-1.53334422,0.994249
7,126,32.3430038,0,0,0.00061001257,0.00408876446,-1.59391149,0.994249
7,127,32.5994856,0,0,0.000665434537,0.00425824992,-1.65998153,0.994249
8,0,0.25654205,0,0,0,-0.00280311336,1.09272976,0.996894
8,1,0.513074946,0,0,0.000491030091,-0.00267804853,1.04397609,0.996894
8,2,0.769436935,0,0,0.00047885035,-0.00255608586,0.996431726,0.996894
8,3,1.02578222,0,0,0.000468845894,-0.00243667131,0.949880691,0.996894
8,4,1.281978,0,0,0.000470074526,-0.00231694383,0.903207667,0.996894
8,5,1.53815114,0,0,0.000494139828,-0.00219108695,0.854145234,0.996894
8,6,1.79419456,0,0,0.00047277115,-0.00207067265,0.807204466,0.996894
8,7,2.05020541,0,0,0.000459498815,-0.00195363879,0.76158149,0.996894
8,8,2.30608263,0,0,0.000419018235,-0.0018469153,0.719977772,0.996894
8,9,2.56192635,0,0,0.000423168644,-0.0017391347,0.677961965,0.996894
8,10,2.81766506,0,0,0.000397634949,-0.00163785751,0.638481363,0.996894
8,11,3.07336006,0,0,0.000364262186,-0.00154508032,0.602314294,0.996894
8,12,3.32894641,0,0,0.000402187953,-0.00144264348,0.562381631,0.996894
8,13,3.584487,0,0,0.000413576923,-0.00133730588,0.521318173,0.996894
8,14,3.83993485,0,0,0.000381464862,-0.00124014719,0.483443075,0.996894
8,15,4.09533618,0,0,0.000394351251,-0.00113970635,0.444288506,0.996894
8,16,4.35065937,0,0,0.000383615138,-0.00104199999,0.406199911,0.996894
8,17,4.60592512,0,0,0.000323983556,-0.000959481724,0.374032049,0.996894
8,18,4.8611098,0,0,0.000321037348,-0.000877713857,0.342156713,0.996894
8,19,5.1162377,0,0,0.000364523345,-0.000784870153,0.305963714,0.996894
8,20,5.37129773,0,0,0.000360429276,-0.000693069204,0.270177209,0.996894
8,21,5.62630289,0,0,0.000302764453,-0.000615955423,0.240116162,0.996894
8,22,5.88125211,0,0,0.000291514393,-0.000541707021,0.211172117,0.996894
8,23,6.13614215,0,0,0.000300653243,-0.000465130963,0.181320689,0.996894
8,24,6.39098057,0,0,0.000314638405,-0.000384992899,0.150080694,0.996894
8,25,6.64575558,0,0,0.000290991234,-0.000310877745,0.121188593,0.996894
8,26,6.90048319,0,0,0.000247099619,-0.000247941737,0.0966544268,0.996894
8,27,7.15515174,0,0,0.000274882806,-0.000177929382,0.0693617082,0.996894
8,28,7.4097824,0,0,0.000286273152,-0.000105015918,0.0409380586,0.996894
8,29,7.66435048,0,0,0.000257994817,-3.93049155e-05,0.0153221241,0.996894
8,30,7.91888418,0,0,0.000235273722,2.06190484e-05,-0.00803786539,0.996894
8,31,8.17336128,0,0,0.000239692389,8.16684423e-05,-0.0318365781,0.996894
8,32,8.42781187,0,0,0.000217443084,0.000137050962,-0.0534261892,0.996894
8,33,8.68220295,0,0,0.000223213767,0.000193903268,-0.0755887632,0.996894
8,34,8.93657044,0,0,0.000233438358,0.000253359767,-0.098766522,0.996894
8,35,9.19087557,0,0,0.000209111157,0.000306620154,-0.119528868,0.996894
8,36,9.44515996,0,0,0.000192058621,0.000355537278,-0.138598092,0.996894
8,37,9.69939005,0,0,0.000192928505,0.000404675961,-0.157753686,0.996894
8,38,9.95360519,0,0,0.000199376401,0.000455456916,-0.177549482,0.996894
8,39,10.2077637,0,0,0.000148986334,0.000493403575,-0.192342121,0.996894
8,40,10.4619096,0,0,0.000175777067,0.000538173805,-0.209794774,0.996894
8,41,10.7159966,0,0,0.000188557575,0.000586199217,-0.228516384,0.996894
8,42,10.9700733,0,0,0.000112942678,0.000614965595,-0.2397303,0.996894
8,43,11.224101,0,0,0.000168951557,0.000657997375,-0.256505257,0.996894
8,44,11.4781222,0,0,0.00016694516,0.000700518128,-0.273081002,0.996894
8,45,11.7320928,0,0,8.88610006e-05,0.00072315093,-0.281903883,0.996894
8,46,11.9860587,0,0,0.000156212019,0.000762937963,-0.29741395,0.996894
8,47,12.2399852,0,0,0.000110194716,0.000791004439,-0.308355025,0.996894
8,48,12.4939095,0,0,7.44476056e-05,0.000809966164,-0.315746821,0.996894
8,49,12.7477932,0,0,0.000160044736,0.000850729386,-0.331637432,0.996894
8,50,13.0016757,0,0,5.4526019e-05,0.000864617104,-0.337051242,0.996894
8,51,13.2562988,0,0,0.000101719798,0.000890525028,-0.347150855,0.996894
8,52,13.5101389,0,0,7.38492151e-05,0.000909334343,-0.354483237,0.996894
8,53,13.7639523,0,0,5.04722487e-05,0.000922189571,-0.359494554,0.996894
8,54,14.0177639,0,0,0.000122947976,0.000953504288,-0.371701882,0.996894
8,55,14.2715496,0,0,-1.18806627e-05,0.000950478296,-0.370522268,0.996894
8,56,14.525334,0,0,0.000123313703,0.000981886164,-0.382765908,0.996894
8,57,14.7791059,0,0,-1.22032585e-05,0.000978778007,-0.381554264,0.996894
8,58,15.0328743,0,0,0.000106160213,0.0010058169,-0.392094759,0.996894
8,59,15.2866185,0,0,-1.22352324e-05,0.0010027006,-0.390879941,0.996894
8,60,15.5403627,0,0,6.71344258e-05,0.00101979966,-0.397545621,0.996894
8,61,15.7941069,0,0,-1.79036116e-06,0.00101934366,-0.397367859,0.996894
8,62,16.0478485,0,0,3.69249831e-05,0.00102874842,-0.401034087,0.996894
8,63,16.3015789,0,0,-5.95773371e-06,0.00102723099,-0.400442553,0.996894
8,64,16.5553092,0,0,2.44470261e-05,0.00103345762,-0.402869863,0.996894
8,65,16.8090396,0,0,-3.79772156e-05,0.00102378486,-0.39909916,0.996894
8,66,17.0627734,0,0,2.32671033e-05,0.00102971097,-0.401409317,0.996894
8,67,17.3165176,0,0,-6.24675371e-05,0.00101380055,-0.395207005,0.996894
8,68,17.5702656,0,0,4.7407176e-05,0.00102587511,-0.399913995,0.996894
8,69,17.8240237,0,0,-8.88858607e-05,0.00100323598,-0.391088646,0.996894
8,70,18.077786,0,0,3.56024181e-05,0.00101230387,-0.394623559,0.996894
8,71,18.3315579,0,0,-0.000126601757,0.000980058544,-0.382053452,0.996894
8,72,18.5853392,0,0,2.03838088e-05,0.000985250278,-0.384077332,0.996894
8,73,18.8391388,0,0,-8.97255205e-05,0.000962397284,-0.375168614,0.996894
8,74,19.0929435,0,0,-5.47925367e-05,0.000948441684,-0.369728341,0.996894
8,75,19.3467569,0,0,-3.07714748e-05,0.000940604222,-0.366673086,0.996894
8,76,19.6005868,0,0,-0.000115644763,0.000911149626,-0.355190884,0.996894
8,77,19.8544419,0,0,-6.11645307e-06,0.000909591772,-0.35458359,0.996894
8,78,20.1083146,0,0,-0.000118055697,0.000879523112,-0.342862009,0.996894
8,79,20.3622112,0,0,-8.62891695e-05,0.000857545354,-0.334294482,0.996894
8,80,20.6161267,0,0,-6.11928417e-05,0.000841959603,-0.328218733,0.996894
8,81,20.8700649,0,0,-0.000141291491,0.000805972812,-0.314190104,0.996894
8,82,21.1240233,0,0,-6.68758186e-05,0.000788939613,-0.3075501,0.996894
8,83,21.3780029,0,0,-0.000100840401,0.000763255671,-0.297537801,0.996894
8,84,21.6320114,0,0,-0.000160452208,0.000722388666,-0.281606732,0.996894
8,85,21.8860465,0,0,-7.93010013e-05,0.000702190786,-0.27373305,0.996894
8,86,22.1401121,0,0,-0.00011958559,0.000671732465,-0.261859569,0.996894
8,87,22.3942026,0,0,-0.000155521247,0.000632121371,-0.246418088,0.996894
8,88,22.6483335,0,0,-0.000106524598,0.00060498967,-0.235841413,0.996894
8,89,22.9024932,0,0,-0.000120808703,0.000574219823,-0.223846491,0.996894
8,90,23.1566956,0,0,-0.000177073311,0.000529119441,-0.206265136,0.996894
8,91,23.4109246,0,0,-0.000140675802,0.000493289465,-0.192297638,0.996894
8,92,23.6651986,0,0,-0.000139986321,0.0004576351,-0.178398598,0.996894
8,93,23.9194968,0,0,-0.000162288649,0.000416300355,-0.162285191,0.996894
8,94,24.1738518,0,0,-0.000163770012,0.000374588309,-0.146024702,0.996894
8,95,24.4282331,0,0,-0.000157307756,0.000334522193,-0.130405841,0.996894
8,96,24.6826741,0,0,-0.000173140177,0.000290423576,-0.113215002,0.996894
8,97,24.9371386,0,0,-0.000174372844,0.000246011,-0.095901773,0.996894
8,98,25.191676,0,0,-0.000174142784,0.00020165702,-0.0786113863,0.996894
8,99,25.4462374,0,0,-0.000185822735,0.000154328169,-0.0601613141,0.996894
8,100,25.7008753,0,0,-0.000209041975,0.000101085403,-0.039405837,0.996894
8,101,25.9555336,0,0,-0.000184573342,5.40747711e-05,-0.0210798152,0.996894
8,102,26.210272,0,0,-0.000188511312,6.06114268e-06,-0.00236279812,0.996894
8,103,26.4650273,0,0,-0.000178654556,-3.94419807e-05,0.0153755559,0.996894
8,104,26.7198782,0,0,-0.000206040016,-9.19201512e-05,0.0358329728,0.996894
8,105,26.9747443,0,0,-0.000224501388,-0.000149100413,0.0581233928,0.996894
8,106,27.2297102,0,0,-0.000226112664,-0.000206691066,0.0805737942,0.996894
8,107,27.4846872,0,0,-0.000215762221,-0.000261645472,0.101996515,0.996894
8,108,27.7397812,0,0,-0.000208337753,-0.000314708873,0.122682071,0.996894
8,109,27.9948828,0,0,-0.000208953418,-0.000367929084,0.143428755,0.996894
8,110,28.2501065,0,0,-0.000217311265,-0.00042327803,0.165005278,0.996894
8,111,28.5053353,0,0,-0.000239925374,-0.000484386765,0.188827124,0.996894
8,112,28.7606862,0,0,-0.000253308948,-0.000548904281,0.213977805,0.996894
8,113,29.0160458,0,0,-0.000256996402,-0.000614360988,0.239494608,0.996894
8,114,29.2715352,0,0,-0.000246101827,-0.000677042859,0.263929705,0.996894
8,115,29.5270392,0,0,-0.000248231487,-0.000740267152,0.288576252,0.996894
8,116,29.7826671,0,0,-0.000239022886,-0.000801146024,0.312308491,0.996894
8,117,30.0383179,0,0,-0.000244201479,-0.000863343879,0.336554904,0.996894
8,118,30.2940981,0,0,-0.000238977011,-0.000924211066,0.360282588,0.996894
8,119,30.5499081,0,0,-0.000242261738,-0.000985914871,0.384336408,0.996894
8,120,30.8058407,0,0,-0.00025116295,-0.0010498858,0.409274016,0.996894
8,121,31.06181,0,0,-0.000263037803,-0.00111688125,0.435390661,0.996894
8,122,31.317895,0,0,-0.000273141799,-0.00118645017,0.462510518,0.996894
8,123,31.574028,0,0,-0.000260026969,-0.00125267876,0.488328222,0.996894
8,124,31.8302792,0,0,-0.000283377331,-0.00132485466,0.51646435,0.996894
8,125,32.0865864,0,0,-0.000284670557,-0.00139735995,0.54472888,0.996894
8,126,32.3430038,0,0,-0.000273292606,-0.00146696728,0.57186371,0.996894
8,127,32.5994856,0,0,-0.000283953408,-0.00153928991,0.600057035,0.996894
9,0,0.25654205,0,0,0,-0.00402392774,1.56863638,0.711779
9,1,0.513074946,0,0,0.00796932747,-0.0019941486,0.777373315,0.711779
9,2,0.769436935,0,0,0.0115055938,0.00093631378,-0.365000555,0.711779
9,3,1.02578222,0,0,0.0192280967,0.00583368933,-2.27413063,0.711779
9,4,1.281978,0,0,-0.00826029588,0.00372980085,-1.45397773,0.711779
9,5,1.53815114,0,0,-0.0192441231,-0.00117165662,0.456743589,0.711779
9,6,1.79419456,0,0,-0.00522668409,-0.00250288744,0.975693537,0.711779
9,7,2.05020541,0,0,0.0103488119,0.00013294384,-0.0518251215,0.711779
9,8,2.30608263,0,0,-0.000692850006,-4.35243116e-05,0.0169669594,0.711779
9,9,2.56192635,0,0,0.0178538074,0.00450382124,-1.75571191,0.711779
9,10,2.81766506,0,0,-0.00646443194,0.00285733737,-1.11386775,0.711779
9,11,3.07336006,0,0,-0.00174974993,0.00241167795,-0.940137599,0.711779
9,12,3.32894641,0,0,0.00135396805,0.00275653216,-1.07457114,0.711779
9,13,3.584487,0,0,-0.00107624534,0.00248241362,-0.967712288,0.711779
9,14,3.83993485,0,0,0.00766228733,0.00443398997,-1.72848978,0.711779
9,15,4.09533618,0,0,-0.0397425613,-0.00568839768,2.21749199,0.711779
9,16,4.35065937,0,0,0.00568550541,-0.00424030556,1.65298634,0.711779
9,17,4.60592512,0,0,0.00223587349,-0.00367083099,1.43098967,0.711779
9,18,4.8611098,0,0,0.0278009624,0.00341004426,-1.32932792,0.711779
9,19,5.1162377,0,0,-0.0217033949,-0.0021177871,0.825570959,0.711779
9,20,5.37129773,0,0,-0.0105725187,-0.00481059625,1.87530114,0.711779
9,21,5.62630289,0,0,0.0387551519,0.00506029928,-1.97264217,0.711779
9,22,5.88125211,0,0,5.2672507e-05,0.00507371492,-1.97787195,0.711779
9,23,6.13614215,0,0,-0.0108093959,0.0023205734,-0.904622571,0.711779
9,24,6.39098057,0,0,-0.00813805045,0.000247820699,-0.0966072427,0.711779
9,25,6.64575558,0,0,0.000632100792,0.000408816091,-0.159367621,0.711779
9,26,6.90048319,0,0,-0.00702527629,-0.00138051423,0.538161961,0.711779
9,27,7.15515174,0,0,0.00069357094,-0.00120386246,0.469298299,0.711779
9,28,7.4097824,0,0,-0.0086190685,-0.00339912994,1.32507322,0.711779
9,29,7.66435048,0,0,-0.00128402762,-0.00372617039,1.45256247,0.711779
9,30,7.91888418,0,0,0.0109873379,-0.000927707232,0.361645489,0.711779
9,31,8.17336128,0,0,0.00407995518,0.000111452967,-0.0434473952,0.711779
9,32,8.42781187,0,0,0.00606180386,0.0016553879,-0.645315185,0.711779
9,33,8.68220295,0,0,0.00164373013,0.00207404419,-0.808518787,0.711779
9,34,8.93657044,0,0,-0.0163983904,-0.00210260821,0.819653815,0.711779
9,35,9.19087557,0,0,0.00412351931,-0.00105235227,0.410235512,0.711779
9,36,9.44515996,0,0,-0.000154776573,-0.0010917737,0.425603055,0.711779
9,37,9.69939005,0,0,-0.0126239448,-0.00430707888,1.67901639,0.711779
9,38,9.95360519,0,0,0.0258250086,0.00227052306,-0.885111589,0.711779
9,39,10.2077637,0,0,-0.00655615836,0.000600676575,-0.234160052,0.711779
9,40,10.4619096,0,0,-0.00670682455,-0.00110754443,0.431750915,0.711779
9,41,10.7159966,0,0,0.0103970234,0.00154056625,-0.600554588,0.711779
9,42,10.9700733,0,0,0.00181307351,0.00200235413,-0.780572051,0.711779
9,43,11.224101,0,0,-0.0187981827,-0.00278552281,1.08587248,0.711779
9,44,11.4781222,0,0,0.00161289308,-0.00237472068,0.92573065,0.711779
9,45,11.7320928,0,0,0.0204530896,0.00283465925,-1.10502721,0.711779
9,46,11.9860587,0,0,-0.0178968832,-0.00172365767,0.671928598,0.711779
9,47,12.2399852,0,0,-0.0140762006,-0.00530885082,2.06953431,0.711779
9,48,12.4939095,0,0,0.0459753644,0.00640102506,-2.49529351,0.711779
9,49,12.7477932,0,0,-0.0564683481,-0.00798140249,3.11136758,0.711779
9,50,13.0016757,0,0,0.0116541331,-0.00501310732,1.95424546,0.711779
9,51,13.2562988,0,0,0.00358147621,-0.00410090918,1.59864584,0.711779
9,52,13.5101389,0,0,0.0216590364,0.00141562411,-0.551848746,0.711779
9,53,13.7639523,0,0,-0.0122624634,-0.00170761215,0.665673618,0.711779
9,54,14.0177639,0,0,-0.000347418829,-0.00179609935,0.700168334,0.711779
9,55,14.2715496,0,0,0.00727207968,5.60915271e-05,-0.0218660015,0.711779
9,56,14.525334,0,0,0.00169304643,0.000487308633,-0.189966147,0.711779
9,57,14.7791059,0,0,0.00246838953,0.00111600479,-0.435048995,0.711779
9,58,15.0328743,0,0,0.000785829534,0.00131615473,-0.51307288,0.711779
9,59,15.2866185,0,0,0.00331694073,0.00216097597,-0.842407156,0.711779
9,60,15.5403627,0,0,0.00966422723,0.00462244426,-1.80195438,0.711779
9,61,15.7941069,0,0,-0.0187035193,-0.000141322014,0.0550911612,0.711779
9,62,16.0478485,0,0,-0.00204405022,-0.000661939408,0.258041969,0.711779
9,63,16.3015789,0,0,-0.0178902048,-0.00521855533,2.03433468,0.711779
9,64,16.5553092,0,0,0.00814917828,-0.00314296838,1.22521448,0.711779
9,65,16.8090396,0,0,0.0247110799,0.0031509171,-1.22831311,0.711779
9,66,17.0627734,0,0,0.00466886592,0.00434007223,-1.69187809,0.711779
9,67,17.3165176,0,0,0.00186805908,0.00481586487,-1.87735499,0.711779
9,68,17.5702656,0,0,-0.0133905369,0.00140530952,-0.547827839,0.711779
9,69,17.8240237,0,0,-0.00411325709,0.000357667361,-0.139428457,0.711779
9,70,18.077786,0,0,-0.0217198112,-0.0051743452,2.01710037,0.711779
9,71,18.3315579,0,0,0.00747613279,-0.00327018222,1.27480589,0.711779
9,72,18.5853392,0,0,0.00390270458,-0.00227616756,0.887311966,0.711779
9,73,18.8391388,0,0,0.00258843257,-0.00161689656,0.630310217,0.711779
9,74,19.0929435,0,0,0.00591892254,-0.000109353353,0.0426289086,0.711779
9,75,19.3467569,0,0,0.00668382079,0.00159300862,-0.620998048,0.711779
9,76,19.6005868,0,0,-0.00125959432,0.0012721913,-0.495934739,0.711779
9,77,19.8544419,0,0,-0.0234209175,-0.00469309122,1.82949449,0.711779
9,78,20.1083146,0,0,0.0471087176,0.00730544853,-2.84786235,0.711779
9,79,20.3622112,0,0,-0.00907211511,0.00499479056,-1.94710509,0.711779
9,80,20.6161267,0,0,-0.00246583501,0.00436674503,-1.70227588,0.711779
9,81,20.8700649,0,0,-0.025377408,-0.00209685351,0.817410479,0.711779
9,82,21.1240233,0,0,-0.000972895767,-0.00234464902,0.914007901,0.711779
9,83,21.3780029,0,0,0.00723877878,-0.000500939844,0.195279964,0.711779
9,84,21.6320114,0,0,-0.00754856706,-0.00242355176,0.944766334,0.711779
9,85,21.8860465,0,0,-0.00525420974,-0.00376179333,1.46644926,0.711779
9,86,22.1401121,0,0,0.0264530179,0.00297576188,-1.16003284,0.711779
9,87,22.3942026,0,0,0.0127739697,0.00622927823,-2.42834193,0.711779
9,88,22.6483335,0,0,-0.00415695897,0.00517050525,-2.01560345,0.711779
9,89,22.9024932,0,0,-0.0115845725,0.00221992708,-0.865387899,0.711779
9,90,23.1566956,0,0,-0.0105065922,-0.000456090672,0.177796538,0.711779
9,91,23.4109246,0,0,-0.00253876571,-0.00110271157,0.429866935,0.711779
9,92,23.6651986,0,0,-0.0261216247,-0.0077558613,3.02344549,0.711779
9,93,23.9194968,0,0,0.0529321478,0.00572589984,-2.23211135,0.711779
9,94,24.1738518,0,0,-0.0121301338,0.0026363678,-1.02772781,0.711779
9,95,24.4282331,0,0,0.020347468,0.00781884603,-3.04799865,0.711779
9,96,24.6826741,0,0,-0.0290251234,0.000426178293,-0.16613588,0.711779
9,97,24.9371386,0,0,-0.00487838178,-0.000816340302,0.318231633,0.711779
9,98,25.191676,0,0,0.0187377378,0.00395614136,-1.54221141,0.711779
9,99,25.4462374,0,0,-0.0285657712,-0.00331952985,1.29404294,0.711779
9,100,25.7008753,0,0,-3.48658687e-05,-0.00332841015,1.29750472,0.711779
9,101,25.9555336,0,0,0.00129348257,-0.00299896153,1.1690767,0.711779
9,102,26.210272,0,0,0.00367486671,-0.00206297692,0.804204464,0.711779
9,103,26.4650273,0,0,-0.000701969444,-0.00224176779,0.873902001,0.711779
9,104,26.7198782,0,0,0.0331445404,0.00620011103,-2.41697176,0.711779
9,105,26.9747443,0,0,-0.0115692258,0.00325344165,-1.26827997,0.711779
9,106,27.2297102,0,0,0.000711426268,0.00343464116,-1.33891646,0.711779
9,107,27.4846872,0,0,0.00249135528,0.00406918667,-1.58627954,0.711779
9,108,27.7397812,0,0,-0.000701069618,0.00389062499,-1.51667135,0.711779
9,109,27.9948828,0,0,-0.00220992753,0.00332775882,-1.29725082,0.711779
9,110,28.2501065,0,0,-0.00877507584,0.00109275644,-0.425986155,0.711779
9,111,28.5053353,0,0,-0.0236563414,-0.00493248828,1.92281797,0.711779
9,112,28.7606862,0,0,-0.000859643491,-0.00515143856,2.00817074,0.711779
9,113,29.0160458,0,0,0.0067360873,-0.00343576436,1.33935431,0.711779
9,114,29.2715352,0,0,0.0276224312,0.00359963918,-1.40323717,0.711779
9,115,29.5270392,0,0,-0.0368544264,-0.0057871436,2.25598584,0.711779
9,116,29.7826671,0,0,-0.00218360513,-0.00634330548,2.47279285,0.711779
9,117,30.0383179,0,0,0.00571659105,-0.00488729588,1.90520074,0.711779
9,118,30.2940981,0,0,0.0107466947,-0.00215012429,0.838176876,0.711779
9,119,30.5499081,0,0,0.00656580315,-0.000477821286,0.186267722,0.711779
9,120,30.8058407,0,0,0.00452295787,0.000674171221,-0.262810262,0.711779
9,121,31.06181,0,0,-0.00688433946,-0.00107926264,0.420725905,0.711779
9,122,31.317895,0,0,-0.00299688466,-0.00184256594,0.718282274,0.711779
9,123,31.574028,0,0,-0.0177034454,-0.00635161444,2.47603191,0.711779
9,124,31.8302792,0,0,-0.000859127194,-0.00657043322,2.56133341,0.711779
9,125,32.0865864,0,0,0.0312678179,0.00139344638,-0.543203265,0.711779
9,126,32.3430038,0,0,-0.0190872237,-0.00346804899,1.35193974,0.711779
9,127,32.5994856,0,0,-0.0092112292,-0.00581413916,2.26650944,0.711779
10,0,0.25654205,0,0,0,0.00234644668,-0.914708677,0.725094
10,1,0.513074946,0,0,-0.00618723721,0.000770564009,-0.30038679,0.725094
10,2,0.769436935,0,0,-0.0285899967,-0.00651127741,2.53827287,0.725094
10,3,1.02578222,0,0,0.0535600235,0.00713040302,-2.77962486,0.725094
10,4,1.281978,0,0,-0.0366312891,-0.00219954693,0.857443165,0.725094
10,5,1.53815114,0,0,-0.00122724073,-0.00251212383,0.979294133,0.725094
10,6,1.79419456,0,0,-0.0152368368,-0.0063929298,2.49213776,0.725094
10,7,2.05020541,0,0,0.0497041812,0.00626667174,-2.44291893,0.725094
10,8,2.30608263,0,0,-0.00158130008,0.0058639163,-2.28591392,0.725094
10,9,2.56192635,0,0,-0.00877417305,0.00362914386,-1.4147389,0.725094
10,10,2.81766506,0,0,0.0076124142,0.00556801757,-2.17056456,0.725094
10,11,3.07336006,0,0,0.00467564329,0.00675889889,-2.63480246,0.725094
10,12,3.32894641,0,0,-0.0410125388,-0.00368695066,1.43727356,0.725094
10,13,3.584487,0,0,-0.00563029482,-0.00512098069,1.99629743,0.725094
10,14,3.83993485,0,0,0.0495117612,0.00748961167,-2.91965415,0.725094
10,15,4.09533618,0,0,-0.0211188464,0.0021106642,-0.822794262,0.725094
10,16,4.35065937,0,0,-0.0153974279,-0.00181104413,0.705994214,0.725094
10,17,4.60592512,0,0,-0.00596088865,-0.00332927606,1.29784228,0.725094
10,18,4.8611098,0,0,-0.00174437114,-0.00377356551,1.47103838,0.725094
10,19,5.1162377,0,0,-0.00158929402,-0.00417835699,1.6288371,0.725094
10,20,5.37129773,0,0,0.00745234335,-0.00228025315,0.888904641,0.725094
10,21,5.62630289,0,0,0.00586121162,-0.000787408848,0.306953366,0.725094
10,22,5.88125211,0,0,-8.32700489e-05,-0.00080861764,0.31522113,0.725094
10,23,6.13614215,0,0,0.0109341531,0.00197629941,-0.770415213,0.725094
10,24,6.39098057,0,0,-0.0329086971,-0.00640551036,2.497042,0.725094
10,25,6.64575558,0,0,0.0550137234,0.00760642586,-2.9651915,0.725094
10,26,6.90048319,0,0,-0.0273765531,0.000633647219,-0.247012905,0.725094
10,27,7.15515174,0,0,-0.0169295625,-0.00367829415,1.43389901,0.725094
10,28,7.4097824,0,0,0.0386256646,0.0061596211,-2.40118769,0.725094
10,29,7.66435048,0,0,-0.0420919214,-0.00456114603,1.77805867,0.725094
10,30,7.91888418,0,0,-0.0107046901,-0.0072876191,2.84091196,0.725094
10,31,8.17336128,0,0,0.044588439,0.00406900838,-1.58621004,0.725094
10,32,8.42781187,0,0,-0.00868337395,0.00185736237,-0.724050325,0.725094
10,33,8.68220295,0,0,-0.0162401553,-0.00227898772,0.888411344,0.725094
10,34,8.93657044,0,0,0.000309453745,-0.00220017019,0.857686127,0.725094
10,35,9.19087557,0,0,0.0270395161,0.0046867655,-1.82702855,0.725094
10,36,9.44515996,0,0,0.000343192919,0.00477417637,-1.86110368,0.725094
10,37,9.69939005,0,0,0.008308544,0.00689035359,-2.68604707,0.725094
10,38,9.95360519,0,0,-0.00896629703,0.00460664738,-1.79579633,0.725094
10,39,10.2077637,0,0,-0.034611588,-0.00420888688,1.64073848,0.725094
10,40,10.4619096,0,0,0.00611918068,-0.00265033813,1.03317383,0.725094
10,41,10.7159966,0,0,-0.00324440098,-0.00347668358,1.35530573,0.725094
10,42,10.9700733,0,0,0.000639450556,-0.00331381621,1.29181561,0.725094
10,43,11.224101,0,0,0.0241192543,0.00282933194,-1.10295048,0.725094
10,44,11.4781222,0,0,-0.00627828003,0.00123026077,-0.479589079,0.725094
10,45,11.7320928,0,0,-0.00504962895,-5.58742986e-05,0.0217813199,0.725094
10,46,11.9860587,0,0,-0.00683145542,-0.00179583865,0.700066707,0.725094
10,47,12.2399852,0,0,-0.004379191,-0.00291121389,1.13487028,0.725094
10,48,12.4939095,0,0,-0.00231031809,-0.00349964943,1.36425845,0.725094
10,49,12.7477932,0,0,0.044182039,0.00775346841,-3.02251268,0.725094
10,50,13.0016757,0,0,-0.0167267434,0.00349318484,-1.36173838,0.725094
10,51,13.2562988,0,0,0.00151035055,0.00387786951,-1.51169891,0.725094
10,52,13.5101389,0,0,-0.00714714533,0.00205749927,-0.802069127,0.725094
10,53,13.7639523,0,0,-0.0235917942,-0.00395130536,1.5403262,0.725094
10,54,14.0177639,0,0,0.0432731105,0.00707030937,-2.75619872,0.725094
10,55,14.2715496,0,0,-0.0107360919,0.00433583829,-1.69022759,0.725094
10,56,14.525334,0,0,-0.0218645153,-0.00123303025,0.4806687,0.725094
10,57,14.7791059,0,0,0.0265857867,0.00553834103,-2.15899583,0.725094
10,58,15.0328743,0,0,-0.0355768735,-0.00352305039,1.37338078,0.725094
10,59,15.2866185,0,0,0.0119007035,-0.000491953997,0.191777036,0.725094
10,60,15.5403627,0,0,-0.0108711337,-0.00326082006,1.27115627,0.725094
10,61,15.7941069,0,0,-0.00126883222,-0.00358399027,1.3971368,0.725094
10,62,16.0478485,0,0,0.00120890136,-0.00327608439,1.27710672,0.725094
10,63,16.3015789,0,0,0.00979850959,-0.000780414529,0.30422679,0.725094
10,64,16.5553092,0,0,-0.00875591325,-0.00301053622,1.17358883,0.725094
10,65,16.8090396,0,0,-0.0156080895,-0.00698589984,2.72329359,0.725094
10,66,17.0627734,0,0,-0.00407415882,-0.00802358371,3.12781096,0.725094
10,67,17.3165176,0,0,0.0435930135,0.00307950996,-1.20047667,0.725094
10,68,17.5702656,0,0,-0.0110245323,0.000271573443,-0.105866708,0.725094
10,69,17.8240237,0,0,0.0147220119,0.00402125406,-1.56759411,0.725094
10,70,18.077786,0,0,0.0078219458,0.00601349524,-2.34422386,0.725094
10,71,18.3315579,0,0,0.000291314163,0.00608769265,-2.37314802,0.725094
10,72,18.5853392,0,0,-0.0279534343,-0.00103201702,0.402308279,0.725094
10,73,18.8391388,0,0,-0.00340388471,-0.0018989828,0.740275097,0.725094
10,74,19.0929435,0,0,-0.00713912533,-0.00371731035,1.44910859,0.725094
10,75,19.3467569,0,0,-0.000881640236,-0.00394186317,1.53664538,0.725094
10,76,19.6005868,0,0,-0.015649197,-0.00792769683,3.09043165,0.725094
10,77,19.8544419,0,0,0.0455206546,0.00366636496,-1.42924869,0.725094
10,78,20.1083146,0,0,-0.0118556695,0.000646738682,-0.252116313,0.725094
10,79,20.3622112,0,0,-0.00835137675,-0.001480348,0.577079878,0.725094
10,80,20.6161267,0,0,-0.00550592395,-0.00288270091,1.12375515,0.725094
10,81,20.8700649,0,0,0.0314457372,0.00512649455,-1.99844688,0.725094
10,82,21.1240233,0,0,-0.0229331207,-0.000714546653,0.278549702,0.725094
10,83,21.3780029,0,0,-0.0187890357,-0.00550009385,2.14408604,0.725094
10,84,21.6320114,0,0,-0.00507660156,-0.00679309881,2.64813451,0.725094
10,85,21.8860465,0,0,8.01711155e-05,-0.00677267932,2.64017444,0.725094
10,86,22.1401121,0,0,0.0127266078,-0.00353122598,1.37656785,0.725094
10,87,22.3942026,0,0,-0.0175434893,-0.00799953384,3.11843567,0.725094
10,88,22.6483335,0,0,0.0418373923,0.002656405,-1.03553885,0.725094
10,89,22.9024932,0,0,-0.010658662,-5.83447564e-05,0.0227443715,0.725094
10,90,23.1566956,0,0,-0.00633390783,-0.00167158427,0.651628973,0.725094
10,91,23.4109246,0,0,0.00842902791,0.000475280076,-0.185277089,0.725094
10,92,23.6651986,0,0,0.00472131851,0.00167779482,-0.654050015,0.725094
10,93,23.9194968,0,0,3.08299251e-05,0.00168564717,-0.657111074,0.725094
10,94,24.1738518,0,0,0.00551524393,0.00309037387,-1.20471171,0.725094
10,95,24.4282331,0,0,-0.00395009357,0.00208428929,-0.812512602,0.725094
10,96,24.6826741,0,0,-0.00464509194,0.000901189363,-0.351308103,0.725094
10,97,24.9371386,0,0,0.000748784342,0.00109190393,-0.425653823,0.725094
10,98,25.191676,0,0,0.0238370826,0.00716318324,-2.79240348,0.725094
10,99,25.4462374,0,0,-0.00492520689,0.00590873834,-2.30338677,0.725094
10,100,25.7008753,0,0,-0.0107079137,0.00318144423,-1.24021341,0.725094
10,101,25.9555336,0,0,-4.71186279e-05,0.00316944317,-1.23553507,0.725094
10,102,26.210272,0,0,-0.01210827,8.54798268e-05,-0.0333223593,0.725094
10,103,26.4650273,0,0,-0.0121452669,-0.00300790659,1.17256373,0.725094
10,104,26.7198782,0,0,-0.00241051392,-0.0036218619,1.41190019,0.725094
10,105,26.9747443,0,0,0.00866670141,-0.00141446237,0.551395867,0.725094
10,106,27.2297102,0,0,-0.00194225296,-0.00190915211,0.744239371,0.725094
10,107,27.4846872,0,0,-0.0205869089,-0.00715261568,2.78828396,0.725094
10,108,27.7397812,0,0,0.0336115294,0.00140820474,-0.548956474,0.725094
10,109,27.9948828,0,0,-0.0112694177,-0.00146210382,0.569967802,0.725094
10,110,28.2501065,0,0,0.0115320875,0.00147510647,-0.575036586,0.725094
10,111,28.5053353,0,0,0.000218243597,0.00153069288,-0.596705679,0.725094
10,112,28.7606862,0,0,-0.00520311404,0.000205465326,-0.0800959673,0.725094
10,113,29.0160458,0,0,0.0045778764,0.00137144552,-0.534626733,0.725094
10,114,29.2715352,0,0,-0.0132060712,-0.0019921266,0.776585085,0.725094
10,115,29.5270392,0,0,0.0232792998,0.00393708604,-1.53478313,0.725094
10,116,29.7826671,0,0,-0.01305819,0.000611179085,-0.238254216,0.725094
10,117,30.0383179,0,0,-0.0122756481,-0.00251541529,0.980577234,0.725094
10,118,30.2940981,0,0,-0.0119562852,-0.00556066829,2.1676996,0.725094
10,119,30.5499081,0,0,0.0293423389,0.0019127939,-0.74565904,0.725094
10,120,30.8058407,0,0,-0.00447000586,0.000774288209,-0.301838584,0.725094
10,121,31.06181,0,0,-0.0343873283,-0.00798412733,3.1124298,0.725094
10,122,31.317895,0,0,0.0325071653,0.000295412728,-0.115159909,0.725094
10,123,31.574028,0,0,-0.00573153044,-0.00116440191,0.453915508,0.725094
10,124,31.8302792,0,0,0.00237464615,-0.000559582093,0.218140306,0.725094
10,125,32.0865864,0,0,-0.0240364707,-0.00668164535,2.60468693,0.725094
10,126,32.3430038,0,0,-0.00489409207,-0.00792816534,3.09061429,0.725094
10,127,32.5994856,0,0,0.0289318337,-0.000559258386,0.218014116,0.725094
11,0,0.25654205,0,0,0,0.000607934291,-0.236989307,0.995092
11,1,0.513074946,0,0,-7.99729386e-05,0.000587565269,-0.229048909,0.995092
11,2,0.769436935,0,0,-8.69750874e-05,0.000565412808,-0.220413277,0.995092
11,3,1.02578222,0,0,-9.6879321e-05,0.000540737749,-0.210794269,0.995092
11,4,1.281978,0,0,-9.26449205e-05,0.000517141187,-0.201595688,0.995092
11,5,1.53815114,0,0,-0.000112432327,0.000488504795,-0.190432444,0.995092
11,6,1.79419456,0,0,-9.99037982e-05,0.000463059405,-0.180513139,0.995092
11,7,2.05020541,0,0,-7.14125816e-05,0.000444870697,-0.173422687,0.995092
11,8,2.30608263,0,0,-5.83631199e-05,0.000430005673,-0.167627896,0.995092
11,9,2.56192635,0,0,-4.84750763e-05,0.000417659123,-0.162814876,0.995092
11,10,2.81766506,0,0,-5.8403756e-05,0.000402783749,-0.157016051,0.995092
11,11,3.07336006,0,0,-8.11316922e-05,0.000382119595,-0.148960602,0.995092
11,12,3.32894641,0,0,-0.000120040194,0.000351545486,-0.137041983,0.995092
11,13,3.584487,0,0,-0.000140471743,0.000315767484,-0.123094746,0.995092
11,14,3.83993485,0,0,-0.000131827664,0.00028219112,-0.110005767,0.995092
11,15,4.09533618,0,0,-9.67955315e-05,0.000257537402,-0.100395078,0.995092
11,16,4.35065937,0,0,-5.72776537e-05,0.000242948845,-0.0947080618,0.995092
11,17,4.60592512,0,0,-8.13880544e-05,0.000222219395,-0.0866271589,0.995092
11,18,4.8611098,0,0,-9.70056481e-05,0.000197512161,-0.0769956075,0.995092
11,19,5.1162377,0,0,-0.000142664358,0.000161175702,-0.0628306685,0.995092
11,20,5.37129773,0,0,-0.000135584042,0.000126642592,-0.0493687239,0.995092
11,21,5.62630289,0,0,-8.18781956e-05,0.000105788304,-0.0412391556,0.995092
11,22,5.88125211,0,0,-9.05699814e-05,8.2720227e-05,-0.0322465923,0.995092
11,23,6.13614215,0,0,-9.6762432e-05,5.80749396e-05,-0.0226391896,0.995092
11,24,6.39098057,0,0,-0.000119792713,2.75638644e-05,-0.0107451434,0.995092
11,25,6.64575558,0,0,-0.000131163402,-5.84331316e-06,0.00227788225,0.995092
11,26,6.90048319,0,0,-9.02218773e-05,-2.88227283e-05,0.0112358827,0.995092
11,27,7.15515174,0,0,-0.000117504004,-5.87508718e-05,0.0229026863,0.995092
11,28,7.4097824,0,0,-9.71364417e-05,-8.34914191e-05,0.032547224,0.995092
11,29,7.66435048,0,0,-0.000118260982,-0.000113612364,0.0442891868,0.995092
11,30,7.91888418,0,0,-9.21540381e-05,-0.000137083899,0.0534390288,0.995092
11,31,8.17336128,0,0,-0.000129816365,-0.000170147987,0.0663283091,0.995092
11,32,8.42781187,0,0,-9.57345062e-05,-0.000194531463,0.0758336505,0.995092
11,33,8.68220295,0,0,-9.95064989e-05,-0.000219875661,0.0857135077,0.995092
11,34,8.93657044,0,0,-0.00012141324,-0.000250799483,0.0977684537,0.995092
11,35,9.19087557,0,0,-0.000115828456,-0.000280300866,0.109268895,0.995092
11,36,9.44515996,0,0,-7.17611217e-05,-0.000298578347,0.116393953,0.995092
11,37,9.69939005,0,0,-9.27473415e-05,-0.000322200995,0.125602703,0.995092
11,38,9.95360519,0,0,-0.000132247713,-0.000355884346,0.138733389,0.995092
11,39,10.2077637,0,0,-6.05534146e-05,-0.000371307235,0.14474565,0.995092
11,40,10.4619096,0,0,-9.79110341e-05,-0.00039624507,0.154467096,0.995092
11,41,10.7159966,0,0,-0.000130507661,-0.000429485231,0.167425014,0.995092
11,42,10.9700733,0,0,-4.07237613e-05,-0.000439857529,0.171468418,0.995092
11,43,11.224101,0,0,-9.07770539e-05,-0.000462978347,0.180481541,0.995092
11,44,11.4781222,0,0,-0.000135773438,-0.000497559696,0.19396229,0.995092
11,45,11.7320928,0,0,6.19289837e-06,-0.000495982371,0.193347406,0.995092
11,46,11.9860587,0,0,-0.00013091624,-0.000529326597,0.206345891,0.995092
11,47,12.2399852,0,0,-0.000104931911,-0.000556052642,0.21676443,0.995092
11,48,12.4939095,0,0,7.8422583e-06,-0.000554055227,0.215985784,0.995092
11,49,12.7477932,0,0,-0.00016504221,-0.000596091301,0.232372587,0.995092
11,50,13.0016757,0,0,2.22197311e-05,-0.000590431959,0.230166422,0.995092
11,51,13.2562988,0,0,-0.000105389307,-0.000617274502,0.240630375,0.995092
11,52,13.5101389,0,0,-0.00011320824,-0.000646108519,0.251870658,0.995092
11,53,13.7639523,0,0,4.49852686e-05,-0.00063465082,0.247404136,0.995092
11,54,14.0177639,0,0,-0.000182908355,-0.000681237381,0.265564843,0.995092
11,55,14.2715496,0,0,9.28789258e-05,-0.000657581219,0.256343028,0.995092
11,56,14.525334,0,0,-0.000161791436,-0.000698789324,0.272407067,0.995092
11,57,14.7791059,0,0,5.87263478e-05,-0.000683831786,0.266576213,0.995092
11,58,15.0328743,0,0,-5.95877278e-05,-0.000699008716,0.272492592,0.995092
11,59,15.2866185,0,0,-2.56083343e-05,-0.000705531131,0.275035207,0.995092
11,60,15.5403627,0,0,1.85543085e-05,-0.000700805369,0.273192977,0.995092
11,61,15.7941069,0,0,-5.14198695e-05,-0.000713901954,0.278298381,0.995092
11,62,16.0478485,0,0,7.01529771e-05,-0.000696034067,0.271332993,0.995092
11,63,16.3015789,0,0,-0.000106772073,-0.000723228799,0.281934239,0.995092
11,64,16.5553092,0,0,0.000131343784,-0.000689775678,0.268893303,0.995092
11,65,16.8090396,0,0,-0.000129182933,-0.000722678432,0.281719691,0.995092
11,66,17.0627734,0,0,0.000117196278,-0.000692828666,0.270083441,0.995092
11,67,17.3165176,0,0,-3.07436059e-05,-0.00070065903,0.27313593,0.995092
11,68,17.5702656,0,0,7.14523062e-05,-0.000682460204,0.266041533,0.995092
11,69,17.8240237,0,0,5.39185601e-05,-0.000668727205,0.260688036,0.995092
11,70,18.077786,0,0,-4.18017033e-05,-0.000679374054,0.264838468,0.995092
11,71,18.3315579,0,0,0.000243162055,-0.00061744094,0.240695257,0.995092
11,72,18.5853392,0,0,-0.000189314162,-0.000665659053,0.259491988,0.995092
11,73,18.8391388,0,0,0.000352922102,-0.000575770173,0.22445086,0.995092
11,74,19.0929435,0,0,-0.000193521171,-0.000625059807,0.243665298,0.995092
11,75,19.3467569,0,0,0.000281584439,-0.000553340553,0.215707184,0.995092
11,76,19.6005868,0,0,-1.3547189e-06,-0.000553685599,0.215841692,0.995092
11,77,19.8544419,0,0,2.38063141e-05,-0.000547622156,0.213477998,0.995092
11,78,20.1083146,0,0,0.000319273274,-0.000466303597,0.181777813,0.995092
11,79,20.3622112,0,0,-0.000145190478,-0.000503283455,0.196193567,0.995092
11,80,20.6161267,0,0,0.000323047112,-0.000421003703,0.164118684,0.995092
11,81,20.8700649,0,0,0.000103012263,-0.000394766591,0.153890744,0.995092
11,82,21.1240233,0,0,-6.75260788e-06,-0.000396486473,0.154561201,0.995092
11,83,21.3780029,0,0,0.000362498879,-0.000304158398,0.118569209,0.995092
11,84,21.6320114,0,0,5.39077962e-05,-0.00029042814,0.113216781,0.995092
11,85,21.8860465,0,0,9.01167388e-05,-0.000267475503,0.10426922,0.995092
11,86,22.1401121,0,0,0.000391110011,-0.000167860204,0.065436469,0.995092
11,87,22.3942026,0,0,8.2157733e-05,-0.000146934718,0.0572791458,0.995092
11,88,22.6483335,0,0,0.000131368128,-0.000113475397,0.0442357932,0.995092
11,89,22.9024932,0,0,0.000332490119,-2.87905208e-05,0.0112233274,0.995092
11,90,23.1566956,0,0,0.000227903349,2.92562171e-05,-0.0114048685,0.995092
11,91,23.4109246,0,0,9.08162025e-05,5.23870063e-05,-0.0204218786,0.995092
11,92,23.6651986,0,0,0.000282660095,0.000124380229,-0.0484867931,0.995092
11,93,23.9194968,0,0,0.000355843764,0.000215013253,-0.0838180088,0.995092
11,94,24.1738518,0,0,0.00016519063,0.000257087129,-0.100219549,0.995092
11,95,24.4282331,0,0,0.000297822393,0.000332942172,-0.129789906,0.995092
11,96,24.6826741,0,0,0.000295724229,0.000408262815,-0.15915194,0.995092
11,97,24.9371386,0,0,0.000313282627,0.000488055564,-0.190257321,0.995092
11,98,25.191676,0,0,0.000287536727,0.000561290859,-0.218806429,0.995092
11,99,25.4462374,0,0,0.000362680696,0.000653665242,-0.254816474,0.995092
11,100,25.7008753,0,0,0.000266641812,0.000721578625,-0.281290956,0.995092
11,101,25.9555336,0,0,0.000327957436,0.000805109032,-0.313853379,0.995092
11,102,26.210272,0,0,0.000356662424,0.000895950568,-0.349265878,0.995092
11,103,26.4650273,0,0,0.000468988992,0.00101540156,-0.395831121,0.995092
11,104,26.7198782,0,0,0.000370556621,0.00110978193,-0.432623155,0.995092
11,105,26.9747443,0,0,0.000280523937,0.00118123108,-0.460475973,0.995092
11,106,27.2297102,0,0,0.00027229475,0.00125058426,-0.487511727,0.995092
11,107,27.4846872,0,0,0.000451607157,0.00136560812,-0.532351153,0.995092
11,108,27.7397812,0,0,0.00057017221,0.00151083036,-0.588962732,0.995092
11,109,27.9948828,0,0,0.000631967917,0.00167179191,-0.651709917,0.995092
11,110,28.2501065,0,0,0.000462608516,0.00178961781,-0.697641652,0.995092
11,111,28.5053353,0,0,0.000325169132,0.00187243803,-0.729927227,0.995092
11,112,28.7606862,0,0,0.000246055422,0.00193510809,-0.754357716,0.995092
11,113,29.0160458,0,0,0.000305063437,0.00201280741,-0.784647026,0.995092
11,114,29.2715352,0,0,0.000492493361,0.00213824494,-0.833545984,0.995092
11,115,29.5270392,0,0,0.000645185559,0.00230257301,-0.897605531,0.995092
11,116,29.7826671,0,0,0.000713671703,0.00248434443,-0.968464968,0.995092
11,117,30.0383179,0,0,0.000823695477,0.00269413878,-1.05024851,0.995092
11,118,30.2940981,0,0,0.000708337771,0.00287455165,-1.12057835,0.995092
11,119,30.5499081,0,0,0.000548905691,0.00301435734,-1.1750784,0.995092
11,120,30.8058407,0,0,0.000644843749,0.00317859835,-1.23910401,0.995092
11,121,31.06181,0,0,0.000621512412,0.00333689689,-1.30081309,0.995092
11,122,31.317895,0,0,0.000489210036,0.00346149816,-1.34938605,0.995092
11,123,31.574028,0,0,0.000521963978,0.00359444183,-1.4012111,0.995092
11,124,31.8302792,0,0,0.000725079094,0.00377911869,-1.47320316,0.995092
11,125,32.0865864,0,0,0.000605719945,0.00393339491,-1.53334422,0.995092
11,126,32.3430038,0,0,0.00061001257,0.00408876446,-1.59391149,0.995092
11,127,32.5994856,0,0,0.000665434537,0.00425824992,-1.65998153,0.995092
12,0,0.25654205,0,0,0,-0.000570322704,0.222327288,0.990713
12,1,0.513074946,0,0,5.23595543e-05,-0.000556986782,0.217128583,0.990713
12,2,0.769436935,0,0,3.49999835e-05,-0.000548072324,0.213653485,0.990713
12,3,1.02578222,0,0,2.21375229e-05,-0.00054243392,0.211455482,0.990713
12,4,1.281978,0,0,2.53978138e-05,-0.000535965125,0.20893377,0.990713
12,5,1.53815114,0,0,7.86610979e-05,-0.000515930227,0.201123623,0.990713
12,6,1.79419456,0,0,9.47361479e-05,-0.000491801032,0.191717407,0.990713
12,7,2.05020541,0,0,0.000112172815,-0.000463230737,0.180579929,0.990713
12,8,2.30608263,0,0,0.000125437876,-0.000431281845,0.168125383,0.990713
12,9,2.56192635,0,0,0.000123253968,-0.000399889192,0.155887674,0.990713
12,10,2.81766506,0,0,5.05690531e-05,-0.000387009308,0.150866745,0.990713
12,11,3.07336006,0,0,6.79304124e-05,-0.000369707505,0.144122032,0.990713
12,12,3.32894641,0,0,4.67057668e-05,-0.000357811597,0.139484684,0.990713
12,13,3.584487,0,0,0.00010997448,-0.000329801215,0.128565476,0.990713
12,14,3.83993485,0,0,0.00014084545,-0.00029392803,0.114581133,0.990713
12,15,4.09533618,0,0,0.000119626649,-0.000263459251,0.102703575,0.990713
12,16,4.35065937,0,0,9.1383731e-05,-0.000240183913,0.0936302161,0.990713
12,17,4.60592512,0,0,8.65052518e-05,-0.000218151118,0.085041234,0.990713
12,18,4.8611098,0,0,7.6143053e-05,-0.000198757565,0.0774810998,0.990713
12,19,5.1162377,0,0,0.000126876683,-0.00016644221,0.0648836963,0.990713
12,20,5.37129773,0,0,0.000138343427,-0.000131206288,0.0511477764,0.990713
12,21,5.62630289,0,0,0.000110039099,-0.000103179448,0.0402221525,0.990713
12,22,5.88125211,0,0,7.24706693e-05,-8.4721246e-05,0.0330266439,0.990713
12,23,6.13614215,0,0,0.000107731274,-5.72822062e-05,0.0223301606,0.990713
12,24,6.39098057,0,0,0.000129333944,-2.43409896e-05,0.00948877917,0.990713
12,25,6.64575558,0,0,9.78556672e-05,5.82743706e-07,-0.000227169332,0.990713
12,26,6.90048319,0,0,0.000118510721,3.0767297e-05,-0.0119939284,0.990713
12,27,7.15515174,0,0,9.86616878e-05,5.58963228e-05,-0.0217899056,0.990713
12,28,7.4097824,0,0,0.000115926931,8.54227875e-05,-0.0333001238,0.990713
12,29,7.66435048,0,0,9.83116465e-05,0.000110462658,-0.0430613459,0.990713
12,30,7.91888418,0,0,0.000115352048,0.000139842701,-0.0545144848,0.990713
12,31,8.17336128,0,0,0.000115571214,0.000169278565,-0.0659893845,0.990713
12,32,8.42781187,0,0,7.43107137e-05,0.000188205423,-0.0733675884,0.990713
12,33,8.68220295,0,0,0.000130198968,0.000221366961,-0.0862948567,0.990713
12,34,8.93657044,0,0,0.000128783169,0.000254167895,-0.0990815524,0.990713
12,35,9.19087557,0,0,7.89790141e-05,0.000274283765,-0.106923265,0.990713
12,36,9.44515996,0,0,8.5225301e-05,0.000295990558,-0.115385163,0.990713
12,37,9.69939005,0,0,0.000151126728,0.000334482373,-0.130390318,0.990713
12,38,9.95360519,0,0,5.85034509e-05,0.000349383139,-0.136199042,0.990713
12,39,10.2077637,0,0,6.18340562e-05,0.000365132207,-0.142338456,0.990713
12,40,10.4619096,0,0,0.000174739976,0.000409638291,-0.159688137,0.990713
12,41,10.7159966,0,0,2.87568058e-05,0.000416962618,-0.162543359,0.990713
12,42,10.9700733,0,0,7.28272996e-05,0.000435511653,-0.169774277,0.990713
12,43,11.224101,0,0,0.000166112404,0.000477820304,-0.186267339,0.990713
12,44,11.4781222,0,0,1.06714952e-05,0.000480538322,-0.187326896,0.990713
12,45,11.7320928,0,0,0.000107578028,0.00050793833,-0.198008164,0.990713
12,46,11.9860587,0,0,0.000119275582,0.000538317693,-0.209850865,0.990713
12,47,12.2399852,0,0,-3.11113346e-05,0.000530393669,-0.206761865,0.990713
12,48,12.4939095,0,0,0.000192268995,0.000579364376,-0.225851977,0.990713
12,49,12.7477932,0,0,-2.688803e-05,0.000572516023,-0.223182304,0.990713
12,50,13.0016757,0,0,8.7557003e-05,0.000594816698,-0.231875712,0.990713
12,51,13.2562988,0,0,0.000134601538,0.000629099565,-0.245240106,0.990713
12,52,13.5101389,0,0,-4.14951073e-05,0.000618530806,-0.241120116,0.990713
12,53,13.7639523,0,0,0.000211758812,0.000672465548,-0.262145344,0.990713
12,54,14.0177639,0,0,-0.000114969574,0.000643182921,-0.25073018,0.990713
12,55,14.2715496,0,0,0.000189083083,0.000691342179,-0.269503968,0.990713
12,56,14.525334,0,0,-0.000102823828,0.00066515306,-0.259294738,0.990713
12,57,14.7791059,0,0,0.000137260546,0.000700113174,-0.27292314,0.990713
12,58,15.0328743,0,0,-4.18128093e-05,0.000689463496,-0.268771606,0.990713
12,59,15.2866185,0,0,7.33676402e-05,0.000708150155,-0.276056174,0.990713
12,60,15.5403627,0,0,-2.37280433e-05,0.000702106648,-0.273700251,0.990713
12,61,15.7941069,0,0,3.63623199e-05,0.000711368092,-0.277310613,0.990713
12,62,16.0478485,0,0,-1.96775831e-05,0.000706356233,-0.275356854,0.990713
12,63,16.3015789,0,0,5.64572352e-05,0.00072073583,-0.280962412,0.990713
12,64,16.5553092,0,0,-9.03197963e-05,0.000697731475,-0.271994689,0.990713
12,65,16.8090396,0,0,0.000100030435,0.000723209119,-0.281926567,0.990713
12,66,17.0627734,0,0,-0.000198818137,0.000672570353,-0.2621862,0.990713
12,67,17.3165176,0,0,0.000203852204,0.00072449129,-0.282426392,0.990713
12,68,17.5702656,0,0,-0.000283823912,0.000652201645,-0.254245924,0.990713
12,69,17.8240237,0,0,0.000214538355,0.000706844334,-0.275547129,0.990713
12,70,18.077786,0,0,-0.000297376207,0.000631102933,-0.246021073,0.990713
12,71,18.3315579,0,0,0.000142711426,0.00066745138,-0.260190685,0.990713
12,72,18.5853392,0,0,-0.000146810377,0.000630058935,-0.245614094,0.990713
12,73,18.8391388,0,0,-0.000136869189,0.000595198499,-0.232024549,0.990713
12,74,19.0929435,0,0,0.000108351254,0.000622795447,-0.242782589,0.990713
12,75,19.3467569,0,0,-0.000337458474,0.000536845137,-0.209276823,0.990713
12,76,19.6005868,0,0,0.000115563568,0.000566279053,-0.220750963,0.990713
12,77,19.8544419,0,0,-0.000159187188,0.000525734248,-0.204945496,0.990713
12,78,20.1083146,0,0,-0.000201467655,0.000474420653,-0.184942062,0.990713
12,79,20.3622112,0,0,0.000112003245,0.000502947759,-0.196062704,0.990713
12,80,20.6161267,0,0,-0.00030929746,0.000424170028,-0.165353003,0.990713
12,81,20.8700649,0,0,-0.000133694326,0.000390118227,-0.152078686,0.990713
12,82,21.1240233,0,0,6.34879528e-05,0.00040628854,-0.158382314,0.990713
12,83,21.3780029,0,0,-0.000381418186,0.000309141739,-0.12051185,0.990713
12,84,21.6320114,0,0,-0.00013151047,0.000275646163,-0.107454365,0.990713
12,85,21.8860465,0,0,-2.06543678e-05,0.000270385518,-0.105403622,0.990713
12,86,22.1401121,0,0,-0.000274941596,0.000200358189,-0.0781050666,0.990713
12,87,22.3942026,0,0,-0.000299929339,0.000123966509,-0.0483255137,0.990713
12,88,22.6483335,0,0,-7.24890719e-06,0.00012212022,-0.0476057802,0.990713
12,89,22.9024932,0,0,-0.000298340245,4.61332799e-05,-0.0179840061,0.990713
12,90,23.1566956,0,0,-0.000289043051,-2.74856744e-05,0.0107146628,0.990713
12,91,23.4109246,0,0,-0.000144250218,-6.422605e-05,0.0250370596,0.990713
12,92,23.6651986,0,0,-0.000248184565,-0.000127438392,0.0496789482,0.990713
12,93,23.9194968,0,0,-0.000293774179,-0.00020226236,0.0788473641,0.990713
12,94,24.1738518,0,0,-0.000193460689,-0.000251536589,0.0980557977,0.990713
12,95,24.4282331,0,0,-0.000359130623,-0.000343006773,0.133713361,0.990713
12,96,24.6826741,0,0,-0.00020839264,-0.000396084154,0.154404366,0.990713
12,97,24.9371386,0,0,-0.000357198195,-0.00048706215,0.189870062,0.990713
12,98,25.191676,0,0,-0.000190264164,-0.000535522228,0.208761117,0.990713
12,99,25.4462374,0,0,-0.000370892872,-0.000629988244,0.245586537,0.990713
12,100,25.7008753,0,0,-0.00041633423,-0.000736028125,0.286923764,0.990713
12,101,25.9555336,0,0,-0.000412369744,-0.000841058256,0.327867363,0.990713
12,102,26.210272,0,0,-0.000239414665,-0.000902036914,0.351638501,0.990713
12,103,26.4650273,0,0,-0.000224518506,-0.000959221536,0.373930621,0.990713
12,104,26.7198782,0,0,-0.000256087229,-0.00102444668,0.399357153,0.990713
12,105,26.9747443,0,0,-0.0005468281,-0.00116372321,0.453650929,0.990713
12,106,27.2297102,0,0,-0.000596160022,-0.00131556452,0.512842801,0.990713
12,107,27.4846872,0,0,-0.000553423124,-0.0014565208,0.567791387,0.990713
12,108,27.7397812,0,0,-0.000418271221,-0.00156305403,0.609320935,0.990713
12,109,27.9948828,0,0,-0.000235068354,-0.00162292569,0.632660534,0.990713
12,110,28.2501065,0,0,-0.000308813301,-0.0017015801,0.663322163,0.990713
12,111,28.5053353,0,0,-0.000268610962,-0.00176999503,0.689992159,0.990713
12,112,28.7606862,0,0,-0.000513753699,-0.00190084754,0.741002025,0.990713
12,113,29.0160458,0,0,-0.000480124755,-0.0020231348,0.788672922,0.990713
12,114,29.2715352,0,0,-0.000631292456,-0.00218392431,0.851353042,0.990713
12,115,29.5270392,0,0,-0.000793347467,-0.00238598906,0.930123371,0.990713
12,116,29.7826671,0,0,-0.000707433351,-0.00256617157,1.00036341,0.990713
12,117,30.0383179,0,0,-0.000680580288,-0.00273951464,1.06793725,0.990713
12,118,30.2940981,0,0,-0.000677686901,-0.00291212076,1.13522381,0.990713
12,119,30.5499081,0,0,-0.000675177357,-0.00308408771,1.2022612,0.990713
12,120,30.8058407,0,0,-0.000455183701,-0.00320002251,1.24745573,0.990713
12,121,31.06181,0,0,-0.000670755574,-0.00337086323,1.31405409,0.990713
12,122,31.317895,0,0,-0.00038433821,-0.00346875376,1.35221448,0.990713
12,123,31.574028,0,0,-0.000697136071,-0.00364631357,1.42143211,0.990713
12,124,31.8302792,0,0,-0.000508282764,-0.00377577264,1.47189878,0.990713
12,125,32.0865864,0,0,-0.000781411029,-0.00397479719,1.54948396,0.990713
12,126,32.3430038,0,0,-0.000649034959,-0.0041401057,1.61392571,0.990713
12,127,32.5994856,0,0,-0.000874571494,-0.00436285812,1.70076065,0.990713
13,0,0.25654205,0,0,0,-0.000570322704,0.222327288,0.995034
13,1,0.513074946,0,0,5.23595543e-05,-0.000556986782,0.217128583,0.995034
13,2,0.769436935,0,0,3.49999835e-05,-0.000548072324,0.213653485,0.995034
13,3,1.02578222,0,0,2.21375229e-05,-0.00054243392,0.211455482,0.995034
13,4,1.281978,0,0,2.53978138e-05,-0.000535965125,0.20893377,0.995034
13,5,1.53815114,0,0,7.86610979e-05,-0.000515930227,0.201123623,0.995034
13,6,1.79419456,0,0,9.47361479e-05,-0.000491801032,0.191717407,0.995034
13,7,2.05020541,0,0,0.000112172815,-0.000463230737,0.180579929,0.995034
13,8,2.30608263,0,0,0.000125437876,-0.000431281845,0.168125383,0.995034
13,9,2.56192635,0,0,0.000123253968,-0.000399889192,0.155887674,0.995034
13,10,2.81766506,0,0,5.05690531e-05,-0.000387009308,0.150866745,0.995034
13,11,3.07336006,0,0,6.79304124e-05,-0.000369707505,0.144122032,0.995034
13,12,3.32894641,0,0,4.67057668e-05,-0.000357811597,0.139484684,0.995034
13,13,3.584487,0,0,0.00010997448,-0.000329801215,0.128565476,0.995034
13,14,3.83993485,0,0,0.00014084545,-0.00029392803,0.114581133,0.995034
13,15,4.09533618,0,0,0.000119626649,-0.000263459251,0.102703575,0.995034
13,16,4.35065937,0,0,9.1383731e-05,-0.000240183913,0.0936302161,0.995034
13,17,4.60592512,0,0,8.65052518e-05,-0.000218151118,0.085041234,0.995034
13,18,4.8611098,0,0,7.6143053e-05,-0.000198757565,0.0774810998,0.995034
13,19,5.1162377,0,0,0.000126876683,-0.00016644221,0.0648836963,0.995034
13,20,5.37129773,0,0,0.000138343427,-0.000131206288,0.0511477764,0.995034
13,21,5.62630289,0,0,0.000110039099,-0.000103179448,0.0402221525,0.995034
13,22,5.88125211,0,0,7.24706693e-05,-8.4721246e-05,0.0330266439,0.995034
13,23,6.13614215,0,0,0.000107731274,-5.72822062e-05,0.0223301606,0.995034
13,24,6.39098057,0,0,0.000129333944,-2.43409896e-05,0.00948877917,0.995034
13,25,6.64575558,0,0,9.78556672e-05,5.82743706e-07,-0.000227169332,0.995034
13,26,6.90048319,0,0,0.000118510721,3.0767297e-05,-0.0119939284,0.995034
13,27,7.15515174,0,0,9.86616878e-05,5.58963228e-05,-0.0217899056,0.995034
13,28,7.4097824,0,0,0.000115926931,8.54227875e-05,-0.0333001238,0.995034
13,29,7.66435048,0,0,9.83116465e-05,0.000110462658,-0.0430613459,0.995034
13,30,7.91888418,0,0,0.000115352048,0.000139842701,-0.0545144848,0.995034
13,31,8.17336128,0,0,0.000115571214,0.000169278565,-0.0659893845,0.995034
13,32,8.42781187,0,0,7.43107137e-05,0.000188205423,-0.0733675884,0.995034
13,33,8.68220295,0,0,0.000130198968,0.000221366961,-0.0862948567,0.995034
13,34,8.93657044,0,0,0.000128783169,0.000254167895,-0.0990815524,0.995034
13,35,9.19087557,0,0,7.89790141e-05,0.000274283765,-0.106923265,0.995034
13,36,9.44515996,0,0,8.5225301e-05,0.000295990558,-0.115385163,0.995034
13,37,9.69939005,0,0,0.000151126728,0.000334482373,-0.130390318,0.995034
13,38,9.95360519,0,0,5.85034509e-05,0.000349383139,-0.136199042,0.995034
13,39,10.2077637,0,0,6.18340562e-05,0.000365132207,-0.142338456,0.995034
13,40,10.4619096,0,0,0.000174739976,0.000409638291,-0.159688137,0.995034
13,41,10.7159966,0,0,2.87568058e-05,0.000416962618,-0.162543359,0.995034
13,42,10.9700733,0,0,7.28272996e-05,0.000435511653,-0.169774277,0.995034
13,43,11.224101,0,0,0.000166112404,0.000477820304,-0.186267339,0.995034
13,44,11.4781222,0,0,1.06714952e-05,0.000480538322,-0.187326896,0.995034
13,45,11.7320928,0,0,0.000107578028,0.00050793833,-0.198008164,0.995034
13,46,11.9860587,0,0,0.000119275582,0.000538317693,-0.209850865,0.995034
13,47,12.2399852,0,0,-3.11113346e-05,0.000530393669,-0.206761865,0.995034
13,48,12.4939095,0,0,0.000192268995,0.000579364376,-0.225851977,0.995034
13,49,12.7477932,0,0,-2.688803e-05,0.000572516023,-0.223182304,0.995034
13,50,13.0016757,0,0,8.7557003e-05,0.000594816698,-0.231875712,0.995034
13,51,13.2562988,0,0,0.000134601538,0.000629099565,-0.245240106,0.995034
13,52,13.5101389,0,0,-4.14951073e-05,0.000618530806,-0.241120116,0.995034
13,53,13.7639523,0,0,0.000211758812,0.000672465548,-0.262145344,0.995034
13,54,14.0177639,0,0,-0.000114969574,0.000643182921,-0.25073018,0.995034
13,55,14.2715496,0,0,0.000189083083,0.000691342179,-0.269503968,0.995034
13,56,14.525334,0,0,-0.000102823828,0.00066515306,-0.259294738,0.995034
13,57,14.7791059,0,0,0.000137260546,0.000700113174,-0.27292314,0.995034
13,58,15.0328743,0,0,-4.18128093e-05,0.000689463496,-0.268771606,0.995034
13,59,15.2866185,0,0,7.33676402e-05,0.000708150155,-0.276056174,0.995034
13,60,15.5403627,0,0,-2.37280433e-05,0.000702106648,-0.273700251,0.995034
13,61,15.7941069,0,0,3.63623199e-05,0.000711368092,-0.277310613,0.995034
13,62,16.0478485,0,0,-1.96775831e-05,0.000706356233,-0.275356854,0.995034
13,63,16.3015789,0,0,5.64572352e-05,0.00072073583,-0.280962412,0.995034
13,64,16.5553092,0,0,-9.03197963e-05,0.000697731475,-0.271994689,0.995034
13,65,16.8090396,0,0,0.000100030435,0.000723209119,-0.281926567,0.995034
13,66,17.0627734,0,0,-0.000198818137,0.000672570353,-0.2621862,0.995034
13,67,17.3165176,0,0,0.000203852204,0.00072449129,-0.282426392,0.995034
13,68,17.5702656,0,0,-0.000283823912,0.000652201645,-0.254245924,0.995034
13,69,17.8240237,0,0,0.000214538355,0.000706844334,-0.275547129,0.995034
13,70,18.077786,0,0,-0.000297376207,0.000631102933,-0.246021073,0.995034
13,71,18.3315579,0,0,0.000142711426,0.00066745138,-0.260190685,0.995034
13,72,18.5853392,0,0,-0.000146810377,0.000630058935,-0.245614094,0.995034
13,73,18.8391388,0,0,-0.000136869189,0.000595198499,-0.232024549,0.995034
13,74,19.0929435,0,0,0.000108351254,0.000622795447,-0.242782589,0.995034
13,75,19.3467569,0,0,-0.000337458474,0.000536845137,-0.209276823,0.995034
13,76,19.6005868,0,0,0.000115563568,0.000566279053,-0.220750963,0.995034
13,77,19.8544419,0,0,-0.000159187188,0.000525734248,-0.204945496,0.995034
13,78,20.1083146,0,0,-0.000201467655,0.000474420653,-0.184942062,0.995034
13,79,20.3622112,0,0,0.000112003245,0.000502947759,-0.196062704,0.995034
13,80,20.6161267,0,0,-0.00030929746,0.000424170028,-0.165353003,0.995034
13,81,20.8700649,0,0,-0.000133694326,0.000390118227,-0.152078686,0.995034
13,82,21.1240233,0,0,6.34879528e-05,0.00040628854,-0.158382314,0.995034
13,83,21.3780029,0,0,-0.000381418186,0.000309141739,-0.12051185,0.995034
13,84,21.6320114,0,0,-0.00013151047,0.000275646163,-0.107454365,0.995034
13,85,21.8860465,0,0,-2.06543678e-05,0.000270385518,-0.105403622,0.995034
13,86,22.1401121,0,0,-0.000274941596,0.000200358189,-0.0781050666,0.995034
13,87,22.3942026,0,0,-0.000299929339,0.000123966509,-0.0483255137,0.995034
13,88,22.6483335,0,0,-7.24890719e-06,0.00012212022,-0.0476057802,0.995034
13,89,22.9024932,0,0,-0.000298340245,4.61332799e-05,-0.0179840061,0.995034
13,90,23.1566956,0,0,-0.000289043051,-2.74856744e-05,0.0107146628,0.995034
13,91,23.4109246,0,0,-0.000144250218,-6.422605e-05,0.0250370596,0.995034
13,92,23.6651986,0,0,-0.000248184565,-0.000127438392,0.0496789482,0.995034
13,93,23.9194968,0,0,-0.000293774179,-0.00020226236,0.0788473641,0.995034
13,94,24.1738518,0,0,-0.000193460689,-0.000251536589,0.0980557977,0.995034
13,95,24.4282331,0,0,-0.000359130623,-0.000343006773,0.133713361,0.995034
13,96,24.6826741,0,0,-0.00020839264,-0.000396084154,0.154404366,0.995034
13,97,24.9371386,0,0,-0.000357198195,-0.00048706215,0.189870062,0.995034
13,98,25.191676,0,0,-0.000190264164,-0.000535522228,0.208761117,0.995034
13,99,25.4462374,0,0,-0.000370892872,-0.000629988244,0.245586537,0.995034
13,100,25.7008753,0,0,-0.00041633423,-0.000736028125,0.286923764,0.995034
13,101,25.9555336,0,0,-0.000412369744,-0.000841058256,0.327867363,0.995034
13,102,26.210272,0,0,-0.000239414665,-0.000902036914,0.351638501,0.995034
13,103,26.4650273,0,0,-0.000224518506,-0.000959221536,0.373930621,0.995034
13,104,26.7198782,0,0,-0.000256087229,-0.00102444668,0.399357153,0.995034
13,105,26.9747443,0,0,-0.0005468281,-0.00116372321,0.453650929,0.995034
13,106,27.2297102,0,0,-0.000596160022,-0.00131556452,0.512842801,0.995034
13,107,27.4846872,0,0,-0.000553423124,-0.0014565208,0.567791387,0.995034
13,108,27.7397812,0,0,-0.000418271221,-0.00156305403,0.609320935,0.995034
13,109,27.9948828,0,0,-0.000235068354,-0.00162292569,0.632660534,0.995034
13,110,28.2501065,0,0,-0.000308813301,-0.0017015801,0.663322163,0.995034
13,111,28.5053353,0,0,-0.000268610962,-0.00176999503,0.689992159,0.995034
13,112,28.7606862,0,0,-0.000513753699,-0.00190084754,0.741002025,0.995034
13,113,29.0160458,0,0,-0.000480124755,-0.0020231348,0.788672922,0.995034
13,114,29.2715352,0,0,-0.000631292456,-0.00218392431,0.851353042,0.995034
13,115,29.5270392,0,0,-0.000793347467,-0.00238598906,0.930123371,0.995034
13,116,29.7826671,0,0,-0.000707433351,-0.00256617157,1.00036341,0.995034
13,117,30.0383179,0,0,-0.000680580288,-0.00273951464,1.06793725,0.995034
13,118,30.2940981,0,0,-0.000677686901,-0.00291212076,1.13522381,0.995034
13,119,30.5499081,0,0,-0.000675177357,-0.00308408771,1.2022612,0.995034
13,120,30.8058407,0,0,-0.000455183701,-0.00320002251,1.24745573,0.995034
13,121,31.06181,0,0,-0.000670755574,-0.00337086323,1.31405409,0.995034
13,122,31.317895,0,0,-0.00038433821,-0.00346875376,1.35221448,0.995034
13,123,31.574028,0,0,-0.000697136071,-0.00364631357,1.42143211,0.995034
13,124,31.8302792,0,0,-0.000508282764,-0.00377577264,1.47189878,0.995034
13,125,32.0865864,0,0,-0.000781411029,-0.00397479719,1.54948396,0.995034
13,126,32.3430038,0,0,-0.000649034959,-0.0041401057,1.61392571,0.995034
13,127,32.5994856,0,0,-0.000874571494,-0.00436285812,1.70076065,0.995034
14,0,0.25654205,0,0,0,-6.52662616e-05,0.0254425623,0.672129
14,1,0.513074946,0,0,0.00650768036,0.00159223293,-0.620695664,0.672129
14,2,0.769436935,0,0,0.00969233543,0.00406086035,-1.58303371,0.672129
14,3,1.02578222,0,0,-0.0214370881,-0.00139914294,0.54542394,0.672129
14,4,1.281978,0,0,-0.00501596717,-0.00267670439,1.04345211,0.672129
14,5,1.53815114,0,0,-0.0079181323,-0.00469344418,1.82963208,0.672129
14,6,1.79419456,0,0,0.049295433,0.00786204963,-3.06484059,0.672129
14,7,2.05020541,0,0,-0.0570456758,-0.00666742268,2.59914254,0.672129
14,8,2.30608263,0,0,0.0168998246,-0.00236305552,0.921183256,0.672129
14,9,2.56192635,0,0,-0.00463659714,-0.00354399183,1.38154432,0.672129
14,10,2.81766506,0,0,0.00347730742,-0.00265832537,1.03628747,0.672129
14,11,3.07336006,0,0,0.013241009,0.000714145383,-0.278393277,0.672129
14,12,3.32894641,0,0,0.00830862209,0.0028303425,-1.10334442,0.672129
14,13,3.584487,0,0,-0.0393384632,-0.00718912179,2.80251503,0.672129
14,14,3.83993485,0,0,0.0125287253,-0.00399806892,1.55855591,0.672129
14,15,4.09533618,0,0,0.0176546172,0.000498543102,-0.194345649,0.672129
14,16,4.35065937,0,0,0.00407778495,0.00153715055,-0.599223053,0.672129
14,17,4.60592512,0,0,-0.00306776796,0.000755793345,-0.294628784,0.672129
14,18,4.8611098,0,0,-0.000103216233,0.000729504282,-0.284380593,0.672129
14,19,5.1162377,0,0,-0.00258907647,7.00692868e-05,-0.0273149121,0.672129
14,20,5.37129773,0,0,0.00729235547,0.00192742439,-0.751362402,0.672129
14,21,5.62630289,0,0,0.00181289276,0.00238916622,-0.931361917,0.672129
14,22,5.88125211,0,0,0.00238798455,0.00299738332,-1.16846147,0.672129
14,23,6.13614215,0,0,0.0173035455,0.00740457776,-2.88650562,0.672129
14,24,6.39098057,0,0,-0.0355308435,-0.00164508989,0.641300745,0.672129
14,25,6.64575558,0,0,0.0342332445,0.00707408068,-2.75766888,0.672129
14,26,6.90048319,0,0,-0.0560327546,-0.00719740169,2.80574276,0.672129
14,27,7.15515174,0,0,0.0392045044,0.00278794343,-1.08681611,0.672129
14,28,7.4097824,0,0,0.0110448339,0.00560105076,-2.18344179,0.672129
14,29,7.66435048,0,0,-0.0513740889,-0.00748387447,2.91741763,0.672129
14,30,7.91888418,0,0,0.0052869782,-0.0061372868,2.39248117,0.672129
14,31,8.17336128,0,0,0.0530602551,0.00737710314,-2.87579527,0.672129
14,32,8.42781187,0,0,-0.0485869981,-0.00499795304,1.94833791,0.672129
14,33,8.68220295,0,0,-0.000679749769,-0.00517108458,2.01582929,0.672129
14,34,8.93657044,0,0,-5.73362601e-05,-0.00518568806,2.02152212,0.672129
14,35,9.19087557,0,0,0.0326123644,0.00312064609,-1.21651265,0.672129
14,36,9.44515996,0,0,0.0022006732,0.00368115519,-1.43501432,0.672129
14,37,9.69939005,0,0,-0.0188508642,-0.00112013966,0.43666088,0.672129
14,38,9.95360519,0,0,0.0133768861,0.00228693886,-0.891510913,0.672129
14,39,10.2077637,0,0,0.0175680778,0.0067615094,-2.6358201,0.672129
14,40,10.4619096,0,0,-0.0524353463,-0.00659371695,2.57041005,0.672129
14,41,10.7159966,0,0,0.00685433077,-0.00484792627,1.8898534,0.672129
14,42,10.9700733,0,0,0.0126098161,-0.00163621967,0.637842891,0.672129
14,43,11.224101,0,0,0.0302380013,0.00606536675,-2.36444478,0.672129
14,44,11.4781222,0,0,-0.0438293544,-0.00509792271,1.9873088,0.672129
14,45,11.7320928,0,0,0.0291591918,0.0023288921,-0.907865427,0.672129
14,46,11.9860587,0,0,0.00210334691,0.0028646123,-1.11670372,0.672129
14,47,12.2399852,0,0,-0.00529519839,0.00151593096,-0.590951082,0.672129
14,48,12.4939095,0,0,-0.00787127616,-0.000488874618,0.190576611,0.672129
14,49,12.7477932,0,0,0.00741717222,0.00140027117,-0.545863755,0.672129
14,50,13.0016757,0,0,0.00706744514,0.00320034185,-1.24758022,0.672129
14,51,13.2562988,0,0,-0.0365952929,-0.00612043991,2.38591379,0.672129
14,52,13.5101389,0,0,0.0157884205,-0.00209914618,0.818304223,0.672129
14,53,13.7639523,0,0,0.00254274369,-0.00145151209,0.565838857,0.672129
14,54,14.0177639,0,0,0.000895094094,-0.00122353259,0.476966252,0.672129
14,55,14.2715496,0,0,-0.0039759284,-0.00223619728,0.871730466,0.672129
14,56,14.525334,0,0,0.0108323506,0.000522790778,-0.203798052,0.672129
14,57,14.7791059,0,0,0.00977959251,0.00301364248,-1.17479973,0.672129
14,58,15.0328743,0,0,0.0164056237,0.00719213721,-2.80369052,0.672129
14,59,15.2866185,0,0,-0.0351907866,-0.00177091832,0.690352086,0.672129
14,60,15.5403627,0,0,0.00883235922,0.000478674074,-0.186600161,0.672129
14,61,15.7941069,0,0,0.0120002302,0.00353511981,-1.37808577,0.672129
14,62,16.0478485,0,0,-0.0340741856,-0.00514353862,2.00509112,0.672129
14,63,16.3015789,0,0,0.0308292029,0.00270862623,-1.05589611,0.672129
14,64,16.5553092,0,0,-0.0330543242,-0.00571027461,2.22602022,0.672129
14,65,16.8090396,0,0,0.0162831119,-0.00156298352,0.609293448,0.672129
14,66,17.0627734,0,0,0.00642953472,7.46120645e-05,-0.0290858103,0.672129
14,67,17.3165176,0,0,0.000772442639,0.000271352374,-0.105780529,0.672129
14,68,17.5702656,0,0,0.0143835886,0.00393483692,-1.53390636,0.672129
14,69,17.8240237,0,0,-0.0406551453,-0.00641998488,2.50268456,0.672129
14,70,18.077786,0,0,0.0297881479,0.00116702436,-0.454937809,0.672129
14,71,18.3315579,0,0,0.0189730335,0.0059994356,-2.33874303,0.672129
14,72,18.5853392,0,0,-0.051761758,-0.00718422853,2.80060751,0.672129
14,73,18.8391388,0,0,-0.000470263549,-0.00730400415,2.8472993,0.672129
14,74,19.0929435,0,0,0.0171762439,-0.0029292333,1.14189474,0.672129
14,75,19.3467569,0,0,0.0203736894,0.0022599235,-0.88097959,0.672129
14,76,19.6005868,0,0,-0.0336573841,-0.00631257605,2.46081368,0.672129
14,77,19.8544419,0,0,0.0116493079,-0.00334550986,1.30417065,0.672129
14,78,20.1083146,0,0,-0.0177855235,-0.00787546357,3.07006971,0.672129
14,79,20.3622112,0,0,0.00803438319,-0.0058291148,2.27234735,0.672129
14,80,20.6161267,0,0,0.01607491,-0.00173485252,0.676292654,0.672129
14,81,20.8700649,0,0,0.00890068726,0.000532142961,-0.207443787,0.672129
14,82,21.1240233,0,0,0.00315173408,0.00133488624,-0.520374932,0.672129
14,83,21.3780029,0,0,0.00863208401,0.00353346876,-1.37744214,0.672129
14,84,21.6320114,0,0,0.00907220612,0.00584414991,-2.27820844,0.672129
14,85,21.8860465,0,0,-0.0103400413,0.00321055251,-1.25156061,0.672129
14,86,22.1401121,0,0,-0.0211034318,-0.00216446888,0.843768788,0.672129
14,87,22.3942026,0,0,0.0150005361,0.00165615153,-0.645612871,0.672129
14,88,22.6483335,0,0,0.000868673993,0.00187740186,-0.731862263,0.672129
14,89,22.9024932,0,0,0.00557060224,0.00329622826,-1.28495935,0.672129
14,90,23.1566956,0,0,0.00753496986,0.00521537699,-2.03309567,0.672129
14,91,23.4109246,0,0,-0.013538323,0.00176718068,-0.688895049,0.672129
14,92,23.6651986,0,0,0.00551562125,0.00317200348,-1.23653315,0.672129
14,93,23.9194968,0,0,-0.0316552659,-0.00489055872,1.90647268,0.672129
14,94,24.1738518,0,0,-0.000600635341,-0.00504353989,1.9661089,0.672129
14,95,24.4282331,0,0,0.0110868577,-0.00221972914,0.865310739,0.672129
14,96,24.6826741,0,0,0.0342327224,0.00649930845,-2.53360705,0.672129
14,97,24.9371386,0,0,-0.0232976806,0.000565414241,-0.220413836,0.672129
14,98,25.191676,0,0,0.00986164315,0.00307716415,-1.19956221,0.672129
14,99,25.4462374,0,0,-0.00529803133,0.00172776127,-0.673528292,0.672129
14,100,25.7008753,0,0,-0.0180693594,-0.00287448515,1.12055242,0.672129
14,101,25.9555336,0,0,0.00722745749,-0.0010336595,0.402948562,0.672129
14,102,26.210272,0,0,0.0163164756,0.00312212929,-1.21709084,0.672129
14,103,26.4650273,0,0,0.0180037717,0.00770767059,-3.00465945,0.672129
14,104,26.7198782,0,0,-0.0468833171,-0.00423345989,1.6503177,0.672129
14,105,26.9747443,0,0,0.0113040235,-0.00135433725,0.527957464,0.672129
14,106,27.2297102,0,0,0.0160684721,0.00273828532,-1.06745803,0.672129
14,107,27.4846872,0,0,-0.023922772,-0.00335481899,1.30779961,0.672129
14,108,27.7397812,0,0,0.0124360087,-0.000187380938,0.0730461817,0.672129
14,109,27.9948828,0,0,0.0251921801,0.00622904025,-2.42824916,0.672129
14,110,28.2501065,0,0,-0.0532395073,-0.00733100505,2.85782498,0.672129
14,111,28.5053353,0,0,0.0291372038,9.02094434e-05,-0.0351660924,0.672129
14,112,28.7606862,0,0,0.000521095429,0.000222931889,-0.0869049083,0.672129
14,113,29.0160458,0,0,-0.0137129359,-0.00326973814,1.27463278,0.672129
14,114,29.2715352,0,0,0.0059007921,-0.00176681273,0.688751613,0.672129
14,115,29.5270392,0,0,-0.0140831631,-0.00535377924,2.08704863,0.672129
14,116,29.7826671,0,0,0.0105495768,-0.00266681338,1.03959632,0.672129
14,117,30.0383179,0,0,0.0199373245,0.00241120175,-0.939951966,0.672129
14,118,30.2940981,0,0,0.0150557875,0.00624589465,-2.43481946,0.672129
14,119,30.5499081,0,0,-0.0365458415,-0.0030622919,1.1937646,0.672129
14,120,30.8058407,0,0,0.0126775591,0.000166668785,-0.0649720216,0.672129
14,121,31.06181,0,0,0.00735833903,0.00204082983,-0.795570925,0.672129
14,122,31.317895,0,0,-0.0371000791,-0.00740852043,2.88804258,0.672129
14,123,31.574028,0,0,0.0163699219,-0.00323911893,1.26269658,0.672129
14,124,31.8302792,0,0,-0.00606443577,-0.0047837242,1.86482569,0.672129
14,125,32.0865864,0,0,0.0186781489,-2.64197458e-05,0.0102991348,0.672129
14,126,32.3430038,0,0,0.00646187168,0.00161941203,-0.631290814,0.672129
14,127,32.5994856,0,0,0.00427862888,0.0027091742,-1.05610972,0.672129
15,0,0.25654205,0,0,0,0.00234644668,-0.914708677,0.742907
15,1,0.513074946,0,0,-0.00618723721,0.000770564009,-0.30038679,0.742907
15,2,0.769436935,0,0,-0.0285899967,-0.00651127741,2.53827287,0.742907
15,3,1.02578222,0,0,0.0535600235,0.00713040302,-2.77962486,0.742907
15,4,1.281978,0,0,-0.0366312891,-0.00219954693,0.857443165,0.742907
15,5,1.53815114,0,0,-0.00122724073,-0.00251212383,0.979294133,0.742907
15,6,1.79419456,0,0,-0.0152368368,-0.0063929298,2.49213776,0.742907
15,7,2.05020541,0,0,0.0497041812,0.00626667174,-2.44291893,0.742907
15,8,2.30608263,0,0,-0.00158130008,0.0058639163,-2.28591392,0.742907
15,9,2.56192635,0,0,-0.00877417305,0.00362914386,-1.4147389,0.742907
15,10,2.81766506,0,0,0.0076124142,0.00556801757,-2.17056456,0.742907
15,11,3.07336006,0,0,0.00467564329,0.00675889889,-2.63480246,0.742907
15,12,3.32894641,0,0,-0.0410125388,-0.00368695066,1.43727356,0.742907
15,13,3.584487,0,0,-0.00563029482,-0.00512098069,1.99629743,0.742907
15,14,3.83993485,0,0,0.0495117612,0.00748961167,-2.91965415,0.742907
15,15,4.09533618,0,0,-0.0211188464,0.0021106642,-0.822794262,0.742907
15,16,4.35065937,0,0,-0.0153974279,-0.00181104413,0.705994214,0.742907
15,17,4.60592512,0,0,-0.00596088865,-0.00332927606,1.29784228,0.742907
15,18,4.8611098,0,0,-0.00174437114,-0.00377356551,1.47103838,0.742907
15,19,5.1162377,0,0,-0.00158929402,-0.00417835699,1.6288371,0.742907
15,20,5.37129773,0,0,0.00745234335,-0.00228025315,0.888904641,0.742907
15,21,5.62630289,0,0,0.00586121162,-0.000787408848,0.306953366,0.742907
15,22,5.88125211,0,0,-8.32700489e-05,-0.00080861764,0.31522113,0.742907
15,23,6.13614215,0,0,0.0109341531,0.00197629941,-0.770415213,0.742907
15,24,6.39098057,0,0,-0.0329086971,-0.00640551036,2.497042,0.742907
15,25,6.64575558,0,0,0.0550137234,0.00760642586,-2.9651915,0.742907
15,26,6.90048319,0,0,-0.0273765531,0.000633647219,-0.247012905,0.742907
15,27,7.15515174,0,0,-0.0169295625,-0.00367829415,1.43389901,0.742907
15,28,7.4097824,0,0,0.0386256646,0.0061596211,-2.40118769,0.742907
15,29,7.66435048,0,0,-0.0420919214,-0.00456114603,1.77805867,0.742907
15,30,7.91888418,0,0,-0.0107046901,-0.0072876191,2.84091196,0.742907
15,31,8.17336128,0,0,0.044588439,0.00406900838,-1.58621004,0.742907
15,32,8.42781187,0,0,-0.00868337395,0.00185736237,-0.724050325,0.742907
15,33,8.68220295,0,0,-0.0162401553,-0.00227898772,0.888411344,0.742907
15,34,8.93657044,0,0,0.000309453745,-0.00220017019,0.857686127,0.742907
15,35,9.19087557,0,0,0.0270395161,0.0046867655,-1.82702855,0.742907
15,36,9.44515996,0,0,0.000343192919,0.00477417637,-1.86110368,0.742907
15,37,9.69939005,0,0,0.008308544,0.00689035359,-2.68604707,0.742907
15,38,9.95360519,0,0,-0.00896629703,0.00460664738,-1.79579633,0.742907
15,39,10.2077637,0,0,-0.034611588,-0.00420888688,1.64073848,0.742907
15,40,10.4619096,0,0,0.00611918068,-0.00265033813,1.03317383,0.742907
15,41,10.7159966,0,0,-0.00324440098,-0.00347668358,1.35530573,0.742907
15,42,10.9700733,0,0,0.000639450556,-0.00331381621,1.29181561,0.742907
15,43,11.224101,0,0,0.0241192543,0.00282933194,-1.10295048,0.742907
15,44,11.4781222,0,0,-0.00627828003,0.00123026077,-0.479589079,0.742907
15,45,11.7320928,0,0,-0.00504962895,-5.58742986e-05,0.0217813199,0.742907
15,46,11.9860587,0,0,-0.00683145542,-0.00179583865,0.700066707,0.742907
15,47,12.2399852,0,0,-0.004379191,-0.00291121389,1.13487028,0.742907
15,48,12.4939095,0,0,-0.00231031809,-0.00349964943,1.36425845,0.742907
15,49,12.7477932,0,0,0.044182039,0.00775346841,-3.02251268,0.742907
15,50,13.0016757,0,0,-0.0167267434,0.00349318484,-1.36173838,0.742907
15,51,13.2562988,0,0,0.00151035055,0.00387786951,-1.51169891,0.742907
15,52,13.5101389,0,0,-0.00714714533,0.00205749927,-0.802069127,0.742907
15,53,13.7639523,0,0,-0.0235917942,-0.00395130536,1.5403262,0.742907
15,54,14.0177639,0,0,0.0432731105,0.00707030937,-2.75619872,0.742907
15,55,14.2715496,0,0,-0.0107360919,0.00433583829,-1.69022759,0.742907
15,56,14.525334,0,0,-0.0218645153,-0.00123303025,0.4806687,0.742907
15,57,14.7791059,0,0,0.0265857867,0.00553834103,-2.15899583,0.742907
15,58,15.0328743,0,0,-0.0355768735,-0.00352305039,1.37338078,0.742907
15,59,15.2866185,0,0,0.0119007035,-0.000491953997,0.191777036,0.742907
15,60,15.5403627,0,0,-0.0108711337,-0.00326082006,1.27115627,0.742907
15,61,15.7941069,0,0,-0.00126883222,-0.00358399027,1.3971368,0.742907
15,62,16.0478485,0,0,0.00120890136,-0.00327608439,1.27710672,0.742907
15,63,16.3015789,0,0,0.00979850959,-0.000780414529,0.30422679,0.742907
15,64,16.5553092,0,0,-0.00875591325,-0.00301053622,1.17358883,0.742907
15,65,16.8090396,0,0,-0.0156080895,-0.00698589984,2.72329359,0.742907
15,66,17.0627734,0,0,-0.00407415882,-0.00802358371,3.12781096,0.742907
15,67,17.3165176,0,0,0.0435930135,0.00307950996,-1.20047667,0.742907
15,68,17.5702656,0,0,-0.0110245323,0.000271573443,-0.105866708,0.742907
15,69,17.8240237,0,0,0.0147220119,0.00402125406,-1.56759411,0.742907
15,70,18.077786,0,0,0.0078219458,0.00601349524,-2.34422386,0.742907
15,71,18.3315579,0,0,0.000291314163,0.00608769265,-2.37314802,0.742907
15,72,18.5853392,0,0,-0.0279534343,-0.00103201702,0.402308279,0.742907
15,73,18.8391388,0,0,-0.00340388471,-0.0018989828,0.740275097,0.742907
15,74,19.0929435,0,0,-0.00713912533,-0.00371731035,1.44910859,0.742907
15,75,19.3467569,0,0,-0.000881640236,-0.00394186317,1.53664538,0.742907
15,76,19.6005868,0,0,-0.015649197,-0.00792769683,3.09043165,0.742907
15,77,19.8544419,0,0,0.0455206546,0.00366636496,-1.42924869,0.742907
15,78,20.1083146,0,0,-0.0118556695,0.000646738682,-0.252116313,0.742907
15,79,20.3622112,0,0,-0.00835137675,-0.001480348,0.577079878,0.742907
15,80,20.6161267,0,0,-0.00550592395,-0.00288270091,1.12375515,0.742907
15,81,20.8700649,0,0,0.0314457372,0.00512649455,-1.99844688,0.742907
15,82,21.1240233,0,0,-0.0229331207,-0.000714546653,0.278549702,0.742907
15,83,21.3780029,0,0,-0.0187890357,-0.00550009385,2.14408604,0.742907
15,84,21.6320114,0,0,-0.00507660156,-0.00679309881,2.64813451,0.742907
15,85,21.8860465,0,0,8.01711155e-05,-0.00677267932,2.64017444,0.742907
15,86,22.1401121,0,0,0.0127266078,-0.00353122598,1.37656785,0.742907
15,87,22.3942026,0,0,-0.0175434893,-0.00799953384,3.11843567,0.742907
15,88,22.6483335,0,0,0.0418373923,0.002656405,-1.03553885,0.742907
15,89,22.9024932,0,0,-0.010658662,-5.83447564e-05,0.0227443715,0.742907
15,90,23.1566956,0,0,-0.00633390783,-0.00167158427,0.651628973,0.742907
15,91,23.4109246,0,0,0.00842902791,0.000475280076,-0.185277089,0.742907
15,92,23.6651986,0,0,0.00472131851,0.00167779482,-0.654050015,0.742907
15,93,23.9194968,0,0,3.08299251e-05,0.00168564717,-0.657111074,0.742907
15,94,24.1738518,0,0,0.00551524393,0.00309037387,-1.20471171,0.742907
15,95,24.4282331,0,0,-0.00395009357,0.00208428929,-0.812512602,0.742907
15,96,24.6826741,0,0,-0.00464509194,0.000901189363,-0.351308103,0.742907
15,97,24.9371386,0,0,0.000748784342,0.00109190393,-0.425653823,0.742907
15,98,25.191676,0,0,0.0238370826,0.00716318324,-2.79240348,0.742907
15,99,25.4462374,0,0,-0.00492520689,0.00590873834,-2.30338677,0.742907
15,100,25.7008753,0,0,-0.0107079137,0.00318144423,-1.24021341,0.742907
15,101,25.9555336,0,0,-4.71186279e-05,0.00316944317,-1.23553507,0.742907
15,102,26.210272,0,0,-0.01210827,8.54798268e-05,-0.0333223593,0.742907
15,103,26.4650273,0,0,-0.0121452669,-0.00300790659,1.17256373,0.742907
15,104,26.7198782,0,0,-0.00241051392,-0.0036218619,1.41190019,0.742907
15,105,26.9747443,0,0,0.00866670141,-0.00141446237,0.551395867,0.742907
15,106,27.2297102,0,0,-0.00194225296,-0.00190915211,0.744239371,0.742907
15,107,27.4846872,0,0,-0.0205869089,-0.00715261568,2.78828396,0.742907
15,108,27.7397812,0,0,0.0336115294,0.00140820474,-0.548956474,0.742907
15,109,27.9948828,0,0,-0.0112694177,-0.00146210382,0.569967802,0.742907
15,110,28.2501065,0,0,0.0115320875,0.00147510647,-0.575036586,0.742907
15,111,28.5053353,0,0,0.000218243597,0.00153069288,-0.596705679,0.742907
15,112,28.7606862,0,0,-0.00520311404,0.000205465326,-0.0800959673,0.742907
15,113,29.0160458,0,0,0.0045778764,0.00137144552,-0.534626733,0.742907
15,114,29.2715352,0,0,-0.0132060712,-0.0019921266,0.776585085,0.742907
15,115,29.5270392,0,0,0.0232792998,0.00393708604,-1.53478313,0.742907
15,116,29.7826671,0,0,-0.01305819,0.000611179085,-0.238254216,0.742907
15,117,30.0383179,0,0,-0.0122756481,-0.00251541529,0.980577234,0.742907
15,118,30.2940981,0,0,-0.0119562852,-0.00556066829,2.1676996,0.742907
15,119,30.5499081,0,0,0.0293423389,0.0019127939,-0.74565904,0.742907
15,120,30.8058407,0,0,-0.00447000586,0.000774288209,-0.301838584,0.742907
15,121,31.06181,0,0,-0.0343873283,-0.00798412733,3.1124298,0.742907
15,122,31.317895,0,0,0.0325071653,0.000295412728,-0.115159909,0.742907
15,123,31.574028,0,0,-0.00573153044,-0.00116440191,0.453915508,0.742907
15,124,31.8302792,0,0,0.00237464615,-0.000559582093,0.218140306,0.742907
15,125,32.0865864,0,0,-0.0240364707,-0.00668164535,2.60468693,0.742907
15,126,32.3430038,0,0,-0.00489409207,-0.00792816534,3.09061429,0.742907
15,127,32.5994856,0,0,0.0289318337,-0.000559258386,0.218014116,0.742907
16,0,0.25654205,0,0,0,0.00279325869,-1.08888814,0.997249
16,1,0.513074946,0,0,-0.000469444837,0.00267369159,-1.04227764,0.997249
16,2,0.769436935,0,0,-0.000461703817,0.00255609612,-0.996435729,0.997249
16,3,1.02578222,0,0,-0.000452633006,0.00244081098,-0.951494448,0.997249
16,4,1.281978,0,0,-0.000479488476,0.00231868578,-0.903886727,0.997249
16,5,1.53815114,0,0,-0.000489623636,0.00219397917,-0.8552727,0.997249
16,6,1.79419456,0,0,-0.000460656465,0.00207665046,-0.809534782,0.997249
16,7,2.05020541,0,0,-0.000459237612,0.00195968314,-0.76393774,0.997249
16,8,2.30608263,0,0,-0.000458732523,0.00184284446,-0.718390847,0.997249
16,9,2.56192635,0,0,-0.000420247275,0.00173580793,-0.6766651,0.997249
16,10,2.81766506,0,0,-0.000384038476,0.00163799374,-0.638534471,0.997249
16,11,3.07336006,0,0,-0.000368569039,0.0015441196,-0.601939781,0.997249
16,12,3.32894641,0,0,-0.000390413664,0.00144468166,-0.56317617,0.997249
16,13,3.584487,0,0,-0.000430527158,0.00133502686,-0.520429748,0.997249
16,14,3.83993485,0,0,-0.000414862555,0.00122936181,-0.479238641,0.997249
16,15,4.09533618,0,0,-0.000366348453,0.00113605325,-0.44286443,0.997249
16,16,4.35065937,0,0,-0.000341135627,0.00104916638,-0.408993564,0.997249
16,17,4.60592512,0,0,-0.000344835861,0.000961337054,-0.374755307,0.997249
16,18,4.8611098,0,0,-0.000337627857,0.000875343601,-0.341232722,0.997249
16,19,5.1162377,0,0,-0.000355621549,0.000784767175,-0.30592357,0.997249
16,20,5.37129773,0,0,-0.000362054113,0.000692552382,-0.269975738,0.997249
16,21,5.62630289,0,0,-0.000301560616,0.000615745217,-0.240034218,0.997249
16,22,5.88125211,0,0,-0.000287383938,0.000542548837,-0.21150028,0.997249
16,23,6.13614215,0,0,-0.000302187915,0.0004655819,-0.181496476,0.997249
16,24,6.39098057,0,0,-0.000320430388,0.000383968624,-0.149681404,0.997249
16,25,6.64575558,0,0,-0.000267295702,0.000315888696,-0.123141998,0.997249
16,26,6.90048319,0,0,-0.000260945615,0.000249426129,-0.0972330829,0.997249
16,27,7.15515174,0,0,-0.000267049257,0.00018140897,-0.0707181461,0.997249
16,28,7.4097824,0,0,-0.000296147294,0.000105980573,-0.0413141072,0.997249
16,29,7.66435048,0,0,-0.000243848225,4.38726918e-05,-0.0171027675,0.997249
16,30,7.91888418,0,0,-0.000252441795,-2.04239621e-05,0.00796181541,0.997249
16,31,8.17336128,0,0,-0.000217612049,-7.5849517e-05,0.0295682029,0.997249
16,32,8.42781187,0,0,-0.000237669419,-0.000136383663,0.0531660578,0.997249
16,33,8.68220295,0,0,-0.00022907646,-0.000194729191,0.0759107301,0.997249
16,34,8.93657044,0,0,-0.0002220554,-0.000251286462,0.0979582915,0.997249
16,35,9.19087557,0,0,-0.000205274958,-0.000303569773,0.118339747,0.997249
16,36,9.44515996,0,0,-0.000202677159,-0.000355191428,0.138463271,0.997249
16,37,9.69939005,0,0,-0.000206722485,-0.000407843423,0.158988449,0.997249
16,38,9.95360519,0,0,-0.00015628382,-0.000447648744,0.174505645,0.997249
16,39,10.2077637,0,0,-0.000169848351,-0.000490908936,0.191369643,0.997249
16,40,10.4619096,0,0,-0.000212255812,-0.000544970263,0.212444218,0.997249
16,41,10.7159966,0,0,-0.000138600308,-0.000580271612,0.226205643,0.997249
16,42,10.9700733,0,0,-0.000135503352,-0.000614784171,0.239659576,0.997249
16,43,11.224101,0,0,-0.000200373729,-0.000665819144,0.259554395,0.997249
16,44,11.4781222,0,0,-9.82903454e-05,-0.000690853589,0.269313502,0.997249
16,45,11.7320928,0,0,-0.000126097893,-0.000722970587,0.281833581,0.997249
16,46,11.9860587,0,0,-0.000160759663,-0.000763915901,0.297795177,0.997249
16,47,12.2399852,0,0,-7.48092129e-05,-0.000782969727,0.305222876,0.997249
16,48,12.4939095,0,0,-0.000154616436,-0.000822350367,0.32057452,0.997249
16,49,12.7477932,0,0,-8.24161018e-05,-0.000843341659,0.328757496,0.997249
16,50,13.0016757,0,0,-8.57098227e-05,-0.000865171859,0.337267501,0.997249
16,51,13.2562988,0,0,-0.000125813418,-0.000897216401,0.349759334,0.997249
16,52,13.5101389,0,0,-1.29499528e-05,-0.00090051474,0.351045116,0.997249
16,53,13.7639523,0,0,-0.00013452159,-0.000934777245,0.364401572,0.997249
16,54,14.0177639,0,0,-3.15041966e-05,-0.00094280133,0.367529578,0.997249
16,55,14.2715496,0,0,-0.000101186789,-0.000968573496,0.377576269,0.997249
16,56,14.525334,0,0,-2.24845495e-05,-0.000974300287,0.379808728,0.997249
16,57,14.7791059,0,0,-5.83119638e-05,-0.000989152281,0.385598439,0.997249
16,58,15.0328743,0,0,-4.48167611e-05,-0.00100056706,0.39004823,0.997249
16,59,15.2866185,0,0,-5.62008163e-06,-0.00100199849,0.39060624,0.997249
16,60,15.5403627,0,0,-9.04927401e-05,-0.00102504689,0.399591134,0.997249
16,61,15.7941069,0,0,3.21549545e-05,-0.00101685706,0.396398515,0.997249
16,62,16.0478485,0,0,-5.12418221e-05,-0.0010299083,0.401486242,0.997249
16,63,16.3015789,0,0,1.81977138e-05,-0.00102527336,0.399679417,0.997249
16,64,16.5553092,0,0,-4.1701876e-05,-0.00103589478,0.403819936,0.997249
16,65,16.8090396,0,0,2.92248178e-05,-0.00102845125,0.400918246,0.997249
16,66,17.0627734,0,0,-1.75620544e-05,-0.00103292429,0.402661957,0.997249
16,67,17.3165176,0,0,3.61775013e-05,-0.00102370992,0.399069945,0.997249
16,68,17.5702656,0,0,4.23468692e-05,-0.00101292422,0.394865385,0.997249
16,69,17.8240237,0,0,-1.17232414e-05,-0.00101591011,0.396029369,0.997249
16,70,18.077786,0,0,9.13013273e-05,-0.000992655765,0.386964192,0.997249
16,71,18.3315579,0,0,-2.45773555e-05,-0.000998915591,0.389404442,0.997249
16,72,18.5853392,0,0,0.000112504571,-0.000970260798,0.378234025,0.997249
16,73,18.8391388,0,0,-1.14133606e-05,-0.000973167768,0.379367241,0.997249
16,74,19.0929435,0,0,8.0609391e-05,-0.000952636643,0.371363651,0.997249
16,75,19.3467569,0,0,6.74168237e-05,-0.000935465651,0.364669931,0.997249
16,76,19.6005868,0,0,3.42237715e-05,-0.000926748893,0.361271902,0.997249
16,77,19.8544419,0,0,0.000124194104,-0.000895116788,0.348940848,0.997249
16,78,20.1083146,0,0,3.18880184e-05,-0.000886994944,0.345774732,0.997249
16,79,20.3622112,0,0,0.000101659327,-0.000861102423,0.335681124,0.997249
16,80,20.6161267,0,0,0.000119423542,-0.000830685375,0.323823732,0.997249
16,81,20.8700649,0,0,6.19814568e-05,-0.000814898765,0.317669683,0.997249
16,82,21.1240233,0,0,0.000129548379,-0.000781902932,0.30480701,0.997249
16,83,21.3780029,0,0,0.000101044525,-0.000756167,0.294774445,0.997249
16,84,21.6320114,0,0,7.15076985e-05,-0.000737954066,0.287674548,0.997249
16,85,21.8860465,0,0,0.000143137557,-0.000701497084,0.273462626,0.997249
16,86,22.1401121,0,0,0.000139941167,-0.000665854219,0.259568069,0.997249
16,87,22.3942026,0,0,0.000112644299,-0.000637163837,0.248383778,0.997249
16,88,22.6483335,0,0,0.000125260007,-0.000605260248,0.235946892,0.997249
16,89,22.9024932,0,0,0.000145962959,-0.000568083639,0.22145444,0.997249
16,90,23.1566956,0,0,0.00013304023,-0.000534198436,0.208245067,0.997249
16,91,23.4109246,0,0,0.000149176929,-0.000496203232,0.193433504,0.997249
16,92,23.6651986,0,0,0.000153143016,-0.000457197871,0.178228154,0.997249
16,93,23.9194968,0,0,0.000143656184,-0.000420608795,0.163964738,0.997249
16,94,24.1738518,0,0,0.000161404846,-0.000379499154,0.147939083,0.997249
16,95,24.4282331,0,0,0.000178088595,-0.000334140181,0.130256922,0.997249
16,96,24.6826741,0,0,0.00016646831,-0.000291740881,0.113728523,0.997249
16,97,24.9371386,0,0,0.000176265797,-0.000246846172,0.0962273457,0.997249
16,98,25.191676,0,0,0.000181206459,-0.000200693082,0.0782356169,0.997249
16,99,25.4462374,0,0,0.000187557385,-0.000152922417,0.0596133138,0.997249
16,100,25.7008753,0,0,0.000182439776,-0.000106455202,0.0414991308,0.997249
16,101,25.9555336,0,0,0.000187795528,-5.86238833e-05,0.0228531827,0.997249
16,102,26.210272,0,0,0.000185388157,-1.1405719e-05,0.00444625921,0.997249
16,103,26.4650273,0,0,0.000203593701,4.04493779e-05,-0.0157682667,0.997249
16,104,26.7198782,0,0,0.000224802416,9.77063115e-05,-0.0380885753,0.997249
16,105,26.9747443,0,0,0.000210856481,0.000151411231,-0.0590242122,0.997249
16,106,27.2297102,0,0,0.000180757491,0.000197449969,-0.0769713636,0.997249
16,107,27.4846872,0,0,0.000194755731,0.000247054045,-0.0963083801,0.997249
16,108,27.7397812,0,0,0.000241768756,0.000308632287,-0.120313252,0.997249
16,109,27.9948828,0,0,0.00023947098,0.000369625288,-0.144089982,0.997249
16,110,28.2501065,0,0,0.000243250039,0.000431580812,-0.168241928,0.997249
16,111,28.5053353,0,0,0.000246513032,0.000494367416,-0.192717853,0.997249
16,112,28.7606862,0,0,0.000222920039,0.00055114491,-0.214851263,0.997249
16,113,29.0160458,0,0,0.000225916907,0.000608685704,-0.237282228,0.997249
16,114,29.2715352,0,0,0.000222966599,0.000665475057,-0.259420261,0.997249
16,115,29.5270392,0,0,0.000234300685,0.00072515119,-0.282683639,0.997249
16,116,29.7826671,0,0,0.000241430197,0.000786643201,-0.306654896,0.997249
16,117,30.0383179,0,0,0.000256206172,0.000851898638,-0.332093239,0.997249
16,118,30.2940981,0,0,0.000259517638,0.000917997501,-0.357860372,0.997249
16,119,30.5499081,0,0,0.000274429264,0.00098789434,-0.385108059,0.997249
16,120,30.8058407,0,0,0.00026999351,0.0010566614,-0.411915326,0.997249
16,121,31.06181,0,0,0.000266611846,0.00112456715,-0.438386833,0.997249
16,122,31.317895,0,0,0.000274709645,0.0011945354,-0.465662359,0.997249
16,123,31.574028,0,0,0.000281076534,0.00126612529,-0.493570044,0.997249
16,124,31.8302792,0,0,0.000272046602,0.00133541527,-0.52058116,0.997249
16,125,32.0865864,0,0,0.00027907751,0.00140649601,-0.548290364,0.997249
16,126,32.3430038,0,0,0.000277320475,0.00147712924,-0.575825116,0.997249
16,127,32.5994856,0,0,0.000276842517,0.00154764073,-0.603312411,0.997249
17,0,0.25654205,0,0,0,-0.000570322704,0.222327288,0.994368
17,1,0.513074946,0,0,5.23595543e-05,-0.000556986782,0.217128583,0.994368
17,2,0.769436935,0,0,3.49999835e-05,-0.000548072324,0.213653485,0.994368
17,3,1.02578222,0,0,2.21375229e-05,-0.00054243392,0.211455482,0.994368
17,4,1.281978,0,0,2.53978138e-05,-0.000535965125,0.20893377,0.994368
17,5,1.53815114,0,0,7.86610979e-05,-0.000515930227,0.201123623,0.994368
17,6,1.79419456,0,0,9.47361479e-05,-0.000491801032,0.191717407,0.994368
17,7,2.05020541,0,0,0.000112172815,-0.000463230737,0.180579929,0.994368
17,8,2.30608263,0,0,0.000125437876,-0.000431281845,0.168125383,0.994368
17,9,2.56192635,0,0,0.000123253968,-0.000399889192,0.155887674,0.994368
17,10,2.81766506,0,0,5.05690531e-05,-0.000387009308,0.150866745,0.994368
17,11,3.07336006,0,0,6.79304124e-05,-0.000369707505,0.144122032,0.994368
17,12,3.32894641,0,0,4.67057668e-05,-0.000357811597,0.139484684,0.994368
17,13,3.584487,0,0,0.00010997448,-0.000329801215,0.128565476,0.994368
17,14,3.83993485,0,0,0.00014084545,-0.00029392803,0.114581133,0.994368
17,15,4.09533618,0,0,0.000119626649,-0.000263459251,0.102703575,0.994368
17,16,4.35065937,0,0,9.1383731e-05,-0.000240183913,0.0936302161,0.994368
17,17,4.60592512,0,0,8.65052518e-05,-0.000218151118,0.085041234,0.994368
17,18,4.8611098,0,0,7.6143053e-05,-0.000198757565,0.0774810998,0.994368
17,19,5.1162377,0,0,0.000126876683,-0.00016644221,0.0648836963,0.994368
17,20,5.37129773,0,0,0.000138343427,-0.000131206288,0.0511477764,0.994368
17,21,5.62630289,0,0,0.000110039099,-0.000103179448,0.0402221525,0.994368
17,22,5.88125211,0,0,7.24706693e-05,-8.4721246e-05,0.0330266439,0.994368
17,23,6.13614215,0,0,0.000107731274,-5.72822062e-05,0.0223301606,0.994368
17,24,6.39098057,0,0,0.000129333944,-2.43409896e-05,0.00948877917,0.994368
17,25,6.64575558,0,0,9.78556672e-05,5.82743706e-07,-0.000227169332,0.994368
17,26,6.90048319,0,0,0.000118510721,3.0767297e-05,-0.0119939284,0.994368
17,27,7.15515174,0,0,9.86616878e-05,5.58963228e-05,-0.0217899056,0.994368
17,28,7.4097824,0,0,0.000115926931,8.54227875e-05,-0.0333001238,0.994368
17,29,7.66435048,0,0,9.83116465e-05,0.000110462658,-0.0430613459,0.994368
17,30,7.91888418,0,0,0.000115352048,0.000139842701,-0.0545144848,0.994368
17,31,8.17336128,0,0,0.000115571214,0.000169278565,-0.0659893845,0.994368
17,32,8.42781187,0,0,7.43107137e-05,0.000188205423,-0.0733675884,0.994368
17,33,8.68220295,0,0,0.000130198968,0.000221366961,-0.0862948567,0.994368
17,34,8.93657044,0,0,0.000128783169,0.000254167895,-0.0990815524,0.994368
17,35,9.19087557,0,0,7.89790141e-05,0.000274283765,-0.106923265,0.994368
17,36,9.44515996,0,0,8.5225301e-05,0.000295990558,-0.115385163,0.994368
17,37,9.69939005,0,0,0.000151126728,0.000334482373,-0.130390318,0.994368
17,38,9.95360519,0,0,5.85034509e-05,0.000349383139,-0.136199042,0.994368
17,39,10.2077637,0,0,6.18340562e-05,0.000365132207,-0.142338456,0.994368
17,40,10.4619096,0,0,0.000174739976,0.000409638291,-0.159688137,0.994368
17,41,10.7159966,0,0,2.87568058e-05,0.000416962618,-0.162543359,0.994368
17,42,10.9700733,0,0,7.28272996e-05,0.000435511653,-0.169774277,0.994368
17,43,11.224101,0,0,0.000166112404,0.000477820304,-0.186267339,0.994368
17,44,11.4781222,0,0,1.06714952e-05,0.000480538322,-0.187326896,0.994368
17,45,11.7320928,0,0,0.000107578028,0.00050793833,-0.198008164,0.994368
17,46,11.9860587,0,0,0.000119275582,0.000538317693,-0.209850865,0.994368
17,47,12.2399852,0,0,-3.11113346e-05,0.000530393669,-0.206761865,0.994368
17,48,12.4939095,0,0,0.000192268995,0.000579364376,-0.225851977,0.994368
17,49,12.7477932,0,0,-2.688803e-05,0.000572516023,-0.223182304,0.994368
17,50,13.0016757,0,0,8.7557003e-05,0.000594816698,-0.231875712,0.994368
17,51,13.2562988,0,0,0.000134601538,0.000629099565,-0.245240106,0.994368
17,52,13.5101389,0,0,-4.14951073e-05,0.000618530806,-0.241120116,0.994368
17,53,13.7639523,0,0,0.000211758812,0.000672465548,-0.262145344,0.994368
17,54,14.0177639,0,0,-0.000114969574,0.000643182921,-0.25073018,0.994368
17,55,14.2715496,0,0,0.000189083083,0.000691342179,-0.269503968,0.994368
17,56,14.525334,0,0,-0.000102823828,0.00066515306,-0.259294738,0.994368
17,57,14.7791059,0,0,0.000137260546,0.000700113174,-0.27292314,0.994368
17,58,15.0328743,0,0,-4.18128093e-05,0.000689463496,-0.268771606,0.994368
17,59,15.2866185,0,0,7.33676402e-05,0.000708150155,-0.276056174,0.994368
17,60,15.5403627,0,0,-2.37280433e-05,0.000702106648,-0.273700251,0.994368
17,61,15.7941069,0,0,3.63623199e-05,0.000711368092,-0.277310613,0.994368
17,62,16.0478485,0,0,-1.96775831e-05,0.000706356233,-0.275356854,0.994368
17,63,16.3015789,0,0,5.64572352e-05,0.00072073583,-0.280962412,0.994368
17,64,16.5553092,0,0,-9.03197963e-05,0.000697731475,-0.271994689,0.994368
17,65,16.8090396,0,0,0.000100030435,0.000723209119,-0.281926567,0.994368
17,66,17.0627734,0,0,-0.000198818137,0.000672570353,-0.2621862,0.994368
17,67,17.3165176,0,0,0.000203852204,0.00072449129,-0.282426392,0.994368
17,68,17.5702656,0,0,-0.000283823912,0.000652201645,-0.254245924,0.994368
17,69,17.8240237,0,0,0.000214538355,0.000706844334,-0.275547129,0.994368
17,70,18.077786,0,0,-0.000297376207,0.000631102933,-0.246021073,0.994368
17,71,18.3315579,0,0,0.000142711426,0.00066745138,-0.260190685,0.994368
17,72,18.5853392,0,0,-0.000146810377,0.000630058935,-0.245614094,0.994368
17,73,18.8391388,0,0,-0.000136869189,0.000595198499,-0.232024549,0.994368
17,74,19.0929435,0,0,0.000108351254,0.000622795447,-0.242782589,0.994368
17,75,19.3467569,0,0,-0.000337458474,0.000536845137,-0.209276823,0.994368
17,76,19.6005868,0,0,0.000115563568,0.000566279053,-0.220750963,0.994368
17,77,19.8544419,0,0,-0.000159187188,0.000525734248,-0.204945496,0.994368
17,78,20.1083146,0,0,-0.000201467655,0.000474420653,-0.184942062,0.994368
17,79,20.3622112,0,0,0.000112003245,0.000502947759,-0.196062704,0.994368
17,80,20.6161267,0,0,-0.00030929746,0.000424170028,-0.165353003,0.994368
17,81,20.8700649,0,0,-0.000133694326,0.000390118227,-0.152078686,0.994368
17,82,21.1240233,0,0,6.34879528e-05,0.00040628854,-0.158382314,0.994368
17,83,21.3780029,0,0,-0.000381418186,0.000309141739,-0.12051185,0.994368
17,84,21.6320114,0,0,-0.00013151047,0.000275646163,-0.107454365,0.994368
17,85,21.8860465,0,0,-2.06543678e-05,0.000270385518,-0.105403622,0.994368
17,86,22.1401121,0,0,-0.000274941596,0.000200358189,-0.0781050666,0.994368
17,87,22.3942026,0,0,-0.000299929339,0.000123966509,-0.0483255137,0.994368
17,88,22.6483335,0,0,-7.24890719e-06,0.00012212022,-0.0476057802,0.994368
17,89,22.9024932,0,0,-0.000298340245,4.61332799e-05,-0.0179840061,0.994368
17,90,23.1566956,0,0,-0.000289043051,-2.74856744e-05,0.0107146628,0.994368
17,91,23.4109246,0,0,-0.000144250218,-6.422605e-05,0.0250370596,0.994368
17,92,23.6651986,0,0,-0.000248184565,-0.000127438392,0.0496789482,0.994368
17,93,23.9194968,0,0,-0.000293774179,-0.00020226236,0.0788473641,0.994368
17,94,24.1738518,0,0,-0.000193460689,-0.000251536589,0.0980557977,0.994368
17,95,24.4282331,0,0,-0.000359130623,-0.000343006773,0.133713361,0.994368
17,96,24.6826741,0,0,-0.00020839264,-0.000396084154,0.154404366,0.994368
17,97,24.9371386,0,0,-0.000357198195,-0.00048706215,0.189870062,0.994368
17,98,25.191676,0,0,-0.000190264164,-0.000535522228,0.208761117,0.994368
17,99,25.4462374,0,0,-0.000370892872,-0.000629988244,0.245586537,0.994368
17,100,25.7008753,0,0,-0.00041633423,-0.000736028125,0.286923764,0.994368
17,101,25.9555336,0,0,-0.000412369744,-0.000841058256,0.327867363,0.994368
17,102,26.210272,0,0,-0.000239414665,-0.000902036914,0.351638501,0.994368
17,103,26.4650273,0,0,-0.000224518506,-0.000959221536,0.373930621,0.994368
17,104,26.7198782,0,0,-0.000256087229,-0.00102444668,0.399357153,0.994368
17,105,26.9747443,0,0,-0.0005468281,-0.00116372321,0.453650929,0.994368
17,106,27.2297102,0,0,-0.000596160022,-0.00131556452,0.512842801,0.994368
17,107,27.4846872,0,0,-0.000553423124,-0.0014565208,0.567791387,0.994368
17,108,27.7397812,0,0,-0.000418271221,-0.00156305403,0.609320935,0.994368
17,109,27.9948828,0,0,-0.000235068354,-0.00162292569,0.632660534,0.994368
17,110,28.2501065,0,0,-0.000308813301,-0.0017015801,0.663322163,0.994368
17,111,28.5053353,0,0,-0.000268610962,-0.00176999503,0.689992159,0.994368
17,112,28.7606862,0,0,-0.000513753699,-0.00190084754,0.741002025,0.994368
17,113,29.0160458,0,0,-0.000480124755,-0.0020231348,0.788672922,0.994368
17,114,29.2715352,0,0,-0.000631292456,-0.00218392431,0.851353042,0.994368
17,115,29.5270392,0,0,-0.000793347467,-0.00238598906,0.930123371,0.994368
17,116,29.7826671,0,0,-0.000707433351,-0.00256617157,1.00036341,0.994368
17,117,30.0383179,0,0,-0.000680580288,-0.00273951464,1.06793725,0.994368
17,118,30.2940981,0,0,-0.000677686901,-0.00291212076,1.13522381,0.994368
17,119,30.5499081,0,0,-0.000675177357,-0.00308408771,1.2022612,0.994368
17,120,30.8058407,0,0,-0.000455183701,-0.00320002251,1.24745573,0.994368
17,121,31.06181,0,0,-0.000670755574,-0.00337086323,1.31405409,0.994368
17,122,31.317895,0,0,-0.00038433821,-0.00346875376,1.35221448,0.994368
17,123,31.574028,0,0,-0.000697136071,-0.00364631357,1.42143211,0.994368
17,124,31.8302792,0,0,-0.000508282764,-0.00377577264,1.47189878,0.994368
17,125,32.0865864,0,0,-0.000781411029,-0.00397479719,1.54948396,0.994368
17,126,32.3430038,0,0,-0.000649034959,-0.0041401057,1.61392571,0.994368
17,127,32.5994856,0,0,-0.000874571494,-0.00436285812,1.70076065,0.994368
18,0,0.25654205,0,0,0,-0.000570322704,0.222327288,0.994855
18,1,0.513074946,0,0,5.23595543e-05,-0.000556986782,0.217128583,0.994855
18,2,0.769436935,0,0,3.49999835e-05,-0.000548072324,0.213653485,0.994855
18,3,1.02578222,0,0,2.21375229e-05,-0.00054243392,0.211455482,0.994855
18,4,1.281978,0,0,2.53978138e-05,-0.000535965125,0.20893377,0.994855
18,5,1.53815114,0,0,7.86610979e-05,-0.000515930227,0.201123623,0.994855
18,6,1.79419456,0,0,9.47361479e-05,-0.000491801032,0.191717407,0.994855
18,7,2.05020541,0,0,0.000112172815,-0.000463230737,0.180579929,0.994855
18,8,2.30608263,0,0,0.000125437876,-0.000431281845,0.168125383,0.994855
18,9,2.56192635,0,0,0.000123253968,-0.000399889192,0.155887674,0.994855
18,10,2.81766506,0,0,5.05690531e-05,-0.000387009308,0.150866745,0.994855
18,11,3.07336006,0,0,6.79304124e-05,-0.000369707505,0.144122032,0.994855
18,12,3.32894641,0,0,4.67057668e-05,-0.000357811597,0.139484684,0.994855
18,13,3.584487,0,0,0.00010997448,-0.000329801215,0.128565476,0.994855
18,14,3.83993485,0,0,0.00014084545,-0.00029392803,0.114581133,0.994855
18,15,4.09533618,0,0,0.000119626649,-0.000263459251,0.102703575,0.994855
18,16,4.35065937,0,0,9.1383731e-05,-0.000240183913,0.0936302161,0.994855
18,17,4.60592512,0,0,8.65052518e-05,-0.000218151118,0.085041234,0.994855
18,18,4.8611098,0,0,7.6143053e-05,-0.000198757565,0.0774810998,0.994855
18,19,5.1162377,0,0,0.000126876683,-0.00016644221,0.0648836963,0.994855
18,20,5.37129773,0,0,0.000138343427,-0.000131206288,0.0511477764,0.994855
18,21,5.62630289,0,0,0.000110039099,-0.000103179448,0.0402221525,0.994855
18,22,5.88125211,0,0,7.24706693e-05,-8.4721246e-05,0.0330266439,0.994855
18,23,6.13614215,0,0,0.000107731274,-5.72822062e-05,0.0223301606,0.994855
18,24,6.39098057,0,0,0.000129333944,-2.43409896e-05,0.00948877917,0.994855
18,25,6.64575558,0,0,9.78556672e-05,5.82743706e-07,-0.000227169332,0.994855
18,26,6.90048319,0,0,0.000118510721,3.0767297e-05,-0.0119939284,0.994855
18,27,7.15515174,0,0,9.86616878e-05,5.58963228e-05,-0.0217899056,0.994855
18,28,7.4097824,0,0,0.000115926931,8.54227875e-05,-0.0333001238,0.994855
18,29,7.66435048,0,0,9.83116465e-05,0.000110462658,-0.0430613459,0.994855
18,30,7.91888418,0,0,0.000115352048,0.000139842701,-0.0545144848,0.994855
18,31,8.17336128,0,0,0.000115571214,0.000169278565,-0.0659893845,0.994855
18,32,8.42781187,0,0,7.43107137e-05,0.000188205423,-0.0733675884,0.994855
18,33,8.68220295,0,0,0.000130198968,0.000221366961,-0.0862948567,0.994855
18,34,8.93657044,0,0,0.000128783169,0.000254167895,-0.0990815524,0.994855
18,35,9.19087557,0,0,7.89790141e-05,0.000274283765,-0.106923265,0.994855
18,36,9.44515996,0,0,8.5225301e-05,0.000295990558,-0.115385163,0.994855
18,37,9.69939005,0,0,0.000151126728,0.000334482373,-0.130390318,0.994855
18,38,9.95360519,0,0,5.85034509e-05,0.000349383139,-0.136199042,0.994855
18,39,10.2077637,0,0,6.18340562e-05,0.000365132207,-0.142338456,0.994855
18,40,10.4619096,0,0,0.000174739976,0.000409638291,-0.159688137,0.994855
18,41,10.7159966,0,0,2.87568058e-05,0.000416962618,-0.162543359,0.994855
18,42,10.9700733,0,0,7.28272996e-05,0.000435511653,-0.169774277,0.994855
18,43,11.224101,0,0,0.000166112404,0.000477820304,-0.186267339,0.994855
18,44,11.4781222,0,0,1.06714952e-05,0.000480538322,-0.187326896,0.994855
18,45,11.7320928,0,0,0.000107578028,0.00050793833,-0.198008164,0.994855
18,46,11.9860587,0,0,0.000119275582,0.000538317693,-0.209850865,0.994855
18,47,12.2399852,0,0,-3.11113346e-05,0.000530393669,-0.206761865,0.994855
18,48,12.4939095,0,0,0.000192268995,0.000579364376,-0.225851977,0.994855
18,49,12.7477932,0,0,-2.688803e-05,0.000572516023,-0.223182304,0.994855
18,50,13.0016757,0,0,8.7557003e-05,0.000594816698,-0.231875712,0.994855
18,51,13.2562988,0,0,0.000134601538,0.000629099565,-0.245240106,0.994855
18,52,13.5101389,0,0,-4.14951073e-05,0.000618530806,-0.241120116,0.994855
18,53,13.7639523,0,0,0.000211758812,0.000672465548,-0.262145344,0.994855
18,54,14.0177639,0,0,-0.000114969574,0.000643182921,-0.25073018,0.994855
18,55,14.2715496,0,0,0.000189083083,0.000691342179,-0.269503968,0.994855
18,56,14.525334,0,0,-0.000102823828,0.00066515306,-0.259294738,0.994855
18,57,14.7791059,0,0,0.000137260546,0.000700113174,-0.27292314,0.994855
18,58,15.0328743,0,0,-4.18128093e-05,0.000689463496,-0.268771606,0.994855
18,59,15.2866185,0,0,7.33676402e-05,0.000708150155,-0.276056174,0.994855
18,60,15.5403627,0,0,-2.37280433e-05,0.000702106648,-0.273700251,0.994855
18,61,15.7941069,0,0,3.63623199e-05,0.000711368092,-0.277310613,0.994855
18,62,16.0478485,0,0,-1.96775831e-05,0.000706356233,-0.275356854,0.994855
18,63,16.3015789,0,0,5.64572352e-05,0.00072073583,-0.280962412,0.994855
18,64,16.5553092,0,0,-9.03197963e-05,0.000697731475,-0.271994689,0.994855
18,65,16.8090396,0,0,0.000100030435,0.000723209119,-0.281926567,0.994855
18,66,17.0627734,0,0,-0.000198818137,0.000672570353,-0.2621862,0.994855
18,67,17.3165176,0,0,0.000203852204,0.00072449129,-0.282426392,0.994855
18,68,17.5702656,0,0,-0.000283823912,0.000652201645,-0.254245924,0.994855
18,69,17.8240237,0,0,0.000214538355,0.000706844334,-0.275547129,0.994855
18,70,18.077786,0,0,-0.000297376207,0.000631102933,-0.246021073,0.994855
18,71,18.3315579,0,0,0.000142711426,0.00066745138,-0.260190685,0.994855
18,72,18.5853392,0,0,-0.000146810377,0.000630058935,-0.245614094,0.994855
18,73,18.8391388,0,0,-0.000136869189,0.000595198499,-0.232024549,0.994855
18,74,19.0929435,0,0,0.000108351254,0.000622795447,-0.242782589,0.994855
18,75,19.3467569,0,0,-0.000337458474,0.000536845137,-0.209276823,0.994855
18,76,19.6005868,0,0,0.000115563568,0.000566279053,-0.220750963,0.994855
18,77,19.8544419,0,0,-0.000159187188,0.000525734248,-0.204945496,0.994855
18,78,20.1083146,0,0,-0.000201467655,0.000474420653,-0.184942062,0.994855
18,79,20.3622112,0,0,0.000112003245,0.000502947759,-0.196062704,0.994855
18,80,20.6161267,0,0,-0.00030929746,0.000424170028,-0.165353003,0.994855
18,81,20.8700649,0,0,-0.000133694326,0.000390118227,-0.152078686,0.994855
18,82,21.1240233,0,0,6.34879528e-05,0.00040628854,-0.158382314,0.994855
18,83,21.3780029,0,0,-0.000381418186,0.000309141739,-0.12051185,0.994855
18,84,21.6320114,0,0,-0.00013151047,0.000275646163,-0.107454365,0.994855
18,85,21.8860465,0,0,-2.06543678e-05,0.000270385518,-0.105403622,0.994855
18,86,22.1401121,0,0,-0.000274941596,0.000200358189,-0.0781050666,0.994855
18,87,22.3942026,0,0,-0.000299929339,0.000123966509,-0.0483255137,0.994855
18,88,22.6483335,0,0,-7.24890719e-06,0.00012212022,-0.0476057802,0.994855
18,89,22.9024932,0,0,-0.000298340245,4.61332799e-05,-0.0179840061,0.994855
18,90,23.1566956,0,0,-0.000289043051,-2.74856744e-05,0.0107146628,0.994855
18,91,23.4109246,0,0,-0.000144250218,-6.422605e-05,0.0250370596,0.994855
18,92,23.6651986,0,0,-0.000248184565,-0.000127438392,0.0496789482,0.994855
18,93,23.9194968,0,0,-0.000293774179,-0.00020226236,0.0788473641,0.994855
18,94,24.1738518,0,0,-0.000193460689,-0.000251536589,0.0980557977,0.994855
18,95,24.4282331,0,0,-0.000359130623,-0.000343006773,0.133713361,0.994855
18,96,24.6826741,0,0,-0.00020839264,-0.000396084154,0.154404366,0.994855
18,97,24.9371386,0,0,-0.000357198195,-0.00048706215,0.189870062,0.994855
18,98,25.191676,0,0,-0.000190264164,-0.000535522228,0.208761117,0.994855
18,99,25.4462374,0,0,-0.000370892872,-0.000629988244,0.245586537,0.994855
18,100,25.7008753,0,0,-0.00041633423,-0.000736028125,0.286923764,0.994855
18,101,25.9555336,0,0,-0.000412369744,-0.000841058256,0.327867363,0.994855
18,102,26.210272,0,0,-0.000239414665,-0.000902036914,0.351638501,0.994855
18,103,26.4650273,0,0,-0.000224518506,-0.000959221536,0.373930621,0.994855
18,104,26.7198782,0,0,-0.000256087229,-0.00102444668,0.399357153,0.994855
18,105,26.9747443,0,0,-0.0005468281,-0.00116372321,0.453650929,0.994855
18,106,27.2297102,0,0,-0.000596160022,-0.00131556452,0.512842801,0.994855
18,107,27.4846872,0,0,-0.000553423124,-0.0014565208,0.567791387,0.994855
18,108,27.7397812,0,0,-0.000418271221,-0.00156305403,0.609320935,0.994855
18,109,27.9948828,0,0,-0.000235068354,-0.00162292569,0.632660534,0.994855
18,110,28.2501065,0,0,-0.000308813301,-0.0017015801,0.663322163,0.994855
18,111,28.5053353,0,0,-0.000268610962,-0.00176999503,0.689992159,0.994855
18,112,28.7606862,0,0,-0.000513753699,-0.00190084754,0.741002025,0.994855
18,113,29.0160458,0,0,-0.000480124755,-0.0020231348,0.788672922,0.994855
18,114,29.2715352,0,0,-0.000631292456,-0.00218392431,0.851353042,0.994855
18,115,29.5270392,0,0,-0.000793347467,-0.00238598906,0.930123371,0.994855
18,116,29.7826671,0,0,-0.000707433351,-0.00256617157,1.00036341,0.994855
18,117,30.0383179,0,0,-0.000680580288,-0.00273951464,1.06793725,0.994855
18,118,30.2940981,0,0,-0.000677686901,-0.00291212076,1.13522381,0.994855
18,119,30.5499081,0,0,-0.000675177357,-0.00308408771,1.2022612,0.994855
18,120,30.8058407,0,0,-0.000455183701,-0.00320002251,1.24745573,0.994855
18,121,31.06181,0,0,-0.000670755574,-0.00337086323,1.31405409,0.994855
18,122,31.317895,0,0,-0.00038433821,-0.00346875376,1.35221448,0.994855
18,123,31.574028,0,0,-0.000697136071,-0.00364631357,1.42143211,0.994855
18,124,31.8302792,0,0,-0.000508282764,-0.00377577264,1.47189878,0.994855
18,125,32.0865864,0,0,-0.000781411029,-0.00397479719,1.54948396,0.994855
18,126,32.3430038,0,0,-0.000649034959,-0.0041401057,1.61392571,0.994855
18,127,32.5994856,0,0,-0.000874571494,-0.00436285812,1.70076065,0.994855
19,0,0.25654205,0,0,0,-0.0016473586,0.642185149,0.672125
19,1,0.513074946,0,0,-0.00122529975,-0.00195944113,0.7638434,0.672125
19,2,0.769436935,0,0,0.0171630211,0.00241196189,-0.940248286,0.672125
19,3,1.02578222,0,0,-0.00437774345,0.00129695534,-0.505588434,0.672125
19,4,1.281978,0,0,0.0179238747,0.00586214696,-2.28522418,0.672125
19,5,1.53815114,0,0,-0.00853076871,0.00368936934,-1.43821642,0.672125
19,6,1.79419456,0,0,-0.0114273136,0.000778844854,-0.303614888,0.672125
19,7,2.05020541,0,0,-0.0074352448,-0.001114904,0.434619877,0.672125
19,8,2.30608263,0,0,-0.0047779651,-0.00233184658,0.909017162,0.672125
19,9,2.56192635,0,0,0.00464792173,-0.00114802591,0.447531697,0.672125
19,10,2.81766506,0,0,-0.00515140948,-0.00246008437,0.959007737,0.672125
19,11,3.07336006,0,0,0.0386717424,0.00738956685,-2.88065396,0.672125
19,12,3.32894641,0,0,-0.0551962281,-0.00666885312,2.59970017,0.672125
19,13,3.584487,0,0,0.00625181702,-0.00507652205,1.97896624,0.672125
19,14,3.83993485,0,0,0.0313267958,0.00290237918,-1.13142627,0.672125
19,15,4.09533618,0,0,-0.00507603379,0.00160951883,-0.627434176,0.672125
19,16,4.35065937,0,0,0.0112038575,0.00446312928,-1.73984908,0.672125
19,17,4.60592512,0,0,0.009466261,0.00687417578,-2.67974052,0.672125
19,18,4.8611098,0,0,-0.054730032,-0.00706550453,2.75432567,0.672125
19,19,5.1162377,0,0,0.0403126741,0.00320209022,-1.24826178,0.672125
19,20,5.37129773,0,0,-0.0046671173,0.00201338046,-0.784870416,0.672125
19,21,5.62630289,0,0,-0.00470284513,0.000815570863,-0.317931685,0.672125
19,22,5.88125211,0,0,-0.00461940463,-0.00036098653,0.140722359,0.672125
19,23,6.13614215,0,0,-0.00622807917,-0.0019472716,0.759099385,0.672125
19,24,6.39098057,0,0,0.00870191297,0.000269096281,-0.104901043,0.672125
19,25,6.64575558,0,0,0.0124071104,0.00342917396,-1.33678519,0.672125
19,26,6.90048319,0,0,-0.00122575374,0.0031169758,-1.21508187,0.672125
19,27,7.15515174,0,0,-0.0049348756,0.00186006829,-0.725105164,0.672125
19,28,7.4097824,0,0,0.00854254051,0.00403584417,-1.57328173,0.672125
19,29,7.66435048,0,0,-0.0133507397,0.000635425119,-0.247705978,0.672125
19,30,7.91888418,0,0,-0.00874472727,-0.00159184752,0.62054542,0.672125
19,31,8.17336128,0,0,0.0261433929,0.00506684654,-1.97519447,0.672125
19,32,8.42781187,0,0,-0.0239504808,-0.00103331517,0.402814334,0.672125
19,33,8.68220295,0,0,-0.00194629882,-0.00152903539,0.596059545,0.672125
19,34,8.93657044,0,0,0.0345303372,0.00726580438,-2.83240799,0.672125
19,35,9.19087557,0,0,-0.00631831611,0.00565653605,-2.20507147,0.672125
19,36,9.44515996,0,0,-0.0382318966,-0.00408108691,1.59091858,0.672125
19,37,9.69939005,0,0,-0.00720987571,-0.0059174345,2.30677677,0.672125
19,38,9.95360519,0,0,0.00569120907,-0.00446788967,1.7417048,0.672125
19,39,10.2077637,0,0,0.00659499465,-0.00278815162,1.08689727,0.672125
19,40,10.4619096,0,0,0.0172412185,0.00160316819,-0.624958526,0.672125
19,41,10.7159966,0,0,0.00572583198,0.00306153144,-1.19346815,0.672125
19,42,10.9700733,0,0,0.0142885493,0.0067008096,-2.61215767,0.672125
19,43,11.224101,0,0,-0.00208030663,0.00617095774,-2.40560702,0.672125
19,44,11.4781222,0,0,0.00304422229,0.00694631788,-2.70786347,0.672125
19,45,11.7320928,0,0,-0.0524654433,-0.00641657413,2.50135496,0.672125
19,46,11.9860587,0,0,0.0116003798,-0.00346196987,1.34956993,0.672125
19,47,12.2399852,0,0,-0.00417417791,-0.00452512849,1.76401805,0.672125
19,48,12.4939095,0,0,0.00257438365,-0.00386943574,1.5084112,0.672125
19,49,12.7477932,0,0,-0.00109768458,-0.00414901483,1.61739873,0.672125
19,50,13.0016757,0,0,-0.00807098672,-0.00620468647,2.41875539,0.672125
19,51,13.2562988,0,0,-0.0024650313,-0.00683252729,2.66350481,0.672125
19,52,13.5101389,0,0,0.020077807,-0.00171873143,0.670008218,0.672125
19,53,13.7639523,0,0,-0.00939321979,-0.00411117442,1.60264751,0.672125
19,54,14.0177639,0,0,0.0270050754,0.00276698926,-1.0786476,0.672125
19,55,14.2715496,0,0,-0.00690237526,0.0010089617,-0.393320687,0.672125
19,56,14.525334,0,0,0.00442655306,0.0021364,-0.832826776,0.672125
19,57,14.7791059,0,0,0.00161383225,0.00254744134,-0.993061859,0.672125
19,58,15.0328743,0,0,-0.00518813453,0.00122602905,-0.477939441,0.672125
19,59,15.2866185,0,0,-0.019896319,-0.00384154201,1.49753747,0.672125
19,60,15.5403627,0,0,0.0211834221,0.00155385283,-0.605734058,0.672125
19,61,15.7941069,0,0,0.003885861,0.00254357745,-0.991555609,0.672125
19,62,16.0478485,0,0,-0.0184871023,-0.00216506764,0.844002199,0.672125
19,63,16.3015789,0,0,-0.0154177875,-0.00609196155,2.37481215,0.672125
19,64,16.5553092,0,0,0.0464496875,0.00573872392,-2.23711053,0.672125
19,65,16.8090396,0,0,-0.0172146754,0.0013541646,-0.527890159,0.672125
19,66,17.0627734,0,0,-0.020654,-0.003906387,1.5228158,0.672125
19,67,17.3165176,0,0,-0.000410655331,-0.00401098047,1.56358918,0.672125
19,68,17.5702656,0,0,-0.00166299759,-0.00443454417,1.72870582,0.672125
19,69,17.8240237,0,0,0.00425685672,-0.00335032734,1.30604864,0.672125
19,70,18.077786,0,0,0.0234312635,0.00261759029,-1.02040783,0.672125
19,71,18.3315579,0,0,-0.00803928124,0.000569993999,-0.22219915,0.672125
19,72,18.5853392,0,0,-0.00222857678,2.37788794e-06,-0.000926965337,0.672125
19,73,18.8391388,0,0,0.00852932357,0.00217478743,-0.84779124,0.672125
19,74,19.0929435,0,0,-0.0143221015,-0.00147303643,0.574229629,0.672125
19,75,19.3467569,0,0,0.0156657958,0.00251702492,-0.98120471,0.672125
19,76,19.6005868,0,0,-0.00630377133,0.000911461133,-0.355312318,0.672125
19,77,19.8544419,0,0,0.0047172441,0.00211293813,-0.823680702,0.672125
19,78,20.1083146,0,0,0.0019637433,0.00261310144,-1.01865795,0.672125
19,79,20.3622112,0,0,-0.0377554969,-0.00700318304,2.73003105,0.672125
19,80,20.6161267,0,0,0.0168505567,-0.00271136437,1.05696351,0.672125
19,81,20.8700649,0,0,0.00664042108,-0.00102005626,0.397645649,0.672125
19,82,21.1240233,0,0,0.0176488053,0.00347507549,-1.35467886,0.672125
19,83,21.3780029,0,0,0.0105885555,0.00617196919,-2.40600131,0.672125
19,84,21.6320114,0,0,0.00535541659,0.00753598803,-2.93773292,0.672125
19,85,21.8860465,0,0,-0.019001552,0.00269631317,-1.05109614,0.672125
19,86,22.1401121,0,0,-0.00238832718,0.0020880088,-0.813962571,0.672125
19,87,22.3942026,0,0,-0.00930161908,-0.000281103579,0.109581814,0.672125
19,88,22.6483335,0,0,-0.00490599491,-0.00153065521,0.596690994,0.672125
19,89,22.9024932,0,0,-0.0114875959,-0.00445653353,1.73727787,0.672125
19,90,23.1566956,0,0,-0.00604474416,-0.00599612337,2.33745183,0.672125
19,91,23.4109246,0,0,0.0218627225,-0.000427711458,0.166733549,0.672125
19,92,23.6651986,0,0,-0.0111985864,-0.00327997938,1.27862509,0.672125
19,93,23.9194968,0,0,-0.0123052174,-0.00641410502,2.50039243,0.672125
19,94,24.1738518,0,0,0.03221103,0.0017900097,-0.697794423,0.672125
19,95,24.4282331,0,0,-0.0143827185,-0.00187325324,0.730245015,0.672125
19,96,24.6826741,0,0,-0.00650150601,-0.00352917983,1.3757702,0.672125
19,97,24.9371386,0,0,0.00788858397,-0.00151996597,0.592524039,0.672125
19,98,25.191676,0,0,-0.000903271528,-0.00175002826,0.68220857,0.672125
19,99,25.4462374,0,0,-0.0150021531,-0.00557106054,2.17175079,0.672125
19,100,25.7008753,0,0,-0.00777671851,-0.00755178238,2.94388998,0.672125
19,101,25.9555336,0,0,0.0283717572,-0.000325526331,0.12689901,0.672125
19,102,26.210272,0,0,-0.00142516921,-0.000688515398,0.268402012,0.672125
19,103,26.4650273,0,0,-0.00283169073,-0.00140974398,0.549556513,0.672125
19,104,26.7198782,0,0,0.00369499338,-0.000468633139,0.182685932,0.672125
19,105,26.9747443,0,0,-0.00655836605,-0.00213904192,0.833856668,0.672125
19,106,27.2297102,0,0,-0.00798522522,-0.0041728702,1.6266982,0.672125
19,107,27.4846872,0,0,0.0078059975,-0.00218469103,0.85165193,0.672125
19,108,27.7397812,0,0,0.00956339203,0.00025109464,-0.0978835141,0.672125
19,109,27.9948828,0,0,-0.00295111969,-0.000500552372,0.195128917,0.672125
19,110,28.2501065,0,0,-0.0249372363,-0.00685203964,2.67111125,0.672125
19,111,28.5053353,0,0,0.0439829441,0.00435036895,-1.69589204,0.672125
19,112,28.7606862,0,0,-0.0154264523,0.000421268128,-0.164221764,0.672125
19,113,29.0160458,0,0,0.00150542832,0.000804699103,-0.313693577,0.672125
19,114,29.2715352,0,0,-0.00440533063,-0.000317333874,0.123705367,0.672125
19,115,29.5270392,0,0,-0.0208645826,-0.00563152063,2.19531977,0.672125
19,116,29.7826671,0,0,0.0500315588,0.00711146362,-2.77224177,0.672125
19,117,30.0383179,0,0,-0.0022568028,0.00653665837,-2.54816706,0.672125
19,118,30.2940981,0,0,-0.0457181649,-0.00510770909,1.9911238,0.672125
19,119,30.5499081,0,0,0.0275577979,0.00191123242,-0.745050333,0.672125
19,120,30.8058407,0,0,0.00254280462,0.00255888202,-0.997521748,0.672125
19,121,31.06181,0,0,0.00931828842,0.00493224007,-1.92272121,0.672125
19,122,31.317895,0,0,-0.0120981324,0.00185085875,-0.721515037,0.672125
19,123,31.574028,0,0,-0.012696616,-0.00138295569,0.53911371,0.672125
19,124,31.8302792,0,0,-0.0205182112,-0.00660892204,2.5763374,0.672125
19,125,32.0865864,0,0,0.0436141686,0.00449955982,-1.75405069,0.672125
19,126,32.3430038,0,0,-0.00521684206,0.00317083575,-1.23607794,0.672125
19,127,32.5994856,0,0,0.017010697,0.00750344198,-2.92504558,0.672125
20,0,0.25654205,0,0,0,0.00256095843,-0.998331189,0.678650
20,1,0.513074946,0,0,-0.000165303579,0.00251885579,-0.981918434,0.678650
20,2,0.769436935,0,0,-0.0253056024,-0.00392645393,1.53063844,0.678650
20,3,1.02578222,0,0,0.0264153735,0.00280151332,-1.09210602,0.678650
20,4,1.281978,0,0,-0.00691507129,0.00104025209,-0.405518534,0.678650
20,5,1.53815114,0,0,-0.00373034487,9.0137264e-05,-0.0351379549,0.678650
20,6,1.79419456,0,0,0.021912254,0.00567116482,-2.21077415,0.678650
20,7,2.05020541,0,0,-0.0197274632,0.000646601157,-0.252062702,0.678650
20,8,2.30608263,0,0,-0.000427008704,0.000537842499,-0.209665621,0.678650
20,9,2.56192635,0,0,-0.0261050104,-0.00611107558,2.38226333,0.678650
20,10,2.81766506,0,0,0.00623167863,-0.00452387373,1.76352891,0.678650
20,11,3.07336006,0,0,0.0010873369,-0.00424693019,1.6555688,0.678650
20,12,3.32894641,0,0,0.00979914647,-0.00175109812,0.682625632,0.678650
20,13,3.584487,0,0,0.0131052275,0.00158678924,-0.618573564,0.678650
20,14,3.83993485,0,0,-0.026419536,-0.00514223818,2.00458418,0.678650
20,15,4.09533618,0,0,0.00544744679,-0.00375477934,1.46371502,0.678650
20,16,4.35065937,0,0,0.0020342807,-0.00323665023,1.26173421,0.678650
20,17,4.60592512,0,0,0.00251383123,-0.00259638012,1.01213953,0.678650
20,18,4.8611098,0,0,-0.00512348843,-0.00390132712,1.52084333,0.678650
20,19,5.1162377,0,0,0.045258072,0.00762585518,-2.97276557,0.678650
20,20,5.37129773,0,0,-0.0203539974,0.00244171392,-0.951846438,0.678650
20,21,5.62630289,0,0,0.000835408368,0.00265449154,-1.03479293,0.678650
20,22,5.88125211,0,0,-0.030555376,-0.00512792989,1.99900642,0.678650
20,23,6.13614215,0,0,0.0202890138,3.96601112e-05,-0.0154605891,0.678650
20,24,6.39098057,0,0,-0.000113803815,1.06744018e-05,-0.00416117187,0.678650
20,25,6.64575558,0,0,-0.00188117398,-0.00046845859,0.182617888,0.678650
20,26,6.90048319,0,0,0.0129014766,0.00281753364,-1.09835118,0.678650
20,27,7.15515174,0,0,0.00214313326,0.00336338737,-1.3111398,0.678650
20,28,7.4097824,0,0,-0.00834589797,0.00123769613,-0.482487586,0.678650
20,29,7.66435048,0,0,0.0017625765,0.00168662247,-0.657491273,0.678650
20,30,7.91888418,0,0,-0.0234732389,-0.00429198624,1.67313287,0.678650
20,31,8.17336128,0,0,0.013665851,-0.00081130869,0.316270174,0.678650
20,32,8.42781187,0,0,0.00952524448,0.00161476084,-0.629477656,0.678650
20,33,8.68220295,0,0,-0.0247262676,-0.00468299294,1.82555791,0.678650
20,34,8.93657044,0,0,0.00833235002,-0.00256075235,0.998250853,0.678650
20,35,9.19087557,0,0,0.018237747,0.00208438219,-0.812548821,0.678650
20,36,9.44515996,0,0,0.0124619416,0.00525842532,-2.04987708,0.678650
20,37,9.69939005,0,0,-0.0265984914,-0.00151618185,0.591048887,0.678650
20,38,9.95360519,0,0,0.00860120412,0.000674535591,-0.262952303,0.678650
20,39,10.2077637,0,0,0.0285710281,0.00795154573,-3.0997286,0.678650
20,40,10.4619096,0,0,-0.0476670493,-0.00418920049,1.63306419,0.678650
20,41,10.7159966,0,0,0.0108875494,-0.00141615335,0.552055059,0.678650
20,42,10.9700733,0,0,0.0203936041,0.00377807571,-1.47279658,0.678650
20,43,11.224101,0,0,-0.0399082623,-0.0063865158,2.4896374,0.678650
20,44,11.4781222,0,0,0.0213861907,-0.000939476018,0.366233281,0.678650
20,45,11.7320928,0,0,0.0293754215,0.00654241225,-2.55041008,0.678650
20,46,11.9860587,0,0,-0.0100222969,0.003989744,-1.55531063,0.678650
20,47,12.2399852,0,0,-0.00196316264,0.00348972858,-1.36039103,0.678650
20,48,12.4939095,0,0,-0.0219335889,-0.00209673293,0.817363472,0.678650
20,49,12.7477932,0,0,-0.00272186343,-0.00278998862,1.08761338,0.678650
20,50,13.0016757,0,0,0.0284910663,0.00446665535,-1.74122363,0.678650
20,51,13.2562988,0,0,-0.0136574467,0.000988118345,-0.385195382,0.678650
20,52,13.5101389,0,0,-0.00319071134,0.000175447596,-0.0683942405,0.678650
20,53,13.7639523,0,0,0.00621300184,0.00175789249,-0.68527426,0.678650
20,54,14.0177639,0,0,0.0188074136,0.00654812051,-2.55263532,0.678650
20,55,14.2715496,0,0,-0.00520592684,0.00522217654,-2.03574632,0.678650
20,56,14.525334,0,0,-0.0227439045,-0.000570671489,0.222463254,0.678650
20,57,14.7791059,0,0,0.0301752286,0.0071149268,-2.77359181,0.678650
20,58,15.0328743,0,0,-0.0559834044,-0.00714398612,2.78491992,0.678650
20,59,15.2866185,0,0,0.00381623926,-0.00617199409,2.40601101,0.678650
20,60,15.5403627,0,0,0.00720986562,-0.00433564906,1.69015382,0.678650
20,61,15.7941069,0,0,0.00404973006,-0.00330418717,1.28806195,0.678650
20,62,16.0478485,0,0,-6.27217289e-05,-0.00332016232,1.2942895,0.678650
20,63,16.3015789,0,0,0.009610514,-0.000872374737,0.340075379,0.678650
20,64,16.5553092,0,0,0.0124264356,0.00229262504,-0.893727542,0.678650
20,65,16.8090396,0,0,0.0109656637,0.00508556779,-1.98249252,0.678650
20,66,17.0627734,0,0,-0.043925416,-0.00610218846,2.37879888,0.678650
20,67,17.3165176,0,0,0.00980678054,-0.00360441199,1.40509774,0.678650
20,68,17.5702656,0,0,0.0112948684,-0.000727621149,0.283646496,0.678650
20,69,17.8240237,0,0,-0.00368560916,-0.00166634184,0.649585331,0.678650
20,70,18.077786,0,0,0.0270369966,0.00521995214,-2.03487919,0.678650
20,71,18.3315579,0,0,-0.0322049303,-0.00298260899,1.16270203,0.678650
20,72,18.5853392,0,0,-0.000992110963,-0.00323529858,1.2612073,0.678650
20,73,18.8391388,0,0,0.00931141243,-0.000863691848,0.336690552,0.678650
20,74,19.0929435,0,0,0.0205044021,0.00435875732,-1.69916205,0.678650
20,75,19.3467569,0,0,0.0139615176,0.00791474085,-3.08538106,0.678650
20,76,19.6005868,0,0,-0.0454395029,-0.00365865169,1.42624185,0.678650
20,77,19.8544419,0,0,0.00413674262,-0.00260502779,1.01551062,0.678650
20,78,20.1083146,0,0,-0.0185554611,-0.00733108379,2.85785568,0.678650
20,79,20.3622112,0,0,0.00280956144,-0.00661549151,2.57889836,0.678650
20,80,20.6161267,0,0,0.0566385664,0.00781029048,-3.04466347,0.678650
20,81,20.8700649,0,0,-0.00337482088,0.00695072723,-2.70958235,0.678650
20,82,21.1240233,0,0,-0.0483319385,-0.00535936555,2.08922633,0.678650
20,83,21.3780029,0,0,0.0228382235,0.000457505416,-0.178348043,0.678650
20,84,21.6320114,0,0,-0.00790741184,-0.00155650388,0.606767509,0.678650
20,85,21.8860465,0,0,-0.0143271154,-0.00520560477,2.0292862,0.678650
20,86,22.1401121,0,0,0.0242892089,0.000980830627,-0.382354432,0.678650
20,87,22.3942026,0,0,0.00353881105,0.001882162,-0.733717893,0.678650
20,88,22.6483335,0,0,-0.00186262198,0.00140775418,-0.548780835,0.678650
20,89,22.9024932,0,0,-0.00518001769,8.84092447e-05,-0.034464326,0.678650
20,90,23.1566956,0,0,0.00442993366,0.00121670859,-0.47430607,0.678650
20,91,23.4109246,0,0,-0.0144497797,-0.00246363477,0.960391781,0.678650
20,92,23.6651986,0,0,0.00402852761,-0.00143757312,0.560405067,0.678650
20,93,23.9194968,0,0,0.00468809674,-0.000243519919,0.0949306818,0.678650
20,94,24.1738518,0,0,-0.00363101398,-0.00116833528,0.455448839,0.678650
20,95,24.4282331,0,0,0.00804537614,0.000880813378,-0.34336499,0.678650
20,96,24.6826741,0,0,0.00736288739,0.00275613288,-1.07441549,0.678650
20,97,24.9371386,0,0,-0.0271615146,-0.00416187569,1.62241224,0.678650
20,98,25.191676,0,0,0.0139714743,-0.000603356201,0.235204643,0.678650
20,99,25.4462374,0,0,0.0145523432,0.00310310996,-1.20967659,0.678650
20,100,25.7008753,0,0,0.00757567348,0.00503262585,-1.96185431,0.678650
20,101,25.9555336,0,0,-0.00674940541,0.00331355955,-1.29171555,0.678650
20,102,26.210272,0,0,-0.0102191875,0.000710743477,-0.277067121,0.678650
20,103,26.4650273,0,0,-0.00469262161,-0.000484462203,0.188856531,0.678650
20,104,26.7198782,0,0,-0.00371144668,-0.00142976368,0.557360736,0.678650
20,105,26.9747443,0,0,-0.00683318891,-0.00317016955,1.23581824,0.678650
20,106,27.2297102,0,0,0.0423237197,0.00760963637,-2.96644304,0.678650
20,107,27.4846872,0,0,-0.0147725071,0.0038470947,-1.49970205,0.678650
20,108,27.7397812,0,0,-0.00649741004,0.00219221135,-0.854583554,0.678650
20,109,27.9948828,0,0,-0.0187318194,-0.00257876291,1.00527186,0.678650
20,110,28.2501065,0,0,0.00501519765,-0.00130139746,0.507320095,0.678650
20,111,28.5053353,0,0,0.0348682082,0.00757949768,-2.95469416,0.678650
20,112,28.7606862,0,0,-0.055908345,-0.0066602977,2.59636503,0.678650
20,113,29.0160458,0,0,0.0545577918,0.00723551322,-2.82059967,0.678650
20,114,29.2715352,0,0,-0.0187837262,0.00245131834,-0.955590503,0.678650
20,115,29.5270392,0,0,0.00313009868,0.00324855111,-1.2663735,0.678650
20,116,29.7826671,0,0,-0.00897749398,0.000961993048,-0.375011031,0.678650
20,117,30.0383179,0,0,-0.0111145577,-0.00186887285,0.72853742,0.678650
20,118,30.2940981,0,0,-0.000397740253,-0.00197017686,0.768028478,0.678650
20,119,30.5499081,0,0,0.00812760388,9.99151093e-05,-0.0389496247,0.678650
20,120,30.8058407,0,0,0.00444040157,0.00123088062,-0.479830712,0.678650
20,121,31.06181,0,0,-0.0334443752,-0.00728736579,2.84081321,0.678650
20,122,31.317895,0,0,0.0140989322,-0.00369638292,1.44095051,0.678650
20,123,31.574028,0,0,0.0168718072,0.000600848241,-0.234226972,0.678650
20,124,31.8302792,0,0,-0.00441501798,-0.000523652093,0.204133816,0.678650
20,125,32.0865864,0,0,0.00515184315,0.000788516818,-0.307385283,0.678650
20,126,32.3430038,0,0,0.0273029319,0.00774254422,-3.01825413,0.678650
20,127,32.5994856,0,0,-0.0479699427,-0.00447534861,1.7446125,0.678650
21,0,0.25654205,0,0,0,-0.00517003094,2.01541855,0.676621
21,1,0.513074946,0,0,0.00447673806,-0.00402981057,1.57092966,0.676621
21,2,0.769436935,0,0,-0.00488102857,-0.0052730033,2.05555997,0.676621
21,3,1.02578222,0,0,-0.0089985955,-0.0075649359,2.94901758,0.676621
21,4,1.281978,0,0,0.0570563527,0.00696725582,-2.71602565,0.676621
21,5,1.53815114,0,0,-0.00671170137,0.00525779269,-2.04963047,0.676621
21,6,1.79419456,0,0,-0.0242742697,-0.000924837713,0.360526872,0.676621
21,7,2.05020541,0,0,0.00997539953,0.00161588582,-0.629916205,0.676621
21,8,2.30608263,0,0,0.00754696424,0.0035380895,-1.37924343,0.676621
21,9,2.56192635,0,0,-0.00376191522,0.00257993374,-1.00572828,0.676621
21,10,2.81766506,0,0,-0.0107082603,-0.000147448658,0.0574794938,0.676621
21,11,3.07336006,0,0,-0.00634788324,-0.0017642477,0.687751693,0.676621
21,12,3.32894641,0,0,0.00125129396,-0.00144554447,0.563512515,0.676621
21,13,3.584487,0,0,0.0183887247,0.00323804396,-1.26227753,0.676621
21,14,3.83993485,0,0,-0.0137857114,-0.000273161926,0.106485942,0.676621
21,15,4.09533618,0,0,-0.000652406435,-0.000439329144,0.171262439,0.676621
21,16,4.35065937,0,0,-0.00485044343,-0.00167473187,0.652855993,0.676621
21,17,4.60592512,0,0,-0.000985882107,-0.00192583499,0.75074281,0.676621
21,18,4.8611098,0,0,-0.0180405663,-0.00652074784,2.5419647,0.676621
21,19,5.1162377,0,0,0.0184418262,-0.00182363454,0.710902299,0.676621
21,20,5.37129773,0,0,0.00166020038,-0.00140078329,0.54606339,0.676621
21,21,5.62630289,0,0,-0.00640003736,-0.00303086592,1.1815139,0.676621
21,22,5.88125211,0,0,0.00169293571,-0.00259967702,1.01342475,0.676621
21,23,6.13614215,0,0,0.0150355102,0.00122985127,-0.479429446,0.676621
21,24,6.39098057,0,0,0.00589978184,0.00273251937,-1.0652103,0.676621
21,25,6.64575558,0,0,0.00510903385,0.0040337848,-1.57247893,0.676621
21,26,6.90048319,0,0,-0.00242790347,0.00341540039,-1.33141588,0.676621
21,27,7.15515174,0,0,-0.00631864326,0.00180604874,-0.704046878,0.676621
21,28,7.4097824,0,0,0.0133026163,0.00519421082,-2.02484452,0.676621
21,29,7.66435048,0,0,0.00238781665,0.00580238515,-2.26192741,0.676621
21,30,7.91888418,0,0,-0.0383764291,-0.0039720501,1.54841307,0.676621
21,31,8.17336128,0,0,0.0350852675,0.00496412983,-1.9351527,0.676621
21,32,8.42781187,0,0,-0.014577647,0.00125121879,-0.487759086,0.676621
21,33,8.68220295,0,0,0.0033077411,0.0020936969,-0.816179944,0.676621
21,34,8.93657044,0,0,0.000611971558,0.00224956539,-0.876941721,0.676621
21,35,9.19087557,0,0,-0.013021841,-0.00106708351,0.415978148,0.676621
21,36,9.44515996,0,0,-0.0226503273,-0.00683609753,2.66489658,0.676621
21,37,9.69939005,0,0,-0.00321714069,-0.00765549981,2.98432186,0.676621
21,38,9.95360519,0,0,0.0180160936,-0.00306682012,1.19552982,0.676621
21,39,10.2077637,0,0,-0.00597009749,-0.00458739754,1.78829222,0.676621
21,40,10.4619096,0,0,-0.0127739743,-0.00784091505,3.05660176,0.676621
21,41,10.7159966,0,0,0.0033348423,-0.0069915343,2.72549006,0.676621
21,42,10.9700733,0,0,0.016979796,-0.0026667985,1.03959052,0.676621
21,43,11.224101,0,0,0.0103400208,-3.32063113e-05,0.0129447225,0.676621
21,44,11.4781222,0,0,0.0027606255,0.000669922036,-0.261153814,0.676621
21,45,11.7320928,0,0,-0.0125928671,-0.00253746767,0.989173852,0.676621
21,46,11.9860587,0,0,-0.0138387758,-0.00606218899,2.363206,0.676621
21,47,12.2399852,0,0,0.0228673265,-0.00023790552,0.0927420366,0.676621
21,48,12.4939095,0,0,0.00326236383,0.00059301504,-0.231173377,0.676621
21,49,12.7477932,0,0,-0.00517224845,-0.00072435108,0.282371735,0.676621
21,50,13.0016757,0,0,-0.00163321753,-0.00114032983,0.444531555,0.676621
21,51,13.2562988,0,0,-0.00534719414,-0.00250225443,0.975446773,0.676621
21,52,13.5101389,0,0,-0.0211633893,-0.00789254693,3.07672927,0.676621
21,53,13.7639523,0,0,0.0420310399,0.00281271376,-1.09647226,0.676621
21,54,14.0177639,0,0,-0.00568932206,0.00136364954,-0.531587648,0.676621
21,55,14.2715496,0,0,-0.0217246243,-0.0041695889,1.62541906,0.676621
21,56,14.525334,0,0,0.00449490166,-0.00302474228,1.17912673,0.676621
21,57,14.7791059,0,0,-0.00619707337,-0.00460313021,1.79442524,0.676621
21,58,15.0328743,0,0,0.046280052,0.00718434928,-2.80065458,0.676621
21,59,15.2866185,0,0,-0.0569327029,-0.00731634896,2.85211164,0.676621
21,60,15.5403627,0,0,0.00634774598,-0.00569958488,2.22185307,0.676621
21,61,15.7941069,0,0,0.0347796318,0.00315874994,-1.23136656,0.676621
21,62,16.0478485,0,0,-0.0010000666,0.00290403405,-1.13207139,0.676621
21,63,16.3015789,0,0,0.00547090747,0.00429746831,-1.67526993,0.676621
21,64,16.5553092,0,0,0.00137873121,0.00464862966,-1.81216217,0.676621
21,65,16.8090396,0,0,0.00613349967,0.00621082544,-2.42114853,0.676621
21,66,17.0627734,0,0,0.0070131311,0.00799706239,-3.11747223,0.676621
21,67,17.3165176,0,0,-0.0357846276,-0.0011172438,0.435531995,0.676621
21,68,17.5702656,0,0,0.010293968,0.00150461878,-0.586541288,0.676621
21,69,17.8240237,0,0,0.0052974692,0.00285387849,-1.11251939,0.676621
21,70,18.077786,0,0,-0.0211469626,-0.00253223015,0.987132123,0.676621
21,71,18.3315579,0,0,0.0335243624,0.00600638891,-2.34145362,0.676621
21,72,18.5853392,0,0,-0.0529576814,-0.00748187563,2.91663843,0.676621
21,73,18.8391388,0,0,-0.00166769545,-0.00790663586,3.08222152,0.676621
21,74,19.0929435,0,0,0.0570265558,0.0066179666,-2.57986322,0.676621
21,75,19.3467569,0,0,-0.0145979708,0.00289987912,-1.13045168,0.676621
21,76,19.6005868,0,0,0.000197721171,0.00295023849,-1.15008313,0.676621
21,77,19.8544419,0,0,0.0190958665,0.00781393515,-3.04608426,0.676621
21,78,20.1083146,0,0,-0.0543923565,-0.00603973957,2.35445461,0.676621
21,79,20.3622112,0,0,0.0214840096,-0.00056778542,0.221338186,0.676621
21,80,20.6161267,0,0,0.000407965101,-0.000463877147,0.180831917,0.676621
21,81,20.8700649,0,0,0.00402839217,0.000562150009,-0.219141349,0.676621
21,82,21.1240233,0,0,-0.0142889547,-0.00307723139,1.19958842,0.676621
21,83,21.3780029,0,0,-0.0190493335,-0.00792907616,3.09096935,0.676621
21,84,21.6320114,0,0,0.0406454681,0.00242328087,-0.944660733,0.676621
21,85,21.8860465,0,0,-0.0158205272,-0.00160619041,0.626136668,0.676621
21,86,22.1401121,0,0,-0.0235028169,-0.00759233261,2.95969757,0.676621
21,87,22.3942026,0,0,0.031644891,0.000467587104,-0.182278159,0.676621
21,88,22.6483335,0,0,0.0076065561,0.00240496877,-0.937522178,0.676621
21,89,22.9024932,0,0,0.00479909824,0.00362729393,-1.41401774,0.676621
21,90,23.1566956,0,0,-0.0082983283,0.00151371863,-0.590088656,0.676621
21,91,23.4109246,0,0,-0.0171031841,-0.00284244398,1.10806191,0.676621
21,92,23.6651986,0,0,0.00229250796,-0.00225854467,0.880442086,0.676621
21,93,23.9194968,0,0,0.00281136798,-0.00154249227,0.601305401,0.676621
21,94,24.1738518,0,0,0.0035462255,-0.000639272444,0.24920577,0.676621
21,95,24.4282331,0,0,0.00809954117,0.00142367199,-0.554986027,0.676621
21,96,24.6826741,0,0,0.00645445014,0.0030676135,-1.1958391,0.676621
21,97,24.9371386,0,0,0.0101968679,0.0056647448,-2.20827146,0.676621
21,98,25.191676,0,0,-0.0434459854,-0.00540090098,2.10541796,0.676621
21,99,25.4462374,0,0,0.00624408903,-0.00381053821,1.48545134,0.676621
21,100,25.7008753,0,0,0.0026423499,-0.00313753453,1.22309622,0.676621
21,101,25.9555336,0,0,0.0050836847,-0.0018427255,0.718344475,0.676621
21,102,26.210272,0,0,0.024803671,0.00447474283,-1.74437635,0.676621
21,103,26.4650273,0,0,-0.00313210937,0.00367699794,-1.43339372,0.676621
21,104,26.7198782,0,0,-0.00868002811,0.00146620411,-0.571566207,0.676621
21,105,26.9747443,0,0,-0.00603645526,-7.12745513e-05,0.0277847569,0.676621
21,106,27.2297102,0,0,0.00237085979,0.000532580889,-0.207614503,0.676621
21,107,27.4846872,0,0,-0.00340283987,-0.000334118768,0.130248575,0.676621
21,108,27.7397812,0,0,-0.00280347986,-0.00104816207,0.40860206,0.676621
21,109,27.9948828,0,0,0.00921187767,0.00129809327,-0.50603203,0.676621
21,110,28.2501065,0,0,0.00877654012,0.0035334686,-1.37744208,0.676621
21,111,28.5053353,0,0,-0.0313201271,-0.0044437341,1.73228831,0.676621
21,112,28.7606862,0,0,0.00712345604,-0.0026293975,1.0250106,0.676621
21,113,29.0160458,0,0,-0.00734175235,-0.00449933394,1.75396263,0.676621
21,114,29.2715352,0,0,-0.0039602853,-0.00550801434,2.14717367,0.676621
21,115,29.5270392,0,0,0.0530373437,0.0080005401,-3.11882794,0.676621
21,116,29.7826671,0,0,-0.0220685301,0.00237970919,-0.92767531,0.676621
21,117,30.0383179,0,0,-0.00783609234,0.000383864898,-0.149640969,0.676621
21,118,30.2940981,0,0,-0.0052617219,-0.000956290015,0.372787834,0.676621
21,119,30.5499081,0,0,0.00258754331,-0.000297245514,0.115874379,0.676621
21,120,30.8058407,0,0,0.00918907821,0.00204320283,-0.796495985,0.676621
21,121,31.06181,0,0,0.012009424,0.00510199022,-1.98889443,0.676621
21,122,31.317895,0,0,0.00164964903,0.00552215405,-2.15268571,0.676621
21,123,31.574028,0,0,-0.0464363085,-0.00630512381,2.4579086,0.676621
21,124,31.8302792,0,0,0.00145855427,-0.00593363161,2.31309084,0.676621
21,125,32.0865864,0,0,-0.00105646673,-0.00620271255,2.4179859,0.676621
21,126,32.3430038,0,0,0.00730293512,-0.00434266282,1.69288798,0.676621
21,127,32.5994856,0,0,0.00203246286,-0.00382499672,1.49108766,0.676621
22,0,0.25654205,0,0,0,0.000397811639,-0.155077787,0.977770
22,1,0.513074946,0,0,-0.000539318978,0.000260447675,-0.101529581,0.977770
22,2,0.769436935,0,0,-6.32955798e-05,0.000244326359,-0.0952450541,0.977770
22,3,1.02578222,0,0,-0.000829732361,3.29944187e-05,-0.012862121,0.977770
22,4,1.281978,0,0,-0.000564748363,-0.000110846382,0.0432109319,0.977770
22,5,1.53815114,0,0,-7.17847134e-05,-0.000129129872,0.0503383329,0.977770
22,6,1.79419456,0,0,-5.21470083e-05,-0.000142411659,0.0555159344,0.977770
22,7,2.05020541,0,0,-8.7587574e-05,-0.000164720119,0.0642123787,0.977770
22,8,2.30608263,0,0,-0.000234925655,-0.000224555431,0.0875378092,0.977770
22,9,2.56192635,0,0,-0.000676693238,-0.000396908472,0.154725708,0.977770
22,10,2.81766506,0,0,0.000786546335,-0.000196575966,0.0766306532,0.977770
22,11,3.07336006,0,0,0.000981741504,5.34725401e-05,-0.0208450492,0.977770
22,12,3.32894641,0,0,-0.00337219185,-0.000805421098,0.313975031,0.977770
22,13,3.584487,0,0,0.00178065947,-0.000351889046,0.137175913,0.977770
22,14,3.83993485,0,0,0.00261867695,0.000315085159,-0.122828757,0.977770
22,15,4.09533618,0,0,-0.00746163314,-0.00158538478,0.618026069,0.977770
22,16,4.35065937,0,0,0.00412563462,-0.000534590078,0.208397739,0.977770
22,17,4.60592512,0,0,-0.00763248452,-0.00247857568,0.966216154,0.977770
22,18,4.8611098,0,0,0.0082715178,-0.000371828989,0.144949044,0.977770
22,19,5.1162377,0,0,-0.0184310612,-0.00506620046,1.97494261,0.977770
22,20,5.37129773,0,0,0.0158745666,-0.00102296541,0.398779715,0.977770
22,21,5.62630289,0,0,0.0334082112,0.00748607008,-2.91827355,0.977770
22,22,5.88125211,0,0,-0.0522891712,-0.00583192562,2.27344308,0.977770
22,23,6.13614215,0,0,0.02486358,0.000500801476,-0.195226024,0.977770
22,24,6.39098057,0,0,0.0114638943,0.00342064303,-1.33345961,0.977770
22,25,6.64575558,0,0,-0.00664748743,0.00172753513,-0.673440136,0.977770
22,26,6.90048319,0,0,0.0160074781,0.0058046226,-2.26279963,0.977770
22,27,7.15515174,0,0,-0.0530143919,-0.00769808603,3.00092312,0.977770
22,28,7.4097824,0,0,0.0101284425,-0.00511838262,1.99528463,0.977770
22,29,7.66435048,0,0,0.0118073587,-0.00211106105,0.822948963,0.977770
22,30,7.91888418,0,0,0.0302190205,0.00558569099,-2.17745413,0.977770
22,31,8.17336128,0,0,-0.0461357242,-0.00616502836,2.40329558,0.977770
22,32,8.42781187,0,0,0.0554712724,0.00796344509,-3.10436729,0.977770
22,33,8.68220295,0,0,-0.0393370165,-0.00205565074,0.80134852,0.977770
22,34,8.93657044,0,0,0.0194128995,0.0028887939,-1.12613036,0.977770
22,35,9.19087557,0,0,0.0132231354,0.00625671228,-2.43903647,0.977770
22,36,9.44515996,0,0,-0.0401946981,-0.00398083413,1.55183732,0.977770
22,37,9.69939005,0,0,0.00570349461,-0.00252816018,0.98554554,0.977770
22,38,9.95360519,0,0,-0.00589834204,-0.00403046156,1.57118344,0.977770
22,39,10.2077637,0,0,0.0159495097,3.18614144e-05,-0.0124204451,0.977770
22,40,10.4619096,0,0,0.0122326763,0.00314751091,-1.22698528,0.977770
22,41,10.7159966,0,0,-0.00610406087,0.00159281317,-0.620921857,0.977770
22,42,10.9700733,0,0,-0.00673879604,-0.000123550938,0.0481635128,0.977770
22,43,11.224101,0,0,0.00777377389,0.00185642092,-0.723683319,0.977770
22,44,11.4781222,0,0,0.00295814966,0.00260985845,-1.01739375,0.977770
22,45,11.7320928,0,0,0.0070685404,0.0044102081,-1.71921896,0.977770
22,46,11.9860587,0,0,-0.0101462071,0.00182598006,-0.711816648,0.977770
22,47,12.2399852,0,0,-0.00903284751,-0.000474676489,0.185041794,0.977770
22,48,12.4939095,0,0,0.0092204684,0.0018737669,-0.730445256,0.977770
22,49,12.7477932,0,0,-0.035212284,-0.00709476399,2.7657318,0.977770
22,50,13.0016757,0,0,0.0153290216,-0.00319047867,1.24373529,0.977770
22,51,13.2562988,0,0,0.0124243085,-2.60206479e-05,0.0101435556,0.977770
22,52,13.5101389,0,0,0.00257367014,0.000629490371,-0.245392452,0.977770
22,53,13.7639523,0,0,-0.0136827812,-0.0028554993,1.11315122,0.977770
22,54,14.0177639,0,0,0.00993638869,-0.000324711777,0.126581474,0.977770
22,55,14.2715496,0,0,0.0119397843,0.00271633844,-1.05890254,0.977770
22,56,14.525334,0,0,0.011385008,0.00561608774,-2.18930361,0.977770
22,57,14.7791059,0,0,-0.0438770126,-0.00555934019,2.16718188,0.977770
22,58,15.0328743,0,0,0.019986322,-0.000468845462,0.182768702,0.977770
22,59,15.2866185,0,0,0.0331829494,0.00798281608,-3.11191863,0.977770
22,60,15.5403627,0,0,-0.0496552548,-0.00466432396,1.81828023,0.977770
22,61,15.7941069,0,0,-0.00843912986,-0.00681376126,2.6561893,0.977770
22,62,16.0478485,0,0,0.00536407877,-0.00544753616,2.12359763,0.977770
22,63,16.3015789,0,0,0.0234227256,0.000518206857,-0.202011115,0.977770
22,64,16.5553092,0,0,-0.00286536957,-0.000211599693,0.0824873102,0.977770
22,65,16.8090396,0,0,0.00834689208,0.00191434475,-0.746263604,0.977770
22,66,17.0627734,0,0,-0.0232277008,-0.00400172568,1.55998141,0.977770
22,67,17.3165176,0,0,0.012092188,-0.000921858407,0.359365458,0.977770
22,68,17.5702656,0,0,-0.0233745826,-0.00687533946,2.68019415,0.977770
22,69,17.8240237,0,0,0.0253511498,-0.000418428854,0.163114938,0.977770
22,70,18.077786,0,0,0.0141963519,0.00319736671,-1.24642043,0.977770
22,71,18.3315579,0,0,0.0104036068,0.00584715418,-2.27937959,0.977770
22,72,18.5853392,0,0,-0.0538639309,-0.00787193111,3.06869266,0.977770
22,73,18.8391388,0,0,0.0123666374,-0.00472216185,1.84082701,0.977770
22,74,19.0929435,0,0,0.0297402302,0.00285264281,-1.11203769,0.977770
22,75,19.3467569,0,0,0.017161962,0.00722377608,-2.81602422,0.977770
22,76,19.6005868,0,0,-0.0180052076,0.00263786906,-1.02831304,0.977770
22,77,19.8544419,0,0,-0.0389113093,-0.0072727996,2.83513492,0.977770
22,78,20.1083146,0,0,0.0139428193,-0.00372157852,1.45077244,0.977770
22,79,20.3622112,0,0,0.0216038657,0.00178090286,-0.694244329,0.977770
22,80,20.6161267,0,0,0.0164419202,0.00596864225,-2.32673894,0.977770
22,81,20.8700649,0,0,-0.0069045584,0.00421005865,-1.64119527,0.977770
22,82,21.1240233,0,0,-0.043789211,-0.00694300633,2.70657254,0.977770
22,83,21.3780029,0,0,0.0145498034,-0.00323718705,1.26194348,0.977770
22,84,21.6320114,0,0,0.0166015803,0.000991217604,-0.386403557,0.977770
22,85,21.8860465,0,0,-0.0351140203,-0.00795228561,3.10001703,0.977770
22,86,22.1401121,0,0,0.0188237136,-0.003157906,1.23103757,0.977770
22,87,22.3942026,0,0,0.0165269371,0.00105148711,-0.409898248,0.977770
22,88,22.6483335,0,0,-0.0161394447,-0.00305921212,1.19256402,0.977770
22,89,22.9024932,0,0,0.0252086562,0.0033614055,-1.31036721,0.977770
22,90,23.1566956,0,0,0.00268746878,0.00404590091,-1.57720212,0.977770
22,91,23.4109246,0,0,0.00555857848,0.00546166488,-2.12910539,0.977770
22,92,23.6651986,0,0,-0.0482543557,-0.00682866764,2.66200021,0.977770
22,93,23.9194968,0,0,0.0165496831,-0.00261348113,1.01880596,0.977770
22,94,24.1738518,0,0,-0.00230857278,-0.00320147214,1.24802084,0.977770
22,95,24.4282331,0,0,0.0101576781,-0.00061432245,0.239479585,0.977770
22,96,24.6826741,0,0,0.010778772,0.00213101919,-0.830729188,0.977770
22,97,24.9371386,0,0,0.00304175655,0.00290575131,-1.13274082,0.977770
22,98,25.191676,0,0,0.00945722023,0.00531449514,-2.07173462,0.977770
22,99,25.4462374,0,0,-0.0478124747,-0.00686329078,2.67549725,0.977770
22,100,25.7008753,0,0,0.0194212741,-0.00191671314,0.747186865,0.977770
22,101,25.9555336,0,0,0.0348719102,0.00696512492,-2.71519496,0.977770
22,102,26.210272,0,0,-0.0363712481,-0.00229859288,0.896053965,0.977770
22,103,26.4650273,0,0,0.0141399239,0.00130283054,-0.507878747,0.977770
22,104,26.7198782,0,0,0.00836939994,0.0034345077,-1.33886443,0.977770
22,105,26.9747443,0,0,0.0133102689,0.0068246189,-2.6604219,0.977770
22,106,27.2297102,0,0,-0.0122518969,0.00370407392,-1.44394867,0.977770
22,107,27.4846872,0,0,-0.0105043473,0.00102862794,-0.400987124,0.977770
22,108,27.7397812,0,0,0.00065168743,0.00119461203,-0.465692232,0.977770
22,109,27.9948828,0,0,-0.000281649289,0.00112287626,-0.437727679,0.977770
22,110,28.2501065,0,0,-0.0188112068,-0.00366831789,1.43001,0.977770
22,111,28.5053353,0,0,0.0184763288,0.00103758319,-0.404478125,0.977770
22,112,28.7606862,0,0,0.0259597252,0.00764949729,-2.98198191,0.977770
22,113,29.0160458,0,0,-0.0497484993,-0.00502139199,1.95747505,0.977770
22,114,29.2715352,0,0,0.0334071324,0.00348736871,-1.35947109,0.977770
22,115,29.5270392,0,0,-0.0181578182,-0.00113740806,0.44339257,0.977770
22,116,29.7826671,0,0,0.00156223889,-0.000739507495,0.288280117,0.977770
22,117,30.0383179,0,0,0.0107758269,0.00200508403,-0.78163624,0.977770
22,118,30.2940981,0,0,-0.026740565,-0.00480570914,1.87339601,0.977770
22,119,30.5499081,0,0,0.00765566567,-0.00285581932,1.11327598,0.977770
22,120,30.8058407,0,0,0.00757260516,-0.000927084926,0.361402897,0.977770
22,121,31.06181,0,0,0.0038405611,5.11018575e-05,-0.0199208927,0.977770
22,122,31.317895,0,0,-0.00318672951,-0.000760554723,0.296484899,0.977770
22,123,31.574028,0,0,0.0159786195,0.00330918249,-1.29000926,0.977770
22,124,31.8302792,0,0,-0.0192740718,-0.00159990289,0.623685622,0.977770
22,125,32.0865864,0,0,0.00821738738,0.000493056845,-0.192206956,0.977770
22,126,32.3430038,0,0,0.0116101772,0.0034501565,-1.34496476,0.977770
22,127,32.5994856,0,0,0.0117280563,0.00643727984,-2.50942661,0.977770
23,0,0.25654205,0,0,0,0.000397811639,-0.155077787,0.977486
23,1,0.513074946,0,0,-0.000539318978,0.000260447675,-0.101529581,0.977486
23,2,0.769436935,0,0,-6.32955798e-05,0.000244326359,-0.0952450541,0.977486
23,3,1.02578222,0,0,-0.000829732361,3.29944187e-05,-0.012862121,0.977486
23,4,1.281978,0,0,-0.000564748363,-0.000110846382,0.0432109319,0.977486
23,5,1.53815114,0,0,-7.17847134e-05,-0.000129129872,0.0503383329,0.977486
23,6,1.79419456,0,0,-5.21470083e-05,-0.000142411659,0.0555159344,0.977486
23,7,2.05020541,0,0,-8.7587574e-05,-0.000164720119,0.0642123787,0.977486
23,8,2.30608263,0,0,-0.000234925655,-0.000224555431,0.0875378092,0.977486
23,9,2.56192635,0,0,-0.000676693238,-0.000396908472,0.154725708,0.977486
23,10,2.81766506,0,0,0.000786546335,-0.000196575966,0.0766306532,0.977486
23,11,3.07336006,0,0,0.000981741504,5.34725401e-05,-0.0208450492,0.977486
23,12,3.32894641,0,0,-0.00337219185,-0.000805421098,0.313975031,0.977486
23,13,3.584487,0,0,0.00178065947,-0.000351889046,0.137175913,0.977486
23,14,3.83993485,0,0,0.00261867695,0.000315085159,-0.122828757,0.977486
23,15,4.09533618,0,0,-0.00746163314,-0.00158538478,0.618026069,0.977486
23,16,4.35065937,0,0,0.00412563462,-0.000534590078,0.208397739,0.977486
23,17,4.60592512,0,0,-0.00763248452,-0.00247857568,0.966216154,0.977486
23,18,4.8611098,0,0,0.0082715178,-0.000371828989,0.144949044,0.977486
23,19,5.1162377,0,0,-0.0184310612,-0.00506620046,1.97494261,0.977486
23,20,5.37129773,0,0,0.0158745666,-0.00102296541,0.398779715,0.977486
23,21,5.62630289,0,0,0.0334082112,0.00748607008,-2.91827355,0.977486
23,22,5.88125211,0,0,-0.0522891712,-0.00583192562,2.27344308,0.977486
23,23,6.13614215,0,0,0.02486358,0.000500801476,-0.195226024,0.977486
23,24,6.39098057,0,0,0.0114638943,0.00342064303,-1.33345961,0.977486
23,25,6.64575558,0,0,-0.00664748743,0.00172753513,-0.673440136,0.977486
23,26,6.90048319,0,0,0.0160074781,0.0058046226,-2.26279963,0.977486
23,27,7.15515174,0,0,-0.0530143919,-0.00769808603,3.00092312,0.977486
23,28,7.4097824,0,0,0.0101284425,-0.00511838262,1.99528463,0.977486
23,29,7.66435048,0,0,0.0118073587,-0.00211106105,0.822948963,0.977486
23,30,7.91888418,0,0,0.0302190205,0.00558569099,-2.17745413,0.977486
23,31,8.17336128,0,0,-0.0461357242,-0.00616502836,2.40329558,0.977486
23,32,8.42781187,0,0,0.0554712724,0.00796344509,-3.10436729,0.977486
23,33,8.68220295,0,0,-0.0393370165,-0.00205565074,0.80134852,0.977486
23,34,8.93657044,0,0,0.0194128995,0.0028887939,-1.12613036,0.977486
23,35,9.19087557,0,0,0.0132231354,0.00625671228,-2.43903647,0.977486
23,36,9.44515996,0,0,-0.0401946981,-0.00398083413,1.55183732,0.977486
23,37,9.69939005,0,0,0.00570349461,-0.00252816018,0.98554554,0.977486
23,38,9.95360519,0,0,-0.00589834204,-0.00403046156,1.57118344,0.977486
23,39,10.2077637,0,0,0.0159495097,3.18614144e-05,-0.0124204451,0.977486
23,40,10.4619096,0,0,0.0122326763,0.00314751091,-1.22698528,0.977486
23,41,10.7159966,0,0,-0.00610406087,0.00159281317,-0.620921857,0.977486
23,42,10.9700733,0,0,-0.00673879604,-0.000123550938,0.0481635128,0.977486
23,43,11.224101,0,0,0.00777377389,0.00185642092,-0.723683319,0.977486
23,44,11.4781222,0,0,0.00295814966,0.00260985845,-1.01739375,0.977486
23,45,11.7320928,0,0,0.0070685404,0.0044102081,-1.71921896,0.977486
23,46,11.9860587,0,0,-0.0101462071,0.00182598006,-0.711816648,0.977486
23,47,12.2399852,0,0,-0.00903284751,-0.000474676489,0.185041794,0.977486
23,48,12.4939095,0,0,0.0092204684,0.0018737669,-0.730445256,0.977486
23,49,12.7477932,0,0,-0.035212284,-0.00709476399,2.7657318,0.977486
23,50,13.0016757,0,0,0.0153290216,-0.00319047867,1.24373529,0.977486
23,51,13.2562988,0,0,0.0124243085,-2.60206479e-05,0.0101435556,0.977486
23,52,13.5101389,0,0,0.00257367014,0.000629490371,-0.245392452,0.977486
23,53,13.7639523,0,0,-0.0136827812,-0.0028554993,1.11315122,0.977486
23,54,14.0177639,0,0,0.00993638869,-0.000324711777,0.126581474,0.977486
23,55,14.2715496,0,0,0.0119397843,0.00271633844,-1.05890254,0.977486
23,56,14.525334,0,0,0.011385008,0.00561608774,-2.18930361,0.977486
23,57,14.7791059,0,0,-0.0438770126,-0.00555934019,2.16718188,0.977486
23,58,15.0328743,0,0,0.019986322,-0.000468845462,0.182768702,0.977486
23,59,15.2866185,0,0,0.0331829494,0.00798281608,-3.11191863,0.977486
23,60,15.5403627,0,0,-0.0496552548,-0.00466432396,1.81828023,0.977486
23,61,15.7941069,0,0,-0.00843912986,-0.00681376126,2.6561893,0.977486
23,62,16.0478485,0,0,0.00536407877,-0.00544753616,2.12359763,0.977486
23,63,16.3015789,0,0,0.0234227256,0.000518206857,-0.202011115,0.977486
23,64,16.5553092,0,0,-0.00286536957,-0.000211599693,0.0824873102,0.977486
23,65,16.8090396,0,0,0.00834689208,0.00191434475,-0.746263604,0.977486
23,66,17.0627734,0,0,-0.0232277008,-0.00400172568,1.55998141,0.977486
23,67,17.3165176,0,0,0.012092188,-0.000921858407,0.359365458,0.977486
23,68,17.5702656,0,0,-0.0233745826,-0.00687533946,2.68019415,0.977486
23,69,17.8240237,0,0,0.0253511498,-0.000418428854,0.163114938,0.977486
23,70,18.077786,0,0,0.0141963519,0.00319736671,-1.24642043,0.977486
23,71,18.3315579,0,0,0.0104036068,0.00584715418,-2.27937959,0.977486
23,72,18.5853392,0,0,-0.0538639309,-0.00787193111,3.06869266,0.977486
23,73,18.8391388,0,0,0.0123666374,-0.00472216185,1.84082701,0.977486
23,74,19.0929435,0,0,0.0297402302,0.00285264281,-1.11203769,0.977486
23,75,19.3467569,0,0,0.017161962,0.00722377608,-2.81602422,0.977486
23,76,19.6005868,0,0,-0.0180052076,0.00263786906,-1.02831304,0.977486
23,77,19.8544419,0,0,-0.0389113093,-0.0072727996,2.83513492,0.977486
23,78,20.1083146,0,0,0.0139428193,-0.00372157852,1.45077244,0.977486
23,79,20.3622112,0,0,0.0216038657,0.00178090286,-0.694244329,0.977486
23,80,20.6161267,0,0,0.0164419202,0.00596864225,-2.32673894,0.977486
23,81,20.8700649,0,0,-0.0069045584,0.00421005865,-1.64119527,0.977486
23,82,21.1240233,0,0,-0.043789211,-0.00694300633,2.70657254,0.977486
23,83,21.3780029,0,0,0.0145498034,-0.00323718705,1.26194348,0.977486
23,84,21.6320114,0,0,0.0166015803,0.000991217604,-0.386403557,0.977486
23,85,21.8860465,0,0,-0.0351140203,-0.00795228561,3.10001703,0.977486
23,86,22.1401121,0,0,0.0188237136,-0.003157906,1.23103757,0.977486
23,87,22.3942026,0,0,0.0165269371,0.00105148711,-0.409898248,0.977486
23,88,22.6483335,0,0,-0.0161394447,-0.00305921212,1.19256402,0.977486
23,89,22.9024932,0,0,0.0252086562,0.0033614055,-1.31036721,0.977486
23,90,23.1566956,0,0,0.00268746878,0.00404590091,-1.57720212,0.977486
23,91,23.4109246,0,0,0.00555857848,0.00546166488,-2.12910539,0.977486
23,92,23.6651986,0,0,-0.0482543557,-0.00682866764,2.66200021,0.977486
23,93,23.9194968,0,0,0.0165496831,-0.00261348113,1.01880596,0.977486
23,94,24.1738518,0,0,-0.00230857278,-0.00320147214,1.24802084,0.977486
23,95,24.4282331,0,0,0.0101576781,-0.00061432245,0.239479585,0.977486
23,96,24.6826741,0,0,0.010778772,0.00213101919,-0.830729188,0.977486
23,97,24.9371386,0,0,0.00304175655,0.00290575131,-1.13274082,0.977486
23,98,25.191676,0,0,0.00945722023,0.00531449514,-2.07173462,0.977486
23,99,25.4462374,0,0,-0.0478124747,-0.00686329078,2.67549725,0.977486
23,100,25.7008753,0,0,0.0194212741,-0.00191671314,0.747186865,0.977486
23,101,25.9555336,0,0,0.0348719102,0.00696512492,-2.71519496,0.977486
23,102,26.210272,0,0,-0.0363712481,-0.00229859288,0.896053965,0.977486
23,103,26.4650273,0,0,0.0141399239,0.00130283054,-0.507878747,0.977486
23,104,26.7198782,0,0,0.00836939994,0.0034345077,-1.33886443,0.977486
23,105,26.9747443,0,0,0.0133102689,0.0068246189,-2.6604219,0.977486
23,106,27.2297102,0,0,-0.0122518969,0.00370407392,-1.44394867,0.977486
23,107,27.4846872,0,0,-0.0105043473,0.00102862794,-0.400987124,0.977486
23,108,27.7397812,0,0,0.00065168743,0.00119461203,-0.465692232,0.977486
23,109,27.9948828,0,0,-0.000281649289,0.00112287626,-0.437727679,0.977486
23,110,28.2501065,0,0,-0.0188112068,-0.00366831789,1.43001,0.977486
23,111,28.5053353,0,0,0.0184763288,0.00103758319,-0.404478125,0.977486
23,112,28.7606862,0,0,0.0259597252,0.00764949729,-2.98198191,0.977486
23,113,29.0160458,0,0,-0.0497484993,-0.00502139199,1.95747505,0.977486
23,114,29.2715352,0,0,0.0334071324,0.00348736871,-1.35947109,0.977486
23,115,29.5270392,0,0,-0.0181578182,-0.00113740806,0.44339257,0.977486
23,116,29.7826671,0,0,0.00156223889,-0.000739507495,0.288280117,0.977486
23,117,30.0383179,0,0,0.0107758269,0.00200508403,-0.78163624,0.977486
23,118,30.2940981,0,0,-0.026740565,-0.00480570914,1.87339601,0.977486
23,119,30.5499081,0,0,0.00765566567,-0.00285581932,1.11327598,0.977486
23,120,30.8058407,0,0,0.00757260516,-0.000927084926,0.361402897,0.977486
23,121,31.06181,0,0,0.0038405611,5.11018575e-05,-0.0199208927,0.977486
23,122,31.317895,0,0,-0.00318672951,-0.000760554723,0.296484899,0.977486
23,123,31.574028,0,0,0.0159786195,0.00330918249,-1.29000926,0.977486
23,124,31.8302792,0,0,-0.0192740718,-0.00159990289,0.623685622,0.977486
23,125,32.0865864,0,0,0.00821738738,0.000493056845,-0.192206956,0.977486
23,126,32.3430038,0,0,0.0116101772,0.0034501565,-1.34496476,0.977486
23,127,32.5994856,0,0,0.0117280563,0.00643727984,-2.50942661,0.977486
24,0,0.25654205,0,0,0,0.00231377777,-0.901973449,0.647032
24,1,0.513074946,0,0,-0.0146650619,-0.00142139773,0.554099459,0.647032
24,2,0.769436935,0,0,0.0241850796,0.00473851604,-1.84720232,0.647032
24,3,1.02578222,0,0,-0.00583784212,0.00325162393,-1.26757137,0.647032
24,4,1.281978,0,0,-0.0142114477,-0.000368016518,0.143462839,0.647032
24,5,1.53815114,0,0,0.0217391534,0.00516892249,-2.01498645,0.647032
24,6,1.79419456,0,0,-0.0213972559,-0.0002809356,0.109516331,0.647032
24,7,2.05020541,0,0,0.0135293579,0.00316497731,-1.23379416,0.647032
24,8,2.30608263,0,0,-0.00449050599,0.00202125026,-0.787938276,0.647032
24,9,2.56192635,0,0,-0.0112618747,-0.000847137132,0.330237074,0.647032
24,10,2.81766506,0,0,-0.00832862276,-0.0029684284,1.15717405,0.647032
24,11,3.07336006,0,0,0.00685923842,-0.00122138775,0.476130133,0.647032
24,12,3.32894641,0,0,-0.00424006726,-0.00230132832,0.897120315,0.647032
24,13,3.584487,0,0,-0.0163243492,-0.00645912252,2.51794148,0.647032
24,14,3.83993485,0,0,-0.00515192147,-0.00777131138,3.02946835,0.647032
24,15,4.09533618,0,0,0.0304442818,-1.71855163e-05,0.00669938126,0.647032
24,16,4.35065937,0,0,-0.00834821255,-0.00214346628,0.835581402,0.647032
24,17,4.60592512,0,0,0.0013224958,-0.00180662802,0.704272696,0.647032
24,18,4.8611098,0,0,0.00181743729,-0.0013437287,0.52382196,0.647032
24,19,5.1162377,0,0,0.00606115943,0.000200042097,-0.0779818453,0.647032
24,20,5.37129773,0,0,-0.0141793398,-0.00341142052,1.32986442,0.647032
24,21,5.62630289,0,0,-0.0178031953,-0.00794587523,3.09751809,0.647032
24,22,5.88125211,0,0,0.0578866725,0.00679779804,-2.6499664,0.647032
24,23,6.13614215,0,0,-0.0562732756,-0.00753494476,2.93732622,0.647032
24,24,6.39098057,0,0,0.0463516834,0.00427077918,-1.66486578,0.647032
24,25,6.64575558,0,0,-0.00738432829,0.0023899987,-0.931686439,0.647032
24,26,6.90048319,0,0,-0.00484409303,0.00115621341,-0.450723407,0.647032
24,27,7.15515174,0,0,-0.00819488359,-0.00093101463,0.362934802,0.647032
24,28,7.4097824,0,0,0.00168219751,-0.000502560734,0.195911831,0.647032
24,29,7.66435048,0,0,0.0140574511,0.00307785694,-1.19983227,0.647032
24,30,7.91888418,0,0,-2.8818104e-05,0.003070517,-1.19697097,0.647032
24,31,8.17336128,0,0,-0.0340227445,-0.00559503945,2.18109842,0.647032
24,32,8.42781187,0,0,0.031031681,0.00230869636,-0.899992577,0.647032
24,33,8.68220295,0,0,-0.0159545074,-0.00175489952,0.684107521,0.647032
24,34,8.93657044,0,0,-0.0247192223,-0.00805085888,3.13844357,0.647032
24,35,9.19087557,0,0,0.057522071,0.00659995077,-2.57284016,0.647032
24,36,9.44515996,0,0,0.00297742643,0.00735829809,-2.86846455,0.647032
24,37,9.69939005,0,0,-0.024045593,0.00123391139,-0.48101219,0.647032
24,38,9.95360519,0,0,-0.0120766493,-0.00184199822,0.718060959,0.647032
24,39,10.2077637,0,0,-0.0109254217,-0.00462469138,1.80283037,0.647032
24,40,10.4619096,0,0,0.048229067,0.00765920014,-2.98576435,0.647032
24,41,10.7159966,0,0,-0.00795091834,0.00563410979,-2.1963291,0.647032
24,42,10.9700733,0,0,-0.00586143914,0.00414120754,-1.61435523,0.647032
24,43,11.224101,0,0,-0.0147597693,0.000381910166,-0.148878961,0.647032
24,44,11.4781222,0,0,-0.017594382,-0.00409936003,1.59804194,0.647032
24,45,11.7320928,0,0,0.00892466503,-0.00182625744,0.711924776,0.647032
24,46,11.9860587,0,0,-0.0025756784,-0.00248227996,0.967660181,0.647032
24,47,12.2399852,0,0,0.0216872062,0.00304142815,-1.18563134,0.647032
24,48,12.4939095,0,0,0.000811078111,0.00324800887,-1.26616212,0.647032
24,49,12.7477932,0,0,-0.0280857709,-0.00390540679,1.52243369,0.647032
24,50,13.0016757,0,0,-0.00571148759,-0.00536011654,2.08951908,0.647032
24,51,13.2562988,0,0,0.0256676617,0.0011774093,-0.458986142,0.647032
24,52,13.5101389,0,0,-0.0239826593,-0.00493094824,1.92221762,0.647032
24,53,13.7639523,0,0,0.0441553196,0.00631536421,-2.46190058,0.647032
24,54,14.0177639,0,0,-0.0385002697,-0.00349061309,1.36073584,0.647032
24,55,14.2715496,0,0,-0.000364136967,-0.00358335838,1.39689047,0.647032
24,56,14.525334,0,0,0.0379697643,0.00608749976,-2.37307283,0.647032
24,57,14.7791059,0,0,-0.0297363206,-0.00148630913,0.579403689,0.647032
24,58,15.0328743,0,0,0.00900303493,0.000806754187,-0.314494705,0.647032
24,59,15.2866185,0,0,0.0136440036,0.00428186724,-1.6691882,0.647032
24,60,15.5403627,0,0,0.00490010745,0.00552991934,-2.15571283,0.647032
24,61,15.7941069,0,0,-0.0240062069,-0.000584435755,0.227828939,0.647032
24,62,16.0478485,0,0,0.000661241923,-0.000416018148,0.162175179,0.647032
24,63,16.3015789,0,0,0.012300339,0.00271686498,-1.0591078,0.647032
24,64,16.5553092,0,0,-0.0232596853,-0.00320735187,1.25031292,0.647032
24,65,16.8090396,0,0,0.00384639239,-0.00222767986,0.868410146,0.647032
24,66,17.0627734,0,0,0.00880711476,1.54828002e-05,-0.00603561625,0.647032
24,67,17.3165176,0,0,0.0135840215,0.00347531848,-1.35477358,0.647032
24,68,17.5702656,0,0,0.0162179051,0.00760600147,-2.96502606,0.647032
24,69,17.8240237,0,0,-0.0611891061,-0.00797879809,3.11035231,0.647032
24,70,18.077786,0,0,0.0159448796,-0.00391765439,1.52720814,0.647032
24,71,18.3315579,0,0,0.0209471412,0.00141755995,-0.552603389,0.647032
24,72,18.5853392,0,0,0.00531321668,0.00277083053,-1.08014503,0.647032
24,73,18.8391388,0,0,-0.00816724239,0.000690642667,-0.269231279,0.647032
24,74,19.0929435,0,0,-0.00735041712,-0.00118150067,0.460581069,0.647032
24,75,19.3467569,0,0,-0.000449705021,-0.00129604006,0.505231633,0.647032
24,76,19.6005868,0,0,-0.0207518044,-0.00658150234,2.56564846,0.647032
24,77,19.8544419,0,0,0.0034269981,-0.00570864961,2.22538675,0.647032
24,78,20.1083146,0,0,0.00526750837,-0.00436702089,1.70238341,0.647032
24,79,20.3622112,0,0,0.0417931607,0.00627765222,-2.44719943,0.647032
24,80,20.6161267,0,0,0.001041864,0.00654301386,-2.5506446,0.647032
24,81,20.8700649,0,0,-0.0223793618,0.000843014476,-0.328629951,0.647032
24,82,21.1240233,0,0,-0.0146370877,-0.00288503602,1.12466544,0.647032
24,83,21.3780029,0,0,-0.000586287254,-0.00303436276,1.18287706,0.647032
24,84,21.6320114,0,0,0.0018966373,-0.00255129127,0.994562668,0.647032
24,85,21.8860465,0,0,0.023777098,0.00350471002,-1.3662312,0.647032
24,86,22.1401121,0,0,0.0104726391,0.00617207993,-2.40604448,0.647032
24,87,22.3942026,0,0,-0.0381375017,-0.00354150076,1.38057323,0.647032
24,88,22.6483335,0,0,0.00822695767,-0.00144610348,0.563730434,0.647032
24,89,22.9024932,0,0,0.00116204754,-0.00115013122,0.448352405,0.647032
24,90,23.1566956,0,0,-0.00703341842,-0.00294153534,1.14669041,0.647032
24,91,23.4109246,0,0,-0.01378773,-0.00645325534,2.51565429,0.647032
24,92,23.6651986,0,0,0.0568077847,0.00801562635,-3.12470897,0.647032
24,93,23.9194968,0,0,-0.00040068138,0.00791357323,-3.08492589,0.647032
24,94,24.1738518,0,0,-0.0266783241,0.00111863275,-0.436073445,0.647032
24,95,24.4282331,0,0,-0.00383804401,0.000141087069,-0.0549995734,0.647032
24,96,24.6826741,0,0,-0.0105204526,-0.00253846089,0.989561037,0.647032
24,97,24.9371386,0,0,0.00185859711,-0.00206507821,0.805023602,0.647032
24,98,25.191676,0,0,0.00950301805,0.000355330275,-0.138517397,0.647032
24,99,25.4462374,0,0,0.0159128392,0.00440831331,-1.71848032,0.647032
24,100,25.7008753,0,0,-0.0445186715,-0.00693054448,2.70171457,0.647032
24,101,25.9555336,0,0,-0.000245333337,-0.00699303062,2.72607336,0.647032
24,102,26.210272,0,0,0.00148359823,-0.00661515974,2.57876903,0.647032
24,103,26.4650273,0,0,0.021049405,-0.00125389891,0.48880387,0.647032
24,104,26.7198782,0,0,-0.00040208477,-0.00135630947,0.528726289,0.647032
24,105,26.9747443,0,0,0.00852652892,0.000815388278,-0.317860508,0.647032
24,106,27.2297102,0,0,-0.0206459356,-0.00444310933,1.73204475,0.647032
24,107,27.4846872,0,0,0.0152015456,-0.000571291998,0.222705145,0.647032
24,108,27.7397812,0,0,-0.0132122127,-0.00393642837,1.53452675,0.647032
24,109,27.9948828,0,0,-0.00408306394,-0.00497638036,1.93992829,0.647032
24,110,28.2501065,0,0,0.0296813688,0.00258343236,-1.00709214,0.647032
24,111,28.5053353,0,0,0.00732337581,0.00444868831,-1.73421959,0.647032
24,112,28.7606862,0,0,0.00374046221,0.00540138001,-2.10560471,0.647032
24,113,29.0160458,0,0,-0.026642301,-0.00138438542,0.539671054,0.647032
24,114,29.2715352,0,0,0.00461250487,-0.000209585382,0.0817020773,0.647032
24,115,29.5270392,0,0,0.00512393329,0.00109547492,-0.427045892,0.647032
24,116,29.7826671,0,0,0.0151420615,0.00495214171,-1.93047941,0.647032
24,117,30.0383179,0,0,0.00620037104,0.00653136955,-2.54610534,0.647032
24,118,30.2940981,0,0,-0.0145927676,0.00281460733,-1.09721042,0.647032
24,119,30.5499081,0,0,-0.0209853472,-0.00253033804,0.986394527,0.647032
24,120,30.8058407,0,0,0.0102563999,8.19560007e-05,-0.0319486762,0.647032
24,121,31.06181,0,0,-0.0111201997,-0.00275034691,1.07215996,0.647032
24,122,31.317895,0,0,0.0222310751,0.00291188403,-1.13513152,0.647032
24,123,31.574028,0,0,0.0181299748,0.00752956913,-2.93523066,0.647032
24,124,31.8302792,0,0,-0.0367787445,-0.00183793757,0.716478008,0.647032
24,125,32.0865864,0,0,0.017252243,0.00255619018,-0.996472394,0.647032
24,126,32.3430038,0,0,0.0149037528,0.00635216001,-2.47624458,0.647032
24,127,32.5994856,0,0,-0.0235164235,0.000362552214,-0.141332705,0.647032
