# raw tracked shifts, before detrend or spectrum
# reference=first b_shift_hz=0 pair_lag_s=0 dt_s=0.254698925107 looks=128
window,look,centre_time_s,disp_az_px,disp_rg_px,vel_los_ms,disp_los_m,phase_rad,quality
0,0,0.25654205,0,0,0,-0.000165811785,0.0646379397,0.751605
0,1,0.513074946,0,0,-0.0063822968,-0.00179137592,0.698327012,0.751605
0,2,0.769436935,0,0,-0.00176398175,-0.00224066018,0.873470224,0.751605
0,3,1.02578222,0,0,-0.0118462775,-0.00525789432,2.04967008,0.751605
0,4,1.281978,0,0,-0.0104080502,-0.00790881352,3.08307043,0.751605
0,5,1.53815114,0,0,0.00543900491,-0.00652350482,2.54303945,0.751605
0,6,1.79419456,0,0,0.0194916687,-0.00155899776,0.60773969,0.751605
0,7,2.05020541,0,0,0.000837488418,-0.00134569036,0.524586669,0.751605
0,8,2.30608263,0,0,-0.000951171587,-0.00158795274,0.619027128,0.751605
0,9,2.56192635,0,0,4.34925268e-05,-0.00157687524,0.614708818,0.751605
0,10,2.81766506,0,0,-0.0191457708,-0.00645328248,2.51566487,0.751605
0,11,3.07336006,0,0,0.0533821603,0.00714309637,-2.78457307,0.751605
0,12,3.32894641,0,0,-0.0118743175,0.00411872047,-1.60558916,0.751605
0,13,3.584487,0,0,-0.00243175844,0.00349935421,-1.36414336,0.751605
0,14,3.83993485,0,0,-0.00101888674,0.00323984485,-1.26297956,0.751605
0,15,4.09533618,0,0,0.00395293953,0.0042466543,-1.65546125,0.751605
0,16,4.35065937,0,0,0.000761428793,0.0044405894,-1.73106242,0.751605
0,17,4.60592512,0,0,-0.0158424924,0.000405523604,-0.15808412,0.751605
0,18,4.8611098,0,0,-0.00733463987,-0.00146260129,0.570161726,0.751605
0,19,5.1162377,0,0,0.00317463198,-0.000654025933,0.254957081,0.751605
0,20,5.37129773,0,0,-0.000148255532,-0.000691786457,0.26967716,0.751605
0,21,5.62630289,0,0,0.00074714201,-0.00050149019,0.195494504,0.751605
0,22,5.88125211,0,0,0.00767603285,0.00145358713,-0.566647761,0.751605
0,23,6.13614215,0,0,0.000343499007,0.00154107595,-0.600753284,0.751605
0,24,6.39098057,0,0,0.00208943423,0.00207325261,-0.808210204,0.751605
0,25,6.64575558,0,0,-0.00558360178,0.000651115235,-0.253822412,0.751605
0,26,6.90048319,0,0,-0.0035057207,-0.000241788058,0.0942555554,0.751605
0,27,7.15515174,0,0,0.00732124941,0.0016229263,-0.632660772,0.751605
0,28,7.4097824,0,0,-0.000238165468,0.00156226581,-0.609013666,0.751605
0,29,7.66435048,0,0,-0.00849812354,-0.000602197122,0.234752802,0.751605
0,30,7.91888418,0,0,-0.0107213093,-0.00333290307,1.29925618,0.751605
0,31,8.17336128,0,0,0.0125998427,-0.000123736672,0.0482359173,0.751605
0,32,8.42781187,0,0,-0.00348182053,-0.00101055262,0.393940872,0.751605
0,33,8.68220295,0,0,-0.00887194142,-0.00327022656,1.27482318,0.751605
0,34,8.93657044,0,0,0.015189757,0.00059858822,-0.233345954,0.751605
0,35,9.19087557,0,0,-0.00108381029,0.000322542904,-0.125735989,0.751605
0,36,9.44515996,0,0,0.00028930983,0.000396229807,-0.154461146,0.751605
0,37,9.69939005,0,0,0.0042687371,0.00148347256,-0.578297915,0.751605
0,38,9.95360519,0,0,0.000620781589,0.00164158496,-0.639934427,0.751605
0,39,10.2077637,0,0,0.0158556976,0.00568001409,-2.21422384,0.751605
0,40,10.4619096,0,0,-0.0187508551,0.000904191459,-0.352478401,0.751605
0,41,10.7159966,0,0,-0.011704442,-0.00207691735,0.809638821,0.751605
0,42,10.9700733,0,0,-0.0212451125,-0.00748802466,2.91903549,0.751605
0,43,11.224101,0,0,0.0462582663,0.00429390606,-1.67388126,0.751605
0,44,11.4781222,0,0,-0.0268645593,-0.00254846833,0.993462206,0.751605
0,45,11.7320928,0,0,-0.0122025043,-0.00565643306,2.20503131,0.751605
0,46,11.9860587,0,0,0.0379672861,0.00401379391,-1.56468594,0.751605
0,47,12.2399852,0,0,-0.0110516171,0.00119895892,-0.467386769,0.751605
0,48,12.4939095,0,0,-0.00341404533,0.000329405248,-0.128411117,0.751605
0,49,12.7477932,0,0,-0.00340111521,-0.000536855141,0.209280723,0.751605
0,50,13.0016757,0,0,0.019307865,0.00438083732,-1.70776943,0.751605
0,51,13.2562988,0,0,-0.0154327732,0.000450126562,-0.175471566,0.751605
0,52,13.5101389,0,0,-0.00609760019,-0.00110292565,0.42995039,0.751605
0,53,13.7639523,0,0,-0.00429127782,-0.0021959095,0.856025195,0.751605
0,54,14.0177639,0,0,-0.021126792,-0.00757688071,2.953674,0.751605
0,55,14.2715496,0,0,0.0515854692,0.00556188284,-2.16817307,0.751605
0,56,14.525334,0,0,-0.0278784877,-0.001538738,0.599841887,0.751605
0,57,14.7791059,0,0,0.00107610411,-0.00126465544,0.492997058,0.751605
0,58,15.0328743,0,0,0.0131352377,0.00208087547,-0.811181804,0.751605
0,59,15.2866185,0,0,-0.0311911827,-0.00586348524,2.28574588,0.751605
0,60,15.5403627,0,0,0.0537427116,0.00782472564,-3.05029068,0.751605
0,61,15.7941069,0,0,-0.0131566352,0.00447374479,-1.74398729,0.751605
0,62,16.0478485,0,0,-0.00918385735,0.00213462619,-0.832135296,0.751605
0,63,16.3015789,0,0,0.0227610724,0.00793184687,-3.09204945,0.751605
0,64,16.5553092,0,0,-0.00373110579,0.00698153824,-2.72159332,0.751605
0,65,16.8090396,0,0,-0.0340122344,-0.0016813413,0.655432526,0.751605
0,66,17.0627734,0,0,-0.00105387547,-0.00194976225,0.760070307,0.751605
0,67,17.3165176,0,0,0.00842838211,0.000196937616,-0.0767716344,0.751605
0,68,17.5702656,0,0,-0.00706198955,-0.00160174353,0.624403154,0.751605
0,69,17.8240237,0,0,-0.0228782709,-0.00742881453,2.89595378,0.751605
0,70,18.077786,0,0,0.0574457464,0.00720255532,-2.80775179,0.751605
0,71,18.3315579,0,0,-0.00908294493,0.00488913901,-1.90591924,0.751605
0,72,18.5853392,0,0,-0.0106698367,0.00217154308,-0.846526501,0.751605
0,73,18.8391388,0,0,-0.00327510922,0.00133737628,-0.521345616,0.751605
0,74,19.0929435,0,0,0.00931733419,0.00371049128,-1.44645033,0.751605
0,75,19.3467569,0,0,0.00749083146,0.005618398,-2.19020422,0.751605
0,76,19.6005868,0,0,-0.00932595091,0.00324308833,-1.26424396,0.751605
0,77,19.8544419,0,0,-0.00325302246,0.00241454701,-0.941256036,0.751605
0,78,20.1083146,0,0,0.0122599761,0.00553714975,-2.15853144,0.751605
0,79,20.3622112,0,0,0.00318325409,0.00634792115,-2.47459216,0.751605
0,80,20.6161267,0,0,-0.00258207063,0.00569027053,-2.21822208,0.751605
0,81,20.8700649,0,0,-0.0139069183,0.0021481934,-0.837424162,0.751605
0,82,21.1240233,0,0,-0.00824943273,4.70717505e-05,-0.0183498475,0.751605
0,83,21.3780029,0,0,0.0112546918,0.00291362965,-1.13581201,0.751605
0,84,21.6320114,0,0,0.00840956608,0.00505553709,-1.97078574,0.751605
0,85,21.8860465,0,0,-0.0378044392,-0.00457321294,1.78276268,0.751605
0,86,22.1401121,0,0,-0.00436127376,-0.00568402468,2.21578728,0.751605
0,87,22.3942026,0,0,-0.00205204066,-0.00620667723,2.41953144,0.751605
0,88,22.6483335,0,0,0.017985269,-0.00162584856,0.633799949,0.751605
0,89,22.9024932,0,0,0.00683832313,0.000115864991,-0.0451673222,0.751605
0,90,23.1566956,0,0,0.0036845888,0.0010543258,-0.411004846,0.751605
0,91,23.4109246,0,0,0.0200727795,0.00616684117,-2.40400227,0.751605
0,92,23.6651986,0,0,0.00634907595,0.00778394399,-3.03439289,0.751605
0,93,23.9194968,0,0,-0.062009189,-0.00800972979,3.12241033,0.751605
0,94,24.1738518,0,0,0.054142568,0.00578032407,-2.2533274,0.751605
0,95,24.4282331,0,0,-0.00954553511,0.00334908654,-1.30556494,0.751605
0,96,24.6826741,0,0,-0.0134682811,-8.12701785e-05,0.031681324,0.751605
0,97,24.9371386,0,0,-0.00549950234,-0.00148198751,0.577719005,0.751605
0,98,25.191676,0,0,0.00498421392,-0.000212513585,0.0828435703,0.751605
0,99,25.4462374,0,0,0.0131577243,0.00313874466,-1.22356796,0.751605
0,100,25.7008753,0,0,0.00441715194,0.00426378852,-1.66214063,0.751605
0,101,25.9555336,0,0,-0.0101529401,0.0016778456,-0.654069807,0.751605
0,102,26.210272,0,0,-0.0106897088,-0.00104481175,0.407296011,0.751605
0,103,26.4650273,0,0,0.0114508706,0.00187171269,-0.729644468,0.751605
0,104,26.7198782,0,0,-0.01457911,-0.00184157095,0.717894398,0.751605
0,105,26.9747443,0,0,4.98596282e-06,-0.00184030103,0.717399349,0.751605
0,106,27.2297102,0,0,-0.00304981729,-0.00261708621,1.02021132,0.751605
0,107,27.4846872,0,0,0.00419790168,-0.00154788517,0.603407701,0.751605
0,108,27.7397812,0,0,0.0053895742,-0.000175166412,0.0682846275,0.751605
0,109,27.9948828,0,0,-0.0123785204,-0.00332796226,1.29733012,0.751605
0,110,28.2501065,0,0,-0.00881876889,-0.00557409322,2.17293301,0.751605
0,111,28.5053353,0,0,0.0313784923,0.00241797505,-0.942592382,0.751605
0,112,28.7606862,0,0,-0.0351887431,-0.00654455999,2.55124733,0.751605
0,113,29.0160458,0,0,-0.00546893327,-0.00793749142,3.09424985,0.751605
0,114,29.2715352,0,0,0.0302208945,-0.000240262065,0.0936606817,0.751605
0,115,29.5270392,0,0,-0.00257451603,-0.000895988531,0.349280677,0.751605
0,116,29.7826671,0,0,-0.000366485239,-0.000989331928,0.38566847,0.751605
0,117,30.0383179,0,0,-0.00704331081,-0.00278325562,1.08498867,0.751605
0,118,30.2940981,0,0,-0.00509548954,-0.00408107133,1.5909125,0.751605
0,119,30.5499081,0,0,0.0400414912,0.00611745344,-2.38474959,0.751605
0,120,30.8058407,0,0,0.00458840711,0.0072861158,-2.84032593,0.751605
0,121,31.06181,0,0,-0.0444538827,-0.00403624034,1.57343617,0.751605
0,122,31.317895,0,0,-0.00874064182,-0.00626247242,2.44128193,0.751605
0,123,31.574028,0,0,0.0367860866,0.00310690429,-1.21115572,0.751605
0,124,31.8302792,0,0,-0.0142113009,-0.000512698789,0.19986392,0.751605
0,125,32.0865864,0,0,0.00297169959,0.000244189902,-0.0951918596,0.751605
0,126,32.3430038,0,0,0.00136781243,0.000592570258,-0.230999989,0.751605
0,127,32.5994856,0,0,-0.014670819,-0.00314407158,1.22564454,0.751605
1,0,0.25654205,0,0,0,4.85342203e-07,-0.000189199579,0.976778
1,1,0.513074946,0,0,0.000426100845,0.00010901277,-0.0424961399,0.976778
1,2,0.769436935,0,0,-0.000252395114,4.47280053e-05,-0.0174361919,0.976778
1,3,1.02578222,0,0,-0.000316336597,-3.5842586e-05,0.013972414,0.976778
1,4,1.281978,0,0,-0.000286247018,-0.000108749394,0.0423934689,0.976778
1,5,1.53815114,0,0,0.000106302988,-8.16741369e-05,0.031838798,0.976778
1,6,1.79419456,0,0,0.000116053336,-5.21154769e-05,0.0203160291,0.976778
1,7,2.05020541,0,0,0.000422967913,5.5613996e-05,-0.0216798469,0.976778
1,8,2.30608263,0,0,0.000102943371,8.18335619e-05,-0.0319009462,0.976778
1,9,2.56192635,0,0,0.000572894335,0.000227749133,-0.088782801,0.976778
1,10,2.81766506,0,0,-0.000211739198,0.000173819387,-0.0677595205,0.976778
1,11,3.07336006,0,0,-0.000956442872,-6.97855843e-05,0.0272043171,0.976778
1,12,3.32894641,0,0,0.000578752896,7.76221561e-05,-0.0302592258,0.976778
1,13,3.584487,0,0,-0.000871554128,-0.000144361743,0.0562761305,0.976778
1,14,3.83993485,0,0,0.000447038715,-3.05014633e-05,0.0118902992,0.976778
1,15,4.09533618,0,0,-0.000400306566,-0.000132459115,0.0516361627,0.976778
1,16,4.35065937,0,0,0.000788097836,6.82685563e-05,-0.0266129384,0.976778
1,17,4.60592512,0,0,-0.00511247417,-0.00123387312,0.480997271,0.976778
1,18,4.8611098,0,0,0.00706180797,0.00056476178,-0.220159489,0.976778
1,19,5.1162377,0,0,-0.00109676052,0.000285418054,-0.111263714,0.976778
1,20,5.37129773,0,0,0.0142679372,0.00391944631,-1.52790668,0.976778
1,21,5.62630289,0,0,-0.00299529901,0.00315654688,-1.23050775,0.976778
1,22,5.88125211,0,0,-0.0240853502,-0.00297796592,1.16089204,0.976778
1,23,6.13614215,0,0,0.0346863395,0.00585660747,-2.28306474,0.976778
1,24,6.39098057,0,0,-0.0192036793,0.000965450999,-0.376359035,0.976778
1,25,6.64575558,0,0,-0.0130801305,-0.00236604418,0.922348315,0.976778
1,26,6.90048319,0,0,-0.000933472288,-0.00260379856,1.01503144,0.976778
1,27,7.15515174,0,0,-0.00194429586,-0.00309900863,1.20807778,0.976778
1,28,7.4097824,0,0,0.000391376926,-0.00299932535,1.16921852,0.976778
1,29,7.66435048,0,0,-0.00270083007,-0.00368722386,1.43738006,0.976778
1,30,7.91888418,0,0,-0.00067800729,-0.00385991159,1.50469843,0.976778
1,31,8.17336128,0,0,0.0402234383,0.0063849549,-2.48902893,0.976778
1,32,8.42781187,0,0,-0.0292100471,-0.0010548127,0.411194653,0.976778
1,33,8.68220295,0,0,0.0338351021,0.00756295143,-2.94824398,0.976778
1,34,8.93657044,0,0,-0.0179870712,0.00298166373,-1.16233355,0.976778
1,35,9.19087557,0,0,-0.0019810868,0.00247708305,-0.965634286,0.976778
1,36,9.44515996,0,0,-0.0299545389,-0.00515230581,2.00850881,0.976778
1,37,9.69939005,0,0,0.0504885017,0.0077070613,-3.00442193,0.976778
1,38,9.95360519,0,0,-0.0173893378,0.00327801564,-1.27785958,0.976778
1,39,10.2077637,0,0,-0.0162060063,-0.000849636743,0.331211491,0.976778
1,40,10.4619096,0,0,-0.00839490957,-0.00298781119,1.16472999,0.976778
1,41,10.7159966,0,0,0.042077805,0.00772936052,-3.01311477,0.976778
1,42,10.9700733,0,0,-0.0130246981,0.00441198392,-1.71991122,0.976778
1,43,11.224101,0,0,-0.0244212944,-0.00180809351,0.704843983,0.976778
1,44,11.4781222,0,0,-0.0106154742,-0.00451184338,1.75883916,0.976778
1,45,11.7320928,0,0,-0.000429438801,-0.00462122098,1.80147752,0.976778
1,46,11.9860587,0,0,0.0416756016,0.00599350995,-2.33643305,0.976778
1,47,12.2399852,0,0,-0.0158093103,0.00196689561,-0.766749359,0.976778
1,48,12.4939095,0,0,-0.017191412,-0.00241173855,0.940161223,0.976778
1,49,12.7477932,0,0,-0.016440857,-0.00659920715,2.57255027,0.976778
1,50,13.0016757,0,0,0.0396832006,0.00350806138,-1.36753765,0.976778
1,51,13.2562988,0,0,-0.0184813954,-0.00119913016,0.467453523,0.976778
1,52,13.5101389,0,0,-0.00778149161,-0.00318106771,1.24006664,0.976778
1,53,13.7639523,0,0,0.0170458117,0.00116048219,-0.452387493,0.976778
1,54,14.0177639,0,0,-0.00973392327,-0.0013187376,0.514079753,0.976778
1,55,14.2715496,0,0,0.0257346394,0.00523584739,-2.04107559,0.976778
1,56,14.525334,0,0,-0.0152223103,0.00135874132,-0.529674288,0.976778
1,57,14.7791059,0,0,-0.0134266054,-0.00206100065,0.803434057,0.976778
1,58,15.0328743,0,0,-0.0170656969,-0.00640761531,2.49786257,0.976778
1,59,15.2866185,0,0,0.0479759197,0.00581179987,-2.26559752,0.976778
1,60,15.5403627,0,0,-0.0208317276,0.000505981239,-0.197245237,0.976778
1,61,15.7941069,0,0,0.0282591084,0.00770354577,-3.00305148,0.976778
1,62,16.0478485,0,0,-0.0179572476,0.0031298541,-1.22010218,0.976778
1,63,16.3015789,0,0,0.0121090289,0.00621401074,-2.42239025,0.976778
1,64,16.5553092,0,0,0.000268918384,0.00628250397,-2.44909077,0.976778
1,65,16.8090396,0,0,-0.0448092324,-0.00513035935,1.99995349,0.976778
1,66,17.0627734,0,0,-0.0083119406,-0.00724740169,2.82523412,0.976778
1,67,17.3165176,0,0,0.0461159205,0.0044982737,-1.75354933,0.976778
1,68,17.5702656,0,0,-0.0336322545,-0.00406782536,1.58574887,0.976778
1,69,17.8240237,0,0,-0.00772576726,-0.00603556998,2.35282919,0.976778
1,70,18.077786,0,0,0.0527227033,0.00739284589,-2.88193222,0.976778
1,71,18.3315579,0,0,-0.0592924338,-0.00770887326,3.00512828,0.976778
1,72,18.5853392,0,0,0.0486288734,0.00467684853,-1.82316264,0.976778
1,73,18.8391388,0,0,0.00129716534,0.00500723514,-1.95195633,0.976778
1,74,19.0929435,0,0,-0.0110943953,0.00218150458,-0.850409767,0.976778
1,75,19.3467569,0,0,-0.0154500736,-0.00175361257,0.683605831,0.976778
1,76,19.6005868,0,0,-0.0221946065,-0.00740655498,2.8872764,0.976778
1,77,19.8544419,0,0,0.0497978101,0.00527689374,-2.05707658,0.976778
1,78,20.1083146,0,0,-0.0111317635,0.00244164555,-0.951819784,0.976778
1,79,20.3622112,0,0,-0.0109304785,-0.000342335588,0.133451715,0.976778
1,80,20.6161267,0,0,0.000843351564,-0.000127534851,0.0497165507,0.976778
1,81,20.8700649,0,0,0.0081202722,0.00194068975,-0.756533601,0.976778
1,82,21.1240233,0,0,-0.00113953461,0.00165045151,-0.643390848,0.976778
1,83,21.3780029,0,0,0.0100028554,0.00419816802,-1.63655998,0.976778
1,84,21.6320114,0,0,-0.00933499326,0.00182055527,-0.709701918,0.976778
1,85,21.8860465,0,0,-0.00766780975,-0.000132427627,0.0516238877,0.976778
1,86,22.1401121,0,0,-0.0101131439,-0.00270823451,1.05574341,0.976778
1,87,22.3942026,0,0,-0.00413450248,-0.00376128785,1.46625221,0.976778
1,88,22.6483335,0,0,-0.0160275818,-0.00784349571,3.05760777,0.976778
1,89,22.9024932,0,0,0.0297145694,-0.000275226814,0.107290891,0.976778
1,90,23.1566956,0,0,-0.011201737,-0.0031282972,1.21949526,0.976778
1,91,23.4109246,0,0,0.00184769714,-0.00265769072,1.03604006,0.976778
1,92,23.6651986,0,0,-0.00639630982,-0.00428682396,1.67112047,0.976778
1,93,23.9194968,0,0,-0.00298969801,-0.00504829683,1.96796329,0.976778
1,94,24.1738518,0,0,0.0447400389,0.00634694298,-2.47421085,0.976778
1,95,24.4282331,0,0,-0.0168088433,0.00206574865,-0.80528496,0.976778
1,96,24.6826741,0,0,0.00833192981,0.00418788222,-1.63255029,0.976778
1,97,24.9371386,0,0,-0.00996445358,0.00164994661,-0.643194023,0.976778
1,98,25.191676,0,0,-0.00372346675,0.000701583627,-0.273496363,0.976778
1,99,25.4462374,0,0,-0.01399353,-0.00286255342,1.11590111,0.976778
1,100,25.7008753,0,0,-0.0081206685,-0.00493087896,1.92219061,0.976778
1,101,25.9555336,0,0,0.000517359533,-0.00479910804,1.87082273,0.976778
1,102,26.210272,0,0,0.0471855554,0.00721900219,-2.81416322,0.976778
1,103,26.4650273,0,0,-0.0525520248,-0.00616594203,2.40365176,0.976778
1,104,26.7198782,0,0,0.0551340327,0.00787663684,-3.07052708,0.976778
1,105,26.9747443,0,0,-0.022943697,0.00203290188,-0.792480395,0.976778
1,106,27.2297102,0,0,-0.0127566203,-0.00121619559,0.474106089,0.976778
1,107,27.4846872,0,0,-0.00695958116,-0.00298879343,1.1651129,0.976778
1,108,27.7397812,0,0,-0.00333119356,-0.00383724485,1.49586232,0.976778
1,109,27.9948828,0,0,0.00602429147,-0.00230286429,0.897719077,0.976778
1,110,28.2501065,0,0,-0.0163969532,-0.00647915065,2.52574899,0.976778
1,111,28.5053353,0,0,0.0441739556,0.00477190837,-1.86021955,0.976778
1,112,28.7606862,0,0,-0.00741028218,0.00288451746,-1.12446329,0.976778
1,113,29.0160458,0,0,-0.0166879473,-0.00136588478,0.532459005,0.976778
1,114,29.2715352,0,0,0.0280020319,0.00576620265,-2.24782248,0.976778
1,115,29.5270392,0,0,-0.0045245989,0.00461379217,-1.79858156,0.976778
1,116,29.7826671,0,0,0.0032476929,0.00544097606,-2.12104032,0.976778
1,117,30.0383179,0,0,-0.00825061528,0.00333955322,-1.30184859,0.976778
1,118,30.2940981,0,0,-0.0168516868,-0.000952553288,0.371331156,0.976778
1,119,30.5499081,0,0,0.0194420441,0.00399931444,-1.55904145,0.976778
1,120,30.8058407,0,0,-0.00886880727,0.00174043876,-0.678470324,0.976778
1,121,31.06181,0,0,0.010004121,0.00428847762,-1.67176511,0.976778
1,122,31.317895,0,0,-0.00378583464,0.00332422961,-1.29587504,0.976778
1,123,31.574028,0,0,-0.00333129718,0.0024757518,-0.965115329,0.976778
1,124,31.8302792,0,0,-0.0222105416,-0.00318124928,1.24013742,0.976778
1,125,32.0865864,0,0,-0.0174557816,-0.00762721808,2.97329687,0.976778
1,126,32.3430038,0,0,0.0207720574,-0.00233659739,0.910869158,0.976778
1,127,32.5994856,0,0,0.0331551675,0.00610798813,-2.38105975,0.976778
2,0,0.25654205,0,0,0,4.85342203e-07,-0.000189199579,0.975616
2,1,0.513074946,0,0,0.000426100845,0.00010901277,-0.0424961399,0.975616
2,2,0.769436935,0,0,-0.000252395114,4.47280053e-05,-0.0174361919,0.975616
2,3,1.02578222,0,0,-0.000316336597,-3.5842586e-05,0.013972414,0.975616
2,4,1.281978,0,0,-0.000286247018,-0.000108749394,0.0423934689,0.975616
2,5,1.53815114,0,0,0.000106302988,-8.16741369e-05,0.031838798,0.975616
2,6,1.79419456,0,0,0.000116053336,-5.21154769e-05,0.0203160291,0.975616
2,7,2.05020541,0,0,0.000422967913,5.5613996e-05,-0.0216798469,0.975616
2,8,2.30608263,0,0,0.000102943371,8.18335619e-05,-0.0319009462,0.975616
2,9,2.56192635,0,0,0.000572894335,0.000227749133,-0.088782801,0.975616
2,10,2.81766506,0,0,-0.000211739198,0.000173819387,-0.0677595205,0.975616
2,11,3.07336006,0,0,-0.000956442872,-6.97855843e-05,0.0272043171,0.975616
2,12,3.32894641,0,0,0.000578752896,7.76221561e-05,-0.0302592258,0.975616
2,13,3.584487,0,0,-0.000871554128,-0.000144361743,0.0562761305,0.975616
2,14,3.83993485,0,0,0.000447038715,-3.05014633e-05,0.0118902992,0.975616
2,15,4.09533618,0,0,-0.000400306566,-0.000132459115,0.0516361627,0.975616
2,16,4.35065937,0,0,0.000788097836,6.82685563e-05,-0.0266129384,0.975616
2,17,4.60592512,0,0,-0.00511247417,-0.00123387312,0.480997271,0.975616
2,18,4.8611098,0,0,0.00706180797,0.00056476178,-0.220159489,0.975616
2,19,5.1162377,0,0,-0.00109676052,0.000285418054,-0.111263714,0.975616
2,20,5.37129773,0,0,0.0142679372,0.00391944631,-1.52790668,0.975616
2,21,5.62630289,0,0,-0.00299529901,0.00315654688,-1.23050775,0.975616
2,22,5.88125211,0,0,-0.0240853502,-0.00297796592,1.16089204,0.975616
2,23,6.13614215,0,0,0.0346863395,0.00585660747,-2.28306474,0.975616
2,24,6.39098057,0,0,-0.0192036793,0.000965450999,-0.376359035,0.975616
2,25,6.64575558,0,0,-0.0130801305,-0.00236604418,0.922348315,0.975616
2,26,6.90048319,0,0,-0.000933472288,-0.00260379856,1.01503144,0.975616
2,27,7.15515174,0,0,-0.00194429586,-0.00309900863,1.20807778,0.975616
2,28,7.4097824,0,0,0.000391376926,-0.00299932535,1.16921852,0.975616
2,29,7.66435048,0,0,-0.00270083007,-0.00368722386,1.43738006,0.975616
2,30,7.91888418,0,0,-0.00067800729,-0.00385991159,1.50469843,0.975616
2,31,8.17336128,0,0,0.0402234383,0.0063849549,-2.48902893,0.975616
2,32,8.42781187,0,0,-0.0292100471,-0.0010548127,0.411194653,0.975616
2,33,8.68220295,0,0,0.0338351021,0.00756295143,-2.94824398,0.975616
2,34,8.93657044,0,0,-0.0179870712,0.00298166373,-1.16233355,0.975616
2,35,9.19087557,0,0,-0.0019810868,0.00247708305,-0.965634286,0.975616
2,36,9.44515996,0,0,-0.0299545389,-0.00515230581,2.00850881,0.975616
2,37,9.69939005,0,0,0.0504885017,0.0077070613,-3.00442193,0.975616
2,38,9.95360519,0,0,-0.0173893378,0.00327801564,-1.27785958,0.975616
2,39,10.2077637,0,0,-0.0162060063,-0.000849636743,0.331211491,0.975616
2,40,10.4619096,0,0,-0.00839490957,-0.00298781119,1.16472999,0.975616
2,41,10.7159966,0,0,0.042077805,0.00772936052,-3.01311477,0.975616
2,42,10.9700733,0,0,-0.0130246981,0.00441198392,-1.71991122,0.975616
2,43,11.224101,0,0,-0.0244212944,-0.00180809351,0.704843983,0.975616
2,44,11.4781222,0,0,-0.0106154742,-0.00451184338,1.75883916,0.975616
2,45,11.7320928,0,0,-0.000429438801,-0.00462122098,1.80147752,0.975616
2,46,11.9860587,0,0,0.0416756016,0.00599350995,-2.33643305,0.975616
2,47,12.2399852,0,0,-0.0158093103,0.00196689561,-0.766749359,0.975616
2,48,12.4939095,0,0,-0.017191412,-0.00241173855,0.940161223,0.975616
2,49,12.7477932,0,0,-0.016440857,-0.00659920715,2.57255027,0.975616
2,50,13.0016757,0,0,0.0396832006,0.00350806138,-1.36753765,0.975616
2,51,13.2562988,0,0,-0.0184813954,-0.00119913016,0.467453523,0.975616
2,52,13.5101389,0,0,-0.00778149161,-0.00318106771,1.24006664,0.975616
2,53,13.7639523,0,0,0.0170458117,0.00116048219,-0.452387493,0.975616
2,54,14.0177639,0,0,-0.00973392327,-0.0013187376,0.514079753,0.975616
2,55,14.2715496,0,0,0.0257346394,0.00523584739,-2.04107559,0.975616
2,56,14.525334,0,0,-0.0152223103,0.00135874132,-0.529674288,0.975616
2,57,14.7791059,0,0,-0.0134266054,-0.00206100065,0.803434057,0.975616
2,58,15.0328743,0,0,-0.0170656969,-0.00640761531,2.49786257,0.975616
2,59,15.2866185,0,0,0.0479759197,0.00581179987,-2.26559752,0.975616
2,60,15.5403627,0,0,-0.0208317276,0.000505981239,-0.197245237,0.975616
2,61,15.7941069,0,0,0.0282591084,0.00770354577,-3.00305148,0.975616
2,62,16.0478485,0,0,-0.0179572476,0.0031298541,-1.22010218,0.975616
2,63,16.3015789,0,0,0.0121090289,0.00621401074,-2.42239025,0.975616
2,64,16.5553092,0,0,0.000268918384,0.00628250397,-2.44909077,0.975616
2,65,16.8090396,0,0,-0.0448092324,-0.00513035935,1.99995349,0.975616
2,66,17.0627734,0,0,-0.0083119406,-0.00724740169,2.82523412,0.975616
2,67,17.3165176,0,0,0.0461159205,0.0044982737,-1.75354933,0.975616
2,68,17.5702656,0,0,-0.0336322545,-0.00406782536,1.58574887,0.975616
2,69,17.8240237,0,0,-0.00772576726,-0.00603556998,2.35282919,0.975616
2,70,18.077786,0,0,0.0527227033,0.00739284589,-2.88193222,0.975616
2,71,18.3315579,0,0,-0.0592924338,-0.00770887326,3.00512828,0.975616
2,72,18.5853392,0,0,0.0486288734,0.00467684853,-1.82316264,0.975616
2,73,18.8391388,0,0,0.00129716534,0.00500723514,-1.95195633,0.975616
2,74,19.0929435,0,0,-0.0110943953,0.00218150458,-0.850409767,0.975616
2,75,19.3467569,0,0,-0.0154500736,-0.00175361257,0.683605831,0.975616
2,76,19.6005868,0,0,-0.0221946065,-0.00740655498,2.8872764,0.975616
2,77,19.8544419,0,0,0.0497978101,0.00527689374,-2.05707658,0.975616
2,78,20.1083146,0,0,-0.0111317635,0.00244164555,-0.951819784,0.975616
2,79,20.3622112,0,0,-0.0109304785,-0.000342335588,0.133451715,0.975616
2,80,20.6161267,0,0,0.000843351564,-0.000127534851,0.0497165507,0.975616
2,81,20.8700649,0,0,0.0081202722,0.00194068975,-0.756533601,0.975616
2,82,21.1240233,0,0,-0.00113953461,0.00165045151,-0.643390848,0.975616
2,83,21.3780029,0,0,0.0100028554,0.00419816802,-1.63655998,0.975616
2,84,21.6320114,0,0,-0.00933499326,0.00182055527,-0.709701918,0.975616
2,85,21.8860465,0,0,-0.00766780975,-0.000132427627,0.0516238877,0.975616
2,86,22.1401121,0,0,-0.0101131439,-0.00270823451,1.05574341,0.975616
2,87,22.3942026,0,0,-0.00413450248,-0.00376128785,1.46625221,0.975616
2,88,22.6483335,0,0,-0.0160275818,-0.00784349571,3.05760777,0.975616
2,89,22.9024932,0,0,0.0297145694,-0.000275226814,0.107290891,0.975616
2,90,23.1566956,0,0,-0.011201737,-0.0031282972,1.21949526,0.975616
2,91,23.4109246,0,0,0.00184769714,-0.00265769072,1.03604006,0.975616
2,92,23.6651986,0,0,-0.00639630982,-0.00428682396,1.67112047,0.975616
2,93,23.9194968,0,0,-0.00298969801,-0.00504829683,1.96796329,0.975616
2,94,24.1738518,0,0,0.0447400389,0.00634694298,-2.47421085,0.975616
2,95,24.4282331,0,0,-0.0168088433,0.00206574865,-0.80528496,0.975616
2,96,24.6826741,0,0,0.00833192981,0.00418788222,-1.63255029,0.975616
2,97,24.9371386,0,0,-0.00996445358,0.00164994661,-0.643194023,0.975616
2,98,25.191676,0,0,-0.00372346675,0.000701583627,-0.273496363,0.975616
2,99,25.4462374,0,0,-0.01399353,-0.00286255342,1.11590111,0.975616
2,100,25.7008753,0,0,-0.0081206685,-0.00493087896,1.92219061,0.975616
2,101,25.9555336,0,0,0.000517359533,-0.00479910804,1.87082273,0.975616
2,102,26.210272,0,0,0.0471855554,0.00721900219,-2.81416322,0.975616
2,103,26.4650273,0,0,-0.0525520248,-0.00616594203,2.40365176,0.975616
2,104,26.7198782,0,0,0.0551340327,0.00787663684,-3.07052708,0.975616
2,105,26.9747443,0,0,-0.022943697,0.00203290188,-0.792480395,0.975616
2,106,27.2297102,0,0,-0.0127566203,-0.00121619559,0.474106089,0.975616
2,107,27.4846872,0,0,-0.00695958116,-0.00298879343,1.1651129,0.975616
2,108,27.7397812,0,0,-0.00333119356,-0.00383724485,1.49586232,0.975616
2,109,27.9948828,0,0,0.00602429147,-0.00230286429,0.897719077,0.975616
2,110,28.2501065,0,0,-0.0163969532,-0.00647915065,2.52574899,0.975616
2,111,28.5053353,0,0,0.0441739556,0.00477190837,-1.86021955,0.975616
2,112,28.7606862,0,0,-0.00741028218,0.00288451746,-1.12446329,0.975616
2,113,29.0160458,0,0,-0.0166879473,-0.00136588478,0.532459005,0.975616
2,114,29.2715352,0,0,0.0280020319,0.00576620265,-2.24782248,0.975616
2,115,29.5270392,0,0,-0.0045245989,0.00461379217,-1.79858156,0.975616
2,116,29.7826671,0,0,0.0032476929,0.00544097606,-2.12104032,0.975616
2,117,30.0383179,0,0,-0.00825061528,0.00333955322,-1.30184859,0.975616
2,118,30.2940981,0,0,-0.0168516868,-0.000952553288,0.371331156,0.975616
2,119,30.5499081,0,0,0.0194420441,0.00399931444,-1.55904145,0.975616
2,120,30.8058407,0,0,-0.00886880727,0.00174043876,-0.678470324,0.975616
2,121,31.06181,0,0,0.010004121,0.00428847762,-1.67176511,0.975616
2,122,31.317895,0,0,-0.00378583464,0.00332422961,-1.29587504,0.975616
2,123,31.574028,0,0,-0.00333129718,0.0024757518,-0.965115329,0.975616
2,124,31.8302792,0,0,-0.0222105416,-0.00318124928,1.24013742,0.975616
2,125,32.0865864,0,0,-0.0174557816,-0.00762721808,2.97329687,0.975616
2,126,32.3430038,0,0,0.0207720574,-0.00233659739,0.910869158,0.975616
2,127,32.5994856,0,0,0.0331551675,0.00610798813,-2.38105975,0.975616
3,0,0.25654205,0,0,0,-0.00418967645,1.63324973,0.672139
3,1,0.513074946,0,0,0.00800027912,-0.00215201396,0.83891352,0.672139
3,2,0.769436935,0,0,0.0115359974,0.000786192175,-0.306479074,0.672139
3,3,1.02578222,0,0,0.0192579521,0.00569117188,-2.21857345,0.672139
3,4,1.281978,0,0,-0.00823098854,0.00359474794,-1.40133043,0.672139
3,5,1.53815114,0,0,-0.0192153639,-0.00129938458,0.506535419,0.672139
3,6,1.79419456,0,0,-0.00519847296,-0.00262343006,1.02268432,0.672139
3,7,2.05020541,0,0,0.010376475,1.94469675e-05,-0.0075809564,0.672139
3,8,2.30608263,0,0,-0.000665735076,-0.000150115041,0.0585189221,0.672139
3,9,2.56192635,0,0,0.0178803742,0.00440399706,-1.71679773,0.672139
3,10,2.81766506,0,0,-0.00643841322,0.00276414013,-1.07753694,0.672139
3,11,3.07336006,0,0,-0.0017242793,0.00232496804,-0.906335722,0.672139
3,12,3.32894641,0,0,0.00137889058,0.00267616999,-1.04324379,0.672139
3,13,3.584487,0,0,-0.00105187092,0.0024082596,-0.938805034,0.672139
3,14,3.83993485,0,0,0.00768611365,0.00436590449,-1.70194821,0.672139
3,15,4.09533618,0,0,-0.0397192831,-0.00575055423,2.2417223,0.672139
3,16,4.35065937,0,0,0.00570823552,-0.00429667278,1.67495981,0.672139
3,17,4.60592512,0,0,0.0022580555,-0.00372154847,1.45076072,0.672139
3,18,4.8611098,0,0,0.0278225963,0.00336483691,-1.31170486,0.672139
3,19,5.1162377,0,0,-0.0216823091,-0.00215762391,0.84110043,0.672139
3,20,5.37129773,0,0,-0.010551981,-0.00484520213,1.88879145,0.672139
3,21,5.62630289,0,0,0.0387751415,0.00503078474,-1.9611366,0.672139
3,22,5.88125211,0,0,7.21140122e-05,0.0050491521,-1.96829669,0.672139
3,23,6.13614215,0,0,-0.0107905025,0.00230082271,-0.896923216,0.672139
3,24,6.39098057,0,0,-0.00811970515,0.00023274254,-0.0907293667,0.672139
3,25,6.64575558,0,0,0.000649897992,0.00039827086,-0.155256804,0.672139
3,26,6.90048319,0,0,-0.00700802719,-0.00138666613,0.54056014,0.672139
3,27,7.15515174,0,0,0.000710271936,-0.00120576063,0.470038261,0.672139
3,28,7.4097824,0,0,-0.0086029156,-0.00339691399,1.32420938,0.672139
3,29,7.66435048,0,0,-0.00126842283,-0.00371997992,1.45014926,0.672139
3,30,7.91888418,0,0,0.0110023946,-0.000917681839,0.357737318,0.672139
3,31,8.17336128,0,0,0.00409446377,0.000125173682,-0.0487961028,0.672139
3,32,8.42781187,0,0,0.00607576435,0.00167266433,-0.652050009,0.672139
3,33,8.68220295,0,0,0.00165714252,0.00209473675,-0.816585307,0.672139
3,34,8.93657044,0,0,-0.0163855261,-0.00207863913,0.810310018,0.672139
3,35,9.19087557,0,0,0.00413583549,-0.00102524628,0.399668859,0.672139
3,36,9.44515996,0,0,-0.000143008494,-0.00106167039,0.413867967,0.672139
3,37,9.69939005,0,0,-0.0126127249,-0.00427411785,1.66616728,0.672139
3,38,9.95360519,0,0,0.0258356805,0.0023062022,-0.899020288,0.672139
3,39,10.2077637,0,0,-0.00654603458,0.000638934232,-0.249073926,0.672139
3,40,10.4619096,0,0,-0.00669724888,-0.00106684786,0.415886286,0.672139
3,41,10.7159966,0,0,0.010406051,0.00158356214,-0.617315552,0.672139
3,42,10.9700733,0,0,0.00182155298,0.00204750972,-0.798174929,0.672139
3,43,11.224101,0,0,-0.0187902514,-0.0027383471,1.06748211,0.672139
3,44,11.4781222,0,0,0.00162027634,-0.00232566446,0.906607204,0.672139
3,45,11.7320928,0,0,0.0204599247,0.00288545638,-1.12482931,0.672139
3,46,11.9860587,0,0,-0.0178905962,-0.00167125924,0.651502266,0.672139
3,47,12.2399852,0,0,-0.0140704616,-0.00525499068,2.04853817,0.672139
3,48,12.4939095,0,0,0.0459805552,0.00645620731,-2.51680505,0.672139
3,49,12.7477932,0,0,-0.0564637053,-0.00792503774,3.08939507,0.672139
3,50,13.0016757,0,0,0.0116582277,-0.00495569966,1.9318664,0.672139
3,51,13.2562988,0,0,0.00358502276,-0.00404259822,1.57591464,0.672139
3,52,13.5101389,0,0,0.0216620348,0.00147469877,-0.574877654,0.672139
3,53,13.7639523,0,0,-0.0122600131,-0.00164791339,0.642401419,0.672139
3,54,14.0177639,0,0,-0.000345516582,-0.00173591609,0.676707263,0.672139
3,55,14.2715496,0,0,0.00727343382,0.000116619688,-0.0454615234,0.672139
3,56,14.525334,0,0,0.00169385247,0.000548042092,-0.2136417,0.672139
3,57,14.7791059,0,0,0.00246864748,0.00117680395,-0.458750158,0.672139
3,58,15.0328743,0,0,0.000785539374,0.00137687998,-0.536745234,0.672139
3,59,15.2866185,0,0,0.00331610247,0.00222148772,-0.86599628,0.672139
3,60,15.5403627,0,0,0.00966284087,0.0046826029,-1.82540586,0.672139
3,61,15.7941069,0,0,-0.0187054538,-8.16560761e-05,0.0318317574,0.672139
3,62,16.0478485,0,0,-0.00204653279,-0.000602905778,0.235029056,0.672139
3,63,16.3015789,0,0,-0.0178932354,-0.00516029361,2.01162267,0.672139
3,64,16.5553092,0,0,0.00814559951,-0.00308561817,1.20285781,0.672139
3,65,16.8090396,0,0,0.024706953,0.0032072162,-1.25026003,0.672139
3,66,17.0627734,0,0,0.00466419095,0.00439518062,-1.71336084,0.672139
3,67,17.3165176,0,0,0.00186283601,0.00486964295,-1.89831915,0.672139
3,68,17.5702656,0,0,-0.0133963081,0.00145761769,-0.568218984,0.672139
3,69,17.8240237,0,0,-0.00411957637,0.000408366015,-0.15919217,0.672139
3,70,18.077786,0,0,-0.0217266786,-0.00512539566,1.99801851,0.672139
3,71,18.3315579,0,0,0.00746871731,-0.00322312139,1.2564603,0.672139
3,72,18.5853392,0,0,0.00389474099,-0.00223113505,0.869757071,0.672139
3,73,18.8391388,0,0,0.00257992089,-0.00157403197,0.613600436,0.672139
3,74,19.0929435,0,0,0.00590986275,-6.87962821e-05,0.0268186602,0.672139
3,75,19.3467569,0,0,0.0066742129,0.00163111857,-0.635854343,0.672139
3,76,19.6005868,0,0,-0.00126975031,0.00130771453,-0.50978266,0.672139
3,77,19.8544419,0,0,-0.0234316216,-0.00466029431,1.81670936,0.672139
3,78,20.1083146,0,0,0.0470974655,0.00733537951,-2.85953027,0.672139
3,79,20.3622112,0,0,-0.00908391541,0.00502171602,-1.95760137,0.672139
3,80,20.6161267,0,0,-0.00247818341,0.00439052537,-1.7115461,0.672139
3,81,20.8700649,0,0,-0.0253903045,-0.0020763579,0.809420731,0.672139
3,82,21.1240233,0,0,-0.00098634037,-0.00232757773,0.907353049,0.672139
3,83,21.3780029,0,0,0.00722478608,-0.000487432481,0.190014427,0.672139
3,84,21.6320114,0,0,-0.00756310787,-0.00241374793,0.940944533,0.672139
3,85,21.8860465,0,0,-0.00526929865,-0.00375583263,1.46412562,0.672139
3,86,22.1401121,0,0,0.0264373808,0.00297773986,-1.16080391,0.672139
3,87,22.3942026,0,0,0.0127577846,0.00622713388,-2.427506,0.672139
3,88,22.6483335,0,0,-0.00417369219,0.00516409896,-2.01310611,0.672139
3,89,22.9024932,0,0,-0.0116018539,0.00220911926,-0.861174717,0.672139
3,90,23.1566956,0,0,-0.0105244217,-0.000471439624,0.183779976,0.672139
3,91,23.4109246,0,0,-0.00255714323,-0.00112274126,0.437675051,0.672139
3,92,23.6651986,0,0,-0.0261405503,-0.00778071132,3.03313271,0.672139
3,93,23.9194968,0,0,0.052912674,0.00569608988,-2.22049062,0.672139
3,94,24.1738518,0,0,-0.0121501556,0.00260145831,-1.01411914,0.672139
3,95,24.4282331,0,0,0.0203268981,0.00777869739,-3.03234762,0.672139
3,96,24.6826741,0,0,-0.0290462414,0.00038065092,-0.148388073,0.672139
3,97,24.9371386,0,0,-0.00490004791,-0.000867386015,0.338130639,0.672139
3,98,25.191676,0,0,0.0187155235,0.00389943771,-1.52010678,0.672139
3,99,25.4462374,0,0,-0.0285885335,-0.00338203104,1.3184076,0.672139
3,100,25.7008753,0,0,-5.81763044e-05,-0.00339684848,1.32418385,0.672139
3,101,25.9555336,0,0,0.00126962403,-0.00307347661,1.1981247,0.672139
3,102,26.210272,0,0,0.00365046007,-0.00214370835,0.835675769,0.672139
3,103,26.4650273,0,0,-0.000726924186,-0.00232885516,0.907851026,0.672139
3,104,26.7198782,0,0,0.0331190376,0.00610652811,-2.3804906,0.672139
3,105,26.9747443,0,0,-0.0115952767,0.00315322358,-1.22921224,0.672139
3,106,27.2297102,0,0,0.000684827222,0.00332764834,-1.29720775,0.672139
3,107,27.4846872,0,0,0.00246420813,0.0039552795,-1.54187543,0.672139
3,108,27.7397812,0,0,-0.000728764868,0.00376966387,-1.46951742,0.672139
3,109,27.9948828,0,0,-0.00223817089,0.00319960416,-1.24729265,0.672139
3,110,28.2501065,0,0,-0.00880386729,0.00095726862,-0.373169321,0.672139
3,111,28.5053353,0,0,-0.0236856809,-0.00507544886,1.97854789,0.672139
3,112,28.7606862,0,0,-0.000889531148,-0.00530201148,2.06686815,0.672139
3,113,29.0160458,0,0,0.00670565154,-0.00359408925,1.40107365,0.672139
3,114,29.2715352,0,0,0.0275914474,0.00343342274,-1.33844148,0.672139
3,115,29.5270392,0,0,-0.0368859583,-0.0059613912,2.32391228,0.672139
3,116,29.7826671,0,0,-0.00221568519,-0.00652572383,2.54390448,0.672139
3,117,30.0383179,0,0,0.00568396289,-0.00507802459,1.97955198,0.672139
3,118,30.2940981,0,0,0.0107135184,-0.00234930296,0.915822135,0.672139
3,119,30.5499081,0,0,0.00653207878,-0.000685589519,0.267261425,0.672139
3,120,30.8058407,0,0,0.0044886854,0.000457673826,-0.178413694,0.672139
3,121,31.06181,0,0,-0.00691916003,-0.0013046288,0.508579757,0.672139
3,122,31.317895,0,0,-0.00303225334,-0.00207694046,0.809647831,0.672139
3,123,31.574028,0,0,-0.0177393621,-0.00659513693,2.57096359,0.672139
3,124,31.8302792,0,0,-0.000895592073,-0.00682324327,2.65988564,0.672139
3,125,32.0865864,0,0,0.0312308049,0.00113120916,-0.440976072,0.672139
3,126,32.3430038,0,0,-0.0191247848,-0.00373985297,1.45789632,0.672139
3,127,32.5994856,0,0,-0.00924933838,-0.00609564952,2.37624983,0.672139
4,0,0.25654205,0,0,0,0.00132594898,-0.516890942,0.718085
4,1,0.513074946,0,0,-0.000728626404,0.00114036861,-0.444546674,0.718085
4,2,0.769436935,0,0,-0.0172334196,-0.00324896484,1.26653478,0.718085
4,3,1.02578222,0,0,0.0037984147,-0.0022815127,0.889395647,0.718085
4,4,1.281978,0,0,0.00798093165,-0.000248777983,0.0969804181,0.718085
4,5,1.53815114,0,0,0.00146614835,0.000124648426,-0.0485913435,0.718085
4,6,1.79419456,0,0,0.0255845342,0.00664100178,-2.58884296,0.718085
4,7,2.05020541,0,0,-0.0314661179,-0.00137338463,0.535382648,0.718085
4,8,2.30608263,0,0,0.0125459602,0.00182205795,-0.7102877,0.718085
4,9,2.56192635,0,0,-0.00494022047,0.000563789102,-0.219780312,0.718085
4,10,2.81766506,0,0,-0.00213956233,1.88448749e-05,-0.00734624431,0.718085
4,11,3.07336006,0,0,-0.0254884649,-0.00647303974,2.52336679,0.718085
4,12,3.32894641,0,0,0.00440306954,-0.00535158266,2.08619235,0.718085
4,13,3.584487,0,0,0.0331407387,0.00308932785,-1.20430395,0.718085
4,14,3.83993485,0,0,0.010823317,0.00584601506,-2.27893553,0.718085
4,15,4.09533618,0,0,-0.0159193329,0.00179137809,-0.698327858,0.718085
4,16,4.35065937,0,0,-0.0302207943,-0.00590582574,2.30225136,0.718085
4,17,4.60592512,0,0,0.0149671795,-0.0020937012,0.816181624,0.718085
4,18,4.8611098,0,0,0.0101961855,0.000503256286,-0.196182976,0.718085
4,19,5.1162377,0,0,-0.00303283577,-0.000269203725,0.104942927,0.718085
4,20,5.37129773,0,0,0.00505716055,0.00101884963,-0.397175272,0.718085
4,21,5.62630289,0,0,0.0024430799,0.00164109945,-0.639745163,0.718085
4,22,5.88125211,0,0,-0.00357029693,0.000731748664,-0.285255514,0.718085
4,23,6.13614215,0,0,0.00406434826,0.0017669338,-0.688798808,0.718085
4,24,6.39098057,0,0,-0.00520385342,0.000441517923,-0.172115684,0.718085
4,25,6.64575558,0,0,-0.0104473572,-0.00221941274,0.865187395,0.718085
4,26,6.90048319,0,0,0.00284912764,-0.00149374299,0.582301608,0.718085
4,27,7.15515174,0,0,-0.00774082922,-0.00346532387,1.35087741,0.718085
4,28,7.4097824,0,0,0.00271034295,-0.00277500244,1.08177136,0.718085
4,29,7.66435048,0,0,0.0064113695,-0.00114203352,0.445195698,0.718085
4,30,7.91888418,0,0,0.0167151391,0.00311529445,-1.21442643,0.718085
4,31,8.17336128,0,0,-0.0385101569,-0.00669320113,2.60919168,0.718085
4,32,8.42781187,0,0,0.049672037,0.00595821331,-2.32267346,0.718085
4,33,8.68220295,0,0,-0.0537019164,-0.00771960706,3.00931261,0.718085
4,34,8.93657044,0,0,0.0186890849,-0.00295951724,1.15370024,0.718085
4,35,9.19087557,0,0,0.0108758199,-0.000189457597,0.0738557195,0.718085
4,36,9.44515996,0,0,0.0089951317,0.00210159278,-0.819257974,0.718085
4,37,9.69939005,0,0,-0.00640888673,0.000469256218,-0.182928826,0.718085
4,38,9.95360519,0,0,0.00441395274,0.00159348524,-0.621183847,0.718085
4,39,10.2077637,0,0,-0.00380801411,0.000623588136,-0.243091601,0.718085
4,40,10.4619096,0,0,0.00389078303,0.00161456639,-0.629401854,0.718085
4,41,10.7159966,0,0,0.00242219736,0.00223149746,-0.869898347,0.718085
4,42,10.9700733,0,0,-0.0327327277,-0.0061054931,2.38008712,0.718085
4,43,11.224101,0,0,0.0508554837,0.00684734394,-2.66928074,0.718085
4,44,11.4781222,0,0,-0.0457215765,-0.00479789244,1.87034885,0.718085
4,45,11.7320928,0,0,0.0227142546,0.000987403802,-0.384916834,0.718085
4,46,11.9860587,0,0,-0.0354644282,-0.00804534795,3.13629526,0.718085
4,47,12.2399852,0,0,0.0187917596,-0.00325910698,1.27048846,0.718085
4,48,12.4939095,0,0,0.00126424654,-0.00293710474,1.14496324,0.718085
4,49,12.7477932,0,0,-0.0165619818,-0.0071554237,2.7893786,0.718085
4,50,13.0016757,0,0,0.0411154146,0.00331662822,-1.2929118,0.718085
4,51,13.2562988,0,0,0.0067361097,0.00503230812,-1.96173045,0.718085
4,52,13.5101389,0,0,-0.0130268786,0.00171437614,-0.668310407,0.718085
4,53,13.7639523,0,0,0.00840786416,0.00385585011,-1.50311515,0.718085
4,54,14.0177639,0,0,-0.00982179281,0.00135425004,-0.527923464,0.718085
4,55,14.2715496,0,0,0.0024617847,0.00198126395,-0.772350528,0.718085
4,56,14.525334,0,0,0.0012782477,0.00230683227,-0.899265904,0.718085
4,57,14.7791059,0,0,0.0118461337,0.00532402978,-2.07545148,0.718085
4,58,15.0328743,0,0,-0.0331371415,-0.00311596455,1.21468765,0.718085
4,59,15.2866185,0,0,-0.0130455082,-0.00643864145,2.5099574,0.718085
4,60,15.5403627,0,0,-0.00285120025,-0.00716483909,2.79304898,0.718085
4,61,15.7941069,0,0,0.0593818892,0.00795966427,-3.10289343,0.718085
4,62,16.0478485,0,0,-0.0557244279,-0.00623328762,2.4299049,0.718085
4,63,16.3015789,0,0,-0.00102300949,-0.00649384703,2.53147804,0.718085
4,64,16.5553092,0,0,-0.00247353852,-0.00712385464,2.77707212,0.718085
4,65,16.8090396,0,0,-0.00264953335,-0.00779868793,3.04014048,0.718085
4,66,17.0627734,0,0,0.00713271454,-0.00598199321,2.33194351,0.718085
4,67,17.3165176,0,0,0.0183898692,-0.00129811329,0.506039835,0.718085
4,68,17.5702656,0,0,0.0344441589,0.00747477697,-2.91387118,0.718085
4,69,17.8240237,0,0,-0.00337391969,0.00661544325,-2.57887955,0.718085
4,70,18.077786,0,0,0.00530515182,0.00796665971,-3.10562044,0.718085
4,71,18.3315579,0,0,-0.0543452033,-0.00587500515,2.29023665,0.718085
4,72,18.5853392,0,0,0.0132673253,-0.00249583166,0.972943005,0.718085
4,73,18.8391388,0,0,0.0153816648,0.00142186181,-0.554280373,0.718085
4,74,19.0929435,0,0,-0.0208456436,-0.0038875012,1.51545361,0.718085
4,75,19.3467569,0,0,0.00407864052,-0.00284867584,1.11049125,0.718085
4,76,19.6005868,0,0,0.0361865965,0.00636801138,-2.48242388,0.718085
4,77,19.8544419,0,0,-0.000905287856,0.00613743554,-2.39253915,0.718085
4,78,20.1083146,0,0,-0.0229867244,0.000282741538,-0.110220335,0.718085
4,79,20.3622112,0,0,0.000837890851,0.000496151437,-0.193413313,0.718085
4,80,20.6161267,0,0,0.0128468079,0.00376821961,-1.4689544,0.718085
4,81,20.8700649,0,0,0.00264688319,0.00444237791,-1.73175963,0.718085
4,82,21.1240233,0,0,-0.00513378732,0.0031348078,-1.22203327,0.718085
4,83,21.3780029,0,0,0.00114445563,0.00342629942,-1.33566462,0.718085
4,84,21.6320114,0,0,-0.0245459078,-0.00282551691,1.10146327,0.718085
4,85,21.8860465,0,0,0.0136661591,0.000655239125,-0.255430017,0.718085
4,86,22.1401121,0,0,-0.00949818956,-0.00176393955,0.687631568,0.718085
4,87,22.3942026,0,0,-0.0010073752,-0.00202051693,0.787652404,0.718085
4,88,22.6483335,0,0,-0.000799154888,-0.00222406082,0.866999344,0.718085
4,89,22.9024932,0,0,-0.00611382047,-0.00378124432,1.47403179,0.718085
4,90,23.1566956,0,0,0.0108037842,-0.0010295321,0.401339591,0.718085
4,91,23.4109246,0,0,0.00698625743,0.000749860155,-0.292315865,0.718085
4,92,23.6651986,0,0,-0.00214588506,0.000203305537,-0.0792540229,0.718085
4,93,23.9194968,0,0,-0.00263094078,-0.000466792251,0.181968304,0.718085
4,94,24.1738518,0,0,-0.012900591,-0.00375255891,1.46284944,0.718085
4,95,24.4282331,0,0,0.00910236706,-0.00143419581,0.559088498,0.718085
4,96,24.6826741,0,0,0.0139970601,0.00213084035,-0.830659471,0.718085
4,97,24.9371386,0,0,-0.0252167057,-0.00429182749,1.67307098,0.718085
4,98,25.191676,0,0,0.0162898269,-0.000142826092,0.0556774919,0.718085
4,99,25.4462374,0,0,0.00457813447,0.00102321984,-0.398878897,0.718085
4,100,25.7008753,0,0,-0.0152011835,-0.00284850525,1.11042475,0.718085
4,101,25.9555336,0,0,0.00132190188,-0.00251181826,0.979175016,0.718085
4,102,26.210272,0,0,0.0197573316,0.00252035287,-0.982502037,0.718085
4,103,26.4650273,0,0,0.00873841158,0.0047460169,-1.85012636,0.718085
4,104,26.7198782,0,0,-0.0106530888,0.00203268664,-0.79239649,0.718085
4,105,26.9747443,0,0,-0.01160485,-0.000923056175,0.35983238,0.718085
4,106,27.2297102,0,0,0.00402852527,0.000103004881,-0.0401541016,0.718085
4,107,27.4846872,0,0,-0.00886345248,-0.00215450694,0.839885351,0.718085
4,108,27.7397812,0,0,0.00856801394,2.77570014e-05,-0.0108204334,0.718085
4,109,27.9948828,0,0,0.0222674319,0.00569924797,-2.22172173,0.718085
4,110,28.2501065,0,0,-0.0490425247,-0.00679183035,2.64764003,0.718085
4,111,28.5053353,0,0,0.00699627708,-0.0050098861,1.95298974,0.718085
4,112,28.7606862,0,0,0.017501447,-0.000552286359,0.215296231,0.718085
4,113,29.0160458,0,0,-0.00914148139,-0.00288061184,1.12294077,0.718085
4,114,29.2715352,0,0,0.0163917737,0.00129435531,-0.504574873,0.718085
4,115,29.5270392,0,0,0.00335362509,0.00214852002,-0.837551486,0.718085
4,116,29.7826671,0,0,-0.00341674809,0.00127827795,-0.498307481,0.718085
4,117,30.0383179,0,0,0.00796828807,0.00330779236,-1.28946735,0.718085
4,118,30.2940981,0,0,-0.0256499248,-0.00322521593,1.25727681,0.718085
4,119,30.5499081,0,0,0.0226590952,0.00254603125,-0.992512168,0.718085
4,120,30.8058407,0,0,0.0128029355,0.00580692517,-2.26369723,0.718085
4,121,31.06181,0,0,-0.0543400235,-0.00803342041,3.13164558,0.718085
4,122,31.317895,0,0,0.0434932817,0.00304427168,-1.18673983,0.718085
4,123,31.574028,0,0,0.0113184149,0.00592705978,-2.31052896,0.718085
4,124,31.8302792,0,0,-0.038508594,-0.00388103773,1.51293397,0.718085
4,125,32.0865864,0,0,-0.00623406494,-0.00546884737,2.13190531,0.718085
4,126,32.3430038,0,0,0.0053188931,-0.00411413101,1.60380007,0.718085
4,127,32.5994856,0,0,-0.006169228,-0.00568542675,2.21633384,0.718085
5,0,0.25654205,0,0,0,-0.00459867063,1.79268678,0.696053
5,1,0.513074946,0,0,0.00625449667,-0.00300565705,1.17168679,0.696053
5,2,0.769436935,0,0,0.0207644039,0.0022830143,-0.889981014,0.696053
5,3,1.02578222,0,0,-0.00112606177,0.00199620758,-0.77817596,0.696053
5,4,1.281978,0,0,-0.00976501597,-0.00049093149,0.191378435,0.696053
5,5,1.53815114,0,0,-0.00654219695,-0.00215722202,0.840943764,0.696053
5,6,1.79419456,0,0,-0.0095851421,-0.00459854741,1.79263874,0.696053
5,7,2.05020541,0,0,-0.00245109693,-0.00522283916,2.03600463,0.696053
5,8,2.30608263,0,0,0.0345799259,0.0035846308,-1.39738649,0.696053
5,9,2.56192635,0,0,-0.00778411454,0.00160202519,-0.624512953,0.696053
5,10,2.81766506,0,0,-0.0179118834,-0.00296011225,1.15393219,0.696053
5,11,3.07336006,0,0,-0.00379781658,-0.00392741205,1.53101194,0.696053
5,12,3.32894641,0,0,0.0464211437,0.00789600336,-3.07807667,0.696053
5,13,3.584487,0,0,-0.00367390929,0.00696026261,-2.7132995,0.696053
5,14,3.83993485,0,0,-0.0576603611,-0.00772576939,3.01171485,0.696053
5,15,4.09533618,0,0,0.0313538588,0.000260024736,-0.101364708,0.696053
5,16,4.35065937,0,0,0.0120744834,0.00333538268,-1.30022281,0.696053
5,17,4.60592512,0,0,0.014471576,0.00702127753,-2.73708478,0.696053
5,18,4.8611098,0,0,-0.00121152588,0.00671270319,-2.61679412,0.696053
5,19,5.1162377,0,0,-0.0107368364,0.0039780425,-1.55074906,0.696053
5,20,5.37129773,0,0,-0.00893795511,0.00170155494,-0.663312353,0.696053
5,21,5.62630289,0,0,-0.0124982301,-0.00148173083,0.577618941,0.696053
5,22,5.88125211,0,0,-0.00287258431,-0.00221337496,0.862833707,0.696053
5,23,6.13614215,0,0,-0.00133703974,-0.00255391755,0.99558646,0.696053
5,24,6.39098057,0,0,-0.000718192372,-0.00273684037,1.06689475,0.696053
5,25,6.64575558,0,0,0.0146312061,0.000989712085,-0.385816665,0.696053
5,26,6.90048319,0,0,0.00964597165,0.0034465307,-1.34355132,0.696053
5,27,7.15515174,0,0,0.00502640911,0.00472675169,-1.84261626,0.696053
5,28,7.4097824,0,0,-0.019847195,-0.000328307542,0.127983201,0.696053
5,29,7.66435048,0,0,0.00141698347,3.25966253e-05,-0.0127070503,0.696053
5,30,7.91888418,0,0,0.0040668673,0.00106842336,-0.416500457,0.696053
5,31,8.17336128,0,0,0.00450415987,0.00221562803,-0.863712015,0.696053
5,32,8.42781187,0,0,-0.000154555688,0.00217626286,-0.848366403,0.696053
5,33,8.68220295,0,0,0.0114652293,0.00509644444,-1.98673253,0.696053
5,34,8.93657044,0,0,0.000704345923,0.00527584059,-2.05666603,0.696053
5,35,9.19087557,0,0,-0.0361521115,-0.00393206334,1.53282514,0.696053
5,36,9.44515996,0,0,0.00589594264,-0.00243037308,0.947425471,0.696053
5,37,9.69939005,0,0,0.00682723742,-0.00069148305,0.269558883,0.696053
5,38,9.95360519,0,0,-0.00192495415,-0.0011817668,0.460684813,0.696053
5,39,10.2077637,0,0,0.00370793912,-0.000237358694,0.092528869,0.696053
5,40,10.4619096,0,0,0.0131964447,0.00312376158,-1.21772715,0.696053
5,41,10.7159966,0,0,-0.00799925496,0.00108635994,-0.423492625,0.696053
5,42,10.9700733,0,0,-0.000377253752,0.000990273814,-0.386035642,0.696053
5,43,11.224101,0,0,0.00251260754,0.00163023225,-0.635508833,0.696053
5,44,11.4781222,0,0,0.0151229734,0.00548203732,-2.13704712,0.696053
5,45,11.7320928,0,0,0.00220510994,0.00604367645,-2.35598931,0.696053
5,46,11.9860587,0,0,-0.0524877658,-0.00732490108,2.85544549,0.696053
5,47,12.2399852,0,0,0.0250895529,-0.000934618928,0.364339856,0.696053
5,48,12.4939095,0,0,0.00849318196,0.00122858539,-0.47893597,0.696053
5,49,12.7477932,0,0,0.0162549136,0.00536869442,-2.09286297,0.696053
5,50,13.0016757,0,0,-0.0025957102,0.00470756982,-1.83513864,0.696053
5,51,13.2562988,0,0,-0.00661971793,0.00302153478,-1.17787636,0.696053
5,52,13.5101389,0,0,-0.0174639411,-0.00142651224,0.556093234,0.696053
5,53,13.7639523,0,0,0.0124061513,0.00173332116,-0.675695689,0.696053
5,54,14.0177639,0,0,0.00189937487,0.0022170899,-0.864281889,0.696053
5,55,14.2715496,0,0,-0.00723435848,0.000374506568,-0.145992837,0.696053
5,56,14.525334,0,0,0.00168867535,0.000804610363,-0.313658984,0.696053
5,57,14.7791059,0,0,0.00203629569,0.00132325269,-0.515839856,0.696053
5,58,15.0328743,0,0,-0.00566188911,-0.000118824383,0.0463209733,0.696053
5,59,15.2866185,0,0,-0.0023415254,-0.000715208385,0.278807663,0.696053
5,60,15.5403627,0,0,-0.000990172534,-0.000967404265,0.377120471,0.696053
5,61,15.7941069,0,0,0.00258004424,-0.000310269771,0.120951588,0.696053
5,62,16.0478485,0,0,-0.00411817585,-0.00135916473,0.529839347,0.696053
5,63,16.3015789,0,0,-0.0163689772,-0.00552832562,2.15509155,0.696053
5,64,16.5553092,0,0,0.0139295446,-0.00198048559,0.772047102,0.696053
5,65,16.8090396,0,0,0.00895704919,0.000300865208,-0.117285434,0.696053
5,66,17.0627734,0,0,0.0044278461,0.00142863285,-0.556919907,0.696053
5,67,17.3165176,0,0,-0.00703840735,-0.000364041936,0.141913439,0.696053
5,68,17.5702656,0,0,0.000102688058,-0.000337887398,0.131717689,0.696053
5,69,17.8240237,0,0,-0.00501296712,-0.00161468473,0.629447987,0.696053
5,70,18.077786,0,0,-0.00943148236,-0.00401687315,1.56588631,0.696053
5,71,18.3315579,0,0,-0.011103084,-0.00684481671,2.66829555,0.696053
5,72,18.5853392,0,0,0.0570437449,0.0076841638,-2.99549586,0.696053
5,73,18.8391388,0,0,-0.0585348006,-0.00722458701,2.81634034,0.696053
5,74,19.0929435,0,0,0.0258507849,-0.00064041988,0.249653072,0.696053
5,75,19.3467569,0,0,0.0102221472,0.00196315003,-0.76528923,0.696053
5,76,19.6005868,0,0,-0.00604585455,0.000423277378,-0.165005024,0.696053
5,77,19.8544419,0,0,-0.0134009197,-0.00298992246,1.16555302,0.696053
5,78,20.1083146,0,0,0.0342833266,0.00574200397,-2.23838918,0.696053
5,79,20.3622112,0,0,0.00117524474,0.00604133755,-2.35507754,0.696053
5,80,20.6161267,0,0,-0.0185720405,0.0013110588,-0.511086347,0.696053
5,81,20.8700649,0,0,-0.0325709996,-0.00698473979,2.72284138,0.696053
5,82,21.1240233,0,0,0.00121112279,-0.00667626812,2.60259073,0.696053
5,83,21.3780029,0,0,0.00390243012,-0.00568232336,2.21512406,0.696053
5,84,21.6320114,0,0,0.0189054035,-0.000867137415,0.338033728,0.696053
5,85,21.8860465,0,0,0.0179182625,0.00369662478,-1.44104479,0.696053
5,86,22.1401121,0,0,0.00972538672,0.00617367032,-2.40666445,0.696053
5,87,22.3942026,0,0,-0.00745012824,0.00427613066,-1.66695193,0.696053
5,88,22.6483335,0,0,0.00861970898,0.00647156128,-2.52279044,0.696053
5,89,22.9024932,0,0,0.00519760162,0.00779538482,-3.03885284,0.696053
5,90,23.1566956,0,0,-0.016916905,0.0034866673,-1.35919766,0.696053
5,91,23.4109246,0,0,-0.0168542936,-0.000806103158,0.314240916,0.696053
5,92,23.6651986,0,0,-0.0064853986,-0.00245792721,0.958166819,0.696053
5,93,23.9194968,0,0,-0.0074400637,-0.00435290344,1.69688005,0.696053
5,94,24.1738518,0,0,0.00648892738,-0.00270018061,1.05260378,0.696053
5,95,24.4282331,0,0,0.0106312952,7.59885543e-06,-0.00296224034,0.696053
5,96,24.6826741,0,0,0.00785936516,0.00200937071,-0.783307307,0.696053
5,97,24.9371386,0,0,0.00368085627,0.00294688085,-1.14877423,0.696053
5,98,25.191676,0,0,0.0178580573,0.00749530886,-2.92187507,0.696053
5,99,25.4462374,0,0,-0.0465019959,-0.00434869951,1.69524124,0.696053
5,100,25.7008753,0,0,0.00682831044,-0.00260953618,1.01726812,0.696053
5,101,25.9555336,0,0,0.0113963228,0.000293094989,-0.114256391,0.696053
5,102,26.210272,0,0,-0.00704349028,-0.00150087441,0.585081631,0.696053
5,103,26.4650273,0,0,-0.0154779369,-0.0054430883,2.12186373,0.696053
5,104,26.7198782,0,0,-0.00543973167,-0.00682858211,2.66196687,0.696053
5,105,26.9747443,0,0,0.00740362574,-0.00494288659,1.92687151,0.696053
5,106,27.2297102,0,0,0.00290793975,-0.00420223746,1.63814635,0.696053
5,107,27.4846872,0,0,-0.0105407739,-0.00688696125,2.68472464,0.696053
5,108,27.7397812,0,0,0.0505377481,0.00598494887,-2.3330957,0.696053
5,109,27.9948828,0,0,-0.00835990078,0.00385569113,-1.50305318,0.696053
5,110,28.2501065,0,0,-0.0301175986,-0.00381522887,1.48727989,0.696053
5,111,28.5053353,0,0,0.0440272148,0.00739845541,-2.88411896,0.696053
5,112,28.7606862,0,0,-0.00950007268,0.00497879711,-1.94087041,0.696053
5,113,29.0160458,0,0,-0.0182353992,0.000334260535,-0.13030384,0.696053
5,114,29.2715352,0,0,-0.001220469,2.34083917e-05,-0.00912522718,0.696053
5,115,29.5270392,0,0,-0.00521918967,-0.00130591361,0.509080611,0.696053
5,116,29.7826671,0,0,0.00485087455,-7.0401072e-05,0.027444251,0.696053
5,117,30.0383179,0,0,0.0163185186,0.00408590807,-1.592798,0.696053
5,118,30.2940981,0,0,-0.0111591313,0.00124368933,-0.484823896,0.696053
5,119,30.5499081,0,0,0.00623462175,0.00283164079,-1.10385053,0.696053
5,120,30.8058407,0,0,-0.00770168716,0.000870029345,-0.339161081,0.696053
5,121,31.06181,0,0,-0.0246539896,-0.0054093153,2.1086981,0.696053
5,122,31.317895,0,0,-0.00757049853,-0.00733751314,2.86036201,0.696053
5,123,31.574028,0,0,0.00787862292,-0.00533083635,2.07810487,0.696053
5,124,31.8302792,0,0,0.0492157539,0.00720436327,-2.80845657,0.696053
5,125,32.0865864,0,0,-0.00613288087,0.00564232511,-2.19953165,0.696053
5,126,32.3430038,0,0,-0.0247963764,-0.000673285302,0.262464907,0.696053
5,127,32.5994856,0,0,0.00115482015,-0.000379153851,0.147804474,0.696053
6,0,0.25654205,0,0,0,0.000715477049,-0.278912396,0.994778
6,1,0.513074946,0,0,-0.000107813334,0.000688017109,-0.268207765,0.994778
6,2,0.769436935,0,0,-0.000114240575,0.000658920157,-0.256864983,0.994778
6,3,1.02578222,0,0,-0.0001235699,0.000627447037,-0.244595905,0.994778
6,4,1.281978,0,0,-0.000118760592,0.000597198841,-0.232804337,0.994778
6,5,1.53815114,0,0,-0.00013797309,0.000562057244,-0.219105187,0.994778
6,6,1.79419456,0,0,-0.000124869653,0.000530253077,-0.206707059,0.994778
6,7,2.05020541,0,0,-9.58035288e-05,0.000505852021,-0.197194864,0.994778
6,8,2.30608263,0,0,-8.21791591e-05,0.000484921078,-0.189035413,0.994778
6,9,2.56192635,0,0,-7.17162074e-05,0.000466655037,-0.181914814,0.994778
6,10,2.81766506,0,0,-8.10699791e-05,0.000446006601,-0.173865493,0.994778
6,11,3.07336006,0,0,-0.000103223007,0.000419715812,-0.163616629,0.994778
6,12,3.32894641,0,0,-0.000141556601,0.000383661497,-0.149561677,0.994778
6,13,3.584487,0,0,-0.000161413242,0.000342549718,-0.133535189,0.994778
6,14,3.83993485,0,0,-0.000152194255,0.000303786005,-0.11842404,0.994778
6,15,4.09533618,0,0,-0.000116587215,0.000274091367,-0.106848263,0.994778
6,16,4.35065937,0,0,-7.64944286e-05,0.000254608318,-0.0992532411,0.994778
6,17,4.60592512,0,0,-0.000100029921,0.000229130805,-0.089321414,0.994778
6,18,4.8611098,0,0,-0.000115072607,0.000199821935,-0.0778960203,0.994778
6,19,5.1162377,0,0,-0.000160156409,0.00015903027,-0.0619943207,0.994778
6,20,5.37129773,0,0,-0.000152501185,0.000120188382,-0.0468526973,0.994778
6,21,5.62630289,0,0,-9.82204304e-05,9.5171744e-05,-0.037100532,0.994778
6,22,5.88125211,0,0,-0.000106337308,6.80877459e-05,-0.0265424536,0.994778
6,23,6.13614215,0,0,-0.000111954851,3.95729658e-05,-0.0154266174,0.994778
6,24,6.39098057,0,0,-0.000134410224,5.3388263e-06,-0.00208121957,0.994778
6,25,6.64575558,0,0,-0.000145206005,-3.16449871e-05,0.0123360759,0.994778
6,26,6.90048319,0,0,-0.000103689572,-5.80546096e-05,0.0226312644,0.994778
6,27,7.15515174,0,0,-0.00013039679,-9.1266532e-05,0.0355781742,0.994778
6,28,7.4097824,0,0,-0.00010945432,-0.00011914443,0.0464457363,0.994778
6,29,7.66435048,0,0,-0.000130003953,-0.000152256297,0.0593536419,0.994778
6,30,7.91888418,0,0,-0.000103322101,-0.000178572325,0.0696123447,0.994778
6,31,8.17336128,0,0,-0.00014040952,-0.000214334478,0.0835534041,0.994778
6,32,8.42781187,0,0,-0.000105752753,-0.000241269591,0.0940534428,0.994778
6,33,8.68220295,0,0,-0.000108949837,-0.000269018997,0.104870916,0.994778
6,34,8.93657044,0,0,-0.00013028167,-0.000302201599,0.117806395,0.994778
6,35,9.19087557,0,0,-0.000124121979,-0.000333815333,0.130130288,0.994778
6,36,9.44515996,0,0,-7.94797361e-05,-0.000354058737,0.138021717,0.994778
6,37,9.69939005,0,0,-9.98910478e-05,-0.000379500879,0.147939755,0.994778
6,38,9.95360519,0,0,-0.000138816511,-0.000414857295,0.161722647,0.994778
6,39,10.2077637,0,0,-6.65473049e-05,-0.000431806822,0.168330033,0.994778
6,40,10.4619096,0,0,-0.000103330016,-0.000458124867,0.178589522,0.994778
6,41,10.7159966,0,0,-0.000135351735,-0.000492598808,0.192028401,0.994778
6,42,10.9700733,0,0,-4.49929275e-05,-0.000504058458,0.196495684,0.994778
6,43,11.224101,0,0,-9.4471312e-05,-0.0005281202,0.205875605,0.994778
6,44,11.4781222,0,0,-0.000138892788,-0.000563496044,0.21966607,0.994778
6,45,11.7320928,0,0,3.64845625e-06,-0.000562566786,0.21930382,0.994778
6,46,11.9860587,0,0,-0.000132885774,-0.000596412649,0.232497858,0.994778
6,47,12.2399852,0,0,-0.000106326537,-0.000623493904,0.243054867,0.994778
6,48,12.4939095,0,0,7.02254026e-06,-0.000621705271,0.242357609,0.994778
6,49,12.7477932,0,0,-0.00016528702,-0.000663803697,0.258768719,0.994778
6,50,13.0016757,0,0,2.25498292e-05,-0.00065806028,0.256529779,0.994778
6,51,13.2562988,0,0,-0.000104484301,-0.000684672319,0.266903875,0.994778
6,52,13.5101389,0,0,-0.000111728326,-0.000713129404,0.27799722,0.994778
6,53,13.7639523,0,0,4.70400907e-05,-0.000701148343,0.273326677,0.994778
6,54,14.0177639,0,0,-0.000180278625,-0.000747065115,0.291226283,0.994778
6,55,14.2715496,0,0,9.60835639e-05,-0.000722592735,0.281686284,0.994778
6,56,14.525334,0,0,-0.00015801189,-0.000762838193,0.297375057,0.994778
6,57,14.7791059,0,0,6.3080802e-05,-0.000746771581,0.291111855,0.994778
6,58,15.0328743,0,0,-5.46583656e-05,-0.000760693008,0.296538805,0.994778
6,59,15.2866185,0,0,-2.01040641e-05,-0.000765813491,0.298534909,0.994778
6,60,15.5403627,0,0,2.46334868e-05,-0.000759539368,0.296089086,0.994778
6,61,15.7941069,0,0,-4.47657832e-05,-0.000770941165,0.300533816,0.994778
6,62,16.0478485,0,0,7.73819715e-05,-0.00075123206,0.292850671,0.994778
6,63,16.3015789,0,0,-9.89681707e-05,-0.000776439147,0.302677079,0.994778
6,64,16.5553092,0,0,0.000139722595,-0.000740851952,0.288804223,0.994778
6,65,16.8090396,0,0,-0.000120229214,-0.000771474204,0.300741609,0.994778
6,66,17.0627734,0,0,0.000126724904,-0.000739197507,0.288159275,0.994778
6,67,17.3165176,0,0,-2.06400714e-05,-0.000744454511,0.290208598,0.994778
6,68,17.5702656,0,0,8.21307487e-05,-0.000723535898,0.282053954,0.994778
6,69,17.8240237,0,0,6.51719106e-05,-0.000706936682,0.275583129,0.994778
6,70,18.077786,0,0,-2.99734447e-05,-0.000714570886,0.278559149,0.994778
6,71,18.3315579,0,0,0.000255565222,-0.000649478699,0.253184446,0.994778
6,72,18.5853392,0,0,-0.000176336087,-0.000694391311,0.270692602,0.994778
6,73,18.8391388,0,0,0.000366475085,-0.000601050501,0.234305818,0.994778
6,74,19.0929435,0,0,-0.00017939328,-0.000646741776,0.252117519,0.994778
6,75,19.3467569,0,0,0.000296287238,-0.000571277735,0.222699585,0.994778
6,76,19.6005868,0,0,1.39229879e-05,-0.000567731565,0.221317192,0.994778
6,77,19.8544419,0,0,3.96589289e-05,-0.000557630479,0.217379514,0.994778
6,78,20.1083146,0,0,0.000335700797,-0.000472127847,0.184048264,0.994778
6,79,20.3622112,0,0,-0.000128188047,-0.000504777204,0.196775871,0.994778
6,80,20.6161267,0,0,0.00034062445,-0.000418020523,0.162955759,0.994778
6,81,20.8700649,0,0,0.000121164509,-0.000387160053,0.150925509,0.994778
6,82,21.1240233,0,0,1.1974547e-05,-0.000384110148,0.149736574,0.994778
6,83,21.3780029,0,0,0.000381800942,-0.000286865859,0.111828107,0.994778
6,84,21.6320114,0,0,7.37847672e-05,-0.000268072958,0.104502124,0.994778
6,85,21.8860465,0,0,0.000110568618,-0.00023991125,0.0935239246,0.994778
6,86,22.1401121,0,0,0.000412136799,-0.00013494045,0.0526034544,0.994778
6,87,22.3942026,0,0,0.000103759428,-0.000108513036,0.04230133,0.994778
6,88,22.6483335,0,0,0.000153544731,-6.94053575e-05,0.0270560944,0.994778
6,89,22.9024932,0,0,0.00035524163,2.10743037e-05,-0.00821533626,0.994778
6,90,23.1566956,0,0,0.000251229768,8.50622555e-05,-0.0331595787,0.994778
6,91,23.4109246,0,0,0.00011471753,0.000114280687,-0.0445497173,0.994778
6,92,23.6651986,0,0,0.000307136331,0.00019250798,-0.0750448419,0.994778
6,93,23.9194968,0,0,0.000380894907,0.000289521504,-0.11286335,0.994778
6,94,24.1738518,0,0,0.000190816681,0.000338122307,-0.131809264,0.994778
6,95,24.4282331,0,0,0.000324023353,0.000420650707,-0.163981076,0.994778
6,96,24.6826741,0,0,0.000322500096,0.000502791135,-0.196001647,0.994778
6,97,24.9371386,0,0,0.000340633402,0.000589550096,-0.229822648,0.994778
6,98,25.191676,0,0,0.00031546241,0.000669898033,-0.261144457,0.994778
6,99,25.4462374,0,0,0.000391181287,0.000769531486,-0.299984285,0.994778
6,100,25.7008753,0,0,0.000295717311,0.000844850368,-0.329345631,0.994778
6,101,25.9555336,0,0,0.000357607844,0.000935932701,-0.364852,0.994778
6,102,26.210272,0,0,0.00038688774,0.00103447259,-0.403265527,0.994778
6,103,26.4650273,0,0,0.000499789215,0.00116176837,-0.45288888,0.994778
6,104,26.7198782,0,0,0.000401931753,0.00126413995,-0.492796106,0.994778
6,105,26.9747443,0,0,0.000312473977,0.00134372674,-0.523821198,0.994778
6,106,27.2297102,0,0,0.000304819698,0.00142136399,-0.554086307,0.994778
6,107,27.4846872,0,0,0.000484707012,0.00154481834,-0.60221217,0.994778
6,108,27.7397812,0,0,0.000603846974,0.00169861752,-0.662167267,0.994778
6,109,27.9948828,0,0,0.000666217589,0.00186830242,-0.728315054,0.994778
6,110,28.2501065,0,0,0.000497433096,0.0019949981,-0.777704471,0.994778
6,111,28.5053353,0,0,0.00036056862,0.00208683454,-0.813504811,0.994778
6,112,28.7606862,0,0,0.000282029818,0.00215866723,-0.841507146,0.994778
6,113,29.0160458,0,0,0.00034161274,0.00224567563,-0.875425383,0.994778
6,114,29.2715352,0,0,0.000529617572,0.00238056865,-0.928010351,0.994778
6,115,29.5270392,0,0,0.000682884679,0.00255449865,-0.995812989,0.994778
6,116,29.7826671,0,0,0.000751945731,0.00274601842,-1.0704726,0.994778
6,117,30.0383179,0,0,0.000862544413,0.00296570755,-1.15611339,0.994778
6,118,30.2940981,0,0,0.000747761615,0.00315616163,-1.23035757,0.994778
6,119,30.5499081,0,0,0.000588904443,0.00330615496,-1.28882904,0.994778
6,120,30.8058407,0,0,0.000685417409,0.00348073004,-1.35688315,0.994778
6,121,31.06181,0,0,0.00066266098,0.00364950908,-1.42267781,0.994778
6,122,31.317895,0,0,0.000530933512,0.00378473727,-1.47539343,0.994778
6,123,31.574028,0,0,0.000564262362,0.00392845429,-1.53141823,0.994778
6,124,31.8302792,0,0,0.000767952386,0.00412405094,-1.60766712,0.994778
6,125,32.0865864,0,0,0.000649168145,0.00428939336,-1.67212209,0.994778
6,126,32.3430038,0,0,0.000654035678,0.00445597555,-1.73706036,0.994778
6,127,32.5994856,0,0,0.000710032554,0.00463682008,-1.80755847,0.994778
7,0,0.25654205,0,0,0,0.000715477049,-0.278912396,0.994249
7,1,0.513074946,0,0,-0.000107813334,0.000688017109,-0.268207765,0.994249
7,2,0.769436935,0,0,-0.000114240575,0.000658920157,-0.256864983,0.994249
7,3,1.02578222,0,0,-0.0001235699,0.000627447037,-0.244595905,0.994249
7,4,1.281978,0,0,-0.000118760592,0.000597198841,-0.232804337,0.994249
7,5,1.53815114,0,0,-0.00013797309,0.000562057244,-0.219105187,0.994249
7,6,1.79419456,0,0,-0.000124869653,0.000530253077,-0.206707059,0.994249
7,7,2.05020541,0,0,-9.58035288e-05,0.000505852021,-0.197194864,0.994249
7,8,2.30608263,0,0,-8.21791591e-05,0.000484921078,-0.189035413,0.994249
7,9,2.56192635,0,0,-7.17162074e-05,0.000466655037,-0.181914814,0.994249
7,10,2.81766506,0,0,-8.10699791e-05,0.000446006601,-0.173865493,0.994249
7,11,3.07336006,0,0,-0.000103223007,0.000419715812,-0.163616629,0.994249
7,12,3.32894641,0,0,-0.000141556601,0.000383661497,-0.149561677,0.994249
7,13,3.584487,0,0,-0.000161413242,0.000342549718,-0.133535189,0.994249
7,14,3.83993485,0,0,-0.000152194255,0.000303786005,-0.11842404,0.994249
7,15,4.09533618,0,0,-0.000116587215,0.000274091367,-0.106848263,0.994249
7,16,4.35065937,0,0,-7.64944286e-05,0.000254608318,-0.0992532411,0.994249
7,17,4.60592512,0,0,-0.000100029921,0.000229130805,-0.089321414,0.994249
7,18,4.8611098,0,0,-0.000115072607,0.000199821935,-0.0778960203,0.994249
7,19,5.1162377,0,0,-0.000160156409,0.00015903027,-0.0619943207,0.994249
7,20,5.37129773,0,0,-0.000152501185,0.000120188382,-0.0468526973,0.994249
7,21,5.62630289,0,0,-9.82204304e-05,9.5171744e-05,-0.037100532,0.994249
7,22,5.88125211,0,0,-0.000106337308,6.80877459e-05,-0.0265424536,0.994249
7,23,6.13614215,0,0,-0.000111954851,3.95729658e-05,-0.0154266174,0.994249
7,24,6.39098057,0,0,-0.000134410224,5.3388263e-06,-0.00208121957,0.994249
7,25,6.64575558,0,0,-0.000145206005,-3.16449871e-05,0.0123360759,0.994249
7,26,6.90048319,0,0,-0.000103689572,-5.80546096e-05,0.0226312644,0.994249
7,27,7.15515174,0,0,-0.00013039679,-9.1266532e-05,0.0355781742,0.994249
7,28,7.4097824,0,0,-0.00010945432,-0.00011914443,0.0464457363,0.994249
7,29,7.66435048,0,0,-0.000130003953,-0.000152256297,0.0593536419,0.994249
7,30,7.91888418,0,0,-0.000103322101,-0.000178572325,0.0696123447,0.994249
7,31,8.17336128,0,0,-0.00014040952,-0.000214334478,0.0835534041,0.994249
7,32,8.42781187,0,0,-0.000105752753,-0.000241269591,0.0940534428,0.994249
7,33,8.68220295,0,0,-0.000108949837,-0.000269018997,0.104870916,0.994249
7,34,8.93657044,0,0,-0.00013028167,-0.000302201599,0.117806395,0.994249
7,35,9.19087557,0,0,-0.000124121979,-0.000333815333,0.130130288,0.994249
7,36,9.44515996,0,0,-7.94797361e-05,-0.000354058737,0.138021717,0.994249
7,37,9.69939005,0,0,-9.98910478e-05,-0.000379500879,0.147939755,0.994249
7,38,9.95360519,0,0,-0.000138816511,-0.000414857295,0.161722647,0.994249
7,39,10.2077637,0,0,-6.65473049e-05,-0.000431806822,0.168330033,0.994249
7,40,10.4619096,0,0,-0.000103330016,-0.000458124867,0.178589522,0.994249
7,41,10.7159966,0,0,-0.000135351735,-0.000492598808,0.192028401,0.994249
7,42,10.9700733,0,0,-4.49929275e-05,-0.000504058458,0.196495684,0.994249
7,43,11.224101,0,0,-9.4471312e-05,-0.0005281202,0.205875605,0.994249
7,44,11.4781222,0,0,-0.000138892788,-0.000563496044,0.21966607,0.994249
7,45,11.7320928,0,0,3.64845625e-06,-0.000562566786,0.21930382,0.994249
7,46,11.9860587,0,0,-0.000132885774,-0.000596412649,0.232497858,0.994249
7,47,12.2399852,0,0,-0.000106326537,-0.000623493904,0.243054867,0.994249
7,48,12.4939095,0,0,7.02254026e-06,-0.000621705271,0.242357609,0.994249
7,49,12.7477932,0,0,-0.00016528702,-0.000663803697,0.258768719,0.994249
7,50,13.0016757,0,0,2.25498292e-05,-0.00065806028,0.256529779,0.994249
7,51,13.2562988,0,0,-0.000104484301,-0.000684672319,0.266903875,0.994249
7,52,13.5101389,0,0,-0.000111728326,-0.000713129404,0.27799722,0.994249
7,53,13.7639523,0,0,4.70400907e-05,-0.000701148343,0.273326677,0.994249
7,54,14.0177639,0,0,-0.000180278625,-0.000747065115,0.291226283,0.994249
7,55,14.2715496,0,0,9.60835639e-05,-0.000722592735,0.281686284,0.994249
7,56,14.525334,0,0,-0.00015801189,-0.000762838193,0.297375057,0.994249
7,57,14.7791059,0,0,6.3080802e-05,-0.000746771581,0.291111855,0.994249
7,58,15.0328743,0,0,-5.46583656e-05,-0.000760693008,0.296538805,0.994249
7,59,15.2866185,0,0,-2.01040641e-05,-0.000765813491,0.298534909,0.994249
7,60,15.5403627,0,0,2.46334868e-05,-0.000759539368,0.296089086,0.994249
7,61,15.7941069,0,0,-4.47657832e-05,-0.000770941165,0.300533816,0.994249
7,62,16.0478485,0,0,7.73819715e-05,-0.00075123206,0.292850671,0.994249
7,63,16.3015789,0,0,-9.89681707e-05,-0.000776439147,0.302677079,0.994249
7,64,16.5553092,0,0,0.000139722595,-0.000740851952,0.288804223,0.994249
7,65,16.8090396,0,0,-0.000120229214,-0.000771474204,0.300741609,0.994249
7,66,17.0627734,0,0,0.000126724904,-0.000739197507,0.288159275,0.994249
7,67,17.3165176,0,0,-2.06400714e-05,-0.000744454511,0.290208598,0.994249
7,68,17.5702656,0,0,8.21307487e-05,-0.000723535898,0.282053954,0.994249
7,69,17.8240237,0,0,6.51719106e-05,-0.000706936682,0.275583129,0.994249
7,70,18.077786,0,0,-2.99734447e-05,-0.000714570886,0.278559149,0.994249
7,71,18.3315579,0,0,0.000255565222,-0.000649478699,0.253184446,0.994249
7,72,18.5853392,0,0,-0.000176336087,-0.000694391311,0.270692602,0.994249
7,73,18.8391388,0,0,0.000366475085,-0.000601050501,0.234305818,0.994249
7,74,19.0929435,0,0,-0.00017939328,-0.000646741776,0.252117519,0.994249
7,75,19.3467569,0,0,0.000296287238,-0.000571277735,0.222699585,0.994249
7,76,19.6005868,0,0,1.39229879e-05,-0.000567731565,0.221317192,0.994249
7,77,19.8544419,0,0,3.96589289e-05,-0.000557630479,0.217379514,0.994249
7,78,20.1083146,0,0,0.000335700797,-0.000472127847,0.184048264,0.994249
7,79,20.3622112,0,0,-0.000128188047,-0.000504777204,0.196775871,0.994249
7,80,20.6161267,0,0,0.00034062445,-0.000418020523,0.162955759,0.994249
7,81,20.8700649,0,0,0.000121164509,-0.000387160053,0.150925509,0.994249
7,82,21.1240233,0,0,1.1974547e-05,-0.000384110148,0.149736574,0.994249
7,83,21.3780029,0,0,0.000381800942,-0.000286865859,0.111828107,0.994249
7,84,21.6320114,0,0,7.37847672e-05,-0.000268072958,0.104502124,0.994249
7,85,21.8860465,0,0,0.000110568618,-0.00023991125,0.0935239246,0.994249
7,86,22.1401121,0,0,0.000412136799,-0.00013494045,0.0526034544,0.994249
7,87,22.3942026,0,0,0.000103759428,-0.000108513036,0.04230133,0.994249
7,88,22.6483335,0,0,0.000153544731,-6.94053575e-05,0.0270560944,0.994249
7,89,22.9024932,0,0,0.00035524163,2.10743037e-05,-0.00821533626,0.994249
7,90,23.1566956,0,0,0.000251229768,8.50622555e-05,-0.0331595787,0.994249
7,91,23.4109246,0,0,0.00011471753,0.000114280687,-0.0445497173,0.994249
7,92,23.6651986,0,0,0.000307136331,0.00019250798,-0.0750448419,0.994249
7,93,23.9194968,0,0,0.000380894907,0.000289521504,-0.11286335,0.994249
7,94,24.1738518,0,0,0.000190816681,0.000338122307,-0.131809264,0.994249
7,95,24.4282331,0,0,0.000324023353,0.000420650707,-0.163981076,0.994249
7,96,24.6826741,0,0,0.000322500096,0.000502791135,-0.196001647,0.994249
7,97,24.9371386,0,0,0.000340633402,0.000589550096,-0.229822648,0.994249
7,98,25.191676,0,0,0.00031546241,0.000669898033,-0.261144457,0.994249
7,99,25.4462374,0,0,0.000391181287,0.000769531486,-0.299984285,0.994249
7,100,25.7008753,0,0,0.000295717311,0.000844850368,-0.329345631,0.994249
7,101,25.9555336,0,0,0.000357607844,0.000935932701,-0.364852,0.994249
7,102,26.210272,0,0,0.00038688774,0.00103447259,-0.403265527,0.994249
7,103,26.4650273,0,0,0.000499789215,0.00116176837,-0.45288888,0.994249
7,104,26.7198782,0,0,0.000401931753,0.00126413995,-0.492796106,0.994249
7,105,26.9747443,0,0,0.000312473977,0.00134372674,-0.523821198,0.994249
7,106,27.2297102,0,0,0.000304819698,0.00142136399,-0.554086307,0.994249
7,107,27.4846872,0,0,0.000484707012,0.00154481834,-0.60221217,0.994249
7,108,27.7397812,0,0,0.000603846974,0.00169861752,-0.662167267,0.994249
7,109,27.9948828,0,0,0.000666217589,0.00186830242,-0.728315054,0.994249
7,110,28.2501065,0,0,0.000497433096,0.0019949981,-0.777704471,0.994249
7,111,28.5053353,0,0,0.00036056862,0.00208683454,-0.813504811,0.994249
7,112,28.7606862,0,0,0.000282029818,0.00215866723,-0.841507146,0.994249
7,113,29.0160458,0,0,0.00034161274,0.00224567563,-0.875425383,0.994249
7,114,29.2715352,0,0,0.000529617572,0.00238056865,-0.928010351,0.994249
7,115,29.5270392,0,0,0.000682884679,0.00255449865,-0.995812989,0.994249
7,116,29.7826671,0,0,0.000751945731,0.00274601842,-1.0704726,0.994249
7,117,30.0383179,0,0,0.000862544413,0.00296570755,-1.15611339,0.994249
7,118,30.2940981,0,0,0.000747761615,0.00315616163,-1.23035757,0.994249
7,119,30.5499081,0,0,0.000588904443,0.00330615496,-1.28882904,0.994249
7,120,30.8058407,0,0,0.000685417409,0.00348073004,-1.35688315,0.994249
7,121,31.06181,0,0,0.00066266098,0.00364950908,-1.42267781,0.994249
7,122,31.317895,0,0,0.000530933512,0.00378473727,-1.47539343,0.994249
7,123,31.574028,0,0,0.000564262362,0.00392845429,-1.53141823,0.994249
7,124,31.8302792,0,0,0.000767952386,0.00412405094,-1.60766712,0.994249
7,125,32.0865864,0,0,0.000649168145,0.00428939336,-1.67212209,0.994249
7,126,32.3430038,0,0,0.000654035678,0.00445597555,-1.73706036,0.994249
7,127,32.5994856,0,0,0.000710032554,0.00463682008,-1.80755847,0.994249
8,0,0.25654205,0,0,0,-0.00297212872,1.15861654,0.996894
8,1,0.513074946,0,0,0.000517366596,-0.002840356,1.10724795,0.996894
8,2,0.769436935,0,0,0.000504798678,-0.00271178432,1.05712722,0.996894
8,3,1.02578222,0,0,0.000494406045,-0.00258585963,1.00803835,0.996894
8,4,1.281978,0,0,0.000495246499,-0.00245972088,0.95886604,0.996894
8,5,1.53815114,0,0,0.000518923624,-0.00232755159,0.907342859,0.996894
8,6,1.79419456,0,0,0.000497166768,-0.00220092375,0.857979886,0.996894
8,7,2.05020541,0,0,0.000483506255,-0.00207777523,0.809973245,0.996894
8,8,2.30608263,0,0,0.000442637497,-0.00196503593,0.766024404,0.996894
8,9,2.56192635,0,0,0.000446399729,-0.0018513384,0.721702017,0.996894
8,10,2.81766506,0,0,0.000420477857,-0.00174424314,0.679953375,0.996894
8,11,3.07336006,0,0,0.000386716916,-0.00164574676,0.641556809,0.996894
8,12,3.32894641,0,0,0.000424254505,-0.00153768959,0.599433189,0.996894
8,13,3.584487,0,0,0.000435255298,-0.00142683054,0.556217316,0.996894
8,14,3.83993485,0,0,0.000402755059,-0.00132424926,0.516228345,0.996894
8,15,4.09533618,0,0,0.000415253271,-0.00121848469,0.474998445,0.996894
8,16,4.35065937,0,0,0.00040412898,-0.00111555348,0.43487306,0.996894
8,17,4.60592512,0,0,0.00034410922,-0.00102790923,0.40070695,0.996894
8,18,4.8611098,0,0,0.000340774835,-0.000941114245,0.366871907,0.996894
8,19,5.1162377,0,0,0.000383872654,-0.000843342292,0.328757743,0.996894
8,20,5.37129773,0,0,0.000379390408,-0.000746711963,0.291088615,0.996894
8,21,5.62630289,0,0,0.000321337407,-0.000664867671,0.259183485,0.996894
8,22,5.88125211,0,0,0.000309699169,-0.000585987626,0.2284339,0.996894
8,23,6.13614215,0,0,0.000318449842,-0.000504878793,0.196815473,0.996894
8,24,6.39098057,0,0,0.000332046826,-0.000420306824,0.163847021,0.996894
8,25,6.64575558,0,0,0.000308011478,-0.000341856631,0.133265005,0.996894
8,26,6.90048319,0,0,0.000263731685,-0.000274684455,0.107079465,0.996894
8,27,7.15515174,0,0,0.000291126695,-0.000200534798,0.0781739137,0.996894
8,28,7.4097824,0,0,0.000302128863,-0.000123582902,0.0481759733,0.996894
8,29,7.66435048,0,0,0.000273462351,-5.39323349e-05,0.0210242897,0.996894
8,30,7.91888418,0,0,0.000250353077,9.83232485e-06,-0.00383290741,0.996894
8,31,8.17336128,0,0,0.000254383567,7.4623546e-05,-0.0290902861,0.996894
8,32,8.42781187,0,0,0.000231746085,0.000133649025,-0.0521000216,0.996894
8,33,8.68220295,0,0,0.00023712859,0.000194045422,-0.0756441783,0.996894
8,34,8.93657044,0,0,0.000246965003,0.000256947142,-0.100164978,0.996894
8,35,9.19087557,0,0,0.000222249625,0.000313553883,-0.122231824,0.996894
8,36,9.44515996,0,0,0.000204808911,0.000365718493,-0.142567006,0.996894
8,37,9.69939005,0,0,0.000205290617,0.000418005792,-0.162950017,0.996894
8,38,9.95360519,0,0,0.000211350336,0.000471836496,-0.183934688,0.996894
8,39,10.2077637,0,0,0.000160572092,0.000512734035,-0.19987766,0.996894
8,40,10.4619096,0,0,0.000186974647,0.000560356276,-0.218442104,0.996894
8,41,10.7159966,0,0,0.000199366977,0.000611134831,-0.238236964,0.996894
8,42,10.9700733,0,0,0.000123363903,0.000642555485,-0.250485589,0.996894
8,43,11.224101,0,0,0.000178984605,0.000688142671,-0.268256713,0.996894
8,44,11.4781222,0,0,0.00017659003,0.000733119962,-0.285790083,0.996894
8,45,11.7320928,0,0,9.81176929e-05,0.000758110433,-0.295532048,0.996894
8,46,11.9860587,0,0,0.000165080534,0.000800156267,-0.311922657,0.996894
8,47,12.2399852,0,0,0.000118675053,0.000830382676,-0.323705732,0.996894
8,48,12.4939095,0,0,8.25397652e-05,0.000851405465,-0.331900987,0.996894
8,49,12.7477932,0,0,0.000167748718,0.000894130883,-0.348556516,0.996894
8,50,13.0016757,0,0,6.18418235e-05,0.000909881929,-0.354696701,0.996894
8,51,13.2562988,0,0,0.000108647425,0.000937554312,-0.365484148,0.996894
8,52,13.5101389,0,0,8.03886644e-05,0.000958029218,-0.373465823,0.996894
8,53,13.7639523,0,0,5.66235204e-05,0.000972451168,-0.379087891,0.996894
8,54,14.0177639,0,0,0.00012871107,0.00100523374,-0.391867428,0.996894
8,55,14.2715496,0,0,-6.50574614e-06,0.00100357673,-0.391221482,0.996894
8,56,14.525334,0,0,0.000128300442,0.00103625472,-0.403960248,0.996894
8,57,14.7791059,0,0,-7.60469703e-06,0.00103431781,-0.403205189,0.996894
8,58,15.0328743,0,0,0.000110370597,0.00106242908,-0.414163727,0.996894
8,59,15.2866185,0,0,-8.41302611e-06,0.00106028629,-0.413328409,0.996894
8,60,15.5403627,0,0,7.05684546e-05,0.00107826,-0.42033505,0.996894
8,61,15.7941069,0,0,1.25548999e-06,0.00107857977,-0.420459706,0.996894
8,62,16.0478485,0,0,3.95826566e-05,0.00108866143,-0.424389811,0.996894
8,63,16.3015789,0,0,-3.68823771e-06,0.00108772204,-0.424023611,0.996894
8,64,16.5553092,0,0,2.63283446e-05,0.00109442785,-0.426637714,0.996894
8,65,16.8090396,0,0,-3.64840747e-05,0.00108513539,-0.423015263,0.996894
8,66,17.0627734,0,0,2.43720666e-05,0.00109134293,-0.42543513,0.996894
8,67,17.3165176,0,0,-6.17507514e-05,0.00107561508,-0.419303987,0.996894
8,68,17.5702656,0,0,4.77357841e-05,0.00108777333,-0.424043604,0.996894
8,69,17.8240237,0,0,-8.89454302e-05,0.00106511903,-0.415212341,0.996894
8,70,18.077786,0,0,3.51546711e-05,0.00107407288,-0.418702797,0.996894
8,71,18.3315579,0,0,-0.000127437681,0.00104161464,-0.406049693,0.996894
8,72,18.5853392,0,0,1.91597066e-05,0.0010464946,-0.407952033,0.996894
8,73,18.8391388,0,0,-9.13378002e-05,0.00102323096,-0.398883234,0.996894
8,74,19.0929435,0,0,-5.6792994e-05,0.00100876585,-0.393244339,0.996894
8,75,19.3467569,0,0,-3.31601097e-05,0.00100032,-0.38995192,0.996894
8,76,19.6005868,0,0,-0.000118421575,0.000970158154,-0.378194012,0.996894
8,77,19.8544419,0,0,-9.28144311e-06,0.000967794181,-0.377272471,0.996894
8,78,20.1083146,0,0,-0.000121608865,0.000936820534,-0.365198101,0.996894
8,79,20.3622112,0,0,-9.02305147e-05,0.000913838919,-0.356239243,0.996894
8,80,20.6161267,0,0,-6.55223645e-05,0.000897150443,-0.349733622,0.996894
8,81,20.8700649,0,0,-0.000146009191,0.000859962059,-0.335236579,0.996894
8,82,21.1240233,0,0,-7.19816965e-05,0.000841628398,-0.32808962,0.996894
8,83,21.3780029,0,0,-0.000106334456,0.000814545126,-0.317531825,0.996894
8,84,21.6320114,0,0,-0.000166334441,0.000772179923,-0.301016717,0.996894
8,85,21.8860465,0,0,-8.55714119e-05,0.000750384976,-0.292520455,0.996894
8,86,22.1401121,0,0,-0.000126244179,0.00071823072,-0.279985852,0.996894
8,87,22.3942026,0,0,-0.000162568013,0.000676824822,-0.263844708,0.996894
8,88,22.6483335,0,0,-0.000113959541,0.000647799449,-0.252529829,0.996894
8,89,22.9024932,0,0,-0.000128631824,0.000615037061,-0.23975816,0.996894
8,90,23.1566956,0,0,-0.00018528461,0.000567845271,-0.221361517,0.996894
8,91,23.4109246,0,0,-0.000149275278,0.000529825018,-0.206540189,0.996894
8,92,23.6651986,0,0,-0.000148973975,0.000491881506,-0.191748778,0.996894
8,93,23.9194968,0,0,-0.00017166448,0.000448158748,-0.174704458,0.996894
8,94,24.1738518,0,0,-0.000173534021,0.000403959819,-0.157474515,0.996894
8,95,24.4282331,0,0,-0.000167459943,0.000361307952,-0.140847658,0.996894
8,96,24.6826741,0,0,-0.000183680541,0.000314524715,-0.122610281,0.996894
8,97,24.9371386,0,0,-0.000185301385,0.000267328652,-0.104211973,0.996894
8,98,25.191676,0,0,-0.000185459503,0.000220092316,-0.0857979655,0.996894
8,99,25.4462374,0,0,-0.000197527632,0.00016978224,-0.0661857309,0.996894
8,100,25.7008753,0,0,-0.000221135049,0.000113459381,-0.0442295498,0.996894
8,101,25.9555336,0,0,-0.000197054594,6.32697876e-05,-0.0246642825,0.996894
8,102,26.210272,0,0,-0.000201380741,1.19783293e-05,-0.00466947828,0.996894
8,103,26.4650273,0,0,-0.000191912163,-3.69014923e-05,0.0143852044,0.996894
8,104,26.7198782,0,0,-0.0002196858,-9.28552295e-05,0.0361974917,0.996894
8,105,26.9747443,0,0,-0.00023853535,-0.000153609927,0.0598813237,0.996894
8,106,27.2297102,0,0,-0.000240534804,-0.000214873883,0.0837636785,0.996894
8,107,27.4846872,0,0,-0.000230572538,-0.00027360046,0.106656894,0.996894
8,108,27.7397812,0,0,-0.000223536248,-0.000330534902,0.128851487,0.996894
8,109,27.9948828,0,0,-0.00022454009,-0.000387725022,0.15114575,0.996894
8,110,28.2501065,0,0,-0.000233286114,-0.000447142745,0.174308393,0.996894
8,111,28.5053353,0,0,-0.000256288401,-0.000512419125,0.199754899,0.996894
8,112,28.7606862,0,0,-0.000270060153,-0.000581203156,0.226568784,0.996894
8,113,29.0160458,0,0,-0.000274135784,-0.000651025245,0.253787332,0.996894
8,114,29.2715352,0,0,-0.000263629387,-0.000718171367,0.279962714,0.996894
8,115,29.5270392,0,0,-0.000266147225,-0.000785958779,0.30638809,0.996894
8,116,29.7826671,0,0,-0.000257326802,-0.000851499638,0.331937698,0.996894
8,117,30.0383179,0,0,-0.000262893572,-0.000918458349,0.358040023,0.996894
8,118,30.2940981,0,0,-0.000258057281,-0.000984185261,0.383662159,0.996894
8,119,30.5499081,0,0,-0.000261730187,-0.00105084766,0.409648973,0.996894
8,120,30.8058407,0,0,-0.000271019576,-0.00111987605,0.436558117,0.996894
8,121,31.06181,0,0,-0.000283282606,-0.00119202783,0.46468484,0.996894
8,122,31.317895,0,0,-0.00029377478,-0.00126685195,0.493853315,0.996894
8,123,31.574028,0,0,-0.000281048128,-0.0013384346,0.52175818,0.996894
8,124,31.8302792,0,0,-0.000304786667,-0.00141606344,0.55202001,0.996894
8,125,32.0865864,0,0,-0.00030646807,-0.00149412053,0.582448784,0.996894
8,126,32.3430038,0,0,-0.000295478298,-0.00156937853,0.611786399,0.996894
8,127,32.5994856,0,0,-0.000306527276,-0.0016474507,0.642221052,0.996894
9,0,0.25654205,0,0,0,-0.00418967645,1.63324973,0.711779
9,1,0.513074946,0,0,0.00800027912,-0.00215201396,0.83891352,0.711779
9,2,0.769436935,0,0,0.0115359974,0.000786192175,-0.306479074,0.711779
9,3,1.02578222,0,0,0.0192579521,0.00569117188,-2.21857345,0.711779
9,4,1.281978,0,0,-0.00823098854,0.00359474794,-1.40133043,0.711779
9,5,1.53815114,0,0,-0.0192153639,-0.00129938458,0.506535419,0.711779
9,6,1.79419456,0,0,-0.00519847296,-0.00262343006,1.02268432,0.711779
9,7,2.05020541,0,0,0.010376475,1.94469675e-05,-0.0075809564,0.711779
9,8,2.30608263,0,0,-0.000665735076,-0.000150115041,0.0585189221,0.711779
9,9,2.56192635,0,0,0.0178803742,0.00440399706,-1.71679773,0.711779
9,10,2.81766506,0,0,-0.00643841322,0.00276414013,-1.07753694,0.711779
9,11,3.07336006,0,0,-0.0017242793,0.00232496804,-0.906335722,0.711779
9,12,3.32894641,0,0,0.00137889058,0.00267616999,-1.04324379,0.711779
9,13,3.584487,0,0,-0.00105187092,0.0024082596,-0.938805034,0.711779
9,14,3.83993485,0,0,0.00768611365,0.00436590449,-1.70194821,0.711779
9,15,4.09533618,0,0,-0.0397192831,-0.00575055423,2.2417223,0.711779
9,16,4.35065937,0,0,0.00570823552,-0.00429667278,1.67495981,0.711779
9,17,4.60592512,0,0,0.0022580555,-0.00372154847,1.45076072,0.711779
9,18,4.8611098,0,0,0.0278225963,0.00336483691,-1.31170486,0.711779
9,19,5.1162377,0,0,-0.0216823091,-0.00215762391,0.84110043,0.711779
9,20,5.37129773,0,0,-0.010551981,-0.00484520213,1.88879145,0.711779
9,21,5.62630289,0,0,0.0387751415,0.00503078474,-1.9611366,0.711779
9,22,5.88125211,0,0,7.21140122e-05,0.0050491521,-1.96829669,0.711779
9,23,6.13614215,0,0,-0.0107905025,0.00230082271,-0.896923216,0.711779
9,24,6.39098057,0,0,-0.00811970515,0.00023274254,-0.0907293667,0.711779
9,25,6.64575558,0,0,0.000649897992,0.00039827086,-0.155256804,0.711779
9,26,6.90048319,0,0,-0.00700802719,-0.00138666613,0.54056014,0.711779
9,27,7.15515174,0,0,0.000710271936,-0.00120576063,0.470038261,0.711779
9,28,7.4097824,0,0,-0.0086029156,-0.00339691399,1.32420938,0.711779
9,29,7.66435048,0,0,-0.00126842283,-0.00371997992,1.45014926,0.711779
9,30,7.91888418,0,0,0.0110023946,-0.000917681839,0.357737318,0.711779
9,31,8.17336128,0,0,0.00409446377,0.000125173682,-0.0487961028,0.711779
9,32,8.42781187,0,0,0.00607576435,0.00167266433,-0.652050009,0.711779
9,33,8.68220295,0,0,0.00165714252,0.00209473675,-0.816585307,0.711779
9,34,8.93657044,0,0,-0.0163855261,-0.00207863913,0.810310018,0.711779
9,35,9.19087557,0,0,0.00413583549,-0.00102524628,0.399668859,0.711779
9,36,9.44515996,0,0,-0.000143008494,-0.00106167039,0.413867967,0.711779
9,37,9.69939005,0,0,-0.0126127249,-0.00427411785,1.66616728,0.711779
9,38,9.95360519,0,0,0.0258356805,0.0023062022,-0.899020288,0.711779
9,39,10.2077637,0,0,-0.00654603458,0.000638934232,-0.249073926,0.711779
9,40,10.4619096,0,0,-0.00669724888,-0.00106684786,0.415886286,0.711779
9,41,10.7159966,0,0,0.010406051,0.00158356214,-0.617315552,0.711779
9,42,10.9700733,0,0,0.00182155298,0.00204750972,-0.798174929,0.711779
9,43,11.224101,0,0,-0.0187902514,-0.0027383471,1.06748211,0.711779
9,44,11.4781222,0,0,0.00162027634,-0.00232566446,0.906607204,0.711779
9,45,11.7320928,0,0,0.0204599247,0.00288545638,-1.12482931,0.711779
9,46,11.9860587,0,0,-0.0178905962,-0.00167125924,0.651502266,0.711779
9,47,12.2399852,0,0,-0.0140704616,-0.00525499068,2.04853817,0.711779
9,48,12.4939095,0,0,0.0459805552,0.00645620731,-2.51680505,0.711779
9,49,12.7477932,0,0,-0.0564637053,-0.00792503774,3.08939507,0.711779
9,50,13.0016757,0,0,0.0116582277,-0.00495569966,1.9318664,0.711779
9,51,13.2562988,0,0,0.00358502276,-0.00404259822,1.57591464,0.711779
9,52,13.5101389,0,0,0.0216620348,0.00147469877,-0.574877654,0.711779
9,53,13.7639523,0,0,-0.0122600131,-0.00164791339,0.642401419,0.711779
9,54,14.0177639,0,0,-0.000345516582,-0.00173591609,0.676707263,0.711779
9,55,14.2715496,0,0,0.00727343382,0.000116619688,-0.0454615234,0.711779
9,56,14.525334,0,0,0.00169385247,0.000548042092,-0.2136417,0.711779
9,57,14.7791059,0,0,0.00246864748,0.00117680395,-0.458750158,0.711779
9,58,15.0328743,0,0,0.000785539374,0.00137687998,-0.536745234,0.711779
9,59,15.2866185,0,0,0.00331610247,0.00222148772,-0.86599628,0.711779
9,60,15.5403627,0,0,0.00966284087,0.0046826029,-1.82540586,0.711779
9,61,15.7941069,0,0,-0.0187054538,-8.16560761e-05,0.0318317574,0.711779
9,62,16.0478485,0,0,-0.00204653279,-0.000602905778,0.235029056,0.711779
9,63,16.3015789,0,0,-0.0178932354,-0.00516029361,2.01162267,0.711779
9,64,16.5553092,0,0,0.00814559951,-0.00308561817,1.20285781,0.711779
9,65,16.8090396,0,0,0.024706953,0.0032072162,-1.25026003,0.711779
9,66,17.0627734,0,0,0.00466419095,0.00439518062,-1.71336084,0.711779
9,67,17.3165176,0,0,0.00186283601,0.00486964295,-1.89831915,0.711779
9,68,17.5702656,0,0,-0.0133963081,0.00145761769,-0.568218984,0.711779
9,69,17.8240237,0,0,-0.00411957637,0.000408366015,-0.15919217,0.711779
9,70,18.077786,0,0,-0.0217266786,-0.00512539566,1.99801851,0.711779
9,71,18.3315579,0,0,0.00746871731,-0.00322312139,1.2564603,0.711779
9,72,18.5853392,0,0,0.00389474099,-0.00223113505,0.869757071,0.711779
9,73,18.8391388,0,0,0.00257992089,-0.00157403197,0.613600436,0.711779
9,74,19.0929435,0,0,0.00590986275,-6.87962821e-05,0.0268186602,0.711779
9,75,19.3467569,0,0,0.0066742129,0.00163111857,-0.635854343,0.711779
9,76,19.6005868,0,0,-0.00126975031,0.00130771453,-0.50978266,0.711779
9,77,19.8544419,0,0,-0.0234316216,-0.00466029431,1.81670936,0.711779
9,78,20.1083146,0,0,0.0470974655,0.00733537951,-2.85953027,0.711779
9,79,20.3622112,0,0,-0.00908391541,0.00502171602,-1.95760137,0.711779
9,80,20.6161267,0,0,-0.00247818341,0.00439052537,-1.7115461,0.711779
9,81,20.8700649,0,0,-0.0253903045,-0.0020763579,0.809420731,0.711779
9,82,21.1240233,0,0,-0.00098634037,-0.00232757773,0.907353049,0.711779
9,83,21.3780029,0,0,0.00722478608,-0.000487432481,0.190014427,0.711779
9,84,21.6320114,0,0,-0.00756310787,-0.00241374793,0.940944533,0.711779
9,85,21.8860465,0,0,-0.00526929865,-0.00375583263,1.46412562,0.711779
9,86,22.1401121,0,0,0.0264373808,0.00297773986,-1.16080391,0.711779
9,87,22.3942026,0,0,0.0127577846,0.00622713388,-2.427506,0.711779
9,88,22.6483335,0,0,-0.00417369219,0.00516409896,-2.01310611,0.711779
9,89,22.9024932,0,0,-0.0116018539,0.00220911926,-0.861174717,0.711779
9,90,23.1566956,0,0,-0.0105244217,-0.000471439624,0.183779976,0.711779
9,91,23.4109246,0,0,-0.00255714323,-0.00112274126,0.437675051,0.711779
9,92,23.6651986,0,0,-0.0261405503,-0.00778071132,3.03313271,0.711779
9,93,23.9194968,0,0,0.052912674,0.00569608988,-2.22049062,0.711779
9,94,24.1738518,0,0,-0.0121501556,0.00260145831,-1.01411914,0.711779
9,95,24.4282331,0,0,0.0203268981,0.00777869739,-3.03234762,0.711779
9,96,24.6826741,0,0,-0.0290462414,0.00038065092,-0.148388073,0.711779
9,97,24.9371386,0,0,-0.00490004791,-0.000867386015,0.338130639,0.711779
9,98,25.191676,0,0,0.0187155235,0.00389943771,-1.52010678,0.711779
9,99,25.4462374,0,0,-0.0285885335,-0.00338203104,1.3184076,0.711779
9,100,25.7008753,0,0,-5.81763044e-05,-0.00339684848,1.32418385,0.711779
9,101,25.9555336,0,0,0.00126962403,-0.00307347661,1.1981247,0.711779
9,102,26.210272,0,0,0.00365046007,-0.00214370835,0.835675769,0.711779
9,103,26.4650273,0,0,-0.000726924186,-0.00232885516,0.907851026,0.711779
9,104,26.7198782,0,0,0.0331190376,0.00610652811,-2.3804906,0.711779
9,105,26.9747443,0,0,-0.0115952767,0.00315322358,-1.22921224,0.711779
9,106,27.2297102,0,0,0.000684827222,0.00332764834,-1.29720775,0.711779
9,107,27.4846872,0,0,0.00246420813,0.0039552795,-1.54187543,0.711779
9,108,27.7397812,0,0,-0.000728764868,0.00376966387,-1.46951742,0.711779
9,109,27.9948828,0,0,-0.00223817089,0.00319960416,-1.24729265,0.711779
9,110,28.2501065,0,0,-0.00880386729,0.00095726862,-0.373169321,0.711779
9,111,28.5053353,0,0,-0.0236856809,-0.00507544886,1.97854789,0.711779
9,112,28.7606862,0,0,-0.000889531148,-0.00530201148,2.06686815,0.711779
9,113,29.0160458,0,0,0.00670565154,-0.00359408925,1.40107365,0.711779
9,114,29.2715352,0,0,0.0275914474,0.00343342274,-1.33844148,0.711779
9,115,29.5270392,0,0,-0.0368859583,-0.0059613912,2.32391228,0.711779
9,116,29.7826671,0,0,-0.00221568519,-0.00652572383,2.54390448,0.711779
9,117,30.0383179,0,0,0.00568396289,-0.00507802459,1.97955198,0.711779
9,118,30.2940981,0,0,0.0107135184,-0.00234930296,0.915822135,0.711779
9,119,30.5499081,0,0,0.00653207878,-0.000685589519,0.267261425,0.711779
9,120,30.8058407,0,0,0.0044886854,0.000457673826,-0.178413694,0.711779
9,121,31.06181,0,0,-0.00691916003,-0.0013046288,0.508579757,0.711779
9,122,31.317895,0,0,-0.00303225334,-0.00207694046,0.809647831,0.711779
9,123,31.574028,0,0,-0.0177393621,-0.00659513693,2.57096359,0.711779
9,124,31.8302792,0,0,-0.000895592073,-0.00682324327,2.65988564,0.711779
9,125,32.0865864,0,0,0.0312308049,0.00113120916,-0.440976072,0.711779
9,126,32.3430038,0,0,-0.0191247848,-0.00373985297,1.45789632,0.711779
9,127,32.5994856,0,0,-0.00924933838,-0.00609564952,2.37624983,0.711779
10,0,0.25654205,0,0,0,0.00238179439,-0.928488176,0.725094
10,1,0.513074946,0,0,-0.0061985465,0.000803031258,-0.313043406,0.725094
10,2,0.769436935,0,0,-0.0286011143,-0.00648164182,2.52672011,0.725094
10,3,1.02578222,0,0,0.0535490975,0.00715725576,-2.79009279,0.725094
10,4,1.281978,0,0,-0.0366420235,-0.00217542824,0.848041043,0.725094
10,5,1.53815114,0,0,-0.00123778353,-0.00249069038,0.970938791,0.725094
10,6,1.79419456,0,0,-0.015247188,-0.00637413278,2.48481017,0.725094
10,7,2.05020541,0,0,0.0496940217,0.00628288113,-2.44923779,0.725094
10,8,2.30608263,0,0,-0.00159126802,0.00587758687,-2.29124308,0.725094
10,9,2.56192635,0,0,-0.00878394936,0.00364032441,-1.41909738,0.725094
10,10,2.81766506,0,0,0.00760282951,0.00557675692,-2.17397139,0.725094
10,11,3.07336006,0,0,0.00466625022,0.00676524583,-2.63727666,0.725094
10,12,3.32894641,0,0,-0.0410217403,-0.00368294732,1.43571295,0.725094
10,13,3.584487,0,0,-0.00563930465,-0.00511927215,1.9956314,0.725094
10,14,3.83993485,0,0,0.049502943,0.00748907423,-2.91944464,0.725094
10,15,4.09533618,0,0,-0.021127473,0.00210792958,-0.821728231,0.725094
10,16,4.35065937,0,0,-0.0154058628,-0.00181592712,0.707897739,0.725094
10,17,4.60592512,0,0,-0.00596913198,-0.00333625862,1.30056427,0.725094
10,18,4.8611098,0,0,-0.00175242286,-0.00378259884,1.47455982,0.725094
10,19,5.1162377,0,0,-0.00159715411,-0.00418939228,1.63313895,0.725094
10,20,5.37129773,0,0,0.00744467488,-0.00229324159,0.893967888,0.725094
10,21,5.62630289,0,0,0.00585373477,-0.000802301636,0.312758979,0.725094
10,22,5.88125211,0,0,-9.05552782e-05,-0.000825365968,0.321750083,0.725094
10,23,6.13614215,0,0,0.0109270595,0.00195774434,-0.763181946,0.725094
10,24,6.39098057,0,0,-0.032915599,-0.00642582335,2.50496056,0.725094
10,25,6.64575558,0,0,0.055007013,0.00758440374,-2.95660668,0.725094
10,26,6.90048319,0,0,-0.0273830718,0.00060996479,-0.23778085,0.725094
10,27,7.15515174,0,0,-0.0169358896,-0.00370358808,1.44375928,0.725094
10,28,7.4097824,0,0,0.0386195291,0.00613276445,-2.39071824,0.725094
10,29,7.66435048,0,0,-0.0420978652,-0.00458951657,1.78911828,0.725094
10,30,7.91888418,0,0,-0.0107104424,-0.00731745473,2.8525427,0.725094
10,31,8.17336128,0,0,0.0445828783,0.00403775646,-1.57402719,0.725094
10,32,8.42781187,0,0,-0.00868874296,0.00182474297,-0.711334395,0.725094
10,33,8.68220295,0,0,-0.0162453327,-0.0023129258,0.90164133,0.725094
10,34,8.93657044,0,0,0.000304467978,-0.00223537814,0.871411142,0.725094
10,35,9.19087557,0,0,0.027034722,0.00465033649,-1.81282753,0.725094
10,36,9.44515996,0,0,0.000338590396,0.0047365751,-1.84644568,0.725094
10,37,9.69939005,0,0,0.0083041331,0.00685162887,-2.67095112,0.725094
10,38,9.95360519,0,0,-0.00897051631,0.00456684801,-1.78028145,0.725094
10,39,10.2077637,0,0,-0.0346156156,-0.00424971209,1.65665325,0.725094
10,40,10.4619096,0,0,0.00611534465,-0.00269214038,1.04946948,0.725094
10,41,10.7159966,0,0,-0.0032480454,-0.00351941405,1.37196323,0.725094
10,42,10.9700733,0,0,0.000635997764,-0.0033574261,1.30881593,0.725094
10,43,11.224101,0,0,0.0241159932,0.00278489143,-1.08562636,0.725094
10,44,11.4781222,0,0,-0.00628134958,0.00118503845,-0.461960189,0.725094
10,45,11.7320928,0,0,-0.00505250688,-0.000101829623,0.0396959543,0.725094
10,46,11.9860587,0,0,-0.00683414173,-0.00184247818,0.71824806,0.725094
10,47,12.2399852,0,0,-0.00438168568,-0.00295848881,1.15329933,0.725094
10,48,12.4939095,0,0,-0.00231262115,-0.00354751093,1.38291616,0.725094
10,49,12.7477932,0,0,0.0441799275,0.00770506913,-3.00364532,0.725094
10,50,13.0016757,0,0,-0.0167286632,0.00344429658,-1.3426804,0.725094
10,51,13.2562988,0,0,0.00150862236,0.00382854108,-1.49246935,0.725094
10,52,13.5101389,0,0,-0.0071486819,0.00200777948,-0.782687001,0.725094
10,53,13.7639523,0,0,-0.0235931392,-0.00400136771,1.55984187,0.725094
10,54,14.0177639,0,0,0.0432719572,0.00701995326,-2.73656854,0.725094
10,55,14.2715496,0,0,-0.0107370536,0.00428523725,-1.67050193,0.725094
10,56,14.525334,0,0,-0.0218652854,-0.00128382744,0.500470824,0.725094
10,57,14.7791059,0,0,0.0265852082,0.00548739651,-2.13913627,0.725094
10,58,15.0328743,0,0,-0.0355772603,-0.00357409345,1.39327875,0.725094
10,59,15.2866185,0,0,0.0119005083,-0.00054304677,0.211694388,0.725094
10,60,15.5403627,0,0,-0.0108711373,-0.00331191375,1.29107398,0.725094
10,61,15.7941069,0,0,-0.0012686442,-0.00363503607,1.41703584,0.725094
10,62,16.0478485,0,0,0.00120928101,-0.00332703349,1.29696806,0.725094
10,63,16.3015789,0,0,0.00979908085,-0.000831218132,0.324031416,0.725094
10,64,16.5553092,0,0,-0.00875515037,-0.00306114552,1.19331771,0.725094
10,65,16.8090396,0,0,-0.015607135,-0.00703626602,2.7429277,0.725094
10,66,17.0627734,0,0,0.0592090529,0.00804421611,-3.13585404,0.725094
10,67,17.3165176,0,0,-0.0196877144,0.00302977642,-1.18108918,0.725094
10,68,17.5702656,0,0,-0.0110230029,0.000222229434,-0.0866310723,0.725094
10,69,17.8240237,0,0,0.0147237329,0.00397234839,-1.54852935,0.725094
10,70,18.077786,0,0,0.00782385842,0.00596507671,-2.325349,0.725094
10,71,18.3315579,0,0,0.000293418406,0.00603981007,-2.35448209,0.725094
10,72,18.5853392,0,0,-0.0279511384,-0.00107931485,0.420746258,0.725094
10,73,18.8391388,0,0,-0.00340139722,-0.00194564706,0.758466097,0.725094
10,74,19.0929435,0,0,-0.00713644623,-0.00376329225,1.46703358,0.725094
10,75,19.3467569,0,0,-0.000878769507,-0.0039871139,1.55428534,0.725094
10,76,19.6005868,0,0,-0.0156461347,-0.00797216759,3.10776756,0.725094
10,77,19.8544419,0,0,0.0455239086,0.003622723,-1.41223587,0.725094
10,78,20.1083146,0,0,-0.0118522239,0.000603974303,-0.235445596,0.725094
10,79,20.3622112,0,0,-0.00834773954,-0.00152218598,0.593389461,0.725094
10,80,20.6161267,0,0,-0.00550209511,-0.0029235637,1.13968457,0.725094
10,81,20.8700649,0,0,0.0314497577,0.00508665577,-1.98291665,0.725094
10,82,21.1240233,0,0,-0.0229289087,-0.000753312616,0.293661728,0.725094
10,83,21.3780029,0,0,-0.018784632,-0.0055377382,2.15876083,0.725094
10,84,21.6320114,0,0,-0.00507200624,-0.00682957273,2.66235304,0.725094
10,85,21.8860465,0,0,8.49580641e-05,-0.00680793401,2.65391768,0.725094
10,86,22.1401121,0,0,0.0127315864,-0.00356521263,1.38981677,0.725094
10,87,22.3942026,0,0,-0.0175383191,-0.00803220365,3.13117125,0.725094
10,88,22.6483335,0,0,0.0418427541,0.00262510084,-1.02333564,0.725094
10,89,22.9024932,0,0,-0.0106531086,-8.82344632e-05,0.0343961915,0.725094
10,90,23.1566956,0,0,-0.00632816277,-0.00170001072,0.662710375,0.725094
10,91,23.4109246,0,0,0.00843496459,0.000448365695,-0.174785132,0.725094
10,92,23.6651986,0,0,0.00472744681,0.00165244132,-0.644166528,0.725094
10,93,23.9194968,0,0,3.71498486e-05,0.00166190334,-0.647855083,0.725094
10,94,24.1738518,0,0,0.00552175547,0.00306828852,-1.19610224,0.725094
10,95,24.4282331,0,0,-0.0039433904,0.00206391123,-0.804568682,0.725094
10,96,24.6826741,0,0,-0.00463819715,0.0008825674,-0.344048756,0.725094
10,97,24.9371386,0,0,0.000755870753,0.00107508687,-0.419098076,0.725094
10,98,25.191676,0,0,0.0238443606,0.00714821988,-2.78657036,0.725094
10,99,25.4462374,0,0,-0.00491773723,0.0058956775,-2.2982953,0.725094
10,100,25.7008753,0,0,-0.0107002524,0.00317033471,-1.23588262,0.725094
10,101,25.9555336,0,0,-3.92657294e-05,0.00316033377,-1.23198398,0.725094
10,102,26.210272,0,0,-0.0121002254,7.84193599e-05,-0.0305699975,0.725094
10,103,26.4650273,0,0,-0.0121370307,-0.00301286932,1.17449833,0.725094
10,104,26.7198782,0,0,-0.00240208616,-0.00362467809,1.41299802,0.725094
10,105,26.9747443,0,0,0.00867532079,-0.00141508321,0.551637887,0.725094
10,106,27.2297102,0,0,-0.00193344195,-0.00190752879,0.743606558,0.725094
10,107,27.4846872,0,0,-0.0205779063,-0.0071486994,2.78675729,0.725094
10,108,27.7397812,0,0,0.0336207237,0.00141446278,-0.551396028,0.725094
10,109,27.9948828,0,0,-0.0112600318,-0.00145345521,0.566596338,0.725094
10,110,28.2501065,0,0,0.011541665,0.00148619446,-0.579358986,0.725094
10,111,28.5053353,0,0,0.000228012714,0.00154426905,-0.601998041,0.725094
10,112,28.7606862,0,0,-0.0051931533,0.000221578489,-0.0863773164,0.725094
10,113,29.0160458,0,0,0.00458802876,0.00139014448,-0.541916095,0.725094
10,114,29.2715352,0,0,-0.0131957272,-0.00197079304,0.768268683,0.725094
10,115,29.5270392,0,0,0.0232898354,0.00396110301,-1.54414559,0.725094
10,116,29.7826671,0,0,-0.0130474628,0.000637928266,-0.248681773,0.725094
10,117,30.0383179,0,0,-0.0122647292,-0.00248588509,0.96906556,0.725094
10,118,30.2940981,0,0,-0.0119451748,-0.00552830826,2.15508479,0.725094
10,119,30.5499081,0,0,0.029353641,0.00194803255,-0.759396025,0.725094
10,120,30.8058407,0,0,-0.00445851215,0.000812454301,-0.316716764,0.725094
10,121,31.06181,0,0,-0.0343756429,-0.007942985,3.0963914,0.725094
10,122,31.317895,0,0,0.0325190423,0.000339580111,-0.132377555,0.725094
10,123,31.574028,0,0,-0.00571946186,-0.00111716068,0.43549959,0.725094
10,124,31.8302792,0,0,0.00238690635,-0.000509218196,0.19850709,0.725094
10,125,32.0865864,0,0,-0.0240240189,-0.00662810999,2.58381739,0.725094
10,126,32.3430038,0,0,-0.00488144862,-0.00787140971,3.0684894,0.725094
10,127,32.5994856,0,0,0.0289446688,-0.000499233673,0.194614852,0.725094
11,0,0.25654205,0,0,0,0.000715477049,-0.278912396,0.995092
11,1,0.513074946,0,0,-0.000107813334,0.000688017109,-0.268207765,0.995092
11,2,0.769436935,0,0,-0.000114240575,0.000658920157,-0.256864983,0.995092
11,3,1.02578222,0,0,-0.0001235699,0.000627447037,-0.244595905,0.995092
11,4,1.281978,0,0,-0.000118760592,0.000597198841,-0.232804337,0.995092
11,5,1.53815114,0,0,-0.00013797309,0.000562057244,-0.219105187,0.995092
11,6,1.79419456,0,0,-0.000124869653,0.000530253077,-0.206707059,0.995092
11,7,2.05020541,0,0,-9.58035288e-05,0.000505852021,-0.197194864,0.995092
11,8,2.30608263,0,0,-8.21791591e-05,0.000484921078,-0.189035413,0.995092
11,9,2.56192635,0,0,-7.17162074e-05,0.000466655037,-0.181914814,0.995092
11,10,2.81766506,0,0,-8.10699791e-05,0.000446006601,-0.173865493,0.995092
11,11,3.07336006,0,0,-0.000103223007,0.000419715812,-0.163616629,0.995092
11,12,3.32894641,0,0,-0.000141556601,0.000383661497,-0.149561677,0.995092
11,13,3.584487,0,0,-0.000161413242,0.000342549718,-0.133535189,0.995092
11,14,3.83993485,0,0,-0.000152194255,0.000303786005,-0.11842404,0.995092
11,15,4.09533618,0,0,-0.000116587215,0.000274091367,-0.106848263,0.995092
11,16,4.35065937,0,0,-7.64944286e-05,0.000254608318,-0.0992532411,0.995092
11,17,4.60592512,0,0,-0.000100029921,0.000229130805,-0.089321414,0.995092
11,18,4.8611098,0,0,-0.000115072607,0.000199821935,-0.0778960203,0.995092
11,19,5.1162377,0,0,-0.000160156409,0.00015903027,-0.0619943207,0.995092
11,20,5.37129773,0,0,-0.000152501185,0.000120188382,-0.0468526973,0.995092
11,21,5.62630289,0,0,-9.82204304e-05,9.5171744e-05,-0.037100532,0.995092
11,22,5.88125211,0,0,-0.000106337308,6.80877459e-05,-0.0265424536,0.995092
11,23,6.13614215,0,0,-0.000111954851,3.95729658e-05,-0.0154266174,0.995092
11,24,6.39098057,0,0,-0.000134410224,5.3388263e-06,-0.00208121957,0.995092
11,25,6.64575558,0,0,-0.000145206005,-3.16449871e-05,0.0123360759,0.995092
11,26,6.90048319,0,0,-0.000103689572,-5.80546096e-05,0.0226312644,0.995092
11,27,7.15515174,0,0,-0.00013039679,-9.1266532e-05,0.0355781742,0.995092
11,28,7.4097824,0,0,-0.00010945432,-0.00011914443,0.0464457363,0.995092
11,29,7.66435048,0,0,-0.000130003953,-0.000152256297,0.0593536419,0.995092
11,30,7.91888418,0,0,-0.000103322101,-0.000178572325,0.0696123447,0.995092
11,31,8.17336128,0,0,-0.00014040952,-0.000214334478,0.0835534041,0.995092
11,32,8.42781187,0,0,-0.000105752753,-0.000241269591,0.0940534428,0.995092
11,33,8.68220295,0,0,-0.000108949837,-0.000269018997,0.104870916,0.995092
11,34,8.93657044,0,0,-0.00013028167,-0.000302201599,0.117806395,0.995092
11,35,9.19087557,0,0,-0.000124121979,-0.000333815333,0.130130288,0.995092
11,36,9.44515996,0,0,-7.94797361e-05,-0.000354058737,0.138021717,0.995092
11,37,9.69939005,0,0,-9.98910478e-05,-0.000379500879,0.147939755,0.995092
11,38,9.95360519,0,0,-0.000138816511,-0.000414857295,0.161722647,0.995092
11,39,10.2077637,0,0,-6.65473049e-05,-0.000431806822,0.168330033,0.995092
11,40,10.4619096,0,0,-0.000103330016,-0.000458124867,0.178589522,0.995092
11,41,10.7159966,0,0,-0.000135351735,-0.000492598808,0.192028401,0.995092
11,42,10.9700733,0,0,-4.49929275e-05,-0.000504058458,0.196495684,0.995092
11,43,11.224101,0,0,-9.4471312e-05,-0.0005281202,0.205875605,0.995092
11,44,11.4781222,0,0,-0.000138892788,-0.000563496044,0.21966607,0.995092
11,45,11.7320928,0,0,3.64845625e-06,-0.000562566786,0.21930382,0.995092
11,46,11.9860587,0,0,-0.000132885774,-0.000596412649,0.232497858,0.995092
11,47,12.2399852,0,0,-0.000106326537,-0.000623493904,0.243054867,0.995092
11,48,12.4939095,0,0,7.02254026e-06,-0.000621705271,0.242357609,0.995092
11,49,12.7477932,0,0,-0.00016528702,-0.000663803697,0.258768719,0.995092
11,50,13.0016757,0,0,2.25498292e-05,-0.00065806028,0.256529779,0.995092
11,51,13.2562988,0,0,-0.000104484301,-0.000684672319,0.266903875,0.995092
11,52,13.5101389,0,0,-0.000111728326,-0.000713129404,0.27799722,0.995092
11,53,13.7639523,0,0,4.70400907e-05,-0.000701148343,0.273326677,0.995092
11,54,14.0177639,0,0,-0.000180278625,-0.000747065115,0.291226283,0.995092
11,55,14.2715496,0,0,9.60835639e-05,-0.000722592735,0.281686284,0.995092
11,56,14.525334,0,0,-0.00015801189,-0.000762838193,0.297375057,0.995092
11,57,14.7791059,0,0,6.3080802e-05,-0.000746771581,0.291111855,0.995092
11,58,15.0328743,0,0,-5.46583656e-05,-0.000760693008,0.296538805,0.995092
11,59,15.2866185,0,0,-2.01040641e-05,-0.000765813491,0.298534909,0.995092
11,60,15.5403627,0,0,2.46334868e-05,-0.000759539368,0.296089086,0.995092
11,61,15.7941069,0,0,-4.47657832e-05,-0.000770941165,0.300533816,0.995092
11,62,16.0478485,0,0,7.73819715e-05,-0.00075123206,0.292850671,0.995092
11,63,16.3015789,0,0,-9.89681707e-05,-0.000776439147,0.302677079,0.995092
11,64,16.5553092,0,0,0.000139722595,-0.000740851952,0.288804223,0.995092
11,65,16.8090396,0,0,-0.000120229214,-0.000771474204,0.300741609,0.995092
11,66,17.0627734,0,0,0.000126724904,-0.000739197507,0.288159275,0.995092
11,67,17.3165176,0,0,-2.06400714e-05,-0.000744454511,0.290208598,0.995092
11,68,17.5702656,0,0,8.21307487e-05,-0.000723535898,0.282053954,0.995092
11,69,17.8240237,0,0,6.51719106e-05,-0.000706936682,0.275583129,0.995092
11,70,18.077786,0,0,-2.99734447e-05,-0.000714570886,0.278559149,0.995092
11,71,18.3315579,0,0,0.000255565222,-0.000649478699,0.253184446,0.995092
11,72,18.5853392,0,0,-0.000176336087,-0.000694391311,0.270692602,0.995092
11,73,18.8391388,0,0,0.000366475085,-0.000601050501,0.234305818,0.995092
11,74,19.0929435,0,0,-0.00017939328,-0.000646741776,0.252117519,0.995092
11,75,19.3467569,0,0,0.000296287238,-0.000571277735,0.222699585,0.995092
11,76,19.6005868,0,0,1.39229879e-05,-0.000567731565,0.221317192,0.995092
11,77,19.8544419,0,0,3.96589289e-05,-0.000557630479,0.217379514,0.995092
11,78,20.1083146,0,0,0.000335700797,-0.000472127847,0.184048264,0.995092
11,79,20.3622112,0,0,-0.000128188047,-0.000504777204,0.196775871,0.995092
11,80,20.6161267,0,0,0.00034062445,-0.000418020523,0.162955759,0.995092
11,81,20.8700649,0,0,0.000121164509,-0.000387160053,0.150925509,0.995092
11,82,21.1240233,0,0,1.1974547e-05,-0.000384110148,0.149736574,0.995092
11,83,21.3780029,0,0,0.000381800942,-0.000286865859,0.111828107,0.995092
11,84,21.6320114,0,0,7.37847672e-05,-0.000268072958,0.104502124,0.995092
11,85,21.8860465,0,0,0.000110568618,-0.00023991125,0.0935239246,0.995092
11,86,22.1401121,0,0,0.000412136799,-0.00013494045,0.0526034544,0.995092
11,87,22.3942026,0,0,0.000103759428,-0.000108513036,0.04230133,0.995092
11,88,22.6483335,0,0,0.000153544731,-6.94053575e-05,0.0270560944,0.995092
11,89,22.9024932,0,0,0.00035524163,2.10743037e-05,-0.00821533626,0.995092
11,90,23.1566956,0,0,0.000251229768,8.50622555e-05,-0.0331595787,0.995092
11,91,23.4109246,0,0,0.00011471753,0.000114280687,-0.0445497173,0.995092
11,92,23.6651986,0,0,0.000307136331,0.00019250798,-0.0750448419,0.995092
11,93,23.9194968,0,0,0.000380894907,0.000289521504,-0.11286335,0.995092
11,94,24.1738518,0,0,0.000190816681,0.000338122307,-0.131809264,0.995092
11,95,24.4282331,0,0,0.000324023353,0.000420650707,-0.163981076,0.995092
11,96,24.6826741,0,0,0.000322500096,0.000502791135,-0.196001647,0.995092
11,97,24.9371386,0,0,0.000340633402,0.000589550096,-0.229822648,0.995092
11,98,25.191676,0,0,0.00031546241,0.000669898033,-0.261144457,0.995092
11,99,25.4462374,0,0,0.000391181287,0.000769531486,-0.299984285,0.995092
11,100,25.7008753,0,0,0.000295717311,0.000844850368,-0.329345631,0.995092
11,101,25.9555336,0,0,0.000357607844,0.000935932701,-0.364852,0.995092
11,102,26.210272,0,0,0.00038688774,0.00103447259,-0.403265527,0.995092
11,103,26.4650273,0,0,0.000499789215,0.00116176837,-0.45288888,0.995092
11,104,26.7198782,0,0,0.000401931753,0.00126413995,-0.492796106,0.995092
11,105,26.9747443,0,0,0.000312473977,0.00134372674,-0.523821198,0.995092
11,106,27.2297102,0,0,0.000304819698,0.00142136399,-0.554086307,0.995092
11,107,27.4846872,0,0,0.000484707012,0.00154481834,-0.60221217,0.995092
11,108,27.7397812,0,0,0.000603846974,0.00169861752,-0.662167267,0.995092
11,109,27.9948828,0,0,0.000666217589,0.00186830242,-0.728315054,0.995092
11,110,28.2501065,0,0,0.000497433096,0.0019949981,-0.777704471,0.995092
11,111,28.5053353,0,0,0.00036056862,0.00208683454,-0.813504811,0.995092
11,112,28.7606862,0,0,0.000282029818,0.00215866723,-0.841507146,0.995092
11,113,29.0160458,0,0,0.00034161274,0.00224567563,-0.875425383,0.995092
11,114,29.2715352,0,0,0.000529617572,0.00238056865,-0.928010351,0.995092
11,115,29.5270392,0,0,0.000682884679,0.00255449865,-0.995812989,0.995092
11,116,29.7826671,0,0,0.000751945731,0.00274601842,-1.0704726,0.995092
11,117,30.0383179,0,0,0.000862544413,0.00296570755,-1.15611339,0.995092
11,118,30.2940981,0,0,0.000747761615,0.00315616163,-1.23035757,0.995092
11,119,30.5499081,0,0,0.000588904443,0.00330615496,-1.28882904,0.995092
11,120,30.8058407,0,0,0.000685417409,0.00348073004,-1.35688315,0.995092
11,121,31.06181,0,0,0.00066266098,0.00364950908,-1.42267781,0.995092
11,122,31.317895,0,0,0.000530933512,0.00378473727,-1.47539343,0.995092
11,123,31.574028,0,0,0.000564262362,0.00392845429,-1.53141823,0.995092
11,124,31.8302792,0,0,0.000767952386,0.00412405094,-1.60766712,0.995092
11,125,32.0865864,0,0,0.000649168145,0.00428939336,-1.67212209,0.995092
11,126,32.3430038,0,0,0.000654035678,0.00445597555,-1.73706036,0.995092
11,127,32.5994856,0,0,0.000710032554,0.00463682008,-1.80755847,0.995092
12,0,0.25654205,0,0,0,-0.000677936187,0.264277948,0.990713
12,1,0.513074946,0,0,8.02550025e-05,-0.000657495324,0.256309544,0.990713
12,2,0.769436935,0,0,6.23185659e-05,-0.000641622852,0.250122023,0.990713
12,3,1.02578222,0,0,4.88792396e-05,-0.000629173362,0.245268874,0.990713
12,4,1.281978,0,0,5.15626647e-05,-0.000616040407,0.240149291,0.990713
12,5,1.53815114,0,0,0.000104249083,-0.000589488278,0.229798549,0.990713
12,6,1.79419456,0,0,0.000119747267,-0.000558988777,0.217909015,0.990713
12,7,2.05020541,0,0,0.000136607069,-0.000524195104,0.204345496,0.990713
12,8,2.30608263,0,0,0.000149295264,-0.000486169761,0.189522184,0.990713
12,9,2.56192635,0,0,0.00014653449,-0.000448847583,0.174972985,0.990713
12,10,2.81766506,0,0,7.32727094e-05,-0.000430185103,0.167697843,0.990713
12,11,3.07336006,0,0,9.0057203e-05,-0.00040724763,0.158756193,0.990713
12,12,3.32894641,0,0,6.82556916e-05,-0.000389862979,0.151979183,0.990713
12,13,3.584487,0,0,0.000130947539,-0.000356510782,0.138977591,0.990713
12,14,3.83993485,0,0,0.000161241643,-0.000315442708,0.12296814,0.990713
12,15,4.09533618,0,0,0.000139445977,-0.000279925968,0.109122749,0.990713
12,16,4.35065937,0,0,0.000110626193,-0.000251749596,0.0981388335,0.990713
12,17,4.60592512,0,0,0.000105170848,-0.000224962694,0.0876965712,0.990713
12,18,4.8611098,0,0,9.42317832e-05,-0.00020096196,0.0783404329,0.990713
12,19,5.1162377,0,0,0.000144388548,-0.000164186352,0.0640043016,0.990713
12,20,5.37129773,0,0,0.000155278425,-0.000124637104,0.04858693,0.990713
12,21,5.62630289,0,0,0.000126397232,-9.24438648e-05,0.0360371306,0.990713
12,22,5.88125211,0,0,8.82519365e-05,-6.99661915e-05,0.0272747227,0.990713
12,23,6.13614215,0,0,0.000122935676,-3.8654607e-05,0.0150686162,0.990713
12,24,6.39098057,0,0,0.00014396148,-1.98777274e-06,0.000774887829,0.990713
12,25,6.64575558,0,0,0.000111906337,2.6514651e-05,-0.0103361315,0.990713
12,26,6.90048319,0,0,0.000131984525,6.01309678e-05,-0.0234406852,0.990713
12,27,7.15515174,0,0,0.000111558626,8.85448299e-05,-0.0345171808,0.990713
12,28,7.4097824,0,0,0.000128247003,0.000121209204,-0.0472506414,0.990713
12,29,7.66435048,0,0,0.000110054853,0.000149240057,-0.0581778295,0.990713
12,30,7.91888418,0,0,0.000126518389,0.000181464154,-0.0707396585,0.990713
12,31,8.17336128,0,0,0.000126160689,0.000213597146,-0.0832659719,0.990713
12,32,8.42781187,0,0,8.43233232e-05,0.000235074206,-0.0916383134,0.990713
12,33,8.68220295,0,0,0.000139634712,0.000270639017,-0.105502443,0.990713
12,34,8.93657044,0,0,0.000137642047,0.000305696298,-0.119168724,0.990713
12,35,9.19087557,0,0,8.72610263e-05,0.000327921588,-0.127832746,0.990713
12,36,9.44515996,0,0,9.29304475e-05,0.000351590873,-0.137059676,0.990713
12,37,9.69939005,0,0,0.000158255008,0.000391898253,-0.152772589,0.990713
12,38,9.95360519,0,0,6.50548658e-05,0.000408467658,-0.159231793,0.990713
12,39,10.2077637,0,0,6.78086054e-05,0.000425738437,-0.165964412,0.990713
12,40,10.4619096,0,0,0.000180137659,0.000471619305,-0.183850021,0.990713
12,41,10.7159966,0,0,3.35776235e-05,0.00048017149,-0.187183895,0.990713
12,42,10.9700733,0,0,7.70712516e-05,0.000499801455,-0.194836189,0.990713
12,43,11.224101,0,0,0.000169779491,0.000543044108,-0.21169335,0.990713
12,44,11.4781222,0,0,1.37617156e-05,0.000546549202,-0.213059731,0.990713
12,45,11.7320928,0,0,0.000110091382,0.000574589359,-0.223990546,0.990713
12,46,11.9860587,0,0,0.000121212071,0.000605461943,-0.236025518,0.990713
12,47,12.2399852,0,0,-2.97517115e-05,0.000597884214,-0.233071514,0.990713
12,48,12.4939095,0,0,0.000193051753,0.000647054288,-0.252239345,0.990713
12,49,12.7477932,0,0,-2.66821384e-05,0.000640258376,-0.249590114,0.990713
12,50,13.0016757,0,0,8.71860289e-05,0.000662464564,-0.258246689,0.990713
12,51,13.2562988,0,0,0.000133653698,0.000696506017,-0.271516973,0.990713
12,52,13.5101389,0,0,-4.3019813e-05,0.000685548917,-0.267245597,0.990713
12,53,13.7639523,0,0,0.00020965724,0.000738948391,-0.288062163,0.990713
12,54,14.0177639,0,0,-0.000117648012,0.000708983569,-0.276381061,0.990713
12,55,14.2715496,0,0,0.00018582778,0.000756313705,-0.294831634,0.990713
12,56,14.525334,0,0,-0.000106655997,0.000729148537,-0.284241914,0.990713
12,57,14.7791059,0,0,0.000132851512,0.000762985674,-0.297432549,0.990713
12,58,15.0328743,0,0,-4.67987096e-05,0.000751066093,-0.292785973,0.990713
12,59,15.2866185,0,0,6.78048741e-05,0.000768335922,-0.299518221,0.990713
12,60,15.5403627,0,0,-2.98676751e-05,0.000760728657,-0.296552703,0.990713
12,61,15.7941069,0,0,2.96458224e-05,0.000768279416,-0.299496194,0.990713
12,62,16.0478485,0,0,-2.69709464e-05,0.000761409945,-0.296818287,0.990713
12,63,16.3015789,0,0,4.85870061e-05,0.000773785003,-0.301642421,0.990713
12,64,16.5553092,0,0,-9.87668912e-05,0.000748629182,-0.291835999,0.990713
12,65,16.8090396,0,0,9.10064744e-05,0.000771808433,-0.300871901,0.990713
12,66,17.0627734,0,0,-0.000208418963,0.000718724347,-0.280178281,0.990713
12,67,17.3165176,0,0,0.000193674512,0.000768053037,-0.299407945,0.990713
12,68,17.5702656,0,0,-0.00029457847,0.000693024218,-0.270159672,0.990713
12,69,17.8240237,0,0,0.000203206932,0.000744780805,-0.290335796,0.990713
12,70,18.077786,0,0,-0.000309284496,0.000666006376,-0.259627383,0.990713
12,71,18.3315579,0,0,0.00013022627,0.000699174867,-0.272557363,0.990713
12,72,18.5853392,0,0,-0.000159872398,0.000658455539,-0.256683862,0.990713
12,73,18.8391388,0,0,-0.000150508076,0.000620121294,-0.241740132,0.990713
12,74,19.0929435,0,0,9.41355017e-05,0.000644097505,-0.25108671,0.990713
12,75,19.3467569,0,0,-0.000352251092,0.00055437953,-0.216112206,0.990713
12,76,19.6005868,0,0,0.000100194084,0.000579898856,-0.226060332,0.990713
12,77,19.8544419,0,0,-0.000175133537,0.000535292532,-0.208671575,0.990713
12,78,20.1083146,0,0,-0.00021799087,0.000479770492,-0.187027575,0.990713
12,79,20.3622112,0,0,9.49031639e-05,0.000503942226,-0.196450374,0.990713
12,80,20.6161267,0,0,-0.000326974407,0.000420662196,-0.163985555,0.990713
12,81,20.8700649,0,0,-0.000151948139,0.000381961168,-0.148898843,0.990713
12,82,21.1240233,0,0,4.46572742e-05,0.000393335328,-0.153332799,0.990713
12,83,21.3780029,0,0,-0.00040082573,0.000291245445,-0.113535389,0.990713
12,84,21.6320114,0,0,-0.00015149488,0.000252659862,-0.0984936801,0.990713
12,85,21.8860465,0,0,-4.12156438e-05,0.000242162282,-0.0944014381,0.990713
12,86,22.1401121,0,0,-0.000296079738,0.000166751091,-0.0650041066,0.990713
12,87,22.3942026,0,0,-0.000321644347,8.48286217e-05,-0.0330685019,0.990713
12,88,22.6483335,0,0,-2.95407804e-05,7.73046167e-05,-0.0301354403,0.990713
12,89,22.9024932,0,0,-0.000321208984,-4.50696642e-06,0.00175693798,0.990713
12,90,23.1566956,0,0,-0.000312488655,-8.40974911e-05,0.0327834873,0.990713
12,91,23.4109246,0,0,-0.000168272689,-0.000126956364,0.0494910406,0.990713
12,92,23.6651986,0,0,-0.000272783901,-0.000196434131,0.076575362,0.990713
12,93,23.9194968,0,0,-0.000318950381,-0.00027767045,0.108243487,0.990713
12,94,24.1738518,0,0,-0.000219213757,-0.000333503958,0.130008905,0.990713
12,95,24.4282331,0,0,-0.000385460556,-0.000431680347,0.16828073,0.990713
12,96,24.6826741,0,0,-0.000235299439,-0.000491610861,0.191643273,0.990713
12,97,24.9371386,0,0,-0.00038468186,-0.000589588918,0.229837782,0.990713
12,98,25.191676,0,0,-0.000218324695,-0.000645195983,0.251514927,0.990713
12,99,25.4462374,0,0,-0.000399530269,-0.000746955913,0.291183713,0.990713
12,100,25.7008753,0,0,-0.000445548493,-0.000860436635,0.335421582,0.990713
12,101,25.9555336,0,0,-0.000442160873,-0.000973054534,0.379323099,0.990713
12,102,26.210272,0,0,-0.000269782659,-0.00104176789,0.406109431,0.990713
12,103,26.4650273,0,0,-0.000255463366,-0.00110683413,0.431474022,0.990713
12,104,26.7198782,0,0,-0.000287608955,-0.00118008782,0.460030301,0.990713
12,105,26.9747443,0,0,-0.000578926691,-0.00132753983,0.5175111,0.990713
12,106,27.2297102,0,0,-0.000628835479,-0.00148770355,0.579947271,0.990713
12,107,27.4846872,0,0,-0.000586675447,-0.00163712916,0.638197432,0.990713
12,108,27.7397812,0,0,-0.00045210041,-0.00175227864,0.683085832,0.990713
12,109,27.9948828,0,0,-0.000269474409,-0.00182091349,0.709841559,0.990713
12,110,28.2501065,0,0,-0.000343796221,-0.00190847801,0.743976591,0.990713
12,111,28.5053353,0,0,-0.000304170747,-0.00198594998,0.774177267,0.990713
12,112,28.7606862,0,0,-0.000549890351,-0.00212600646,0.82877509,0.990713
12,113,29.0160458,0,0,-0.000516838272,-0.00225764461,0.880091218,0.990713
12,114,29.2715352,0,0,-0.00066858284,-0.00242793194,0.946473847,0.990713
12,115,29.5270392,0,0,-0.000831214716,-0.00263964144,1.02900396,0.990713
12,116,29.7826671,0,0,-0.000745877465,-0.00282961562,1.10306106,0.990713
12,117,30.0383179,0,0,-0.000719601268,-0.00301289729,1.17450924,0.990713
12,118,30.2940981,0,0,-0.000717284747,-0.00319558895,1.24572741,0.990713
12,119,30.5499081,0,0,-0.000715352069,-0.00337778835,1.31675369,0.990713
12,120,30.8058407,0,0,-0.000495935278,-0.00350410253,1.36599439,0.990713
12,121,31.06181,0,0,-0.000712084017,-0.00368546957,1.43669619,0.990713
12,122,31.317895,0,0,-0.000426243519,-0.00379403333,1.47901729,0.990713
12,123,31.574028,0,0,-0.000739618246,-0.00398241331,1.55245292,0.990713
12,124,31.8302792,0,0,-0.000551341804,-0.00412283947,1.60719486,0.990713
12,125,32.0865864,0,0,-0.000825046936,-0.00433297804,1.68911258,0.990713
12,126,32.3430038,0,0,-0.000693247731,-0.00450954749,1.75794415,0.990713
12,127,32.5994856,0,0,-0.000919361132,-0.00474370778,1.8492262,0.990713
13,0,0.25654205,0,0,0,-0.000677936187,0.264277948,0.995034
13,1,0.513074946,0,0,8.02550025e-05,-0.000657495324,0.256309544,0.995034
13,2,0.769436935,0,0,6.23185659e-05,-0.000641622852,0.250122023,0.995034
13,3,1.02578222,0,0,4.88792396e-05,-0.000629173362,0.245268874,0.995034
13,4,1.281978,0,0,5.15626647e-05,-0.000616040407,0.240149291,0.995034
13,5,1.53815114,0,0,0.000104249083,-0.000589488278,0.229798549,0.995034
13,6,1.79419456,0,0,0.000119747267,-0.000558988777,0.217909015,0.995034
13,7,2.05020541,0,0,0.000136607069,-0.000524195104,0.204345496,0.995034
13,8,2.30608263,0,0,0.000149295264,-0.000486169761,0.189522184,0.995034
13,9,2.56192635,0,0,0.00014653449,-0.000448847583,0.174972985,0.995034
13,10,2.81766506,0,0,7.32727094e-05,-0.000430185103,0.167697843,0.995034
13,11,3.07336006,0,0,9.0057203e-05,-0.00040724763,0.158756193,0.995034
13,12,3.32894641,0,0,6.82556916e-05,-0.000389862979,0.151979183,0.995034
13,13,3.584487,0,0,0.000130947539,-0.000356510782,0.138977591,0.995034
13,14,3.83993485,0,0,0.000161241643,-0.000315442708,0.12296814,0.995034
13,15,4.09533618,0,0,0.000139445977,-0.000279925968,0.109122749,0.995034
13,16,4.35065937,0,0,0.000110626193,-0.000251749596,0.0981388335,0.995034
13,17,4.60592512,0,0,0.000105170848,-0.000224962694,0.0876965712,0.995034
13,18,4.8611098,0,0,9.42317832e-05,-0.00020096196,0.0783404329,0.995034
13,19,5.1162377,0,0,0.000144388548,-0.000164186352,0.0640043016,0.995034
13,20,5.37129773,0,0,0.000155278425,-0.000124637104,0.04858693,0.995034
13,21,5.62630289,0,0,0.000126397232,-9.24438648e-05,0.0360371306,0.995034
13,22,5.88125211,0,0,8.82519365e-05,-6.99661915e-05,0.0272747227,0.995034
13,23,6.13614215,0,0,0.000122935676,-3.8654607e-05,0.0150686162,0.995034
13,24,6.39098057,0,0,0.00014396148,-1.98777274e-06,0.000774887829,0.995034
13,25,6.64575558,0,0,0.000111906337,2.6514651e-05,-0.0103361315,0.995034
13,26,6.90048319,0,0,0.000131984525,6.01309678e-05,-0.0234406852,0.995034
13,27,7.15515174,0,0,0.000111558626,8.85448299e-05,-0.0345171808,0.995034
13,28,7.4097824,0,0,0.000128247003,0.000121209204,-0.0472506414,0.995034
13,29,7.66435048,0,0,0.000110054853,0.000149240057,-0.0581778295,0.995034
13,30,7.91888418,0,0,0.000126518389,0.000181464154,-0.0707396585,0.995034
13,31,8.17336128,0,0,0.000126160689,0.000213597146,-0.0832659719,0.995034
13,32,8.42781187,0,0,8.43233232e-05,0.000235074206,-0.0916383134,0.995034
13,33,8.68220295,0,0,0.000139634712,0.000270639017,-0.105502443,0.995034
13,34,8.93657044,0,0,0.000137642047,0.000305696298,-0.119168724,0.995034
13,35,9.19087557,0,0,8.72610263e-05,0.000327921588,-0.127832746,0.995034
13,36,9.44515996,0,0,9.29304475e-05,0.000351590873,-0.137059676,0.995034
13,37,9.69939005,0,0,0.000158255008,0.000391898253,-0.152772589,0.995034
13,38,9.95360519,0,0,6.50548658e-05,0.000408467658,-0.159231793,0.995034
13,39,10.2077637,0,0,6.78086054e-05,0.000425738437,-0.165964412,0.995034
13,40,10.4619096,0,0,0.000180137659,0.000471619305,-0.183850021,0.995034
13,41,10.7159966,0,0,3.35776235e-05,0.00048017149,-0.187183895,0.995034
13,42,10.9700733,0,0,7.70712516e-05,0.000499801455,-0.194836189,0.995034
13,43,11.224101,0,0,0.000169779491,0.000543044108,-0.21169335,0.995034
13,44,11.4781222,0,0,1.37617156e-05,0.000546549202,-0.213059731,0.995034
13,45,11.7320928,0,0,0.000110091382,0.000574589359,-0.223990546,0.995034
13,46,11.9860587,0,0,0.000121212071,0.000605461943,-0.236025518,0.995034
13,47,12.2399852,0,0,-2.97517115e-05,0.000597884214,-0.233071514,0.995034
13,48,12.4939095,0,0,0.000193051753,0.000647054288,-0.252239345,0.995034
13,49,12.7477932,0,0,-2.66821384e-05,0.000640258376,-0.249590114,0.995034
13,50,13.0016757,0,0,8.71860289e-05,0.000662464564,-0.258246689,0.995034
13,51,13.2562988,0,0,0.000133653698,0.000696506017,-0.271516973,0.995034
13,52,13.5101389,0,0,-4.3019813e-05,0.000685548917,-0.267245597,0.995034
13,53,13.7639523,0,0,0.00020965724,0.000738948391,-0.288062163,0.995034
13,54,14.0177639,0,0,-0.000117648012,0.000708983569,-0.276381061,0.995034
13,55,14.2715496,0,0,0.00018582778,0.000756313705,-0.294831634,0.995034
13,56,14.525334,0,0,-0.000106655997,0.000729148537,-0.284241914,0.995034
13,57,14.7791059,0,0,0.000132851512,0.000762985674,-0.297432549,0.995034
13,58,15.0328743,0,0,-4.67987096e-05,0.000751066093,-0.292785973,0.995034
13,59,15.2866185,0,0,6.78048741e-05,0.000768335922,-0.299518221,0.995034
13,60,15.5403627,0,0,-2.98676751e-05,0.000760728657,-0.296552703,0.995034
13,61,15.7941069,0,0,2.96458224e-05,0.000768279416,-0.299496194,0.995034
13,62,16.0478485,0,0,-2.69709464e-05,0.000761409945,-0.296818287,0.995034
13,63,16.3015789,0,0,4.85870061e-05,0.000773785003,-0.301642421,0.995034
13,64,16.5553092,0,0,-9.87668912e-05,0.000748629182,-0.291835999,0.995034
13,65,16.8090396,0,0,9.10064744e-05,0.000771808433,-0.300871901,0.995034
13,66,17.0627734,0,0,-0.000208418963,0.000718724347,-0.280178281,0.995034
13,67,17.3165176,0,0,0.000193674512,0.000768053037,-0.299407945,0.995034
13,68,17.5702656,0,0,-0.00029457847,0.000693024218,-0.270159672,0.995034
13,69,17.8240237,0,0,0.000203206932,0.000744780805,-0.290335796,0.995034
13,70,18.077786,0,0,-0.000309284496,0.000666006376,-0.259627383,0.995034
13,71,18.3315579,0,0,0.00013022627,0.000699174867,-0.272557363,0.995034
13,72,18.5853392,0,0,-0.000159872398,0.000658455539,-0.256683862,0.995034
13,73,18.8391388,0,0,-0.000150508076,0.000620121294,-0.241740132,0.995034
13,74,19.0929435,0,0,9.41355017e-05,0.000644097505,-0.25108671,0.995034
13,75,19.3467569,0,0,-0.000352251092,0.00055437953,-0.216112206,0.995034
13,76,19.6005868,0,0,0.000100194084,0.000579898856,-0.226060332,0.995034
13,77,19.8544419,0,0,-0.000175133537,0.000535292532,-0.208671575,0.995034
13,78,20.1083146,0,0,-0.00021799087,0.000479770492,-0.187027575,0.995034
13,79,20.3622112,0,0,9.49031639e-05,0.000503942226,-0.196450374,0.995034
13,80,20.6161267,0,0,-0.000326974407,0.000420662196,-0.163985555,0.995034
13,81,20.8700649,0,0,-0.000151948139,0.000381961168,-0.148898843,0.995034
13,82,21.1240233,0,0,4.46572742e-05,0.000393335328,-0.153332799,0.995034
13,83,21.3780029,0,0,-0.00040082573,0.000291245445,-0.113535389,0.995034
13,84,21.6320114,0,0,-0.00015149488,0.000252659862,-0.0984936801,0.995034
13,85,21.8860465,0,0,-4.12156438e-05,0.000242162282,-0.0944014381,0.995034
13,86,22.1401121,0,0,-0.000296079738,0.000166751091,-0.0650041066,0.995034
13,87,22.3942026,0,0,-0.000321644347,8.48286217e-05,-0.0330685019,0.995034
13,88,22.6483335,0,0,-2.95407804e-05,7.73046167e-05,-0.0301354403,0.995034
13,89,22.9024932,0,0,-0.000321208984,-4.50696642e-06,0.00175693798,0.995034
13,90,23.1566956,0,0,-0.000312488655,-8.40974911e-05,0.0327834873,0.995034
13,91,23.4109246,0,0,-0.000168272689,-0.000126956364,0.0494910406,0.995034
13,92,23.6651986,0,0,-0.000272783901,-0.000196434131,0.076575362,0.995034
13,93,23.9194968,0,0,-0.000318950381,-0.00027767045,0.108243487,0.995034
13,94,24.1738518,0,0,-0.000219213757,-0.000333503958,0.130008905,0.995034
13,95,24.4282331,0,0,-0.000385460556,-0.000431680347,0.16828073,0.995034
13,96,24.6826741,0,0,-0.000235299439,-0.000491610861,0.191643273,0.995034
13,97,24.9371386,0,0,-0.00038468186,-0.000589588918,0.229837782,0.995034
13,98,25.191676,0,0,-0.000218324695,-0.000645195983,0.251514927,0.995034
13,99,25.4462374,0,0,-0.000399530269,-0.000746955913,0.291183713,0.995034
13,100,25.7008753,0,0,-0.000445548493,-0.000860436635,0.335421582,0.995034
13,101,25.9555336,0,0,-0.000442160873,-0.000973054534,0.379323099,0.995034
13,102,26.210272,0,0,-0.000269782659,-0.00104176789,0.406109431,0.995034
13,103,26.4650273,0,0,-0.000255463366,-0.00110683413,0.431474022,0.995034
13,104,26.7198782,0,0,-0.000287608955,-0.00118008782,0.460030301,0.995034
13,105,26.9747443,0,0,-0.000578926691,-0.00132753983,0.5175111,0.995034
13,106,27.2297102,0,0,-0.000628835479,-0.00148770355,0.579947271,0.995034
13,107,27.4846872,0,0,-0.000586675447,-0.00163712916,0.638197432,0.995034
13,108,27.7397812,0,0,-0.00045210041,-0.00175227864,0.683085832,0.995034
13,109,27.9948828,0,0,-0.000269474409,-0.00182091349,0.709841559,0.995034
13,110,28.2501065,0,0,-0.000343796221,-0.00190847801,0.743976591,0.995034
13,111,28.5053353,0,0,-0.000304170747,-0.00198594998,0.774177267,0.995034
13,112,28.7606862,0,0,-0.000549890351,-0.00212600646,0.82877509,0.995034
13,113,29.0160458,0,0,-0.000516838272,-0.00225764461,0.880091218,0.995034
13,114,29.2715352,0,0,-0.00066858284,-0.00242793194,0.946473847,0.995034
13,115,29.5270392,0,0,-0.000831214716,-0.00263964144,1.02900396,0.995034
13,116,29.7826671,0,0,-0.000745877465,-0.00282961562,1.10306106,0.995034
13,117,30.0383179,0,0,-0.000719601268,-0.00301289729,1.17450924,0.995034
13,118,30.2940981,0,0,-0.000717284747,-0.00319558895,1.24572741,0.995034
13,119,30.5499081,0,0,-0.000715352069,-0.00337778835,1.31675369,0.995034
13,120,30.8058407,0,0,-0.000495935278,-0.00350410253,1.36599439,0.995034
13,121,31.06181,0,0,-0.000712084017,-0.00368546957,1.43669619,0.995034
13,122,31.317895,0,0,-0.000426243519,-0.00379403333,1.47901729,0.995034
13,123,31.574028,0,0,-0.000739618246,-0.00398241331,1.55245292,0.995034
13,124,31.8302792,0,0,-0.000551341804,-0.00412283947,1.60719486,0.995034
13,125,32.0865864,0,0,-0.000825046936,-0.00433297804,1.68911258,0.995034
13,126,32.3430038,0,0,-0.000693247731,-0.00450954749,1.75794415,0.995034
13,127,32.5994856,0,0,-0.000919361132,-0.00474370778,1.8492262,0.995034
14,0,0.25654205,0,0,0,0.00143776627,-0.56048036,0.672129
14,1,0.513074946,0,0,0.00648140502,0.00308857316,-1.20400975,0.672129
14,2,0.769436935,0,0,0.00958503669,0.0055298717,-2.15569426,0.672129
14,3,1.02578222,0,0,-0.0216254102,2.19029607e-05,-0.00853836928,0.672129
14,4,1.281978,0,0,-0.0052853127,-0.0013242605,0.51623273,0.672129
14,5,1.53815114,0,0,-0.00826850123,-0.00343023888,1.33720033,0.672129
14,6,1.79419456,0,0,-0.0144180249,-0.00710249432,2.76874529,0.672129
14,7,2.05020541,0,0,0.00572397403,-0.00564460428,2.20042014,0.672129
14,8,2.30608263,0,0,0.0163063855,-0.00149138543,0.581382567,0.672129
14,9,2.56192635,0,0,-0.00531105966,-0.00284410661,1.10871004,0.672129
14,10,2.81766506,0,0,0.0027218215,-0.0021508616,0.8384643,0.672129
14,11,3.07336006,0,0,0.0124044997,0.00100855113,-0.393160636,0.672129
14,12,3.32894641,0,0,0.00739108938,0.00289105365,-1.12701127,0.672129
14,13,3.584487,0,0,-0.0403370193,-0.00738274181,2.87799338,0.672129
14,14,3.83993485,0,0,0.0114491458,-0.00446665668,1.74122415,0.672129
14,15,4.09533618,0,0,0.0164940143,-0.000265648964,0.103557185,0.672129
14,16,4.35065937,0,0,0.00283615866,0.000456717598,-0.17804093,0.672129
14,17,4.60592512,0,0,-0.00439041765,-0.000661517058,0.257877325,0.672129
14,18,4.8611098,0,0,-0.00150688932,-0.00104532015,0.407494199,0.672129
14,19,5.1162377,0,0,-0.00407377296,-0.00208290574,0.811973259,0.672129
14,20,5.37129773,0,0,0.00572663559,-0.000624337812,0.243383845,0.672129
14,21,5.62630289,0,0,0.000166149486,-0.000582019717,0.226887102,0.672129
14,22,5.88125211,0,0,0.000660217881,-0.000413862932,0.161335017,0.672129
14,23,6.13614215,0,0,0.0154947554,0.00353263462,-1.37711697,0.672129
14,24,6.39098057,0,0,-0.037420657,-0.00599836649,2.33832626,0.672129
14,25,6.64575558,0,0,0.0322624076,0.00221883405,-0.864961806,0.672129
14,26,6.90048319,0,0,0.00519745072,0.00354261916,-1.38100922,0.672129
14,27,7.15515174,0,0,-0.0262104449,-0.00313315298,1.22138817,0.672129
14,28,7.4097824,0,0,0.00883092687,-0.000883925399,0.34457814,0.672129
14,29,7.66435048,0,0,0.00961304625,0.00156450715,-0.6098874,0.672129
14,30,7.91888418,0,0,0.00291102436,0.00230594192,-0.898918823,0.672129
14,31,8.17336128,0,0,-0.0126787877,-0.000923331683,0.359939781,0.672129
14,32,8.42781187,0,0,0.0121570669,0.00217306018,-0.84711791,0.672129
14,33,8.68220295,0,0,-0.0032987738,0.00133286604,-0.519587402,0.672129
14,34,8.93657044,0,0,-0.00275738369,0.000630563378,-0.24581074,0.672129
14,35,9.19087557,0,0,-0.0334507721,-0.00788931231,3.07546832,0.672129
14,36,9.44515996,0,0,-0.000661421024,-0.00805777553,3.14113987,0.672129
14,37,9.69939005,0,0,0.0414880838,0.00250919481,-0.97815232,0.672129
14,38,9.95360519,0,0,0.0103527451,0.00514602786,-2.0060615,0.672129
14,39,10.2077637,0,0,-0.0488191522,-0.00728815772,2.84112193,0.672129
14,40,10.4619096,0,0,0.00766053144,-0.0053370286,2.08051878,0.672129
14,41,10.7159966,0,0,0.00358711956,-0.0044233931,1.72435883,0.672129
14,42,10.9700733,0,0,0.00926158146,-0.00206447826,0.804789725,0.672129
14,43,11.224101,0,0,0.0268087433,0.00476367983,-1.85701185,0.672129
14,44,11.4781222,0,0,-0.0473396358,-0.00729367452,2.84327253,0.672129
14,45,11.7320928,0,0,0.025567887,-0.000781561181,0.304673787,0.672129
14,46,11.9860587,0,0,-0.00156898128,-0.00118117903,0.460455682,0.672129
14,47,12.2399852,0,0,-0.00904854998,-0.00348583498,1.3588732,0.672129
14,48,12.4939095,0,0,-0.0117056511,-0.00646725175,2.52111047,0.672129
14,49,12.7477932,0,0,0.00350177384,-0.00557535371,2.17342438,0.672129
14,50,13.0016757,0,0,0.00307102336,-0.00479316736,1.86850689,0.672129
14,51,13.2562988,0,0,0.0226093275,0.000965404056,-0.376340735,0.672129
14,52,13.5101389,0,0,0.0116299519,0.00392754031,-1.53106194,0.672129
14,53,13.7639523,0,0,-0.00169674828,0.00349538035,-1.36259424,0.672129
14,54,14.0177639,0,0,-0.00342542127,0.00262292923,-1.02248909,0.672129
14,55,14.2715496,0,0,-0.00837746716,0.000489197353,-0.190702422,0.672129
14,56,14.525334,0,0,0.00634978845,0.00210648165,-0.821163788,0.672129
14,57,14.7791059,0,0,0.00521600695,0.00343499301,-1.33905362,0.672129
14,58,15.0328743,0,0,0.0117610148,0.00643051083,-2.50678787,0.672129
14,59,15.2866185,0,0,-0.039916419,-0.00373615818,1.45645598,0.672129
14,60,15.5403627,0,0,0.00402570347,-0.00271081583,1.05674968,0.672129
14,61,15.7941069,0,0,0.00711255109,-0.000899256715,0.350554704,0.672129
14,62,16.0478485,0,0,0.0242391775,0.00527443574,-2.05611838,0.672129
14,63,16.3015789,0,0,-0.0375025886,-0.00427743326,1.66745972,0.672129
14,64,16.5553092,0,0,0.0250969921,0.00211474364,-0.824384537,0.672129
14,65,16.8090396,0,0,0.0110713392,0.00493460183,-1.92364188,0.672129
14,66,17.0627734,0,0,0.0011367386,0.00522412792,-2.03650703,0.672129
14,67,17.3165176,0,0,-0.00460137688,0.00405216218,-1.57964293,0.672129
14,68,17.5702656,0,0,0.00892874564,0.0063263041,-2.46616525,0.672129
14,69,17.8240237,0,0,-0.0461910116,-0.0054384969,2.12007388,0.672129
14,70,18.077786,0,0,0.0241712582,0.000717896567,-0.27985559,0.672129
14,71,18.3315579,0,0,0.0132751204,0.00409905546,-1.59792321,0.672129
14,72,18.5853392,0,0,0.00574137107,0.0055613765,-2.16797569,0.672129
14,73,18.8391388,0,0,-0.00633022345,0.00394907539,-1.5394569,0.672129
14,74,19.0929435,0,0,0.0112352606,0.00681068419,-2.65498977,0.672129
14,75,19.3467569,0,0,-0.0489303829,-0.00565183174,2.20323759,0.672129
14,76,19.6005868,0,0,0.0235216514,0.000339107595,-0.132193355,0.672129
14,77,19.8544419,0,0,0.0054652544,0.00173110202,-0.674830607,0.672129
14,78,20.1083146,0,0,-0.0240506003,-0.00439456004,1.71311892,0.672129
14,79,20.3622112,0,0,0.00168828291,-0.0039645562,1.54549174,0.672129
14,80,20.6161267,0,0,0.00964778628,-0.0015072754,0.587576911,0.672129
14,81,20.8700649,0,0,0.00239254019,-0.000897897989,0.350025036,0.672129
14,82,21.1240233,0,0,-0.00343743639,-0.00177340934,0.691323153,0.672129
14,83,21.3780029,0,0,0.00196189015,-0.00127371803,0.496529901,0.672129
14,84,21.6320114,0,0,0.00232098885,-0.000682564665,0.266082255,0.672129
14,85,21.8860465,0,0,-0.0171722819,-0.00505632641,1.97109344,0.672129
14,86,22.1401121,0,0,0.0352653697,0.00392572535,-1.53035442,0.672129
14,87,22.3942026,0,0,0.00800624861,0.00596490827,-2.32528333,0.672129
14,88,22.6483335,0,0,-0.00620663686,0.00438408453,-1.70903528,0.672129
14,89,22.9024932,0,0,-0.00158573201,0.0039802003,-1.55159023,0.672129
14,90,23.1566956,0,0,0.000297612214,0.00405600181,-1.58113972,0.672129
14,91,23.4109246,0,0,-0.020856704,-0.00125617829,0.489692432,0.672129
14,92,23.6651986,0,0,-0.00188378318,-0.00173597584,0.676730556,0.672129
14,93,23.9194968,0,0,0.0241463719,0.00441407912,-1.72072799,0.672129
14,94,24.1738518,0,0,-0.00816208657,0.00233520445,-0.91032615,0.672129
14,95,24.4282331,0,0,0.00344438311,0.00321248512,-1.252314,0.672129
14,96,24.6826741,0,0,-0.0367728412,-0.00615351801,2.39880854,0.672129
14,97,24.9371386,0,0,0.0321798636,0.00204265865,-0.796283847,0.672129
14,98,25.191676,0,0,0.00197609834,0.00254596877,-0.99248781,0.672129
14,99,25.4462374,0,0,-0.0132645995,-0.000832510478,0.324535207,0.672129
14,100,25.7008753,0,0,-0.026116951,-0.00748446983,2.91764972,0.672129
14,101,25.9555336,0,0,-0.000901157513,-0.00771399368,3.00712436,0.672129
14,102,26.210272,0,0,0.00810683717,-0.00564919097,2.20220815,0.672129
14,103,26.4650273,0,0,0.00971310992,-0.00317527231,1.23780743,0.672129
14,104,26.7198782,0,0,0.00802706326,-0.00113078793,0.440811862,0.672129
14,105,26.9747443,0,0,0.00285131491,-0.000404561085,0.157708905,0.672129
14,106,27.2297102,0,0,0.00753474012,0.00151452912,-0.590404608,0.672129
14,107,27.4846872,0,0,-0.0325375274,-0.00677274412,2.6401997,0.672129
14,108,27.7397812,0,0,0.00374022993,-0.00582011158,2.26883765,0.672129
14,109,27.9948828,0,0,0.0164153779,-0.00163913248,0.638978381,0.672129
14,110,28.2501065,0,0,0.00118473267,-0.00133738234,0.521347977,0.672129
14,111,28.5053353,0,0,0.0201983548,0.00380711693,-1.48411763,0.672129
14,112,28.7606862,0,0,-0.00849877694,0.00164248758,-0.640286291,0.672129
14,113,29.0160458,0,0,-0.0228138316,-0.00416817081,1.62486625,0.672129
14,114,29.2715352,0,0,-0.00328112706,-0.00500387035,1.95064464,0.672129
14,115,29.5270392,0,0,0.0399359599,0.00516777571,-2.0145394,0.672129
14,116,29.7826671,0,0,0.00120561081,0.00547484349,-2.13424277,0.672129
14,117,30.0383179,0,0,-0.0527697304,-0.00796555012,3.10518789,0.672129
14,118,30.2940981,0,0,0.00554977476,-0.00655202845,2.55415874,0.672129
14,119,30.5499081,0,0,0.0171491879,-0.00218414872,0.851440523,0.672129
14,120,30.8058407,0,0,0.0030094996,-0.0014176324,0.552631634,0.672129
14,121,31.06181,0,0,-0.0023907439,-0.00202655231,0.790005159,0.672129
14,122,31.317895,0,0,0.0163518802,0.002138254,-0.833549516,0.672129
14,123,31.574028,0,0,0.00645879214,0.00378330142,-1.4748337,0.672129
14,124,31.8302792,0,0,-0.0160565889,-0.000306294514,0.119401925,0.672129
14,125,32.0865864,0,0,0.0086049724,0.00188538271,-0.734973412,0.672129
14,126,32.3430038,0,0,-0.00369232824,0.000944950673,-0.36836745,0.672129
14,127,32.5994856,0,0,-0.00595659443,-0.000572187527,0.223054247,0.672129
15,0,0.25654205,0,0,0,0.00238179439,-0.928488176,0.742907
15,1,0.513074946,0,0,-0.0061985465,0.000803031258,-0.313043406,0.742907
15,2,0.769436935,0,0,-0.0286011143,-0.00648164182,2.52672011,0.742907
15,3,1.02578222,0,0,0.0535490975,0.00715725576,-2.79009279,0.742907
15,4,1.281978,0,0,-0.0366420235,-0.00217542824,0.848041043,0.742907
15,5,1.53815114,0,0,-0.00123778353,-0.00249069038,0.970938791,0.742907
15,6,1.79419456,0,0,-0.015247188,-0.00637413278,2.48481017,0.742907
15,7,2.05020541,0,0,0.0496940217,0.00628288113,-2.44923779,0.742907
15,8,2.30608263,0,0,-0.00159126802,0.00587758687,-2.29124308,0.742907
15,9,2.56192635,0,0,-0.00878394936,0.00364032441,-1.41909738,0.742907
15,10,2.81766506,0,0,0.00760282951,0.00557675692,-2.17397139,0.742907
15,11,3.07336006,0,0,0.00466625022,0.00676524583,-2.63727666,0.742907
15,12,3.32894641,0,0,-0.0410217403,-0.00368294732,1.43571295,0.742907
15,13,3.584487,0,0,-0.00563930465,-0.00511927215,1.9956314,0.742907
15,14,3.83993485,0,0,0.049502943,0.00748907423,-2.91944464,0.742907
15,15,4.09533618,0,0,-0.021127473,0.00210792958,-0.821728231,0.742907
15,16,4.35065937,0,0,-0.0154058628,-0.00181592712,0.707897739,0.742907
15,17,4.60592512,0,0,-0.00596913198,-0.00333625862,1.30056427,0.742907
15,18,4.8611098,0,0,-0.00175242286,-0.00378259884,1.47455982,0.742907
15,19,5.1162377,0,0,-0.00159715411,-0.00418939228,1.63313895,0.742907
15,20,5.37129773,0,0,0.00744467488,-0.00229324159,0.893967888,0.742907
15,21,5.62630289,0,0,0.00585373477,-0.000802301636,0.312758979,0.742907
15,22,5.88125211,0,0,-9.05552782e-05,-0.000825365968,0.321750083,0.742907
15,23,6.13614215,0,0,0.0109270595,0.00195774434,-0.763181946,0.742907
15,24,6.39098057,0,0,-0.032915599,-0.00642582335,2.50496056,0.742907
15,25,6.64575558,0,0,0.055007013,0.00758440374,-2.95660668,0.742907
15,26,6.90048319,0,0,-0.0273830718,0.00060996479,-0.23778085,0.742907
15,27,7.15515174,0,0,-0.0169358896,-0.00370358808,1.44375928,0.742907
15,28,7.4097824,0,0,0.0386195291,0.00613276445,-2.39071824,0.742907
15,29,7.66435048,0,0,-0.0420978652,-0.00458951657,1.78911828,0.742907
15,30,7.91888418,0,0,-0.0107104424,-0.00731745473,2.8525427,0.742907
15,31,8.17336128,0,0,0.0445828783,0.00403775646,-1.57402719,0.742907
15,32,8.42781187,0,0,-0.00868874296,0.00182474297,-0.711334395,0.742907
15,33,8.68220295,0,0,-0.0162453327,-0.0023129258,0.90164133,0.742907
15,34,8.93657044,0,0,0.000304467978,-0.00223537814,0.871411142,0.742907
15,35,9.19087557,0,0,0.027034722,0.00465033649,-1.81282753,0.742907
15,36,9.44515996,0,0,0.000338590396,0.0047365751,-1.84644568,0.742907
15,37,9.69939005,0,0,0.0083041331,0.00685162887,-2.67095112,0.742907
15,38,9.95360519,0,0,-0.00897051631,0.00456684801,-1.78028145,0.742907
15,39,10.2077637,0,0,-0.0346156156,-0.00424971209,1.65665325,0.742907
15,40,10.4619096,0,0,0.00611534465,-0.00269214038,1.04946948,0.742907
15,41,10.7159966,0,0,-0.0032480454,-0.00351941405,1.37196323,0.742907
15,42,10.9700733,0,0,0.000635997764,-0.0033574261,1.30881593,0.742907
15,43,11.224101,0,0,0.0241159932,0.00278489143,-1.08562636,0.742907
15,44,11.4781222,0,0,-0.00628134958,0.00118503845,-0.461960189,0.742907
15,45,11.7320928,0,0,-0.00505250688,-0.000101829623,0.0396959543,0.742907
15,46,11.9860587,0,0,-0.00683414173,-0.00184247818,0.71824806,0.742907
15,47,12.2399852,0,0,-0.00438168568,-0.00295848881,1.15329933,0.742907
15,48,12.4939095,0,0,-0.00231262115,-0.00354751093,1.38291616,0.742907
15,49,12.7477932,0,0,0.0441799275,0.00770506913,-3.00364532,0.742907
15,50,13.0016757,0,0,-0.0167286632,0.00344429658,-1.3426804,0.742907
15,51,13.2562988,0,0,0.00150862236,0.00382854108,-1.49246935,0.742907
15,52,13.5101389,0,0,-0.0071486819,0.00200777948,-0.782687001,0.742907
15,53,13.7639523,0,0,-0.0235931392,-0.00400136771,1.55984187,0.742907
15,54,14.0177639,0,0,0.0432719572,0.00701995326,-2.73656854,0.742907
15,55,14.2715496,0,0,-0.0107370536,0.00428523725,-1.67050193,0.742907
15,56,14.525334,0,0,-0.0218652854,-0.00128382744,0.500470824,0.742907
15,57,14.7791059,0,0,0.0265852082,0.00548739651,-2.13913627,0.742907
15,58,15.0328743,0,0,-0.0355772603,-0.00357409345,1.39327875,0.742907
15,59,15.2866185,0,0,0.0119005083,-0.00054304677,0.211694388,0.742907
15,60,15.5403627,0,0,-0.0108711373,-0.00331191375,1.29107398,0.742907
15,61,15.7941069,0,0,-0.0012686442,-0.00363503607,1.41703584,0.742907
15,62,16.0478485,0,0,0.00120928101,-0.00332703349,1.29696806,0.742907
15,63,16.3015789,0,0,0.00979908085,-0.000831218132,0.324031416,0.742907
15,64,16.5553092,0,0,-0.00875515037,-0.00306114552,1.19331771,0.742907
15,65,16.8090396,0,0,-0.015607135,-0.00703626602,2.7429277,0.742907
15,66,17.0627734,0,0,0.0592090529,0.00804421611,-3.13585404,0.742907
15,67,17.3165176,0,0,-0.0196877144,0.00302977642,-1.18108918,0.742907
15,68,17.5702656,0,0,-0.0110230029,0.000222229434,-0.0866310723,0.742907
15,69,17.8240237,0,0,0.0147237329,0.00397234839,-1.54852935,0.742907
15,70,18.077786,0,0,0.00782385842,0.00596507671,-2.325349,0.742907
15,71,18.3315579,0,0,0.000293418406,0.00603981007,-2.35448209,0.742907
15,72,18.5853392,0,0,-0.0279511384,-0.00107931485,0.420746258,0.742907
15,73,18.8391388,0,0,-0.00340139722,-0.00194564706,0.758466097,0.742907
15,74,19.0929435,0,0,-0.00713644623,-0.00376329225,1.46703358,0.742907
15,75,19.3467569,0,0,-0.000878769507,-0.0039871139,1.55428534,0.742907
15,76,19.6005868,0,0,-0.0156461347,-0.00797216759,3.10776756,0.742907
15,77,19.8544419,0,0,0.0455239086,0.003622723,-1.41223587,0.742907
15,78,20.1083146,0,0,-0.0118522239,0.000603974303,-0.235445596,0.742907
15,79,20.3622112,0,0,-0.00834773954,-0.00152218598,0.593389461,0.742907
15,80,20.6161267,0,0,-0.00550209511,-0.0029235637,1.13968457,0.742907
15,81,20.8700649,0,0,0.0314497577,0.00508665577,-1.98291665,0.742907
15,82,21.1240233,0,0,-0.0229289087,-0.000753312616,0.293661728,0.742907
15,83,21.3780029,0,0,-0.018784632,-0.0055377382,2.15876083,0.742907
15,84,21.6320114,0,0,-0.00507200624,-0.00682957273,2.66235304,0.742907
15,85,21.8860465,0,0,8.49580641e-05,-0.00680793401,2.65391768,0.742907
15,86,22.1401121,0,0,0.0127315864,-0.00356521263,1.38981677,0.742907
15,87,22.3942026,0,0,-0.0175383191,-0.00803220365,3.13117125,0.742907
15,88,22.6483335,0,0,0.0418427541,0.00262510084,-1.02333564,0.742907
15,89,22.9024932,0,0,-0.0106531086,-8.82344632e-05,0.0343961915,0.742907
15,90,23.1566956,0,0,-0.00632816277,-0.00170001072,0.662710375,0.742907
15,91,23.4109246,0,0,0.00843496459,0.000448365695,-0.174785132,0.742907
15,92,23.6651986,0,0,0.00472744681,0.00165244132,-0.644166528,0.742907
15,93,23.9194968,0,0,3.71498486e-05,0.00166190334,-0.647855083,0.742907
15,94,24.1738518,0,0,0.00552175547,0.00306828852,-1.19610224,0.742907
15,95,24.4282331,0,0,-0.0039433904,0.00206391123,-0.804568682,0.742907
15,96,24.6826741,0,0,-0.00463819715,0.0008825674,-0.344048756,0.742907
15,97,24.9371386,0,0,0.000755870753,0.00107508687,-0.419098076,0.742907
15,98,25.191676,0,0,0.0238443606,0.00714821988,-2.78657036,0.742907
15,99,25.4462374,0,0,-0.00491773723,0.0058956775,-2.2982953,0.742907
15,100,25.7008753,0,0,-0.0107002524,0.00317033471,-1.23588262,0.742907
15,101,25.9555336,0,0,-3.92657294e-05,0.00316033377,-1.23198398,0.742907
15,102,26.210272,0,0,-0.0121002254,7.84193599e-05,-0.0305699975,0.742907
15,103,26.4650273,0,0,-0.0121370307,-0.00301286932,1.17449833,0.742907
15,104,26.7198782,0,0,-0.00240208616,-0.00362467809,1.41299802,0.742907
15,105,26.9747443,0,0,0.00867532079,-0.00141508321,0.551637887,0.742907
15,106,27.2297102,0,0,-0.00193344195,-0.00190752879,0.743606558,0.742907
15,107,27.4846872,0,0,-0.0205779063,-0.0071486994,2.78675729,0.742907
15,108,27.7397812,0,0,0.0336207237,0.00141446278,-0.551396028,0.742907
15,109,27.9948828,0,0,-0.0112600318,-0.00145345521,0.566596338,0.742907
15,110,28.2501065,0,0,0.011541665,0.00148619446,-0.579358986,0.742907
15,111,28.5053353,0,0,0.000228012714,0.00154426905,-0.601998041,0.742907
15,112,28.7606862,0,0,-0.0051931533,0.000221578489,-0.0863773164,0.742907
15,113,29.0160458,0,0,0.00458802876,0.00139014448,-0.541916095,0.742907
15,114,29.2715352,0,0,-0.0131957272,-0.00197079304,0.768268683,0.742907
15,115,29.5270392,0,0,0.0232898354,0.00396110301,-1.54414559,0.742907
15,116,29.7826671,0,0,-0.0130474628,0.000637928266,-0.248681773,0.742907
15,117,30.0383179,0,0,-0.0122647292,-0.00248588509,0.96906556,0.742907
15,118,30.2940981,0,0,-0.0119451748,-0.00552830826,2.15508479,0.742907
15,119,30.5499081,0,0,0.029353641,0.00194803255,-0.759396025,0.742907
15,120,30.8058407,0,0,-0.00445851215,0.000812454301,-0.316716764,0.742907
15,121,31.06181,0,0,-0.0343756429,-0.007942985,3.0963914,0.742907
15,122,31.317895,0,0,0.0325190423,0.000339580111,-0.132377555,0.742907
15,123,31.574028,0,0,-0.00571946186,-0.00111716068,0.43549959,0.742907
15,124,31.8302792,0,0,0.00238690635,-0.000509218196,0.19850709,0.742907
15,125,32.0865864,0,0,-0.0240240189,-0.00662810999,2.58381739,0.742907
15,126,32.3430038,0,0,-0.00488144862,-0.00787140971,3.0684894,0.742907
15,127,32.5994856,0,0,0.0289446688,-0.000499233673,0.194614852,0.742907
16,0,0.25654205,0,0,0,0.00296244921,-1.1548432,0.997249
16,1,0.513074946,0,0,-0.000495814693,0.00283616574,-1.10561448,0.997249
16,2,0.769436935,0,0,-0.000487684967,0.0027119529,-1.05719294,0.997249
16,3,1.02578222,0,0,-0.000478225449,0.00259014939,-1.00971062,0.997249
16,4,1.281978,0,0,-0.000504692213,0.00246160483,-0.959600455,0.997249
16,5,1.53815114,0,0,-0.000514438667,0.00233057785,-0.908522579,0.997249
16,6,1.79419456,0,0,-0.00048508279,0.00220702779,-0.860359406,0.997249
16,7,2.05020541,0,0,-0.000483275231,0.00208393811,-0.812375704,0.997249
16,8,2.30608263,0,0,-0.000482381435,0.00196107607,-0.764480744,0.997249
16,9,2.56192635,0,0,-0.000443507482,0.0018481152,-0.720445524,0.997249
16,10,2.81766506,0,0,-0.000406909976,0.00174447566,-0.680044018,0.997249
16,11,3.07336006,0,0,-0.000391051833,0.00164487518,-0.641217043,0.997249
16,12,3.32894641,0,0,-0.000412507752,0.0015398099,-0.600259742,0.997249
16,13,3.584487,0,0,-0.00045223254,0.00142462676,-0.555358223,0.997249
16,14,3.83993485,0,0,-0.000436179231,0.00131353238,-0.512050614,0.997249
16,15,4.09533618,0,0,-0.000387276423,0.00121489349,-0.473598495,0.997249
16,16,4.35065937,0,0,-0.000361674891,0.00112277528,-0.437688315,0.997249
16,17,4.60592512,0,0,-0.000364986418,0.00102981363,-0.401449339,0.997249
16,18,4.8611098,0,0,-0.000357389708,0.000938786859,-0.365964628,0.997249
16,19,5.1162377,0,0,-0.000374994694,0.000843276114,-0.328731944,0.997249
16,20,5.37129773,0,0,-0.000381038552,0.000746226004,-0.290899174,0.997249
16,21,5.62630289,0,0,-0.000320156348,0.000664682526,-0.259111311,0.997249
16,22,5.88125211,0,0,-0.000305590964,0.000586848836,-0.228769623,0.997249
16,23,6.13614215,0,0,-0.000320006235,0.000505343592,-0.196996664,0.997249
16,24,6.39098057,0,0,-0.000337860002,0.000419291013,-0.163451031,0.997249
16,25,6.64575558,0,0,-0.00028433661,0.000346870784,-0.135219657,0.997249
16,26,6.90048319,0,0,-0.000277597817,0.000276166918,-0.107657369,0.997249
16,27,7.15515174,0,0,-0.000283312753,0.000204007465,-0.0795276534,0.997249
16,28,7.4097824,0,0,-0.000312022083,0.000124535775,-0.0485474294,0.997249
16,29,7.66435048,0,0,-0.000259334309,5.84836058e-05,-0.0227984988,0.997249
16,30,7.91888418,0,0,-0.000267539172,-9.65833373e-06,0.00376508094,0.997249
16,31,8.17336128,0,0,-0.00023232072,-6.88301714e-05,0.0268318712,0.997249
16,32,8.42781187,0,0,-0.000251989384,-0.000133011597,0.0518515348,0.997249
16,33,8.68220295,0,0,-0.000243007718,-0.000194905401,0.0759794218,0.997249
16,34,8.93657044,0,0,-0.000235597952,-0.000254911946,0.0993716037,0.997249
16,35,9.19087557,0,0,-0.000218428805,-0.000310545528,0.121059086,0.997249
16,36,9.44515996,0,0,-0.000215442299,-0.00036541845,0.142450042,0.997249
16,37,9.69939005,0,0,-0.000219098919,-0.000421222709,0.164204058,0.997249
16,38,9.95360519,0,0,-0.000168271548,-0.000464081292,0.180911498,0.997249
16,39,10.2077637,0,0,-0.000181447372,-0.000510295742,0.198927147,0.997249
16,40,10.4619096,0,0,-0.000223466127,-0.000567212325,0.221114778,0.997249
16,41,10.7159966,0,0,-0.000149421917,-0.000605269926,0.235950665,0.997249
16,42,10.9700733,0,0,-0.000145936255,-0.000642439734,0.250440466,0.997249
16,43,11.224101,0,0,-0.000210417926,-0.000696032953,0.271332559,0.997249
16,44,11.4781222,0,0,-0.000107945836,-0.000723526642,0.282050346,0.997249
16,45,11.7320928,0,0,-0.000135364678,-0.00075800388,0.29549051,0.997249
16,46,11.9860587,0,0,-0.000169637742,-0.00080121043,0.312333598,0.997249
16,47,12.2399852,0,0,-8.32985852e-05,-0.00082242649,0.320604195,0.997249
16,48,12.4939095,0,0,-0.000162717102,-0.000863870361,0.336760142,0.997249
16,49,12.7477932,0,0,-9.01280618e-05,-0.000886825882,0.345708827,0.997249
16,50,13.0016757,0,0,-9.30330766e-05,-0.000910521306,0.354945948,0.997249
16,51,13.2562988,0,0,-0.000132747966,-0.00094433207,0.368126302,0.997249
16,52,13.5101389,0,0,-1.94957943e-05,-0.000949297628,0.370062012,0.997249
16,53,13.7639523,0,0,-0.000140678726,-0.000985128348,0.3840298,0.997249
16,54,14.0177639,0,0,-3.72726258e-05,-0.000994621646,0.387730546,0.997249
16,55,14.2715496,0,0,-0.000106566512,-0.00102176402,0.398311381,0.997249
16,56,14.525334,0,0,-2.74755664e-05,-0.00102876202,0.401039391,0.997249
16,57,14.7791059,0,0,-6.29142746e-05,-0.00104478622,0.407286059,0.997249
16,58,15.0328743,0,0,-4.90303656e-05,-0.0010572742,0.412154213,0.997249
16,59,15.2866185,0,0,-9.44498002e-06,-0.00105967983,0.413091992,0.997249
16,60,15.5403627,0,0,-9.39289323e-05,-0.00108360342,0.42241806,0.997249
16,61,15.7941069,0,0,2.91074685e-05,-0.00107618978,0.419528022,0.997249
16,62,16.0478485,0,0,-5.3900602e-05,-0.00108991821,0.424879735,0.997249
16,63,16.3015789,0,0,1.59276401e-05,-0.00108586146,0.423298302,0.997249
16,64,16.5553092,0,0,-4.35832435e-05,-0.00109696206,0.42762562,0.997249
16,65,16.8090396,0,0,2.77321564e-05,-0.00108989871,0.424872134,0.997249
16,66,17.0627734,0,0,-1.86660096e-05,-0.00109465292,0.426725455,0.997249
16,67,17.3165176,0,0,3.54622522e-05,-0.00108562072,0.423204459,0.997249
16,68,17.5702656,0,0,4.20203263e-05,-0.00107491819,0.419032322,0.997249
16,69,17.8240237,0,0,-1.16610781e-05,-0.00107788826,0.420190133,0.997249
16,70,18.077786,0,0,9.17521967e-05,-0.00105451907,0.41108019,0.997249
16,71,18.3315579,0,0,-2.373778e-05,-0.00106056506,0.41343708,0.997249
16,72,18.5853392,0,0,0.000113732853,-0.00103159742,0.402144708,0.997249
16,73,18.8391388,0,0,-9.79637269e-06,-0.00103409255,0.403117376,0.997249
16,74,19.0929435,0,0,8.26150851e-05,-0.00101305058,0.394914643,0.997249
16,75,19.3467569,0,0,6.98112239e-05,-0.000995269731,0.387983187,0.997249
16,76,19.6005868,0,0,3.70068778e-05,-0.000985844119,0.384308827,0.997249
16,77,19.8544419,0,0,0.000127365917,-0.000953404157,0.371662848,0.997249
16,78,20.1083146,0,0,3.54485371e-05,-0.000944375453,0.368143214,0.997249
16,79,20.3622112,0,0,0.000105608552,-0.000917477069,0.357657493,0.997249
16,80,20.6161267,0,0,0.000123761473,-0.000885955154,0.345369394,0.997249
16,81,20.8700649,0,0,6.6708094e-05,-0.000868964675,0.338746043,0.997249
16,82,21.1240233,0,0,0.000134663722,-0.000834665969,0.325375476,0.997249
16,83,21.3780029,0,0,0.000106548575,-0.000807528162,0.314796421,0.997249
16,84,21.6320114,0,0,7.74004542e-05,-0.000787814349,0.307111442,0.997249
16,85,21.8860465,0,0,0.000149419019,-0.000749757486,0.292275842,0.997249
16,86,22.1401121,0,0,0.000146611335,-0.000712415737,0.277719013,0.997249
16,87,22.3942026,0,0,0.000119703173,-0.000681927467,0.265833857,0.997249
16,88,22.6483335,0,0,0.000132707587,-0.000648126987,0.252657512,0.997249
16,89,22.9024932,0,0,0.000153799246,-0.000608954485,0.237387006,0.997249
16,90,23.1566956,0,0,0.000141265223,-0.000572974384,0.223360985,0.997249
16,91,23.4109246,0,0,0.000157790628,-0.000532785281,0.20769418,0.997249
16,92,23.6651986,0,0,0.000162145421,-0.000491487017,0.191594995,0.997249
16,93,23.9194968,0,0,0.000153047295,-0.000452506035,0.176399149,0.997249
16,94,24.1738518,0,0,0.000171184664,-0.000408905485,0.15940247,0.997249
16,95,24.4282331,0,0,0.000188257118,-0.0003609566,0.140710691,0.997249
16,96,24.6826741,0,0,0.00017702554,-0.000315868385,0.12313408,0.997249
16,97,24.9371386,0,0,0.000187211733,-0.000268185758,0.104546096,0.997249
16,98,25.191676,0,0,0.000192541101,-0.000219145746,0.085428967,0.997249
16,99,25.4462374,0,0,0.000199280733,-0.000168389158,0.0656426696,0.997249
16,100,25.7008753,0,0,0.00019455183,-0.000118837016,0.0463258981,0.997249
16,101,25.9555336,0,0,0.000200296289,-6.78217664e-05,0.0264387675,0.997249
16,102,26.210272,0,0,0.000198277623,-1.73206688e-05,0.00675206738,0.997249
16,103,26.4650273,0,0,0.000216871874,3.79163644e-05,-0.0147808292,0.997249
16,104,26.7198782,0,0,0.000238469295,9.86542374e-05,-0.0384581026,0.997249
16,105,26.9747443,0,0,0.000224912066,0.000155939099,-0.0607892983,0.997249
16,106,27.2297102,0,0,0.000195201783,0.000205656783,-0.0801706026,0.997249
16,107,27.4846872,0,0,0.000209588728,0.000259038807,-0.100980366,0.997249
16,108,27.7397812,0,0,0.00025699046,0.000324494001,-0.126496579,0.997249
16,109,27.9948828,0,0,0.00025508139,0.000389462957,-0.151823244,0.997249
16,110,28.2501065,0,0,0.000259249155,0.000455493438,-0.17756372,0.997249
16,111,28.5053353,0,0,0.000262900854,0.000522454003,-0.203666767,0.997249
16,112,28.7606862,0,0,0.000239696567,0.000583504461,-0.227465895,0.997249
16,113,29.0160458,0,0,0.000243082141,0.000645417221,-0.251601171,0.997249
16,114,29.2715352,0,0,0.000240520539,0.000706677544,-0.27548211,0.997249
16,115,29.5270392,0,0,0.000252243332,0.000770923649,-0.300526988,0.997249
16,116,29.7826671,0,0,0.00025976155,0.000837084637,-0.326318338,0.997249
16,117,30.0383179,0,0,0.000274926231,0.000907108052,-0.353615369,0.997249
16,118,30.2940981,0,0,0.000278626403,0.000978073898,-0.381279784,0.997249
16,119,30.5499081,0,0,0.000293926735,0.00105293672,-0.410463347,0.997249
16,120,30.8058407,0,0,0.000289879687,0.00112676877,-0.439245084,0.997249
16,121,31.06181,0,0,0.000286886729,0.00119983851,-0.467729655,0.997249
16,122,31.317895,0,0,0.000295373235,0.00127506975,-0.497056839,0.997249
16,123,31.574028,0,0,0.00030212883,0.00135202164,-0.527054776,0.997249
16,124,31.8302792,0,0,0.000293487605,0.00142677262,-0.556194738,0.997249
16,125,32.0865864,0,0,0.000300907218,0.00150341336,-0.586071383,0.997249
16,126,32.3430038,0,0,0.000299538889,0.0015797056,-0.615812169,0.997249
16,127,32.5994856,0,0,0.000299449638,0.0016559751,-0.645544093,0.997249
17,0,0.25654205,0,0,0,-0.000677936187,0.264277948,0.994368
17,1,0.513074946,0,0,8.02550025e-05,-0.000657495324,0.256309544,0.994368
17,2,0.769436935,0,0,6.23185659e-05,-0.000641622852,0.250122023,0.994368
17,3,1.02578222,0,0,4.88792396e-05,-0.000629173362,0.245268874,0.994368
17,4,1.281978,0,0,5.15626647e-05,-0.000616040407,0.240149291,0.994368
17,5,1.53815114,0,0,0.000104249083,-0.000589488278,0.229798549,0.994368
17,6,1.79419456,0,0,0.000119747267,-0.000558988777,0.217909015,0.994368
17,7,2.05020541,0,0,0.000136607069,-0.000524195104,0.204345496,0.994368
17,8,2.30608263,0,0,0.000149295264,-0.000486169761,0.189522184,0.994368
17,9,2.56192635,0,0,0.00014653449,-0.000448847583,0.174972985,0.994368
17,10,2.81766506,0,0,7.32727094e-05,-0.000430185103,0.167697843,0.994368
17,11,3.07336006,0,0,9.0057203e-05,-0.00040724763,0.158756193,0.994368
17,12,3.32894641,0,0,6.82556916e-05,-0.000389862979,0.151979183,0.994368
17,13,3.584487,0,0,0.000130947539,-0.000356510782,0.138977591,0.994368
17,14,3.83993485,0,0,0.000161241643,-0.000315442708,0.12296814,0.994368
17,15,4.09533618,0,0,0.000139445977,-0.000279925968,0.109122749,0.994368
17,16,4.35065937,0,0,0.000110626193,-0.000251749596,0.0981388335,0.994368
17,17,4.60592512,0,0,0.000105170848,-0.000224962694,0.0876965712,0.994368
17,18,4.8611098,0,0,9.42317832e-05,-0.00020096196,0.0783404329,0.994368
17,19,5.1162377,0,0,0.000144388548,-0.000164186352,0.0640043016,0.994368
17,20,5.37129773,0,0,0.000155278425,-0.000124637104,0.04858693,0.994368
17,21,5.62630289,0,0,0.000126397232,-9.24438648e-05,0.0360371306,0.994368
17,22,5.88125211,0,0,8.82519365e-05,-6.99661915e-05,0.0272747227,0.994368
17,23,6.13614215,0,0,0.000122935676,-3.8654607e-05,0.0150686162,0.994368
17,24,6.39098057,0,0,0.00014396148,-1.98777274e-06,0.000774887829,0.994368
17,25,6.64575558,0,0,0.000111906337,2.6514651e-05,-0.0103361315,0.994368
17,26,6.90048319,0,0,0.000131984525,6.01309678e-05,-0.0234406852,0.994368
17,27,7.15515174,0,0,0.000111558626,8.85448299e-05,-0.0345171808,0.994368
17,28,7.4097824,0,0,0.000128247003,0.000121209204,-0.0472506414,0.994368
17,29,7.66435048,0,0,0.000110054853,0.000149240057,-0.0581778295,0.994368
17,30,7.91888418,0,0,0.000126518389,0.000181464154,-0.0707396585,0.994368
17,31,8.17336128,0,0,0.000126160689,0.000213597146,-0.0832659719,0.994368
17,32,8.42781187,0,0,8.43233232e-05,0.000235074206,-0.0916383134,0.994368
17,33,8.68220295,0,0,0.000139634712,0.000270639017,-0.105502443,0.994368
17,34,8.93657044,0,0,0.000137642047,0.000305696298,-0.119168724,0.994368
17,35,9.19087557,0,0,8.72610263e-05,0.000327921588,-0.127832746,0.994368
17,36,9.44515996,0,0,9.29304475e-05,0.000351590873,-0.137059676,0.994368
17,37,9.69939005,0,0,0.000158255008,0.000391898253,-0.152772589,0.994368
17,38,9.95360519,0,0,6.50548658e-05,0.000408467658,-0.159231793,0.994368
17,39,10.2077637,0,0,6.78086054e-05,0.000425738437,-0.165964412,0.994368
17,40,10.4619096,0,0,0.000180137659,0.000471619305,-0.183850021,0.994368
17,41,10.7159966,0,0,3.35776235e-05,0.00048017149,-0.187183895,0.994368
17,42,10.9700733,0,0,7.70712516e-05,0.000499801455,-0.194836189,0.994368
17,43,11.224101,0,0,0.000169779491,0.000543044108,-0.21169335,0.994368
17,44,11.4781222,0,0,1.37617156e-05,0.000546549202,-0.213059731,0.994368
17,45,11.7320928,0,0,0.000110091382,0.000574589359,-0.223990546,0.994368
17,46,11.9860587,0,0,0.000121212071,0.000605461943,-0.236025518,0.994368
17,47,12.2399852,0,0,-2.97517115e-05,0.000597884214,-0.233071514,0.994368
17,48,12.4939095,0,0,0.000193051753,0.000647054288,-0.252239345,0.994368
17,49,12.7477932,0,0,-2.66821384e-05,0.000640258376,-0.249590114,0.994368
17,50,13.0016757,0,0,8.71860289e-05,0.000662464564,-0.258246689,0.994368
17,51,13.2562988,0,0,0.000133653698,0.000696506017,-0.271516973,0.994368
17,52,13.5101389,0,0,-4.3019813e-05,0.000685548917,-0.267245597,0.994368
17,53,13.7639523,0,0,0.00020965724,0.000738948391,-0.288062163,0.994368
17,54,14.0177639,0,0,-0.000117648012,0.000708983569,-0.276381061,0.994368
17,55,14.2715496,0,0,0.00018582778,0.000756313705,-0.294831634,0.994368
17,56,14.525334,0,0,-0.000106655997,0.000729148537,-0.284241914,0.994368
17,57,14.7791059,0,0,0.000132851512,0.000762985674,-0.297432549,0.994368
17,58,15.0328743,0,0,-4.67987096e-05,0.000751066093,-0.292785973,0.994368
17,59,15.2866185,0,0,6.78048741e-05,0.000768335922,-0.299518221,0.994368
17,60,15.5403627,0,0,-2.98676751e-05,0.000760728657,-0.296552703,0.994368
17,61,15.7941069,0,0,2.96458224e-05,0.000768279416,-0.299496194,0.994368
17,62,16.0478485,0,0,-2.69709464e-05,0.000761409945,-0.296818287,0.994368
17,63,16.3015789,0,0,4.85870061e-05,0.000773785003,-0.301642421,0.994368
17,64,16.5553092,0,0,-9.87668912e-05,0.000748629182,-0.291835999,0.994368
17,65,16.8090396,0,0,9.10064744e-05,0.000771808433,-0.300871901,0.994368
17,66,17.0627734,0,0,-0.000208418963,0.000718724347,-0.280178281,0.994368
17,67,17.3165176,0,0,0.000193674512,0.000768053037,-0.299407945,0.994368
17,68,17.5702656,0,0,-0.00029457847,0.000693024218,-0.270159672,0.994368
17,69,17.8240237,0,0,0.000203206932,0.000744780805,-0.290335796,0.994368
17,70,18.077786,0,0,-0.000309284496,0.000666006376,-0.259627383,0.994368
17,71,18.3315579,0,0,0.00013022627,0.000699174867,-0.272557363,0.994368
17,72,18.5853392,0,0,-0.000159872398,0.000658455539,-0.256683862,0.994368
17,73,18.8391388,0,0,-0.000150508076,0.000620121294,-0.241740132,0.994368
17,74,19.0929435,0,0,9.41355017e-05,0.000644097505,-0.25108671,0.994368
17,75,19.3467569,0,0,-0.000352251092,0.00055437953,-0.216112206,0.994368
17,76,19.6005868,0,0,0.000100194084,0.000579898856,-0.226060332,0.994368
17,77,19.8544419,0,0,-0.000175133537,0.000535292532,-0.208671575,0.994368
17,78,20.1083146,0,0,-0.00021799087,0.000479770492,-0.187027575,0.994368
17,79,20.3622112,0,0,9.49031639e-05,0.000503942226,-0.196450374,0.994368
17,80,20.6161267,0,0,-0.000326974407,0.000420662196,-0.163985555,0.994368
17,81,20.8700649,0,0,-0.000151948139,0.000381961168,-0.148898843,0.994368
17,82,21.1240233,0,0,4.46572742e-05,0.000393335328,-0.153332799,0.994368
17,83,21.3780029,0,0,-0.00040082573,0.000291245445,-0.113535389,0.994368
17,84,21.6320114,0,0,-0.00015149488,0.000252659862,-0.0984936801,0.994368
17,85,21.8860465,0,0,-4.12156438e-05,0.000242162282,-0.0944014381,0.994368
17,86,22.1401121,0,0,-0.000296079738,0.000166751091,-0.0650041066,0.994368
17,87,22.3942026,0,0,-0.000321644347,8.48286217e-05,-0.0330685019,0.994368
17,88,22.6483335,0,0,-2.95407804e-05,7.73046167e-05,-0.0301354403,0.994368
17,89,22.9024932,0,0,-0.000321208984,-4.50696642e-06,0.00175693798,0.994368
17,90,23.1566956,0,0,-0.000312488655,-8.40974911e-05,0.0327834873,0.994368
17,91,23.4109246,0,0,-0.000168272689,-0.000126956364,0.0494910406,0.994368
17,92,23.6651986,0,0,-0.000272783901,-0.000196434131,0.076575362,0.994368
17,93,23.9194968,0,0,-0.000318950381,-0.00027767045,0.108243487,0.994368
17,94,24.1738518,0,0,-0.000219213757,-0.000333503958,0.130008905,0.994368
17,95,24.4282331,0,0,-0.000385460556,-0.000431680347,0.16828073,0.994368
17,96,24.6826741,0,0,-0.000235299439,-0.000491610861,0.191643273,0.994368
17,97,24.9371386,0,0,-0.00038468186,-0.000589588918,0.229837782,0.994368
17,98,25.191676,0,0,-0.000218324695,-0.000645195983,0.251514927,0.994368
17,99,25.4462374,0,0,-0.000399530269,-0.000746955913,0.291183713,0.994368
17,100,25.7008753,0,0,-0.000445548493,-0.000860436635,0.335421582,0.994368
17,101,25.9555336,0,0,-0.000442160873,-0.000973054534,0.379323099,0.994368
17,102,26.210272,0,0,-0.000269782659,-0.00104176789,0.406109431,0.994368
17,103,26.4650273,0,0,-0.000255463366,-0.00110683413,0.431474022,0.994368
17,104,26.7198782,0,0,-0.000287608955,-0.00118008782,0.460030301,0.994368
17,105,26.9747443,0,0,-0.000578926691,-0.00132753983,0.5175111,0.994368
17,106,27.2297102,0,0,-0.000628835479,-0.00148770355,0.579947271,0.994368
17,107,27.4846872,0,0,-0.000586675447,-0.00163712916,0.638197432,0.994368
17,108,27.7397812,0,0,-0.00045210041,-0.00175227864,0.683085832,0.994368
17,109,27.9948828,0,0,-0.000269474409,-0.00182091349,0.709841559,0.994368
17,110,28.2501065,0,0,-0.000343796221,-0.00190847801,0.743976591,0.994368
17,111,28.5053353,0,0,-0.000304170747,-0.00198594998,0.774177267,0.994368
17,112,28.7606862,0,0,-0.000549890351,-0.00212600646,0.82877509,0.994368
17,113,29.0160458,0,0,-0.000516838272,-0.00225764461,0.880091218,0.994368
17,114,29.2715352,0,0,-0.00066858284,-0.00242793194,0.946473847,0.994368
17,115,29.5270392,0,0,-0.000831214716,-0.00263964144,1.02900396,0.994368
17,116,29.7826671,0,0,-0.000745877465,-0.00282961562,1.10306106,0.994368
17,117,30.0383179,0,0,-0.000719601268,-0.00301289729,1.17450924,0.994368
17,118,30.2940981,0,0,-0.000717284747,-0.00319558895,1.24572741,0.994368
17,119,30.5499081,0,0,-0.000715352069,-0.00337778835,1.31675369,0.994368
17,120,30.8058407,0,0,-0.000495935278,-0.00350410253,1.36599439,0.994368
17,121,31.06181,0,0,-0.000712084017,-0.00368546957,1.43669619,0.994368
17,122,31.317895,0,0,-0.000426243519,-0.00379403333,1.47901729,0.994368
17,123,31.574028,0,0,-0.000739618246,-0.00398241331,1.55245292,0.994368
17,124,31.8302792,0,0,-0.000551341804,-0.00412283947,1.60719486,0.994368
17,125,32.0865864,0,0,-0.000825046936,-0.00433297804,1.68911258,0.994368
17,126,32.3430038,0,0,-0.000693247731,-0.00450954749,1.75794415,0.994368
17,127,32.5994856,0,0,-0.000919361132,-0.00474370778,1.8492262,0.994368
18,0,0.25654205,0,0,0,-0.000677936187,0.264277948,0.994855
18,1,0.513074946,0,0,8.02550025e-05,-0.000657495324,0.256309544,0.994855
18,2,0.769436935,0,0,6.23185659e-05,-0.000641622852,0.250122023,0.994855
18,3,1.02578222,0,0,4.88792396e-05,-0.000629173362,0.245268874,0.994855
18,4,1.281978,0,0,5.15626647e-05,-0.000616040407,0.240149291,0.994855
18,5,1.53815114,0,0,0.000104249083,-0.000589488278,0.229798549,0.994855
18,6,1.79419456,0,0,0.000119747267,-0.000558988777,0.217909015,0.994855
18,7,2.05020541,0,0,0.000136607069,-0.000524195104,0.204345496,0.994855
18,8,2.30608263,0,0,0.000149295264,-0.000486169761,0.189522184,0.994855
18,9,2.56192635,0,0,0.00014653449,-0.000448847583,0.174972985,0.994855
18,10,2.81766506,0,0,7.32727094e-05,-0.000430185103,0.167697843,0.994855
18,11,3.07336006,0,0,9.0057203e-05,-0.00040724763,0.158756193,0.994855
18,12,3.32894641,0,0,6.82556916e-05,-0.000389862979,0.151979183,0.994855
18,13,3.584487,0,0,0.000130947539,-0.000356510782,0.138977591,0.994855
18,14,3.83993485,0,0,0.000161241643,-0.000315442708,0.12296814,0.994855
18,15,4.09533618,0,0,0.000139445977,-0.000279925968,0.109122749,0.994855
18,16,4.35065937,0,0,0.000110626193,-0.000251749596,0.0981388335,0.994855
18,17,4.60592512,0,0,0.000105170848,-0.000224962694,0.0876965712,0.994855
18,18,4.8611098,0,0,9.42317832e-05,-0.00020096196,0.0783404329,0.994855
18,19,5.1162377,0,0,0.000144388548,-0.000164186352,0.0640043016,0.994855
18,20,5.37129773,0,0,0.000155278425,-0.000124637104,0.04858693,0.994855
18,21,5.62630289,0,0,0.000126397232,-9.24438648e-05,0.0360371306,0.994855
18,22,5.88125211,0,0,8.82519365e-05,-6.99661915e-05,0.0272747227,0.994855
18,23,6.13614215,0,0,0.000122935676,-3.8654607e-05,0.0150686162,0.994855
18,24,6.39098057,0,0,0.00014396148,-1.98777274e-06,0.000774887829,0.994855
18,25,6.64575558,0,0,0.000111906337,2.6514651e-05,-0.0103361315,0.994855
18,26,6.90048319,0,0,0.000131984525,6.01309678e-05,-0.0234406852,0.994855
18,27,7.15515174,0,0,0.000111558626,8.85448299e-05,-0.0345171808,0.994855
18,28,7.4097824,0,0,0.000128247003,0.000121209204,-0.0472506414,0.994855
18,29,7.66435048,0,0,0.000110054853,0.000149240057,-0.0581778295,0.994855
18,30,7.91888418,0,0,0.000126518389,0.000181464154,-0.0707396585,0.994855
18,31,8.17336128,0,0,0.000126160689,0.000213597146,-0.0832659719,0.994855
18,32,8.42781187,0,0,8.43233232e-05,0.000235074206,-0.0916383134,0.994855
18,33,8.68220295,0,0,0.000139634712,0.000270639017,-0.105502443,0.994855
18,34,8.93657044,0,0,0.000137642047,0.000305696298,-0.119168724,0.994855
18,35,9.19087557,0,0,8.72610263e-05,0.000327921588,-0.127832746,0.994855
18,36,9.44515996,0,0,9.29304475e-05,0.000351590873,-0.137059676,0.994855
18,37,9.69939005,0,0,0.000158255008,0.000391898253,-0.152772589,0.994855
18,38,9.95360519,0,0,6.50548658e-05,0.000408467658,-0.159231793,0.994855
18,39,10.2077637,0,0,6.78086054e-05,0.000425738437,-0.165964412,0.994855
18,40,10.4619096,0,0,0.000180137659,0.000471619305,-0.183850021,0.994855
18,41,10.7159966,0,0,3.35776235e-05,0.00048017149,-0.187183895,0.994855
18,42,10.9700733,0,0,7.70712516e-05,0.000499801455,-0.194836189,0.994855
18,43,11.224101,0,0,0.000169779491,0.000543044108,-0.21169335,0.994855
18,44,11.4781222,0,0,1.37617156e-05,0.000546549202,-0.213059731,0.994855
18,45,11.7320928,0,0,0.000110091382,0.000574589359,-0.223990546,0.994855
18,46,11.9860587,0,0,0.000121212071,0.000605461943,-0.236025518,0.994855
18,47,12.2399852,0,0,-2.97517115e-05,0.000597884214,-0.233071514,0.994855
18,48,12.4939095,0,0,0.000193051753,0.000647054288,-0.252239345,0.994855
18,49,12.7477932,0,0,-2.66821384e-05,0.000640258376,-0.249590114,0.994855
18,50,13.0016757,0,0,8.71860289e-05,0.000662464564,-0.258246689,0.994855
18,51,13.2562988,0,0,0.000133653698,0.000696506017,-0.271516973,0.994855
18,52,13.5101389,0,0,-4.3019813e-05,0.000685548917,-0.267245597,0.994855
18,53,13.7639523,0,0,0.00020965724,0.000738948391,-0.288062163,0.994855
18,54,14.0177639,0,0,-0.000117648012,0.000708983569,-0.276381061,0.994855
18,55,14.2715496,0,0,0.00018582778,0.000756313705,-0.294831634,0.994855
18,56,14.525334,0,0,-0.000106655997,0.000729148537,-0.284241914,0.994855
18,57,14.7791059,0,0,0.000132851512,0.000762985674,-0.297432549,0.994855
18,58,15.0328743,0,0,-4.67987096e-05,0.000751066093,-0.292785973,0.994855
18,59,15.2866185,0,0,6.78048741e-05,0.000768335922,-0.299518221,0.994855
18,60,15.5403627,0,0,-2.98676751e-05,0.000760728657,-0.296552703,0.994855
18,61,15.7941069,0,0,2.96458224e-05,0.000768279416,-0.299496194,0.994855
18,62,16.0478485,0,0,-2.69709464e-05,0.000761409945,-0.296818287,0.994855
18,63,16.3015789,0,0,4.85870061e-05,0.000773785003,-0.301642421,0.994855
18,64,16.5553092,0,0,-9.87668912e-05,0.000748629182,-0.291835999,0.994855
18,65,16.8090396,0,0,9.10064744e-05,0.000771808433,-0.300871901,0.994855
18,66,17.0627734,0,0,-0.000208418963,0.000718724347,-0.280178281,0.994855
18,67,17.3165176,0,0,0.000193674512,0.000768053037,-0.299407945,0.994855
18,68,17.5702656,0,0,-0.00029457847,0.000693024218,-0.270159672,0.994855
18,69,17.8240237,0,0,0.000203206932,0.000744780805,-0.290335796,0.994855
18,70,18.077786,0,0,-0.000309284496,0.000666006376,-0.259627383,0.994855
18,71,18.3315579,0,0,0.00013022627,0.000699174867,-0.272557363,0.994855
18,72,18.5853392,0,0,-0.000159872398,0.000658455539,-0.256683862,0.994855
18,73,18.8391388,0,0,-0.000150508076,0.000620121294,-0.241740132,0.994855
18,74,19.0929435,0,0,9.41355017e-05,0.000644097505,-0.25108671,0.994855
18,75,19.3467569,0,0,-0.000352251092,0.00055437953,-0.216112206,0.994855
18,76,19.6005868,0,0,0.000100194084,0.000579898856,-0.226060332,0.994855
18,77,19.8544419,0,0,-0.000175133537,0.000535292532,-0.208671575,0.994855
18,78,20.1083146,0,0,-0.00021799087,0.000479770492,-0.187027575,0.994855
18,79,20.3622112,0,0,9.49031639e-05,0.000503942226,-0.196450374,0.994855
18,80,20.6161267,0,0,-0.000326974407,0.000420662196,-0.163985555,0.994855
18,81,20.8700649,0,0,-0.000151948139,0.000381961168,-0.148898843,0.994855
18,82,21.1240233,0,0,4.46572742e-05,0.000393335328,-0.153332799,0.994855
18,83,21.3780029,0,0,-0.00040082573,0.000291245445,-0.113535389,0.994855
18,84,21.6320114,0,0,-0.00015149488,0.000252659862,-0.0984936801,0.994855
18,85,21.8860465,0,0,-4.12156438e-05,0.000242162282,-0.0944014381,0.994855
18,86,22.1401121,0,0,-0.000296079738,0.000166751091,-0.0650041066,0.994855
18,87,22.3942026,0,0,-0.000321644347,8.48286217e-05,-0.0330685019,0.994855
18,88,22.6483335,0,0,-2.95407804e-05,7.73046167e-05,-0.0301354403,0.994855
18,89,22.9024932,0,0,-0.000321208984,-4.50696642e-06,0.00175693798,0.994855
18,90,23.1566956,0,0,-0.000312488655,-8.40974911e-05,0.0327834873,0.994855
18,91,23.4109246,0,0,-0.000168272689,-0.000126956364,0.0494910406,0.994855
18,92,23.6651986,0,0,-0.000272783901,-0.000196434131,0.076575362,0.994855
18,93,23.9194968,0,0,-0.000318950381,-0.00027767045,0.108243487,0.994855
18,94,24.1738518,0,0,-0.000219213757,-0.000333503958,0.130008905,0.994855
18,95,24.4282331,0,0,-0.000385460556,-0.000431680347,0.16828073,0.994855
18,96,24.6826741,0,0,-0.000235299439,-0.000491610861,0.191643273,0.994855
18,97,24.9371386,0,0,-0.00038468186,-0.000589588918,0.229837782,0.994855
18,98,25.191676,0,0,-0.000218324695,-0.000645195983,0.251514927,0.994855
18,99,25.4462374,0,0,-0.000399530269,-0.000746955913,0.291183713,0.994855
18,100,25.7008753,0,0,-0.000445548493,-0.000860436635,0.335421582,0.994855
18,101,25.9555336,0,0,-0.000442160873,-0.000973054534,0.379323099,0.994855
18,102,26.210272,0,0,-0.000269782659,-0.00104176789,0.406109431,0.994855
18,103,26.4650273,0,0,-0.000255463366,-0.00110683413,0.431474022,0.994855
18,104,26.7198782,0,0,-0.000287608955,-0.00118008782,0.460030301,0.994855
18,105,26.9747443,0,0,-0.000578926691,-0.00132753983,0.5175111,0.994855
18,106,27.2297102,0,0,-0.000628835479,-0.00148770355,0.579947271,0.994855
18,107,27.4846872,0,0,-0.000586675447,-0.00163712916,0.638197432,0.994855
18,108,27.7397812,0,0,-0.00045210041,-0.00175227864,0.683085832,0.994855
18,109,27.9948828,0,0,-0.000269474409,-0.00182091349,0.709841559,0.994855
18,110,28.2501065,0,0,-0.000343796221,-0.00190847801,0.743976591,0.994855
18,111,28.5053353,0,0,-0.000304170747,-0.00198594998,0.774177267,0.994855
18,112,28.7606862,0,0,-0.000549890351,-0.00212600646,0.82877509,0.994855
18,113,29.0160458,0,0,-0.000516838272,-0.00225764461,0.880091218,0.994855
18,114,29.2715352,0,0,-0.00066858284,-0.00242793194,0.946473847,0.994855
18,115,29.5270392,0,0,-0.000831214716,-0.00263964144,1.02900396,0.994855
18,116,29.7826671,0,0,-0.000745877465,-0.00282961562,1.10306106,0.994855
18,117,30.0383179,0,0,-0.000719601268,-0.00301289729,1.17450924,0.994855
18,118,30.2940981,0,0,-0.000717284747,-0.00319558895,1.24572741,0.994855
18,119,30.5499081,0,0,-0.000715352069,-0.00337778835,1.31675369,0.994855
18,120,30.8058407,0,0,-0.000495935278,-0.00350410253,1.36599439,0.994855
18,121,31.06181,0,0,-0.000712084017,-0.00368546957,1.43669619,0.994855
18,122,31.317895,0,0,-0.000426243519,-0.00379403333,1.47901729,0.994855
18,123,31.574028,0,0,-0.000739618246,-0.00398241331,1.55245292,0.994855
18,124,31.8302792,0,0,-0.000551341804,-0.00412283947,1.60719486,0.994855
18,125,32.0865864,0,0,-0.000825046936,-0.00433297804,1.68911258,0.994855
18,126,32.3430038,0,0,-0.000693247731,-0.00450954749,1.75794415,0.994855
18,127,32.5994856,0,0,-0.000919361132,-0.00474370778,1.8492262,0.994855
19,0,0.25654205,0,0,0,-0.00160425898,0.625383746,0.672125
19,1,0.513074946,0,0,-0.00124019098,-0.00192013429,0.748520526,0.672125
19,2,0.769436935,0,0,0.017148405,0.00244754603,-0.954119952,0.672125
19,3,1.02578222,0,0,-0.00439208435,0.00132888687,-0.518036212,0.672125
19,4,1.281978,0,0,0.017909809,0.00589049596,-2.29627539,0.672125
19,5,1.53815114,0,0,-0.00854455929,0.00371420589,-1.44789839,0.672125
19,6,1.79419456,0,0,-0.011440829,0.000800239048,-0.311954926,0.672125
19,7,2.05020541,0,0,-0.00744848505,-0.00109688209,0.427594445,0.672125
19,8,2.30608263,0,0,-0.00479093018,-0.00231712686,0.903279015,0.672125
19,9,2.56192635,0,0,0.0046352318,-0.0011365383,0.443053513,0.672125
19,10,2.81766506,0,0,-0.00516382424,-0.00245175878,0.955762198,0.672125
19,11,3.07336006,0,0,0.0386596028,0.0073948005,-2.88269418,0.672125
19,12,3.32894641,0,0,-0.0552080926,-0.00666664134,2.59883795,0.672125
19,13,3.584487,0,0,0.00624022775,-0.00507726204,1.97925471,0.672125
19,14,3.83993485,0,0,0.0313154817,0.00289875749,-1.13001444,0.672125
19,15,4.09533618,0,0,-0.00508707273,0.00160308554,-0.624926305,0.672125
19,16,4.35065937,0,0,0.0111930937,0.00445395447,-1.73627248,0.672125
19,17,4.60592512,0,0,0.00945577238,0.00686232953,-2.67512253,0.672125
19,18,4.8611098,0,0,-0.0547402454,-0.00707995214,2.75995774,0.672125
19,19,5.1162377,0,0,0.0403027358,0.00318511134,-1.24164295,0.672125
19,20,5.37129773,0,0,-0.00467678043,0.00199394039,-0.777292149,0.672125
19,21,5.62630289,0,0,-0.00471223309,0.000793739691,-0.309421301,0.672125
19,22,5.88125211,0,0,-0.00462851743,-0.000385138723,0.15013754,0.672125
19,23,6.13614215,0,0,-0.0062369168,-0.00197367473,0.769392042,0.672125
19,24,6.39098057,0,0,0.0086933505,0.000240512298,-0.0937582294,0.672125
19,25,6.64575558,0,0,0.0123988231,0.0033984792,-1.32481954,0.672125
19,26,6.90048319,0,0,-0.00123376589,0.00308424036,-1.2023207,0.672125
19,27,7.15515174,0,0,-0.00494261258,0.00182536225,-0.711575807,0.672125
19,28,7.4097824,0,0,0.00853507869,0.00399923762,-1.5590115,0.672125
19,29,7.66435048,0,0,-0.0133579264,0.000596988128,-0.232722195,0.672125
19,30,7.91888418,0,0,-0.00875163877,-0.00163204486,0.636215435,0.672125
19,31,8.17336128,0,0,0.0261367565,0.00502495894,-1.95886554,0.672125
19,32,8.42781187,0,0,-0.023956842,-0.00107682296,0.419774852,0.672125
19,33,8.68220295,0,0,-0.00195238482,-0.00157409328,0.613624334,0.672125
19,34,8.93657044,0,0,0.0345245263,0.00721926647,-2.81426625,0.672125
19,35,9.19087557,0,0,-0.00632385179,0.00560858822,-2.1863801,0.672125
19,36,9.44515996,0,0,-0.0382371571,-0.00413037459,1.61013225,0.672125
19,37,9.69939005,0,0,-0.00721486106,-0.00596799195,2.32648544,0.672125
19,38,9.95360519,0,0,0.00568649888,-0.0045196468,1.76188114,0.672125
19,39,10.2077637,0,0,0.00659055962,-0.00284103834,1.10751395,0.672125
19,40,10.4619096,0,0,0.0172370586,0.00154922196,-0.603928819,0.672125
19,41,10.7159966,0,0,0.00572194728,0.00300659578,-1.17205274,0.672125
19,42,10.9700733,0,0,0.0142849398,0.0066449546,-2.59038387,0.672125
19,43,11.224101,0,0,-0.002083641,0.00611425347,-2.38350215,0.672125
19,44,11.4781222,0,0,0.00304116309,0.00688883444,-2.68545486,0.672125
19,45,11.7320928,0,0,-0.0524682273,-0.00647476666,2.52403999,0.672125
19,46,11.9860587,0,0,0.0115978709,-0.00352080141,1.37250406,0.672125
19,47,12.2399852,0,0,-0.00417641162,-0.00458452896,1.78717397,0.672125
19,48,12.4939095,0,0,0.00257242509,-0.00392933505,1.53176158,0.672125
19,49,12.7477932,0,0,-0.00109936797,-0.00420934289,1.64091625,0.672125
19,50,13.0016757,0,0,-0.00807239494,-0.00626537321,2.44241273,0.672125
19,51,13.2562988,0,0,-0.00246616436,-0.00689350262,2.68727465,0.672125
19,52,13.5101389,0,0,0.0200769491,-0.00177992527,0.693863239,0.672125
19,53,13.7639523,0,0,-0.00939380253,-0.00417251668,1.62656039,0.672125
19,54,14.0177639,0,0,0.0270047678,0.00270556866,-1.05470418,0.672125
19,55,14.2715496,0,0,-0.00690240767,0.000947532843,-0.369374051,0.672125
19,56,14.525334,0,0,0.00442679581,0.00207503298,-0.808904242,0.672125
19,57,14.7791059,0,0,0.00161435016,0.00248620623,-0.969190748,0.672125
19,58,15.0328743,0,0,-0.00518734145,0.00116499594,-0.454147074,0.672125
19,59,15.2866185,0,0,-0.0198952508,-0.00390230305,1.52122377,0.672125
19,60,15.5403627,0,0,0.0211847655,0.00149343396,-0.58218114,0.672125
19,61,15.7941069,0,0,0.00388747957,0.00248357083,-0.968163396,0.672125
19,62,16.0478485,0,0,-0.0184852086,-0.00222459193,0.867206385,0.672125
19,63,16.3015789,0,0,-0.0154156186,-0.00615093342,2.39780099,0.672125
19,64,16.5553092,0,0,0.0464521315,0.00568037454,-2.21436436,0.672125
19,65,16.8090396,0,0,-0.0172119562,0.00129650781,-0.505413975,0.672125
19,66,17.0627734,0,0,-0.0206510056,-0.00396328112,1.54499468,0.672125
19,67,17.3165176,0,0,-0.00040738578,-0.00406704184,1.58544343,0.672125
19,68,17.5702656,0,0,-0.00165945288,-0.00448970271,1.75020812,0.672125
19,69,17.8240237,0,0,0.0042606766,-0.00340451296,1.32717167,0.672125
19,70,18.077786,0,0,0.0234353585,0.00256444767,-0.999691389,0.672125
19,71,18.3315579,0,0,-0.00803491104,0.000517964466,-0.201916624,0.672125
19,72,18.5853392,0,0,-0.00222393142,-4.8468475e-05,0.0188943286,0.672125
19,73,18.8391388,0,0,0.0085342441,0.00212519432,-0.828458498,0.672125
19,74,19.0929435,0,0,-0.0143169058,-0.0015213062,0.593046497,0.672125
19,75,19.3467569,0,0,0.0156712666,0.00247014857,-0.962931035,0.672125
19,76,19.6005868,0,0,-0.00629802531,0.000866048288,-0.337609157,0.672125
19,77,19.8544419,0,0,0.00472326528,0.00206905888,-0.806575376,0.672125
19,78,20.1083146,0,0,0.00197003965,0.00257082586,-1.00217778,0.672125
19,79,20.3622112,0,0,-0.0377489254,-0.00704378487,2.74585875,0.672125
19,80,20.6161267,0,0,0.0168574033,-0.00275022236,1.07211141,0.672125
19,81,20.8700649,0,0,0.00664754292,-0.00105710032,0.412086431,0.672125
19,82,21.1240233,0,0,0.0176562023,0.00343991543,-1.34097251,0.672125
19,83,21.3780029,0,0,0.0105962276,0.00613876322,-2.39305672,0.672125
19,84,21.6320114,0,0,0.00536336392,0.00750480625,-2.92557741,0.672125
19,85,21.8860465,0,0,-0.0189933295,0.00266722564,-1.03975703,0.672125
19,86,22.1401121,0,0,-0.00237982952,0.00206108562,-0.803467183,0.672125
19,87,22.3942026,0,0,-0.00929284627,-0.000305792335,0.119206162,0.672125
19,88,22.6483335,0,0,-0.00489694692,-0.00155303945,0.605416981,0.672125
19,89,22.9024932,0,0,-0.0114782727,-0.00447654318,1.74507818,0.672125
19,90,23.1566956,0,0,-0.00603514585,-0.00601368834,2.34429913,0.672125
19,91,23.4109246,0,0,0.0218725959,-0.000442761668,0.17260053,0.672125
19,92,23.6651986,0,0,-0.0111884378,-0.00329244474,1.28348443,0.672125
19,93,23.9194968,0,0,-0.0122947936,-0.00642391545,2.50421681,0.672125
19,94,24.1738518,0,0,0.032221729,0.00178292428,-0.695032334,0.672125
19,95,24.4282331,0,0,-0.0143717444,-0.00187754356,0.731917499,0.672125
19,96,24.6826741,0,0,-0.00649025672,-0.00353060497,1.37632576,0.672125
19,97,24.9371386,0,0,0.00790010842,-0.00151845585,0.591935351,0.672125
19,98,25.191676,0,0,-0.000891471914,-0.00174551278,0.680448316,0.672125
19,99,25.4462374,0,0,-0.0149900784,-0.00556346963,2.16879164,0.672125
19,100,25.7008753,0,0,-0.00776436857,-0.00754104596,2.93970464,0.672125
19,101,25.9555336,0,0,0.0283843823,-0.000311574307,0.121460132,0.672125
19,102,26.210272,0,0,-0.00141226895,-0.00067127769,0.261682285,0.672125
19,103,26.4650273,0,0,-0.0028185153,-0.00138915051,0.541528616,0.672125
19,104,26.7198782,0,0,0.00370844398,-0.000444613811,0.173322545,0.672125
19,105,26.9747443,0,0,-0.00654464029,-0.00211152666,0.82313047,0.672125
19,106,27.2297102,0,0,-0.0079712243,-0.00414178892,1.61458187,0.672125
19,107,27.4846872,0,0,0.00782027358,-0.00214997364,0.838118149,0.672125
19,108,27.7397812,0,0,0.00957794327,0.000289518215,-0.112862067,0.672125
19,109,27.9948828,0,0,-0.00293629328,-0.000458352527,0.17867827,0.672125
19,110,28.2501065,0,0,-0.0249221347,-0.00680599344,2.65316119,0.672125
19,111,28.5053353,0,0,0.0439983209,0.00440033159,-1.71536883,0.672125
19,112,28.7606862,0,0,-0.0154108004,0.000475217289,-0.185252613,0.672125
19,113,29.0160458,0,0,0.00152135538,0.00086270487,-0.336305802,0.672125
19,114,29.2715352,0,0,-0.0043891284,-0.000255201417,0.0994844471,0.672125
19,115,29.5270392,0,0,-0.0208481052,-0.0055651914,2.16946284,0.672125
19,116,29.7826671,0,0,0.0500483114,0.00718205971,-2.79976204,0.672125
19,117,30.0383179,0,0,-0.00223977508,0.0066115914,-2.57737799,0.672125
19,118,30.2940981,0,0,-0.0457008621,-0.00502836904,1.96019489,0.672125
19,119,30.5499081,0,0,0.027575376,0.00199504958,-0.777724541,0.672125
19,120,30.8058407,0,0,0.00256065783,0.00264724638,-1.03196858,0.672125
19,121,31.06181,0,0,0.0093364168,0.0050252217,-1.95896798,0.672125
19,122,31.317895,0,0,-0.0120797289,0.00194852775,-0.759589066,0.672125
19,123,31.574028,0,0,-0.0126779373,-0.00128052925,0.499185101,0.672125
19,124,31.8302792,0,0,-0.0204992574,-0.00650166807,2.53452689,0.672125
19,125,32.0865864,0,0,0.0436333976,0.00461171139,-1.79777042,0.672125
19,126,32.3430038,0,0,-0.00519733787,0.00328795503,-1.28173422,0.672125
19,127,32.5994856,0,0,0.0170304763,0.00762559903,-2.97266572,0.672125
20,0,0.25654205,0,0,0,0.00258518442,-1.00777514,0.678650
20,1,0.513074946,0,0,-0.000171026983,0.00254162403,-0.990794114,0.678650
20,2,0.769436935,0,0,-0.0253112317,-0.00390511948,1.52232169,0.678650
20,3,1.02578222,0,0,0.0264098382,0.00282143792,-1.09987317,0.678650
20,4,1.281978,0,0,-0.0069205126,0.0010587908,-0.412745424,0.678650
20,5,1.53815114,0,0,-0.00373569216,0.000107314019,-0.0418339207,0.678650
20,6,1.79419456,0,0,0.0219070008,0.00568700357,-2.21694853,0.678650
20,7,2.05020541,0,0,-0.0197326224,0.000661125863,-0.257724827,0.678650
20,8,2.30608263,0,0,-0.000432073902,0.000551077104,-0.21482483,0.678650
20,9,2.56192635,0,0,-0.0261099815,-0.00609910713,2.3775977,0.678650
20,10,2.81766506,0,0,0.00622680149,-0.00451314748,1.75934753,0.678650
20,11,3.07336006,0,0,0.00108255379,-0.00423742219,1.65186232,0.678650
20,12,3.32894641,0,0,0.00979445739,-0.00174278442,0.679384727,0.678650
20,13,3.584487,0,0,0.0131006324,0.00159393258,-0.621358232,0.678650
20,14,3.83993485,0,0,-0.026424037,-0.00513624125,2.00224641,0.678650
20,15,4.09533618,0,0,0.0054430398,-0.00374990486,1.46181482,0.678650
20,16,4.35065937,0,0,0.00202996774,-0.00323287426,1.26026224,0.678650
20,17,4.60592512,0,0,0.0025096123,-0.00259367871,1.01108644,0.678650
20,18,4.8611098,0,0,-0.00512761334,-0.00389967631,1.5201998,0.678650
20,19,5.1162377,0,0,0.0452540411,0.00762647932,-2.97300888,0.678650
20,20,5.37129773,0,0,-0.0203579342,0.00244133536,-0.951698864,0.678650
20,21,5.62630289,0,0,0.000831565553,0.00265313421,-1.03426381,0.678650
20,22,5.88125211,0,0,-0.0305591248,-0.00513024203,1.99990775,0.678650
20,23,6.13614215,0,0,0.020285359,3.64171131e-05,-0.0141963803,0.678650
20,24,6.39098057,0,0,-0.000117364543,6.52449027e-06,-0.00254342361,0.678650
20,25,6.64575558,0,0,-0.00188464068,-0.000473491465,0.18457984,0.678650
20,26,6.90048319,0,0,0.012898104,0.00281164175,-1.09605436,0.678650
20,27,7.15515174,0,0,0.00213985462,0.00335666042,-1.30851745,0.678650
20,28,7.4097824,0,0,-0.00834908258,0.00123015806,-0.47954904,0.678650
20,29,7.66435048,0,0,0.00175948592,0.00167829723,-0.654245868,0.678650
20,30,7.91888418,0,0,-0.0234762355,-0.0043010747,1.6766758,0.678650
20,31,8.17336128,0,0,0.0136629485,-0.000821136417,0.320101289,0.678650
20,32,8.42781187,0,0,0.00952243599,0.00160421779,-0.625367689,0.678650
20,33,8.68220295,0,0,-0.0247289821,-0.00469422736,1.82993739,0.678650
20,34,8.93657044,0,0,0.00832972958,-0.00257265419,1.00289051,0.678650
20,35,9.19087557,0,0,0.0182352206,0.00207183688,-0.807658317,0.678650
20,36,9.44515996,0,0,0.0124595092,0.00524526048,-2.04474507,0.678650
20,37,9.69939005,0,0,-0.0266008297,-0.00152994226,0.596413068,0.678650
20,38,9.95360519,0,0,0.00859895981,0.000660203559,-0.257365288,0.678650
20,39,10.2077637,0,0,0.0285688778,0.00793666602,-3.09392809,0.678650
20,40,10.4619096,0,0,-0.0476691055,-0.00420460392,1.63906887,0.678650
20,41,10.7159966,0,0,0.0108855872,-0.00143205656,0.558254562,0.678650
20,42,10.9700733,0,0,0.020391736,0.00376169667,-1.46641158,0.678650
20,43,11.224101,0,0,-0.0399100364,-0.00640334671,2.49619855,0.678650
20,44,11.4781222,0,0,0.0213845105,-0.000956734865,0.372961249,0.678650
20,45,11.7320928,0,0,0.0293738354,0.00652474943,-2.54352463,0.678650
20,46,11.9860587,0,0,-0.010023789,0.00397170114,-1.54827703,0.678650
20,47,12.2399852,0,0,-0.00196456069,0.00347132964,-1.35321863,0.678650
20,48,12.4939095,0,0,-0.0219348929,-0.002115464,0.824665353,0.678650
20,49,12.7477932,0,0,-0.00272307342,-0.00280902787,1.0950354,0.678650
20,50,13.0016757,0,0,0.0284899504,0.00444733186,-1.73369081,0.678650
20,51,13.2562988,0,0,-0.0136584687,0.00096853457,-0.377561094,0.678650
20,52,13.5101389,0,0,-0.00319163925,0.000155627485,-0.0606678225,0.678650
20,53,13.7639523,0,0,0.00621216797,0.00173785999,-0.677465048,0.678650
20,54,14.0177639,0,0,0.0188066738,0.00652789958,-2.54475265,0.678650
20,55,14.2715496,0,0,-0.00520657266,0.00520179112,-2.02779953,0.678650
20,56,14.525334,0,0,-0.0227444563,-0.000591197452,0.230464832,0.678650
20,57,14.7791059,0,0,0.0301747709,0.00709428425,-2.76554478,0.678650
20,58,15.0328743,0,0,-0.0559837681,-0.00716472131,2.79300306,0.678650
20,59,15.2866185,0,0,0.00381596956,-0.00619279797,2.41412093,0.678650
20,60,15.5403627,0,0,0.00720968996,-0.00435649769,1.69828118,0.678650
20,61,15.7941069,0,0,0.00404964843,-0.00332505659,1.29619741,0.678650
20,62,16.0478485,0,0,-6.27093373e-05,-0.00334102859,1.30242373,0.678650
20,63,16.3015789,0,0,0.00961062042,-0.000893213896,0.348199049,0.678650
20,64,16.5553092,0,0,0.012426636,0.00227183694,-0.885623774,0.678650
20,65,16.8090396,0,0,0.0109659582,0.00506485469,-1.97441799,0.678650
20,66,17.0627734,0,0,-0.0439250275,-0.0061228026,2.38683484,0.678650
20,67,17.3165176,0,0,0.00980726308,-0.00362490324,1.41308579,0.678650
20,68,17.5702656,0,0,0.011295445,-0.000747965543,0.291577294,0.678650
20,69,17.8240237,0,0,-0.00368493856,-0.00168651543,0.657449546,0.678650
20,70,18.077786,0,0,0.0270377613,0.00519997329,-2.02709089,0.678650
20,71,18.3315579,0,0,-0.0322040716,-0.00300236913,1.17040507,0.678650
20,72,18.5853392,0,0,-0.000991158277,-0.00325481608,1.26881575,0.678650
20,73,18.8391388,0,0,0.00931245914,-0.000882942747,0.344195076,0.678650
20,74,19.0929435,0,0,0.0205055428,0.00433979696,-1.69177079,0.678650
20,75,19.3467569,0,0,0.0139627524,0.00789609499,-3.0781124,0.678650
20,76,19.6005868,0,0,-0.0454381741,-0.0036769591,1.43337858,0.678650
20,77,19.8544419,0,0,0.00413816546,-0.00262297281,1.02250608,0.678650
20,78,20.1083146,0,0,-0.0185539442,-0.00734864246,2.86470053,0.678650
20,79,20.3622112,0,0,0.00281117234,-0.00663263989,2.58558327,0.678650
20,80,20.6161267,0,0,0.0566402714,0.00779357634,-3.03814784,0.678650
20,81,20.8700649,0,0,-0.00337302193,0.00693447128,-2.70324534,0.678650
20,82,21.1240233,0,0,-0.0483300455,-0.00537513936,2.09537539,0.678650
20,83,21.3780029,0,0,0.0228402105,0.000442237695,-0.172396271,0.678650
20,84,21.6320114,0,0,-0.0079053308,-0.00157124156,0.612512658,0.678650
20,85,21.8860465,0,0,-0.0143249403,-0.00521978847,2.03481539,0.678650
20,86,22.1401121,0,0,0.024291478,0.00096722487,-0.377050538,0.678650
20,87,22.3942026,0,0,0.00354117418,0.00186915813,-0.728648631,0.678650
20,88,22.6483335,0,0,-0.00186016482,0.00139537615,-0.54395554,0.678650
20,89,22.9024932,0,0,-0.0051774665,7.66809928e-05,-0.0298923347,0.678650
20,90,23.1566956,0,0,0.00443257887,0.00120565407,-0.469996718,0.678650
20,91,23.4109246,0,0,-0.0144470405,-0.00247399161,0.964429157,0.678650
20,92,23.6651986,0,0,0.00403136088,-0.00144720832,0.564161131,0.678650
20,93,23.9194968,0,0,0.00469102404,-0.000252409541,0.0983960981,0.678650
20,94,24.1738518,0,0,-0.00362799264,-0.00117645537,0.458614271,0.678650
20,95,24.4282331,0,0,0.0080484915,0.000873486766,-0.340508877,0.678650
20,96,24.6826741,0,0,0.00736609678,0.0027496237,-1.07187804,0.678650
20,97,24.9371386,0,0,-0.0271582112,-0.0041675435,1.62462171,0.678650
20,98,25.191676,0,0,0.0139748718,-0.00060815868,0.237076779,0.678650
20,99,25.4462374,0,0,0.0145558346,0.00309919676,-1.20815111,0.678650
20,100,25.7008753,0,0,0.00757925899,0.00502962587,-1.96068484,0.678650
20,101,25.9555336,0,0,-0.00674572587,0.00331149675,-1.29091142,0.678650
20,102,26.210272,0,0,-0.0102154139,0.0007096418,-0.276637657,0.678650
20,103,26.4650273,0,0,-0.00468875401,-0.000484578807,0.188901987,0.678650
20,104,26.7198782,0,0,-0.00370748506,-0.00142887127,0.557012848,0.678650
20,105,26.9747443,0,0,-0.00682913325,-0.00316824416,1.23506767,0.678650
20,106,27.2297102,0,0,0.0423278694,0.00761261868,-2.96760563,0.678650
20,107,27.4846872,0,0,-0.0147682633,0.00385115788,-1.50128599,0.678650
20,108,27.7397812,0,0,-0.00649307229,0.00219737935,-0.856598181,0.678650
20,109,27.9948828,0,0,-0.0187273876,-0.00257246614,1.00281721,0.678650
20,110,28.2501065,0,0,0.00501972345,-0.00129394798,0.504416083,0.678650
20,111,28.5053353,0,0,0.034872828,0.00758812383,-2.95805687,0.678650
20,112,28.7606862,0,0,-0.0559036312,-0.00665047093,2.59253429,0.678650
20,113,29.0160458,0,0,0.0545625997,0.00724656455,-2.82490778,0.678650
20,114,29.2715352,0,0,-0.0187788243,0.00246361819,-0.960385318,0.678650
20,115,29.5270392,0,0,0.00313509463,0.00326212343,-1.27166436,0.678650
20,116,29.7826671,0,0,-0.00897240399,0.000976861772,-0.380807264,0.678650
20,117,30.0383179,0,0,-0.0111093737,-0.00185268376,0.722226475,0.678650
20,118,30.2940981,0,0,-0.000392462213,-0.00195264346,0.761193484,0.678650
20,119,30.5499081,0,0,0.00813297594,0.000118816767,-0.0463180046,0.678650
20,120,30.8058407,0,0,0.00444586767,0.00125117448,-0.487741813,0.678650
20,121,31.06181,0,0,-0.0334388151,-0.00726565577,2.83235006,0.678650
20,122,31.317895,0,0,0.0141045863,-0.00367323279,1.43192596,0.678650
20,123,31.574028,0,0,0.0168775554,0.000625462432,-0.243822252,0.678650
20,124,31.8302792,0,0,-0.00440917576,-0.000497549896,0.19395847,0.678650
20,125,32.0865864,0,0,0.00515777939,0.000816130971,-0.31815003,0.678650
20,126,32.3430038,0,0,0.0273089622,0.00777169428,-3.02961762,0.678650
20,127,32.5994856,0,0,-0.0479638183,-0.0044446387,1.73264094,0.678650
21,0,0.25654205,0,0,0,-0.00546254616,2.12944893,0.676621
21,1,0.513074946,0,0,0.00452316265,-0.00431050149,1.68035062,0.676621
21,2,0.769436935,0,0,-0.00483530962,-0.00554204965,2.16044156,0.676621
21,3,1.02578222,0,0,-0.00895358218,-0.00782251741,3.04942986,0.676621
21,4,1.281978,0,0,0.0571006604,0.00672095942,-2.62001262,0.676621
21,5,1.53815114,0,0,-0.00666809932,0.00502260169,-1.95794662,0.676621
21,6,1.79419456,0,0,-0.0242313733,-0.00114910304,0.44795159,0.676621
21,7,2.05020541,0,0,0.0100175903,0.00140236645,-0.54668055,0.676621
21,8,2.30608263,0,0,0.00758844939,0.00333513635,-1.30012678,0.676621
21,9,2.56192635,0,0,-0.00372113569,0.00238736709,-0.930660567,0.676621
21,10,2.81766506,0,0,-0.0106681865,-0.000329808528,0.128568327,0.676621
21,11,3.07336006,0,0,-0.00630851497,-0.00193658051,0.754931708,0.676621
21,12,3.32894641,0,0,0.0012899566,-0.00160802995,0.626853772,0.676621
21,13,3.584487,0,0,0.0184266817,0.00308522608,-1.20270496,0.676621
21,14,3.83993485,0,0,-0.0137484601,-0.000416491922,0.162359869,0.676621
21,15,4.09533618,0,0,-0.000615860701,-0.00057335098,0.223507792,0.676621
21,16,4.35065937,0,0,-0.00481460333,-0.00179962527,0.701542835,0.676621
21,17,4.60592512,0,0,-0.000950747637,-0.00204177967,0.7959412,0.676621
21,18,4.8611098,0,0,-0.0180061375,-0.00662792354,2.5837447,0.676621
21,19,5.1162377,0,0,0.0184755494,-0.00192222098,0.749333971,0.676621
21,20,5.37129773,0,0,0.00169321795,-0.00149096018,0.581216795,0.676621
21,21,5.62630289,0,0,-0.00636772542,-0.003112813,1.2134591,0.676621
21,22,5.88125211,0,0,0.00172454202,-0.002673574,1.0422318,0.676621
21,23,6.13614215,0,0,0.0150664109,0.00116382466,-0.453690477,0.676621
21,24,6.39098057,0,0,0.00592997689,0.00267418339,-1.04246936,0.676621
21,25,6.64575558,0,0,0.00513852326,0.00398295975,-1.55266594,0.676621
21,26,6.90048319,0,0,-0.00239911969,0.00337190654,-1.3144608,0.676621
21,27,7.15515174,0,0,-0.00629056511,0.00176970637,-0.689879632,0.676621
21,28,7.4097824,0,0,0.0133299888,0.00516484019,-2.01339506,0.676621
21,29,7.66435048,0,0,0.00241448353,0.00577980655,-2.25312565,0.676621
21,30,7.91888418,0,0,-0.0383504679,-0.0039880164,1.55463716,0.676621
21,31,8.17336128,0,0,0.0351105232,0.00495459611,-1.9314362,0.676621
21,32,8.42781187,0,0,-0.0145530971,0.00124793793,-0.486480117,0.676621
21,33,8.68220295,0,0,0.00333158546,0.00209648917,-0.817268447,0.676621
21,34,8.93657044,0,0,0.000635110282,0.00225825107,-0.880327634,0.676621
21,35,9.19087557,0,0,-0.0129994079,-0.00105268414,0.410364885,0.676621
21,36,9.44515996,0,0,-0.0226285999,-0.00681616421,2.65712603,0.676621
21,37,9.69939005,0,0,-0.00319611886,-0.00763021225,2.97446408,0.676621
21,38,9.95360519,0,0,0.0180364098,-0.00303635805,1.18365488,0.676621
21,39,10.2077637,0,0,-0.00595048693,-0.00455194068,1.77447017,0.676621
21,40,10.4619096,0,0,-0.0127550693,-0.00780064312,3.04090266,0.676621
21,41,10.7159966,0,0,0.00335304159,-0.00694662703,2.70798399,0.676621
21,42,10.9700733,0,0,0.0169972897,-0.00261743562,1.02034753,0.676621
21,43,11.224101,0,0,0.0103568089,2.0432471e-05,-0.00796513245,0.676621
21,44,11.4781222,0,0,0.0027767079,0.000727656989,-0.283660468,0.676621
21,45,11.7320928,0,0,-0.0125774903,-0.00247581627,0.965140461,0.676621
21,46,11.9860587,0,0,-0.0138241046,-0.00599680087,2.33771594,0.676621
21,47,12.2399852,0,0,0.022881292,-0.000168960398,0.0658653544,0.676621
21,48,12.4939095,0,0,0.0032756237,0.000665337439,-0.259366613,0.676621
21,49,12.7477932,0,0,-0.00515969421,-0.00064883113,0.252932006,0.676621
21,50,13.0016757,0,0,-0.00162136892,-0.00106179205,0.413915394,0.676621
21,51,13.2562988,0,0,-0.00533605116,-0.00242087855,0.943724242,0.676621
21,52,13.5101389,0,0,-0.0211529519,-0.00780851267,3.04397043,0.676621
21,53,13.7639523,0,0,0.0420407716,0.00289922668,-1.13019734,0.676621
21,54,14.0177639,0,0,-0.00568029598,0.0014524614,-0.566208922,0.676621
21,55,14.2715496,0,0,-0.0217163038,-0.00407865784,1.58997166,0.676621
21,56,14.525334,0,0,0.00450251648,-0.00293187173,1.14292327,0.676621
21,57,14.7791059,0,0,-0.00619016419,-0.0045084999,1.75753577,0.676621
21,58,15.0328743,0,0,0.0462862555,0.00728055963,-2.83815999,0.676621
21,59,15.2866185,0,0,-0.056927205,-0.0072187383,2.81406035,0.676621
21,60,15.5403627,0,0,0.00635253827,-0.00560075363,2.18332596,0.676621
21,61,15.7941069,0,0,0.0347837184,0.00325862206,-1.27029943,0.676621
21,62,16.0478485,0,0,-0.000996685573,0.00300476732,-1.17133995,0.676621
21,63,16.3015789,0,0,0.00547358287,0.00439888299,-1.71480413,0.676621
21,64,16.5553092,0,0,0.00138070097,0.00475054604,-1.85189194,0.676621
21,65,16.8090396,0,0,0.0061347638,0.00631306379,-2.46100382,0.676621
21,66,17.0627734,0,0,-0.056268376,-0.0080184311,3.12580233,0.676621
21,67,17.3165176,0,0,0.0274972908,-0.00101490068,0.395635864,0.676621
21,68,17.5702656,0,0,0.0102931152,0.00160674471,-0.626352749,0.676621
21,69,17.8240237,0,0,0.0052959108,0.0029556075,-1.15217612,0.676621
21,70,18.077786,0,0,-0.0211492266,-0.00243107779,0.947700186,0.676621
21,71,18.3315579,0,0,0.0335213927,0.0061067849,-2.3805907,0.676621
21,72,18.5853392,0,0,-0.0529613567,-0.00738241573,2.87786626,0.676621
21,73,18.8391388,0,0,-0.00167207638,-0.00780829179,3.04388432,0.676621
21,74,19.0929435,0,0,0.0570214692,0.00671501513,-2.61769537,0.676621
21,75,19.3467569,0,0,-0.014603763,0.00299545238,-1.16770874,0.676621
21,76,19.6005868,0,0,0.000191223345,0.00304415676,-1.18669503,0.676621
21,77,19.8544419,0,0,0.019088663,0.00790601871,-3.08198093,0.676621
21,78,20.1083146,0,0,-0.0544002656,-0.00594967045,2.31934322,0.676621
21,79,20.3622112,0,0,0.0214753949,-0.000479910452,0.187082135,0.676621
21,80,20.6161267,0,0,0.000398644747,-0.000378376064,0.147501272,0.676621
21,81,20.8700649,0,0,0.00401836618,0.000645097484,-0.251476529,0.676621
21,82,21.1240233,0,0,-0.0142996863,-0.00299701725,1.16831876,0.676621
21,83,21.3780029,0,0,-0.0190607708,-0.00785177507,3.06083529,0.676621
21,84,21.6320114,0,0,0.0406333252,0.00249748918,-0.973589148,0.676621
21,85,21.8860465,0,0,-0.0158333757,-0.0015352546,0.598483963,0.676621
21,86,22.1401121,0,0,-0.023516371,-0.00752484903,2.93339063,0.676621
21,87,22.3942026,0,0,0.0316306312,0.000531438733,-0.20716926,0.676621
21,88,22.6483335,0,0,0.00759159069,0.00246500872,-0.960927384,0.676621
21,89,22.9024932,0,0,0.0047834272,0.00368334249,-1.43586699,0.676621
21,90,23.1566956,0,0,-0.00831470498,0.00156559607,-0.61031189,0.676621
21,91,23.4109246,0,0,-0.0171202664,-0.00279491739,1.08953475,0.676621
21,92,23.6651986,0,0,0.00227472002,-0.00221554865,0.863681069,0.676621
21,93,23.9194968,0,0,0.00279287441,-0.00150420654,0.586380584,0.676621
21,94,24.1738518,0,0,0.0035270263,-0.000605876732,0.236187214,0.676621
21,95,24.4282331,0,0,0.00807963634,0.00145199796,-0.566028261,0.676621
21,96,24.6826741,0,0,0.00643383967,0.00309069001,-1.20483495,0.676621
21,97,24.9371386,0,0,0.0101755518,0.00568239212,-2.21515086,0.676621
21,98,25.191676,0,0,-0.0434680071,-0.00538886257,2.10072507,0.676621
21,99,25.4462374,0,0,0.00622136166,-0.00380428844,1.48301501,0.676621
21,100,25.7008753,0,0,0.0026189169,-0.00313725312,1.22298652,0.676621
21,101,25.9555336,0,0,0.00505954607,-0.00184859217,0.720631462,0.676621
21,102,26.210272,0,0,0.0247788267,0.00446254836,-1.73962262,0.676621
21,103,26.4650273,0,0,-0.00315765926,0.00365829594,-1.42610317,0.676621
21,104,26.7198782,0,0,-0.00870628364,0.00144081485,-0.561668783,0.676621
21,105,26.9747443,0,0,-0.00606341641,-0.000103530789,0.0403591147,0.676621
21,106,27.2297102,0,0,0.002343193,0.000493277951,-0.19229315,0.676621
21,107,27.4846872,0,0,-0.00343121229,-0.000380648132,0.148386986,0.676621
21,108,27.7397812,0,0,-0.00283255791,-0.00110209759,0.429627588,0.676621
21,109,27.9948828,0,0,0.00918209398,0.00123657188,-0.482049322,0.676621
21,110,28.2501065,0,0,0.0087460508,0.00346418162,-1.35043213,0.676621
21,111,28.5053353,0,0,-0.031351322,-0.0045209664,1.76239556,0.676621
21,112,28.7606862,0,0,0.00709155546,-0.00271475485,1.05828521,0.676621
21,113,29.0160458,0,0,-0.00737435856,-0.00459299605,1.79047467,0.676621
21,114,29.2715352,0,0,-0.00399359714,-0.00561016095,2.18699319,0.676621
21,115,29.5270392,0,0,0.0530033263,0.00788972928,-3.07563087,0.676621
21,116,29.7826671,0,0,-0.0221032532,0.00226005443,-0.881030634,0.676621
21,117,30.0383179,0,0,-0.00787152108,0.000255186476,-0.0994786228,0.676621
21,118,30.2940981,0,0,-0.00529785628,-0.00109417182,0.42653791,0.676621
21,119,30.5499081,0,0,0.00255070331,-0.000444510433,0.173282246,0.676621
21,120,30.8058407,0,0,0.00915153257,0.00188637508,-0.735360265,0.676621
21,121,31.06181,0,0,0.0119711727,0.00493541991,-1.92396079,0.676621
21,122,31.317895,0,0,0.00161069213,0.00534566146,-2.0838841,0.676621
21,123,31.574028,0,0,-0.046475971,-0.00649171841,2.53064824,0.676621
21,124,31.8302792,0,0,0.0014181861,-0.00613050793,2.38983858,0.676621
21,125,32.0865864,0,0,-0.00109754053,-0.00641005033,2.4988118,0.676621
21,126,32.3430038,0,0,0.00726115569,-0.00456064178,1.7778621,0.676621
21,127,32.5994856,0,0,0.0019899778,-0.00405379657,1.58028006,0.676621
22,0,0.25654205,0,0,0,0.000422969371,-0.164884955,0.977770
22,1,0.513074946,0,0,-0.0005624311,0.000279718774,-0.109041979,0.977770
22,2,0.769436935,0,0,-8.59845912e-05,0.000257818591,-0.100504693,0.977770
22,3,1.02578222,0,0,-0.000851998262,4.08155499e-05,-0.0159110105,0.977770
22,4,1.281978,0,0,-0.000586591154,-0.000108588586,0.0423307818,0.977770
22,5,1.53815114,0,0,-9.32043945e-05,-0.000132327646,0.0515849121,0.977770
22,6,1.79419456,0,0,-7.31435793e-05,-0.000150957237,0.0588472329,0.977770
22,7,2.05020541,0,0,-0.000108161035,-0.000178505736,0.0695863866,0.977770
22,8,2.30608263,0,0,-0.000255076006,-0.000243473321,0.0949125165,0.977770
22,9,2.56192635,0,0,-0.000696420478,-0.000420850868,0.164059105,0.977770
22,10,2.81766506,0,0,0.000767242204,-0.000225435103,0.0878807292,0.977770
22,11,3.07336006,0,0,0.000962860483,1.98044269e-05,-0.00772030379,0.977770
22,12,3.32894641,0,0,-0.00339064976,-0.000843790422,0.328932436,0.977770
22,13,3.584487,0,0,0.00176262467,-0.000394851814,0.153923967,0.977770
22,14,3.83993485,0,0,0.00260106526,0.000267636713,-0.104332064,0.977770
22,15,4.09533618,0,0,-0.00747882172,-0.00163721114,0.638229392,0.977770
22,16,4.35065937,0,0,0.00410886915,-0.000590686584,0.230265682,0.977770
22,17,4.60592512,0,0,-0.00764882688,-0.00253883457,0.989706705,0.977770
22,18,4.8611098,0,0,0.00825559855,-0.000436142493,0.170020196,0.977770
22,19,5.1162377,0,0,-0.0184465573,-0.00513446081,2.00155235,0.977770
22,20,5.37129773,0,0,0.0158594936,-0.00109506485,0.426886035,0.977770
22,21,5.62630289,0,0,0.0333935613,0.00741023933,-2.88871266,0.977770
22,22,5.88125211,0,0,-0.052303398,-0.00591137993,2.30441653,0.977770
22,23,6.13614215,0,0,0.0248497763,0.000417831378,-0.162882025,0.977770
22,24,6.39098057,0,0,0.0114505137,0.00333426491,-1.29978707,0.977770
22,25,6.64575558,0,0,-0.00666044491,0.00163785675,-0.638481068,0.977770
22,26,6.90048319,0,0,0.0159949438,0.00571175174,-2.22659604,0.977770
22,27,7.15515174,0,0,-0.0530265032,-0.00779404162,3.03832922,0.977770
22,28,7.4097824,0,0,0.0101167543,-0.00521731517,2.03385123,0.977770
22,29,7.66435048,0,0,0.0117960937,-0.00221286279,0.862634049,0.977770
22,30,7.91888418,0,0,0.0302081786,0.00548112782,-2.13669257,0.977770
22,31,8.17336128,0,0,-0.046146143,-0.00627224519,2.44509162,0.977770
22,32,8.42781187,0,0,0.0554612767,0.00785368236,-3.0615788,0.977770
22,33,8.68220295,0,0,-0.0393465891,-0.0021678516,0.845087464,0.977770
22,34,8.93657044,0,0,0.01940375,0.00277426267,-1.08148298,0.977770
22,35,9.19087557,0,0,0.013214409,0.00613995845,-2.39352265,0.977770
22,36,9.44515996,0,0,-0.0402030014,-0.00409970279,1.59817555,0.977770
22,37,9.69939005,0,0,0.00569561445,-0.00264903591,1.03266618,0.977770
22,38,9.95360519,0,0,-0.00590579908,-0.00415323659,1.61904448,0.977770
22,39,10.2077637,0,0,0.0159424757,-9.27051505e-05,0.0361389869,0.977770
22,40,10.4619096,0,0,0.0122260654,0.00302126058,-1.17776947,0.977770
22,41,10.7159966,0,0,-0.00611024859,0.00146498683,-0.571091676,0.977770
22,42,10.9700733,0,0,-0.00674456065,-0.000252845518,0.0985660538,0.977770
22,43,11.224101,0,0,0.00776843239,0.00172576586,-0.672750429,0.977770
22,44,11.4781222,0,0,0.00295323127,0.00247795069,-0.965972515,0.977770
22,45,11.7320928,0,0,0.00706404512,0.00427715539,-1.6673514,0.977770
22,46,11.9860587,0,0,-0.0101502792,0.00169189018,-0.659544768,0.977770
22,47,12.2399852,0,0,-0.00903649657,-0.000609695782,0.237675984,0.977770
22,48,12.4939095,0,0,0.00921724245,0.00173792596,-0.677490767,0.977770
22,49,12.7477932,0,0,-0.0352150869,-0.00723131881,2.81896458,0.977770
22,50,13.0016757,0,0,0.0153266418,-0.00332763961,1.29720434,0.977770
22,51,13.2562988,0,0,0.0124223519,-0.000163679928,0.063806884,0.977770
22,52,13.5101389,0,0,0.00257213664,0.000491440508,-0.191576864,0.977770
22,53,13.7639523,0,0,-0.0136838916,-0.00299383198,1.16707706,0.977770
22,54,14.0177639,0,0,0.0099357014,-0.000463219508,0.180575552,0.977770
22,55,14.2715496,0,0,0.0119395201,0.00257776342,-1.00488223,0.977770
22,56,14.525334,0,0,0.0113851669,0.0054775532,-2.13529909,0.977770
22,57,14.7791059,0,0,-0.0438764305,-0.00569772649,2.22112861,0.977770
22,58,15.0328743,0,0,0.0199873272,-0.000606975743,0.236615638,0.977770
22,59,15.2866185,0,0,0.0331843776,0.00784504957,-3.05821351,0.977770
22,60,15.5403627,0,0,-0.0496534035,-0.00480161892,1.87180153,0.977770
22,61,15.7941069,0,0,-0.00843685537,-0.00695047691,2.70948477,0.977770
22,62,16.0478485,0,0,0.00536677637,-0.00558356474,2.17662526,0.977770
22,63,16.3015789,0,0,0.0234258463,0.000382973119,-0.149293329,0.977770
22,64,16.5553092,0,0,-0.00286182576,-0.000345930825,0.134853236,0.977770
22,65,16.8090396,0,0,0.00835085901,0.00178102399,-0.694291548,0.977770
22,66,17.0627734,0,0,-0.0232233108,-0.00413392831,1.61151759,0.977770
22,67,17.3165176,0,0,0.0120970011,-0.00105283513,0.410423743,0.977770
22,68,17.5702656,0,0,-0.0233693463,-0.00700498251,2.73073254,0.977770
22,69,17.8240237,0,0,0.0253568092,-0.000546630474,0.213091413,0.977770
22,70,18.077786,0,0,0.0142024344,0.00307071429,-1.19704788,0.977770
22,71,18.3315579,0,0,0.0104101124,0.00572215873,-2.23065297,0.977770
22,72,18.5853392,0,0,-0.0538570022,-0.00799516184,3.11673135,0.977770
22,73,18.8391388,0,0,0.0123739892,-0.00484352008,1.88813575,0.977770
22,74,19.0929435,0,0,0.0297480051,0.00273326485,-1.06550091,0.977770
22,75,19.3467569,0,0,0.01717016,0.00710648615,-2.77030141,0.977770
22,76,19.6005868,0,0,-0.0179965865,0.00252277491,-0.983446215,0.977770
22,77,19.8544419,0,0,-0.0389022651,-0.00738559019,2.87910375,0.977770
22,78,20.1083146,0,0,0.0139522866,-0.00383195778,1.49380127,0.977770
22,79,20.3622112,0,0,0.0216137562,0.00167304269,-0.652197504,0.977770
22,80,20.6161267,0,0,0.0164522337,0.00586340894,-2.28571614,0.977770
22,81,20.8700649,0,0,-0.00689382172,0.00410755996,-1.60123849,0.977770
22,82,21.1240233,0,0,-0.0437780512,-0.00704266264,2.74542127,0.977770
22,83,21.3780029,0,0,0.0145613863,-0.00333389319,1.29964216,0.977770
22,84,21.6320114,0,0,0.0166135863,0.000897569374,-0.349896933,0.977770
22,85,21.8860465,0,0,-0.0351015911,-0.00804276816,3.13528958,0.977770
22,86,22.1401121,0,0,0.0188365658,-0.0032451151,1.26503405,0.977770
22,87,22.3942026,0,0,0.0165402124,0.00096765923,-0.377219863,0.977770
22,88,22.6483335,0,0,-0.0161257463,-0.00313955102,1.2238823,0.977770
22,89,22.9024932,0,0,0.0252227777,0.00328466335,-1.28045103,0.977770
22,90,23.1566956,0,0,0.00270201346,0.00397286328,-1.54873006,0.977770
22,91,23.4109246,0,0,0.00557354627,0.00539243952,-2.10211946,0.977770
22,92,23.6651986,0,0,-0.0482389648,-0.00689397295,2.68745799,0.977770
22,93,23.9194968,0,0,0.0165654971,-0.00267475863,1.0426936,0.977770
22,94,24.1738518,0,0,-0.00229233566,-0.00325861406,1.27029631,0.977770
22,95,24.4282331,0,0,0.0101743383,-0.000667221035,0.26010089,0.977770
22,96,24.6826741,0,0,0.0107958553,0.00208247171,-0.811804062,0.977770
22,97,24.9371386,0,0,0.003059263,0.00286166271,-1.11555389,0.977770
22,98,25.191676,0,0,0.00947514979,0.00527497317,-2.05632789,0.977770
22,99,25.4462374,0,0,-0.0477941221,-0.00689813834,2.68908178,0.977770
22,100,25.7008753,0,0,0.0194400499,-0.00194677853,0.758907172,0.977770
22,101,25.9555336,0,0,0.0348911091,0.00693994946,-2.70538089,0.977770
22,102,26.210272,0,0,-0.0363516261,-0.00231877063,0.903919802,0.977770
22,103,26.4650273,0,0,0.014159969,0.00128775825,-0.50200316,0.977770
22,104,26.7198782,0,0,0.00838986815,0.00342464865,-1.33502111,0.977770
22,105,26.9747443,0,0,0.0133311603,0.00682008084,-2.65865284,0.977770
22,106,27.2297102,0,0,-0.0122305825,0.00370496463,-1.44429589,0.977770
22,107,27.4846872,0,0,-0.0104826098,0.00103505518,-0.403492636,0.977770
22,108,27.7397812,0,0,0.000673848087,0.00120668356,-0.470398043,0.977770
22,109,27.9948828,0,0,-0.000259065522,0.00114069985,-0.4446758,0.977770
22,110,28.2501065,0,0,-0.0187881999,-0.00364463447,1.42077756,0.977770
22,111,28.5053353,0,0,0.0184997588,0.00106723421,-0.416036896,0.977770
22,112,28.7606862,0,0,0.0259835783,0.00768522367,-2.99590902,0.977770
22,113,29.0160458,0,0,-0.0497242231,-0.0049794825,1.94113759,0.977770
22,114,29.2715352,0,0,0.0334318317,0.0035355691,-1.37826091,0.977770
22,115,29.5270392,0,0,-0.0181326958,-0.00108280902,0.42210838,0.977770
22,116,29.7826671,0,0,0.00158778443,-0.000678402032,0.264459547,0.977770
22,117,30.0383179,0,0,0.0108017955,0.00207280367,-0.808035199,0.977770
22,118,30.2940981,0,0,-0.0267141732,-0.00473126754,1.84437665,0.977770
22,119,30.5499081,0,0,0.00768248054,-0.002774548,1.08159421,0.977770
22,120,30.8058407,0,0,0.00759984314,-0.000838876123,0.327016709,0.977770
22,121,31.06181,0,0,0.00386822219,0.00014635591,-0.0570535107,0.977770
22,122,31.317895,0,0,-0.00315864531,-0.000658147656,0.256563841,0.977770
22,123,31.574028,0,0,0.0160071268,0.00341885033,-1.33276076,0.977770
22,124,31.8302792,0,0,-0.0192451414,-0.00148286649,0.578061655,0.977770
22,125,32.0865864,0,0,0.00824674091,0.000617569551,-0.240745393,0.977770
22,126,32.3430038,0,0,0.0116399539,0.00358225329,-1.39645968,0.977770
22,127,32.5994856,0,0,0.0117582561,0.00657706847,-2.56392002,0.977770
23,0,0.25654205,0,0,0,0.000422969371,-0.164884955,0.977486
23,1,0.513074946,0,0,-0.0005624311,0.000279718774,-0.109041979,0.977486
23,2,0.769436935,0,0,-8.59845912e-05,0.000257818591,-0.100504693,0.977486
23,3,1.02578222,0,0,-0.000851998262,4.08155499e-05,-0.0159110105,0.977486
23,4,1.281978,0,0,-0.000586591154,-0.000108588586,0.0423307818,0.977486
23,5,1.53815114,0,0,-9.32043945e-05,-0.000132327646,0.0515849121,0.977486
23,6,1.79419456,0,0,-7.31435793e-05,-0.000150957237,0.0588472329,0.977486
23,7,2.05020541,0,0,-0.000108161035,-0.000178505736,0.0695863866,0.977486
23,8,2.30608263,0,0,-0.000255076006,-0.000243473321,0.0949125165,0.977486
23,9,2.56192635,0,0,-0.000696420478,-0.000420850868,0.164059105,0.977486
23,10,2.81766506,0,0,0.000767242204,-0.000225435103,0.0878807292,0.977486
23,11,3.07336006,0,0,0.000962860483,1.98044269e-05,-0.00772030379,0.977486
23,12,3.32894641,0,0,-0.00339064976,-0.000843790422,0.328932436,0.977486
23,13,3.584487,0,0,0.00176262467,-0.000394851814,0.153923967,0.977486
23,14,3.83993485,0,0,0.00260106526,0.000267636713,-0.104332064,0.977486
23,15,4.09533618,0,0,-0.00747882172,-0.00163721114,0.638229392,0.977486
23,16,4.35065937,0,0,0.00410886915,-0.000590686584,0.230265682,0.977486
23,17,4.60592512,0,0,-0.00764882688,-0.00253883457,0.989706705,0.977486
23,18,4.8611098,0,0,0.00825559855,-0.000436142493,0.170020196,0.977486
23,19,5.1162377,0,0,-0.0184465573,-0.00513446081,2.00155235,0.977486
23,20,5.37129773,0,0,0.0158594936,-0.00109506485,0.426886035,0.977486
23,21,5.62630289,0,0,0.0333935613,0.00741023933,-2.88871266,0.977486
23,22,5.88125211,0,0,-0.052303398,-0.00591137993,2.30441653,0.977486
23,23,6.13614215,0,0,0.0248497763,0.000417831378,-0.162882025,0.977486
23,24,6.39098057,0,0,0.0114505137,0.00333426491,-1.29978707,0.977486
23,25,6.64575558,0,0,-0.00666044491,0.00163785675,-0.638481068,0.977486
23,26,6.90048319,0,0,0.0159949438,0.00571175174,-2.22659604,0.977486
23,27,7.15515174,0,0,-0.0530265032,-0.00779404162,3.03832922,0.977486
23,28,7.4097824,0,0,0.0101167543,-0.00521731517,2.03385123,0.977486
23,29,7.66435048,0,0,0.0117960937,-0.00221286279,0.862634049,0.977486
23,30,7.91888418,0,0,0.0302081786,0.00548112782,-2.13669257,0.977486
23,31,8.17336128,0,0,-0.046146143,-0.00627224519,2.44509162,0.977486
23,32,8.42781187,0,0,0.0554612767,0.00785368236,-3.0615788,0.977486
23,33,8.68220295,0,0,-0.0393465891,-0.0021678516,0.845087464,0.977486
23,34,8.93657044,0,0,0.01940375,0.00277426267,-1.08148298,0.977486
23,35,9.19087557,0,0,0.013214409,0.00613995845,-2.39352265,0.977486
23,36,9.44515996,0,0,-0.0402030014,-0.00409970279,1.59817555,0.977486
23,37,9.69939005,0,0,0.00569561445,-0.00264903591,1.03266618,0.977486
23,38,9.95360519,0,0,-0.00590579908,-0.00415323659,1.61904448,0.977486
23,39,10.2077637,0,0,0.0159424757,-9.27051505e-05,0.0361389869,0.977486
23,40,10.4619096,0,0,0.0122260654,0.00302126058,-1.17776947,0.977486
23,41,10.7159966,0,0,-0.00611024859,0.00146498683,-0.571091676,0.977486
23,42,10.9700733,0,0,-0.00674456065,-0.000252845518,0.0985660538,0.977486
23,43,11.224101,0,0,0.00776843239,0.00172576586,-0.672750429,0.977486
23,44,11.4781222,0,0,0.00295323127,0.00247795069,-0.965972515,0.977486
23,45,11.7320928,0,0,0.00706404512,0.00427715539,-1.6673514,0.977486
23,46,11.9860587,0,0,-0.0101502792,0.00169189018,-0.659544768,0.977486
23,47,12.2399852,0,0,-0.00903649657,-0.000609695782,0.237675984,0.977486
23,48,12.4939095,0,0,0.00921724245,0.00173792596,-0.677490767,0.977486
23,49,12.7477932,0,0,-0.0352150869,-0.00723131881,2.81896458,0.977486
23,50,13.0016757,0,0,0.0153266418,-0.00332763961,1.29720434,0.977486
23,51,13.2562988,0,0,0.0124223519,-0.000163679928,0.063806884,0.977486
23,52,13.5101389,0,0,0.00257213664,0.000491440508,-0.191576864,0.977486
23,53,13.7639523,0,0,-0.0136838916,-0.00299383198,1.16707706,0.977486
23,54,14.0177639,0,0,0.0099357014,-0.000463219508,0.180575552,0.977486
23,55,14.2715496,0,0,0.0119395201,0.00257776342,-1.00488223,0.977486
23,56,14.525334,0,0,0.0113851669,0.0054775532,-2.13529909,0.977486
23,57,14.7791059,0,0,-0.0438764305,-0.00569772649,2.22112861,0.977486
23,58,15.0328743,0,0,0.0199873272,-0.000606975743,0.236615638,0.977486
23,59,15.2866185,0,0,0.0331843776,0.00784504957,-3.05821351,0.977486
23,60,15.5403627,0,0,-0.0496534035,-0.00480161892,1.87180153,0.977486
23,61,15.7941069,0,0,-0.00843685537,-0.00695047691,2.70948477,0.977486
23,62,16.0478485,0,0,0.00536677637,-0.00558356474,2.17662526,0.977486
23,63,16.3015789,0,0,0.0234258463,0.000382973119,-0.149293329,0.977486
23,64,16.5553092,0,0,-0.00286182576,-0.000345930825,0.134853236,0.977486
23,65,16.8090396,0,0,0.00835085901,0.00178102399,-0.694291548,0.977486
23,66,17.0627734,0,0,-0.0232233108,-0.00413392831,1.61151759,0.977486
23,67,17.3165176,0,0,0.0120970011,-0.00105283513,0.410423743,0.977486
23,68,17.5702656,0,0,-0.0233693463,-0.00700498251,2.73073254,0.977486
23,69,17.8240237,0,0,0.0253568092,-0.000546630474,0.213091413,0.977486
23,70,18.077786,0,0,0.0142024344,0.00307071429,-1.19704788,0.977486
23,71,18.3315579,0,0,0.0104101124,0.00572215873,-2.23065297,0.977486
23,72,18.5853392,0,0,-0.0538570022,-0.00799516184,3.11673135,0.977486
23,73,18.8391388,0,0,0.0123739892,-0.00484352008,1.88813575,0.977486
23,74,19.0929435,0,0,0.0297480051,0.00273326485,-1.06550091,0.977486
23,75,19.3467569,0,0,0.01717016,0.00710648615,-2.77030141,0.977486
23,76,19.6005868,0,0,-0.0179965865,0.00252277491,-0.983446215,0.977486
23,77,19.8544419,0,0,-0.0389022651,-0.00738559019,2.87910375,0.977486
23,78,20.1083146,0,0,0.0139522866,-0.00383195778,1.49380127,0.977486
23,79,20.3622112,0,0,0.0216137562,0.00167304269,-0.652197504,0.977486
23,80,20.6161267,0,0,0.0164522337,0.00586340894,-2.28571614,0.977486
23,81,20.8700649,0,0,-0.00689382172,0.00410755996,-1.60123849,0.977486
23,82,21.1240233,0,0,-0.0437780512,-0.00704266264,2.74542127,0.977486
23,83,21.3780029,0,0,0.0145613863,-0.00333389319,1.29964216,0.977486
23,84,21.6320114,0,0,0.0166135863,0.000897569374,-0.349896933,0.977486
23,85,21.8860465,0,0,-0.0351015911,-0.00804276816,3.13528958,0.977486
23,86,22.1401121,0,0,0.0188365658,-0.0032451151,1.26503405,0.977486
23,87,22.3942026,0,0,0.0165402124,0.00096765923,-0.377219863,0.977486
23,88,22.6483335,0,0,-0.0161257463,-0.00313955102,1.2238823,0.977486
23,89,22.9024932,0,0,0.0252227777,0.00328466335,-1.28045103,0.977486
23,90,23.1566956,0,0,0.00270201346,0.00397286328,-1.54873006,0.977486
23,91,23.4109246,0,0,0.00557354627,0.00539243952,-2.10211946,0.977486
23,92,23.6651986,0,0,-0.0482389648,-0.00689397295,2.68745799,0.977486
23,93,23.9194968,0,0,0.0165654971,-0.00267475863,1.0426936,0.977486
23,94,24.1738518,0,0,-0.00229233566,-0.00325861406,1.27029631,0.977486
23,95,24.4282331,0,0,0.0101743383,-0.000667221035,0.26010089,0.977486
23,96,24.6826741,0,0,0.0107958553,0.00208247171,-0.811804062,0.977486
23,97,24.9371386,0,0,0.003059263,0.00286166271,-1.11555389,0.977486
23,98,25.191676,0,0,0.00947514979,0.00527497317,-2.05632789,0.977486
23,99,25.4462374,0,0,-0.0477941221,-0.00689813834,2.68908178,0.977486
23,100,25.7008753,0,0,0.0194400499,-0.00194677853,0.758907172,0.977486
23,101,25.9555336,0,0,0.0348911091,0.00693994946,-2.70538089,0.977486
23,102,26.210272,0,0,-0.0363516261,-0.00231877063,0.903919802,0.977486
23,103,26.4650273,0,0,0.014159969,0.00128775825,-0.50200316,0.977486
23,104,26.7198782,0,0,0.00838986815,0.00342464865,-1.33502111,0.977486
23,105,26.9747443,0,0,0.0133311603,0.00682008084,-2.65865284,0.977486
23,106,27.2297102,0,0,-0.0122305825,0.00370496463,-1.44429589,0.977486
23,107,27.4846872,0,0,-0.0104826098,0.00103505518,-0.403492636,0.977486
23,108,27.7397812,0,0,0.000673848087,0.00120668356,-0.470398043,0.977486
23,109,27.9948828,0,0,-0.000259065522,0.00114069985,-0.4446758,0.977486
23,110,28.2501065,0,0,-0.0187881999,-0.00364463447,1.42077756,0.977486
23,111,28.5053353,0,0,0.0184997588,0.00106723421,-0.416036896,0.977486
23,112,28.7606862,0,0,0.0259835783,0.00768522367,-2.99590902,0.977486
23,113,29.0160458,0,0,-0.0497242231,-0.0049794825,1.94113759,0.977486
23,114,29.2715352,0,0,0.0334318317,0.0035355691,-1.37826091,0.977486
23,115,29.5270392,0,0,-0.0181326958,-0.00108280902,0.42210838,0.977486
23,116,29.7826671,0,0,0.00158778443,-0.000678402032,0.264459547,0.977486
23,117,30.0383179,0,0,0.0108017955,0.00207280367,-0.808035199,0.977486
23,118,30.2940981,0,0,-0.0267141732,-0.00473126754,1.84437665,0.977486
23,119,30.5499081,0,0,0.00768248054,-0.002774548,1.08159421,0.977486
23,120,30.8058407,0,0,0.00759984314,-0.000838876123,0.327016709,0.977486
23,121,31.06181,0,0,0.00386822219,0.00014635591,-0.0570535107,0.977486
23,122,31.317895,0,0,-0.00315864531,-0.000658147656,0.256563841,0.977486
23,123,31.574028,0,0,0.0160071268,0.00341885033,-1.33276076,0.977486
23,124,31.8302792,0,0,-0.0192451414,-0.00148286649,0.578061655,0.977486
23,125,32.0865864,0,0,0.00824674091,0.000617569551,-0.240745393,0.977486
23,126,32.3430038,0,0,0.0116399539,0.00358225329,-1.39645968,0.977486
23,127,32.5994856,0,0,0.0117582561,0.00657706847,-2.56392002,0.977486
24,0,0.25654205,0,0,0,-0.00411916111,1.60576093,0.647032
24,1,0.513074946,0,0,-0.0147854902,-0.00788500957,3.073791,0.647032
24,2,0.769436935,0,0,0.0238470797,-0.001811184,0.706048742,0.647032
24,3,1.02578222,0,0,-0.00639341347,-0.00343957954,1.34084157,0.647032
24,4,1.281978,0,0,-0.0149845905,-0.00725613864,2.82864002,0.647032
24,5,1.53815114,0,0,0.0207484391,-0.00197153351,0.768557337,0.647032
24,6,1.79419456,0,0,-0.0226055418,-0.00772914071,3.01302908,0.647032
24,7,2.05020541,0,0,0.0121035005,-0.00464639213,1.81128991,0.647032
24,8,2.30608263,0,0,-0.00613393484,-0.00620869874,2.42031948,0.647032
24,9,2.56192635,0,0,0.0501591905,0.00656679317,-2.55991442,0.647032
24,10,2.81766506,0,0,-0.0104071946,0.00391609189,-1.52659903,0.647032
24,11,3.07336006,0,0,0.00456309507,0.0050783073,-1.97966218,0.647032
24,12,3.32894641,0,0,-0.00675378211,0.00335812626,-1.30908887,0.647032
24,13,3.584487,0,0,-0.0190556356,-0.00149532364,0.582917788,0.647032
24,14,3.83993485,0,0,-0.00810077931,-0.00355858342,1.38723252,0.647032
24,15,4.09533618,0,0,0.0272778525,0.00338905629,-1.32114624,0.647032
24,16,4.35065937,0,0,-0.0117322134,0.000400874149,-0.156271637,0.647032
24,17,4.60592512,0,0,-0.00227907655,-0.000179604198,0.0700145971,0.647032
24,18,4.8611098,0,0,-0.00200170655,-0.000689436705,0.268761162,0.647032
24,19,5.1162377,0,0,0.00202444409,-0.000173812971,0.0677570194,0.647032
24,20,5.37129773,0,0,-0.0184336267,-0.00486883787,1.89800531,0.647032
24,21,5.62630289,0,0,0.0410070119,0.00557560399,-2.17352195,0.647032
24,22,5.88125211,0,0,-0.0100848229,0.00300701044,-1.17221438,0.647032
24,23,6.13614215,0,0,0.00210178868,0.00354233375,-1.38089796,0.647032
24,24,6.39098057,0,0,-0.0220549551,-0.00207503959,0.808906821,0.647032
24,25,6.64575558,0,0,-0.0127264726,-0.00531645849,2.07249999,0.647032
24,26,6.90048319,0,0,-0.0104038089,-0.00796629743,3.10547922,0.647032
24,27,7.15515174,0,0,0.0493098947,0.00459287974,-1.79042933,0.647032
24,28,7.4097824,0,0,-0.00431266134,0.00349444953,-1.36223139,0.647032
24,29,7.66435048,0,0,0.00784502072,0.00549256788,-2.14115221,0.647032
24,30,7.91888418,0,0,-0.00645881995,0.00384751338,-1.49986527,0.647032
24,31,8.17336128,0,0,-0.0406703178,-0.00651117286,2.53823211,0.647032
24,32,8.42781187,0,0,0.0241665362,-0.000355982063,0.138771481,0.647032
24,33,8.68220295,0,0,-0.0230372237,-0.00622353818,2.4261043,0.647032
24,34,8.93657044,0,0,0.0312625554,0.00173900108,-0.677909877,0.647032
24,35,9.19087557,0,0,-0.0132778539,-0.00164285405,0.640429151,0.647032
24,36,9.44515996,0,0,-0.00475800441,-0.00285471266,1.11284457,0.647032
24,37,9.69939005,0,0,0.0312834702,0.00511315358,-1.99324621,0.647032
24,38,9.95360519,0,0,-0.0202472232,-4.37923936e-05,0.017071465,0.647032
24,39,10.2077637,0,0,-0.019313567,-0.00496293716,1.93468777,0.647032
24,40,10.4619096,0,0,0.0396233501,0.00512908753,-1.9994577,0.647032
24,41,10.7159966,0,0,-0.0167742067,0.000856715122,-0.333970835,0.647032
24,42,10.9700733,0,0,-0.014902299,-0.00293888441,1.145657,0.647032
24,43,11.224101,0,0,0.039263865,0.00706157979,-2.75279569,0.647032
24,44,11.4781222,0,0,-0.0270703849,0.000166781859,-0.0650161008,0.647032
24,45,11.7320928,0,0,-0.000768909311,-2.9058516e-05,0.0113277992,0.647032
24,46,11.9860587,0,0,-0.0124868242,-0.00320943923,1.25112662,0.647032
24,47,12.2399852,0,0,0.0115584889,-0.00026550454,0.103500884,0.647032
24,48,12.4939095,0,0,-0.00953521073,-0.00269411246,1.05023825,0.647032
24,49,12.7477932,0,0,0.0246324344,0.00357974209,-1.39548074,0.647032
24,50,13.0016757,0,0,-0.0164929194,-0.000620986762,0.242077515,0.647032
24,51,13.2562988,0,0,0.0146686583,0.00311510475,-1.21435248,0.647032
24,52,13.5101389,0,0,-0.0351992341,-0.00585010235,2.28052887,0.647032
24,53,13.7639523,0,0,0.0327211733,0.00248394532,-0.968309383,0.647032
24,54,14.0177639,0,0,0.0131300781,0.00582816209,-2.27197596,0.647032
24,55,14.2715496,0,0,-0.0122334263,0.00271232156,-1.05733665,0.647032
24,56,14.525334,0,0,-0.0373991622,-0.00681320484,2.65597239,0.647032
24,57,14.7791059,0,0,0.0212413127,-0.00140306534,0.546952997,0.647032
24,58,15.0328743,0,0,-0.00351896891,-0.00229934294,0.89634636,0.647032
24,59,15.2866185,0,0,0.000904428252,-0.00206898603,0.806546979,0.647032
24,60,15.5403627,0,0,-0.00805703939,-0.00412110531,1.60651884,0.647032
24,61,15.7941069,0,0,0.0261011404,0.00252682709,-0.985025863,0.647032
24,62,16.0478485,0,0,-0.0127310479,-0.000715757132,0.27902158,0.647032
24,63,16.3015789,0,0,-0.00130952231,-0.00104929106,0.409042167,0.647032
24,64,16.5553092,0,0,0.0261949474,0.0056225339,-2.1918165,0.647032
24,65,16.8090396,0,0,-0.0101986119,0.0030249584,-1.17921098,0.647032
24,66,17.0627734,0,0,-0.00545546108,0.00163545832,-0.637546096,0.647032
24,67,17.3165176,0,0,-0.000896125812,0.00140721604,-0.548571053,0.647032
24,68,17.5702656,0,0,0.00152018622,0.00179440584,-0.699508157,0.647032
24,69,17.8240237,0,0,-0.0128223309,-0.00147142805,0.573602639,0.647032
24,70,18.077786,0,0,0.000812017759,-0.001264608,0.492978563,0.647032
24,71,18.3315579,0,0,0.00559670785,0.000160867472,-0.0627105122,0.647032
24,72,18.5853392,0,0,-0.0102547882,-0.00245101605,0.95547266,0.647032
24,73,18.8391388,0,0,0.0393292469,0.00756610085,-2.94947171,0.647032
24,74,19.0929435,0,0,-0.023353565,0.00161797296,-0.630729827,0.647032
24,75,19.3467569,0,0,-0.0166704244,-0.00262796621,1.02445264,0.647032
24,76,19.6005868,0,0,0.0260919703,0.00401763059,-1.56618158,0.647032
24,77,19.8544419,0,0,-0.0132288642,0.000648253087,-0.252706669,0.647032
24,78,20.1083146,0,0,-0.0116059255,-0.00230776366,0.899628984,0.647032
24,79,20.3622112,0,0,0.0247021554,0.00398384877,-1.55301251,0.647032
24,80,20.6161267,0,0,-0.0162667128,-0.000159265507,0.0620860225,0.647032
24,81,20.8700649,0,0,0.0233765555,0.00579471805,-2.25893856,0.647032
24,82,21.1240233,0,0,-0.0323808075,-0.00245263882,0.95610526,0.647032
24,83,21.3780029,0,0,-0.0185475786,-0.00717668715,2.79766767,0.647032
24,84,21.6320114,0,0,0.0469998401,0.00479412159,-1.86887887,0.647032
24,85,21.8860465,0,0,0.00538066364,0.00616457084,-2.40311723,0.647032
24,86,22.1401121,0,0,-0.00814136678,0.00409097347,-1.59477263,0.647032
24,87,22.3942026,0,0,0.00631298655,0.00569888436,-2.22157999,0.647032
24,88,22.6483335,0,0,-0.0108221912,0.0029424839,-1.14706019,0.647032
24,89,22.9024932,0,0,-0.0181046728,-0.0016687568,0.650526747,0.647032
24,90,23.1566956,0,0,0.0367643553,0.00769508499,-2.99975324,0.647032
24,91,23.4109246,0,0,-0.0334895933,-0.000834678435,0.325380336,0.647032
24,92,23.6651986,0,0,-0.0263937158,-0.00755712947,2.94597442,0.647032
24,93,23.9194968,0,0,0.0427443779,0.00332981763,-1.2980534,0.647032
24,94,24.1738518,0,0,0.0162491636,0.00746846214,-2.91140949,0.647032
24,95,24.4282331,0,0,-0.0244101934,0.00125121213,-0.487756491,0.647032
24,96,24.6826741,0,0,-0.0313101734,-0.00672345538,2.62098561,0.647032
24,97,24.9371386,0,0,0.0441333704,0.00451726662,-1.76095328,0.647032
24,98,25.191676,0,0,-0.0117218458,0.00153172509,-0.597108065,0.647032
24,99,25.4462374,0,0,-0.00552959617,0.000123342893,-0.0480824115,0.647032
24,100,25.7008753,0,0,-0.00289661276,-0.000614421264,0.239518105,0.647032
24,101,25.9555336,0,0,-0.0221229117,-0.00624910309,2.4360702,0.647032
24,102,26.210272,0,0,0.042670514,0.00461903096,-1.80062379,0.647032
24,103,26.4650273,0,0,-0.00126331634,0.00429726565,-1.67519092,0.647032
24,104,26.7198782,0,0,-0.0229323776,-0.00154358628,0.601731877,0.647032
24,105,26.9747443,0,0,-0.0142213354,-0.00516574512,2.01374782,0.647032
24,106,27.2297102,0,0,0.0196706942,-0.000155640466,0.0606728829,0.647032
24,107,27.4846872,0,0,-0.00798146171,-0.00218851018,0.853140741,0.647032
24,108,27.7397812,0,0,0.0266692741,0.00460412525,-1.79481314,0.647032
24,109,27.9948828,0,0,-0.0277012143,-0.00245134424,0.955600599,0.647032
24,110,28.2501065,0,0,0.00584564694,-0.000962464252,0.375194719,0.647032
24,111,28.5053353,0,0,-0.0167299175,-0.00522355626,2.03628418,0.647032
24,112,28.7606862,0,0,0.042751663,0.00566524634,-2.20846697,0.647032
24,113,29.0160458,0,0,-0.0511307373,-0.0073576975,2.86823042,0.647032
24,114,29.2715352,0,0,0.0431885626,0.00364238298,-1.41989987,0.647032
24,115,29.5270392,0,0,-0.019799646,-0.00140056558,0.545978522,0.647032
24,116,29.7826671,0,0,-0.00999908932,-0.00394732288,1.53877372,0.647032
24,117,30.0383179,0,0,0.0441237143,0.00729093972,-2.84220643,0.647032
24,118,30.2940981,0,0,-0.0401690614,-0.00294007704,1.14612192,0.647032
24,119,30.5499081,0,0,0.0165028531,0.0012631819,-0.49242263,0.647032
24,120,30.8058407,0,0,-0.0157550369,-0.00274960907,1.07187233,0.647032
24,121,31.06181,0,0,0.0259328576,0.00385546188,-1.50296381,0.647032
24,122,31.317895,0,0,-0.00421550471,0.00278177736,-1.08441241,0.647032
24,123,31.574028,0,0,-0.00853417651,0.000608131779,-0.237066293,0.647032
24,124,31.8302792,0,0,-0.000378401759,0.000511753258,-0.199495326,0.647032
24,125,32.0865864,0,0,-0.00984705134,-0.00199628013,0.778204243,0.647032
24,126,32.3430038,0,0,-0.012413113,-0.00515788667,2.01068439,0.647032
24,127,32.5994856,0,0,0.0122312047,-0.00204261197,0.796265652,0.647032
