# raw tracked shifts, before detrend or spectrum
# reference=first b_shift_hz=0 pair_lag_s=0 dt_s=0.044756208 looks=128
window,look,centre_time_s,disp_az_px,disp_rg_px,vel_los_ms,disp_los_m,phase_rad,quality
0,0,0.223933272,0,0,0,-0.000539075117,0.210146129,0.805548
0,1,0.26868948,0,0,0.0140754811,9.08900444e-05,-0.0354314092,0.805548
0,2,0.313445688,0,0,-0.000147096913,8.43065443e-05,-0.0328649819,0.805548
0,3,0.358201896,0,0,0.000922748834,0.000125605283,-0.0489643525,0.805548
0,4,0.402958104,0,0,0.011252844,0.000629239908,-0.245294815,0.805548
0,5,0.447714312,0,0,0.0027654952,0.000753012986,-0.293544924,0.805548
0,6,0.49247052,0,0,-0.00688853305,0.000444708368,-0.173359406,0.805548
0,7,0.537226728,0,0,-0.00747959257,0.000109950167,-0.0428615629,0.805548
0,8,0.581982936,0,0,0.00908764539,0.000516678715,-0.201415403,0.805548
0,9,0.626739144,0,0,-0.00495451127,0.000294933578,-0.114973123,0.805548
0,10,0.671495352,0,0,-0.00381975396,0.000123975875,-0.048329165,0.805548
0,11,0.71625156,0,0,-0.00092460297,8.25941521e-05,-0.0321974449,0.805548
0,12,0.761007768,0,0,0.000591979752,0.000109088921,-0.0425258258,0.805548
0,13,0.805763976,0,0,0.000909310806,0.000149786225,-0.0583907406,0.805548
0,14,0.850520184,0,0,0.00243959968,0.000258973455,-0.10095489,0.805548
0,15,0.895276392,0,0,0.00158765121,0.000330030703,-0.128654936,0.805548
0,16,0.9400326,0,0,0.00260195351,0.000446484275,-0.174051703,0.805548
0,17,0.984788808,0,0,0.00402105321,0.000626451369,-0.244207767,0.805548
0,18,1.02954502,0,0,-0.00971335898,0.000191718254,-0.0747369853,0.805548
0,19,1.07430122,0,0,-0.00158556315,0.00012075446,-0.04707337,0.805548
0,20,1.11905743,0,0,0.00571138812,0.000376374535,-0.146721021,0.805548
0,21,1.16381364,0,0,-0.00566142523,0.00012299061,-0.0479450819,0.805548
0,22,1.20856985,0,0,0.00475714211,0.000335902252,-0.130943826,0.805548
0,23,1.25332606,0,0,0.00118306654,0.000388851824,-0.151585008,0.805548
0,24,1.29808226,0,0,-0.00283820446,0.000261824555,-0.102066326,0.805548
0,25,1.34283847,0,0,0.000954294806,0.000304535172,-0.118716085,0.805548
0,26,1.38759468,0,0,0.0054227373,0.00054723633,-0.213327592,0.805548
0,27,1.43235089,0,0,-0.00652081915,0.000255389192,-0.0995576469,0.805548
0,28,1.4771071,0,0,0.00416835475,0.000441948944,-0.172283708,0.805548
0,29,1.5218633,0,0,0.0113758657,0.000951089554,-0.370760553,0.805548
0,30,1.56661951,0,0,-0.00647404868,0.000661335685,-0.257806621,0.805548
0,31,1.61137572,0,0,-0.00628977797,0.000379829074,-0.148067694,0.805548
0,32,1.65613193,0,0,0.0057965312,0.00063925983,-0.249200853,0.805548
0,33,1.70088814,0,0,0.00768421424,0.000983176121,-0.383268769,0.805548
0,34,1.74564434,0,0,-0.0223895405,-1.8894813e-05,0.00736571154,0.805548
0,35,1.79040055,0,0,-0.00645411928,-0.000307756718,0.119971932,0.805548
0,36,1.83515676,0,0,0.0048149885,-9.22560914e-05,0.0359639314,0.805548
0,37,1.87991297,0,0,-0.00383028563,-0.000263685152,0.102791637,0.805548
0,38,1.92466918,0,0,0.000769293153,-0.000229254507,0.0893696367,0.805548
0,39,1.96942538,0,0,-0.000618438383,-0.000256933464,0.100159646,0.805548
0,40,2.01418159,0,0,-0.0018774115,-0.000340959284,0.132915194,0.805548
0,41,2.0589378,0,0,0.00394949554,-0.00016419484,0.0640076104,0.805548
0,42,2.10369401,0,0,-0.00408874232,-0.000347191442,0.135344659,0.805548
0,43,2.14845022,0,0,-0.006655188,-0.00064505242,0.251458962,0.805548
0,44,2.19320642,0,0,-0.00220684642,-0.000743822498,0.289962222,0.805548
0,45,2.23796263,0,0,0.00431081664,-0.000550886691,0.214750602,0.805548
0,46,2.28271884,0,0,-0.00993872492,-0.000995706331,0.388153385,0.805548
0,47,2.32747505,0,0,-0.0133572291,-0.00159352525,0.621199447,0.805548
0,48,2.37223126,0,0,0.00388961234,-0.00141944096,0.553336657,0.805548
0,49,2.41698746,0,0,-0.0139618407,-0.00204432,0.796931489,0.805548
0,50,2.46174367,0,0,0.00453371623,-0.00184140806,0.717830899,0.805548
0,51,2.50649988,0,0,0.00483746364,-0.00162490153,0.63343077,0.805548
0,52,2.55125609,0,0,0.000358436119,-0.00160885929,0.627177069,0.805548
0,53,2.5960123,0,0,0.0046808655,-0.0013993615,0.545509137,0.805548
0,54,2.6407685,0,0,0.0257397,-0.000247350127,0.0964238009,0.805548
0,55,2.68552471,0,0,0.0188792092,0.000597611686,-0.232965275,0.805548
0,56,2.73028092,0,0,0.0038046972,0.000767895506,-0.299346535,0.805548
0,57,2.77503713,0,0,0.0210959935,0.00171207218,-0.66741226,0.805548
0,58,2.81979334,0,0,0.00369448626,0.00187742338,-0.731870649,0.805548
0,59,2.86454954,0,0,0.0121387877,0.00242070948,-0.943658337,0.805548
0,60,2.90930575,0,0,-0.017116201,0.00165465323,-0.645028793,0.805548
0,61,2.95406196,0,0,-0.00236892715,0.00154862903,-0.60369768,0.805548
0,62,2.99881817,0,0,0.00742212235,0.00188081509,-0.73319283,0.805548
0,63,3.04357438,0,0,0.00265795548,0.00199977509,-0.779566674,0.805548
0,64,3.08833058,0,0,0.0114526799,0.00251235362,-0.979383711,0.805548
0,65,3.13308679,0,0,-0.0399932538,0.000722407233,-0.28161397,0.805548
0,66,3.177843,0,0,0.00092538853,0.000763824114,-0.297759396,0.805548
0,67,3.22259921,0,0,-0.0147290034,0.000104609776,-0.0407797332,0.805548
0,68,3.26735542,0,0,0.00573689874,0.000361371609,-0.140872473,0.805548
0,69,3.31211162,0,0,-0.00442986215,0.000163107777,-0.0635838438,0.805548
0,70,3.35686783,0,0,0.0166573686,0.000908628432,-0.354208054,0.805548
0,71,3.40162404,0,0,0.0115885412,0.00142728759,-0.556395489,0.805548
0,72,3.44638025,0,0,-0.00839400266,0.00105160386,-0.409943763,0.805548
0,73,3.49113646,0,0,-0.000144361988,0.00104514277,-0.407425052,0.805548
0,74,3.53589266,0,0,-0.0254381983,-9.33745233e-05,0.0363999265,0.805548
0,75,3.58064887,0,0,0.0257217329,0.00105783271,-0.412371934,0.805548
0,76,3.62540508,0,0,-0.0397657412,-0.000721931077,0.281428352,0.805548
0,77,3.67016129,0,0,-0.0435260049,-0.00266999001,1.04083466,0.805548
0,78,3.7149175,0,0,0.0221697368,-0.00167775666,0.654035136,0.805548
0,79,3.7596737,0,0,0.0338261305,-0.000163827324,0.0638643428,0.805548
0,80,3.80442991,0,0,-0.0221329381,-0.00115441371,0.450021833,0.805548
0,81,3.84918612,0,0,-0.00802303003,-0.00151349411,0.590001131,0.805548
0,82,3.89394233,0,0,-0.00348029351,-0.00166925885,0.650722459,0.805548
0,83,3.93869854,0,0,0.0154944606,-0.000975785547,0.380387722,0.805548
0,84,3.98345474,0,0,-0.0130426275,-0.0015595241,0.607944871,0.805548
0,85,4.02821095,0,0,7.11223991e-05,-0.00155634093,0.606703986,0.805548
0,86,4.07296716,0,0,0.00523515791,-0.00132203511,0.515365211,0.805548
0,87,4.11772337,0,0,-0.00205897476,-0.00141418701,0.551288527,0.805548
0,88,4.16247958,0,0,-0.0040716835,-0.00159642013,0.622327947,0.805548
0,89,4.20723578,0,0,0.00327065888,-0.00145003784,0.565264153,0.805548
0,90,4.25199199,0,0,-0.0111215281,-0.00194779526,0.759303522,0.805548
0,91,4.2967482,0,0,0.00459393622,-0.0017421881,0.679152262,0.805548
0,92,4.34150441,0,0,0.00518117882,-0.00151029818,0.588755271,0.805548
0,93,4.38626062,0,0,0.00243787949,-0.00140118794,0.546221134,0.805548
0,94,4.43101682,0,0,-0.00406455429,-0.00158310198,0.617136169,0.805548
0,95,4.47577303,0,0,0.00764087727,-0.00124112528,0.483824362,0.805548
0,96,4.52052924,0,0,0.000510731891,-0.00121826686,0.474913527,0.805548
0,97,4.56528545,0,0,-0.000837880115,-0.0012557672,0.489532178,0.805548
0,98,4.61004166,0,0,-0.000345128869,-0.00127121386,0.495553705,0.805548
0,99,4.65479786,0,0,0.00307935281,-0.0011333937,0.441827664,0.805548
0,100,4.69955407,0,0,0.0118297264,-0.000603940005,0.235432225,0.805548
0,101,4.74431028,0,0,-0.00433541279,-0.000797976641,0.311072979,0.805548
0,102,4.78906649,0,0,0.00010744837,-0.00079316766,0.309198307,0.805548
0,103,4.8338227,0,0,0.00136571341,-0.000732043506,0.285370451,0.805548
0,104,4.8785789,0,0,0.0127441622,-0.00016166313,0.0630206811,0.805548
0,105,4.92333511,0,0,-0.000229447877,-0.000171932347,0.0670239009,0.805548
0,106,4.96809132,0,0,0.00727183927,0.000153527604,-0.059849232,0.805548
0,107,5.01284753,0,0,0.00414997428,0.000339264716,-0.132254606,0.805548
0,108,5.05760374,0,0,0.00680427916,0.00064379845,-0.25097013,0.805548
0,109,5.10235994,0,0,7.83297164e-05,0.000647304191,-0.252336763,0.805548
0,110,5.14711615,0,0,0.0110751111,0.00114298417,-0.445566287,0.805548
0,111,5.19187236,0,0,0.00529419945,0.00137993246,-0.53793517,0.805548
0,112,5.23662857,0,0,0.00420739612,0.00156823955,-0.611342393,0.805548
0,113,5.28138478,0,0,0.00690647671,0.00187734726,-0.731840978,0.805548
0,114,5.32614098,0,0,0.00379793272,0.00204732833,-0.798104216,0.805548
0,115,5.37089719,0,0,-0.000979142323,0.00200350563,-0.781020938,0.805548
0,116,5.4156534,0,0,-0.0057906306,0.00174433896,-0.679990729,0.805548
0,117,5.46040961,0,0,0.0166657465,0.00249023458,-0.970761108,0.805548
0,118,5.50516582,0,0,0.0172282834,0.00326130721,-1.27134618,0.805548
0,119,5.54992202,0,0,0.00422090375,0.00345021886,-1.34498907,0.805548
0,120,5.59467823,0,0,-0.0276579109,0.00221235565,-0.86243635,0.805548
0,121,5.63943444,0,0,0.00987840569,0.00265447563,-1.03478673,0.805548
0,122,5.68419065,0,0,-0.00319368442,0.00251153842,-0.979065925,0.805548
0,123,5.72894686,0,0,0.0152932313,0.00319600546,-1.24588978,0.805548
0,124,5.77370306,0,0,-0.0240302207,0.00212050391,-0.826630046,0.805548
0,125,5.81845927,0,0,0.0496839262,0.00434416804,-1.69347475,0.805548
0,126,5.86321548,0,0,-0.0325211046,0.00288864672,-1.12607299,0.805548
0,127,5.90797169,0,0,-0.0560101137,0.000381846421,-0.148854111,0.805548
1,0,0.223933272,0,0,0,-0.000539075117,0.210146129,0.826804
1,1,0.26868948,0,0,0.0140754811,9.08900444e-05,-0.0354314092,0.826804
1,2,0.313445688,0,0,-0.000147096913,8.43065443e-05,-0.0328649819,0.826804
1,3,0.358201896,0,0,0.000922748834,0.000125605283,-0.0489643525,0.826804
1,4,0.402958104,0,0,0.011252844,0.000629239908,-0.245294815,0.826804
1,5,0.447714312,0,0,0.0027654952,0.000753012986,-0.293544924,0.826804
1,6,0.49247052,0,0,-0.00688853305,0.000444708368,-0.173359406,0.826804
1,7,0.537226728,0,0,-0.00747959257,0.000109950167,-0.0428615629,0.826804
1,8,0.581982936,0,0,0.00908764539,0.000516678715,-0.201415403,0.826804
1,9,0.626739144,0,0,-0.00495451127,0.000294933578,-0.114973123,0.826804
1,10,0.671495352,0,0,-0.00381975396,0.000123975875,-0.048329165,0.826804
1,11,0.71625156,0,0,-0.00092460297,8.25941521e-05,-0.0321974449,0.826804
1,12,0.761007768,0,0,0.000591979752,0.000109088921,-0.0425258258,0.826804
1,13,0.805763976,0,0,0.000909310806,0.000149786225,-0.0583907406,0.826804
1,14,0.850520184,0,0,0.00243959968,0.000258973455,-0.10095489,0.826804
1,15,0.895276392,0,0,0.00158765121,0.000330030703,-0.128654936,0.826804
1,16,0.9400326,0,0,0.00260195351,0.000446484275,-0.174051703,0.826804
1,17,0.984788808,0,0,0.00402105321,0.000626451369,-0.244207767,0.826804
1,18,1.02954502,0,0,-0.00971335898,0.000191718254,-0.0747369853,0.826804
1,19,1.07430122,0,0,-0.00158556315,0.00012075446,-0.04707337,0.826804
1,20,1.11905743,0,0,0.00571138812,0.000376374535,-0.146721021,0.826804
1,21,1.16381364,0,0,-0.00566142523,0.00012299061,-0.0479450819,0.826804
1,22,1.20856985,0,0,0.00475714211,0.000335902252,-0.130943826,0.826804
1,23,1.25332606,0,0,0.00118306654,0.000388851824,-0.151585008,0.826804
1,24,1.29808226,0,0,-0.00283820446,0.000261824555,-0.102066326,0.826804
1,25,1.34283847,0,0,0.000954294806,0.000304535172,-0.118716085,0.826804
1,26,1.38759468,0,0,0.0054227373,0.00054723633,-0.213327592,0.826804
1,27,1.43235089,0,0,-0.00652081915,0.000255389192,-0.0995576469,0.826804
1,28,1.4771071,0,0,0.00416835475,0.000441948944,-0.172283708,0.826804
1,29,1.5218633,0,0,0.0113758657,0.000951089554,-0.370760553,0.826804
1,30,1.56661951,0,0,-0.00647404868,0.000661335685,-0.257806621,0.826804
1,31,1.61137572,0,0,-0.00628977797,0.000379829074,-0.148067694,0.826804
1,32,1.65613193,0,0,0.0057965312,0.00063925983,-0.249200853,0.826804
1,33,1.70088814,0,0,0.00768421424,0.000983176121,-0.383268769,0.826804
1,34,1.74564434,0,0,-0.0223895405,-1.8894813e-05,0.00736571154,0.826804
1,35,1.79040055,0,0,-0.00645411928,-0.000307756718,0.119971932,0.826804
1,36,1.83515676,0,0,0.0048149885,-9.22560914e-05,0.0359639314,0.826804
1,37,1.87991297,0,0,-0.00383028563,-0.000263685152,0.102791637,0.826804
1,38,1.92466918,0,0,0.000769293153,-0.000229254507,0.0893696367,0.826804
1,39,1.96942538,0,0,-0.000618438383,-0.000256933464,0.100159646,0.826804
1,40,2.01418159,0,0,-0.0018774115,-0.000340959284,0.132915194,0.826804
1,41,2.0589378,0,0,0.00394949554,-0.00016419484,0.0640076104,0.826804
1,42,2.10369401,0,0,-0.00408874232,-0.000347191442,0.135344659,0.826804
1,43,2.14845022,0,0,-0.006655188,-0.00064505242,0.251458962,0.826804
1,44,2.19320642,0,0,-0.00220684642,-0.000743822498,0.289962222,0.826804
1,45,2.23796263,0,0,0.00431081664,-0.000550886691,0.214750602,0.826804
1,46,2.28271884,0,0,-0.00993872492,-0.000995706331,0.388153385,0.826804
1,47,2.32747505,0,0,-0.0133572291,-0.00159352525,0.621199447,0.826804
1,48,2.37223126,0,0,0.00388961234,-0.00141944096,0.553336657,0.826804
1,49,2.41698746,0,0,-0.0139618407,-0.00204432,0.796931489,0.826804
1,50,2.46174367,0,0,0.00453371623,-0.00184140806,0.717830899,0.826804
1,51,2.50649988,0,0,0.00483746364,-0.00162490153,0.63343077,0.826804
1,52,2.55125609,0,0,0.000358436119,-0.00160885929,0.627177069,0.826804
1,53,2.5960123,0,0,0.0046808655,-0.0013993615,0.545509137,0.826804
1,54,2.6407685,0,0,0.0257397,-0.000247350127,0.0964238009,0.826804
1,55,2.68552471,0,0,0.0188792092,0.000597611686,-0.232965275,0.826804
1,56,2.73028092,0,0,0.0038046972,0.000767895506,-0.299346535,0.826804
1,57,2.77503713,0,0,0.0210959935,0.00171207218,-0.66741226,0.826804
1,58,2.81979334,0,0,0.00369448626,0.00187742338,-0.731870649,0.826804
1,59,2.86454954,0,0,0.0121387877,0.00242070948,-0.943658337,0.826804
1,60,2.90930575,0,0,-0.017116201,0.00165465323,-0.645028793,0.826804
1,61,2.95406196,0,0,-0.00236892715,0.00154862903,-0.60369768,0.826804
1,62,2.99881817,0,0,0.00742212235,0.00188081509,-0.73319283,0.826804
1,63,3.04357438,0,0,0.00265795548,0.00199977509,-0.779566674,0.826804
1,64,3.08833058,0,0,0.0114526799,0.00251235362,-0.979383711,0.826804
1,65,3.13308679,0,0,-0.0399932538,0.000722407233,-0.28161397,0.826804
1,66,3.177843,0,0,0.00092538853,0.000763824114,-0.297759396,0.826804
1,67,3.22259921,0,0,-0.0147290034,0.000104609776,-0.0407797332,0.826804
1,68,3.26735542,0,0,0.00573689874,0.000361371609,-0.140872473,0.826804
1,69,3.31211162,0,0,-0.00442986215,0.000163107777,-0.0635838438,0.826804
1,70,3.35686783,0,0,0.0166573686,0.000908628432,-0.354208054,0.826804
1,71,3.40162404,0,0,0.0115885412,0.00142728759,-0.556395489,0.826804
1,72,3.44638025,0,0,-0.00839400266,0.00105160386,-0.409943763,0.826804
1,73,3.49113646,0,0,-0.000144361988,0.00104514277,-0.407425052,0.826804
1,74,3.53589266,0,0,-0.0254381983,-9.33745233e-05,0.0363999265,0.826804
1,75,3.58064887,0,0,0.0257217329,0.00105783271,-0.412371934,0.826804
1,76,3.62540508,0,0,-0.0397657412,-0.000721931077,0.281428352,0.826804
1,77,3.67016129,0,0,-0.0435260049,-0.00266999001,1.04083466,0.826804
1,78,3.7149175,0,0,0.0221697368,-0.00167775666,0.654035136,0.826804
1,79,3.7596737,0,0,0.0338261305,-0.000163827324,0.0638643428,0.826804
1,80,3.80442991,0,0,-0.0221329381,-0.00115441371,0.450021833,0.826804
1,81,3.84918612,0,0,-0.00802303003,-0.00151349411,0.590001131,0.826804
1,82,3.89394233,0,0,-0.00348029351,-0.00166925885,0.650722459,0.826804
1,83,3.93869854,0,0,0.0154944606,-0.000975785547,0.380387722,0.826804
1,84,3.98345474,0,0,-0.0130426275,-0.0015595241,0.607944871,0.826804
1,85,4.02821095,0,0,7.11223991e-05,-0.00155634093,0.606703986,0.826804
1,86,4.07296716,0,0,0.00523515791,-0.00132203511,0.515365211,0.826804
1,87,4.11772337,0,0,-0.00205897476,-0.00141418701,0.551288527,0.826804
1,88,4.16247958,0,0,-0.0040716835,-0.00159642013,0.622327947,0.826804
1,89,4.20723578,0,0,0.00327065888,-0.00145003784,0.565264153,0.826804
1,90,4.25199199,0,0,-0.0111215281,-0.00194779526,0.759303522,0.826804
1,91,4.2967482,0,0,0.00459393622,-0.0017421881,0.679152262,0.826804
1,92,4.34150441,0,0,0.00518117882,-0.00151029818,0.588755271,0.826804
1,93,4.38626062,0,0,0.00243787949,-0.00140118794,0.546221134,0.826804
1,94,4.43101682,0,0,-0.00406455429,-0.00158310198,0.617136169,0.826804
1,95,4.47577303,0,0,0.00764087727,-0.00124112528,0.483824362,0.826804
1,96,4.52052924,0,0,0.000510731891,-0.00121826686,0.474913527,0.826804
1,97,4.56528545,0,0,-0.000837880115,-0.0012557672,0.489532178,0.826804
1,98,4.61004166,0,0,-0.000345128869,-0.00127121386,0.495553705,0.826804
1,99,4.65479786,0,0,0.00307935281,-0.0011333937,0.441827664,0.826804
1,100,4.69955407,0,0,0.0118297264,-0.000603940005,0.235432225,0.826804
1,101,4.74431028,0,0,-0.00433541279,-0.000797976641,0.311072979,0.826804
1,102,4.78906649,0,0,0.00010744837,-0.00079316766,0.309198307,0.826804
1,103,4.8338227,0,0,0.00136571341,-0.000732043506,0.285370451,0.826804
1,104,4.8785789,0,0,0.0127441622,-0.00016166313,0.0630206811,0.826804
1,105,4.92333511,0,0,-0.000229447877,-0.000171932347,0.0670239009,0.826804
1,106,4.96809132,0,0,0.00727183927,0.000153527604,-0.059849232,0.826804
1,107,5.01284753,0,0,0.00414997428,0.000339264716,-0.132254606,0.826804
1,108,5.05760374,0,0,0.00680427916,0.00064379845,-0.25097013,0.826804
1,109,5.10235994,0,0,7.83297164e-05,0.000647304191,-0.252336763,0.826804
1,110,5.14711615,0,0,0.0110751111,0.00114298417,-0.445566287,0.826804
1,111,5.19187236,0,0,0.00529419945,0.00137993246,-0.53793517,0.826804
1,112,5.23662857,0,0,0.00420739612,0.00156823955,-0.611342393,0.826804
1,113,5.28138478,0,0,0.00690647671,0.00187734726,-0.731840978,0.826804
1,114,5.32614098,0,0,0.00379793272,0.00204732833,-0.798104216,0.826804
1,115,5.37089719,0,0,-0.000979142323,0.00200350563,-0.781020938,0.826804
1,116,5.4156534,0,0,-0.0057906306,0.00174433896,-0.679990729,0.826804
1,117,5.46040961,0,0,0.0166657465,0.00249023458,-0.970761108,0.826804
1,118,5.50516582,0,0,0.0172282834,0.00326130721,-1.27134618,0.826804
1,119,5.54992202,0,0,0.00422090375,0.00345021886,-1.34498907,0.826804
1,120,5.59467823,0,0,-0.0276579109,0.00221235565,-0.86243635,0.826804
1,121,5.63943444,0,0,0.00987840569,0.00265447563,-1.03478673,0.826804
1,122,5.68419065,0,0,-0.00319368442,0.00251153842,-0.979065925,0.826804
1,123,5.72894686,0,0,0.0152932313,0.00319600546,-1.24588978,0.826804
1,124,5.77370306,0,0,-0.0240302207,0.00212050391,-0.826630046,0.826804
1,125,5.81845927,0,0,0.0496839262,0.00434416804,-1.69347475,0.826804
1,126,5.86321548,0,0,-0.0325211046,0.00288864672,-1.12607299,0.826804
1,127,5.90797169,0,0,-0.0560101137,0.000381846421,-0.148854111,0.826804
2,0,0.223933272,0,0,0,0.00265375279,-1.03450495,0.882289
2,1,0.26868948,0,0,-0.0133931188,0.00205432758,-0.800832716,0.882289
2,2,0.313445688,0,0,-0.00148971984,0.00198765337,-0.774841297,0.882289
2,3,0.358201896,0,0,0.00333167256,0.0021367664,-0.832969608,0.882289
2,4,0.402958104,0,0,-0.00758231025,0.00179741095,-0.70067963,0.882289
2,5,0.447714312,0,0,8.02630586e-05,0.00180100322,-0.702079994,0.882289
2,6,0.49247052,0,0,-0.0127162444,0.00123187234,-0.480217312,0.882289
2,7,0.537226728,0,0,-0.0199719429,0.000338003905,-0.131763107,0.882289
2,8,0.581982936,0,0,0.00160878699,0.00041000711,-0.159831913,0.882289
2,9,0.626739144,0,0,0.00818452308,0.000776315327,-0.30262881,0.882289
2,10,0.671495352,0,0,-0.000123073637,0.000770807018,-0.300481521,0.882289
2,11,0.71625156,0,0,0.000515341113,0.000793871732,-0.309472774,0.882289
2,12,0.761007768,0,0,-0.0121703555,0.000249172771,-0.0971343171,0.882289
2,13,0.805763976,0,0,-0.0149205972,-0.00041861658,0.163188118,0.882289
2,14,0.850520184,0,0,0.0144445922,0.000227868593,-0.0888293695,0.882289
2,15,0.895276392,0,0,0.0023396365,0.000332581851,-0.129649443,0.882289
2,16,0.9400326,0,0,-0.00175993348,0.000253813902,-0.098943556,0.882289
2,17,0.984788808,0,0,0.00555300414,0.00050234531,-0.195827853,0.882289
2,18,1.02954502,0,0,-0.00577901807,0.000243698375,-0.0950002488,0.882289
2,19,1.07430122,0,0,-0.00190230841,0.000158558264,-0.0618103199,0.882289
2,20,1.11905743,0,0,0.0110507425,0.000653147592,-0.25461468,0.882289
2,21,1.16381364,0,0,-0.0174880603,-0.000129551672,0.0505027622,0.882289
2,22,1.20856985,0,0,-0.00862077955,-0.000515385075,0.200911107,0.882289
2,23,1.25332606,0,0,-0.00531970703,-0.000753474989,0.293725026,0.882289
2,24,1.29808226,0,0,-0.0281063941,-0.00201141061,0.784102514,0.882289
2,25,1.34283847,0,0,0.0042776329,-0.00181995998,0.709469856,0.882289
2,26,1.38759468,0,0,-0.0098881032,-0.00226251398,0.881989433,0.882289
2,27,1.43235089,0,0,-0.0217565764,-0.00323625585,1.26158047,0.882289
2,28,1.4771071,0,0,-0.046517205,-0.00531818955,2.0731748,0.882289
2,29,1.5218633,0,0,-0.0239735984,-0.0063911569,2.49144663,0.882289
2,30,1.56661951,0,0,-0.0120129975,-0.00692881312,2.70103964,0.882289
2,31,1.61137572,0,0,-0.0128727839,-0.00750495011,2.92563349,0.882289
2,32,1.65613193,0,0,0.345130868,0.00794179881,-3.09592899,0.882289
2,33,1.70088814,0,0,-0.349792563,-0.00771358991,3.00696696,0.882289
2,34,1.74564434,0,0,0.02517018,-0.0065870681,2.56781814,0.882289
2,35,1.79040055,0,0,-0.0182142518,-0.00740226895,2.88560558,0.882289
2,36,1.83515676,0,0,-0.0104589786,-0.00787037317,3.06808533,0.882289
2,37,1.87991297,0,0,0.346410174,0.00763363265,-2.97579744,0.882289
2,38,1.92466918,0,0,-0.312149851,-0.00633701099,2.47033909,0.882289
2,39,1.96942538,0,0,0.00431248346,-0.00614400058,2.39509838,0.882289
2,40,2.01418159,0,0,-0.0326522166,-0.00760538998,2.96478768,0.882289
2,41,2.0589378,0,0,0.00779794104,-0.00725638371,2.82873556,0.882289
2,42,2.10369401,0,0,-0.0147730451,-0.00791756919,3.08648362,0.882289
2,43,2.14845022,0,0,0.22957043,0.00235713272,-0.918874386,0.882289
2,44,2.19320642,0,0,-0.0675460625,-0.000665972904,0.259614335,0.882289
2,45,2.23796263,0,0,-0.0307854578,-0.00204381326,0.796733946,0.882289
2,46,2.28271884,0,0,-0.00998171501,-0.00249055697,0.970886785,0.882289
2,47,2.32747505,0,0,-0.00347912522,-0.00264626942,1.03158773,0.882289
2,48,2.37223126,0,0,0.014495439,-0.00199750854,0.778683109,0.882289
2,49,2.41698746,0,0,0.000431288803,-0.00197820569,0.771158333,0.882289
2,50,2.46174367,0,0,-0.0106969985,-0.00245696278,0.957790856,0.882289
2,51,2.50649988,0,0,0.00806311192,-0.00209608846,0.817112242,0.882289
2,52,2.55125609,0,0,-0.00195345698,-0.00218351779,0.851194569,0.882289
2,53,2.5960123,0,0,-0.00363349885,-0.00234613942,0.9145889,0.882289
2,54,2.6407685,0,0,0.0118271004,-0.00181680325,0.708239279,0.882289
2,55,2.68552471,0,0,0.00564203079,-0.00156428735,0.609801718,0.882289
2,56,2.73028092,0,0,0.00459285078,-0.00135872877,0.529669395,0.882289
2,57,2.77503713,0,0,-0.00233395641,-0.00146318781,0.570390367,0.882289
2,58,2.81979334,0,0,0.00366625569,-0.0012991001,0.506424522,0.882289
2,59,2.86454954,0,0,-0.00299924015,-0.00143333472,0.558752823,0.882289
2,60,2.90930575,0,0,-0.00683344856,-0.00173917396,0.677977272,0.882289
2,61,2.95406196,0,0,-0.00980933244,-0.00217820249,0.84912252,0.882289
2,62,2.99881817,0,0,-0.00578533152,-0.00243713199,0.950060276,0.882289
2,63,3.04357438,0,0,0.00715193282,-0.0021170386,0.825279173,0.882289
2,64,3.08833058,0,0,-0.0374979063,-0.00379530269,1.47951212,0.882289
2,65,3.13308679,0,0,0.0665275907,-0.000817780003,0.318792867,0.882289
2,66,3.177843,0,0,-0.0479795171,-0.00296516125,1.15590043,0.882289
2,67,3.22259921,0,0,-0.035643421,-0.00456042561,1.77777783,0.882289
2,68,3.26735542,0,0,-0.0695603489,-0.00767368305,2.99141018,0.882289
2,69,3.31211162,0,0,0.343666661,0.00770753351,-3.00460601,0.882289
2,70,3.35686783,0,0,-0.0422113255,0.00581831464,-2.26813716,0.882289
2,71,3.40162404,0,0,-0.150713144,-0.000927034193,0.36138312,0.882289
2,72,3.44638025,0,0,-0.0142380402,-0.00156427488,0.609796857,0.882289
2,73,3.49113646,0,0,-0.0209200111,-0.00250057525,0.974792183,0.882289
2,74,3.53589266,0,0,0.00398780681,-0.00232209614,0.905216175,0.882289
2,75,3.58064887,0,0,0.0071426232,-0.00200241941,0.780597499,0.882289
2,76,3.62540508,0,0,-0.0301766447,-0.00335301159,1.30709503,0.882289
2,77,3.67016129,0,0,0.0171896499,-0.00258366805,1.00718401,0.882289
2,78,3.7149175,0,0,-0.018114921,-0.00339442322,1.32323841,0.882289
2,79,3.7596737,0,0,0.00336245663,-0.00324393241,1.264573,0.882289
2,80,3.80442991,0,0,0.0245895205,-0.00214339872,0.835555064,0.882289
2,81,3.84918612,0,0,0.0406448114,-0.00032429108,0.126417475,0.882289
2,82,3.89394233,0,0,0.0104647273,0.000144070434,-0.0561625702,0.882289
2,83,3.93869854,0,0,0.00233293999,0.000248483982,-0.0968658084,0.882289
2,84,3.98345474,0,0,-0.00457951966,4.35220471e-05,-0.0169660766,0.882289
2,85,4.02821095,0,0,-0.00724038308,-0.000280530044,0.109358234,0.882289
2,86,4.07296716,0,0,-0.00449769874,-0.000481829984,0.187830421,0.882289
2,87,4.11772337,0,0,0.00206213064,-0.000389536836,0.151852044,0.882289
2,88,4.16247958,0,0,-0.00213765522,-0.000485210178,0.189148113,0.882289
2,89,4.20723578,0,0,0.0076833101,-0.000141334353,0.0550959714,0.882289
2,90,4.25199199,0,0,0.00964016723,0.000290122977,-0.11309782,0.882289
2,91,4.2967482,0,0,0.000510362627,0.000312964873,-0.122002212,0.882289
2,92,4.34150441,0,0,-0.00092620441,0.000271511475,-0.105842551,0.882289
2,93,4.38626062,0,0,0.00233654828,0.000376086516,-0.146608744,0.882289
2,94,4.43101682,0,0,-0.000252950855,0.000364765395,-0.142195463,0.882289
2,95,4.47577303,0,0,-0.0079909182,7.12219795e-06,-0.0027764263,0.882289
2,96,4.52052924,0,0,-0.0177344759,-0.000786605696,0.306640275,0.882289
2,97,4.56528545,0,0,0.00093869633,-0.000744593207,0.290262666,0.882289
2,98,4.61004166,0,0,0.00134529277,-0.000684383005,0.266791093,0.882289
2,99,4.65479786,0,0,0.0088640138,-0.000287663359,0.112138994,0.882289
2,100,4.69955407,0,0,0.00545766033,-4.33991784e-05,0.0169181791,0.882289
2,101,4.74431028,0,0,0.0354392589,0.00154272766,-0.601397166,0.882289
2,102,4.78906649,0,0,-0.030741677,0.000166846773,-0.065041406,0.882289
2,103,4.8338227,0,0,-0.0199842465,-0.000727572322,0.283627462,0.882289
2,104,4.8785789,0,0,-0.0178455408,-0.00152627106,0.594981933,0.882289
2,105,4.92333511,0,0,0.00494506178,-0.00130494884,0.50870452,0.882289
2,106,4.96809132,0,0,0.0133198062,-0.000708804825,0.276311382,0.882289
2,107,5.01284753,0,0,0.0169613935,5.03228323e-05,-0.0196172075,0.882289
2,108,5.05760374,0,0,0.00266165285,0.000169448321,-0.06605556,0.882289
2,109,5.10235994,0,0,-0.00855286295,-0.000213345393,0.0831678315,0.882289
2,110,5.14711615,0,0,-0.00028701293,-0.000226191003,0.0881753995,0.882289
2,111,5.19187236,0,0,0.00994404353,0.000218866678,-0.0853201785,0.882289
2,112,5.23662857,0,0,0.020189315,0.00112246386,-0.437566914,0.882289
2,113,5.28138478,0,0,-0.00995219788,0.000677041221,-0.263929066,0.882289
2,114,5.32614098,0,0,-0.00163743337,0.000603755912,-0.235360461,0.882289
2,115,5.37089719,0,0,-0.000629713311,0.000575572332,-0.224373736,0.882289
2,116,5.4156534,0,0,0.00918195402,0.000986521776,-0.384572996,0.882289
2,117,5.46040961,0,0,0.0107402449,0.00146721441,-0.571960047,0.882289
2,118,5.50516582,0,0,0.00244741738,0.00157675153,-0.614660594,0.882289
2,119,5.54992202,0,0,-0.00522032559,0.00134310955,-0.523580602,0.882289
2,120,5.59467823,0,0,-0.00315647621,0.00120183765,-0.468508974,0.882289
2,121,5.63943444,0,0,0.0180742695,0.00201077341,-0.783854117,0.882289
2,122,5.68419065,0,0,0.0242882512,0.00309782343,-1.20761575,0.882289
2,123,5.72894686,0,0,6.50644505e-05,0.00310073547,-1.20875095,0.882289
2,124,5.77370306,0,0,0.00301553508,0.00323569939,-1.26136355,0.882289
2,125,5.81845927,0,0,0.00752484052,0.00357248271,-1.39265084,0.882289
2,126,5.86321548,0,0,0.0101065929,0.00402481549,-1.56898245,0.882289
2,127,5.90797169,0,0,0.00891910787,0.00442400094,-1.72459578,0.882289
3,0,0.223933272,0,0,0,-0.00019883001,0.0775093411,0.904329
3,1,0.26868948,0,0,-0.00261639056,-0.000315929731,0.123157994,0.904329
3,2,0.313445688,0,0,0.00737145866,1.39888063e-05,-0.00545321683,0.904329
3,3,0.358201896,0,0,0.00214239749,0.000109874394,-0.0428320245,0.904329
3,4,0.402958104,0,0,-0.00583372246,-0.000151220902,0.0589500168,0.904329
3,5,0.447714312,0,0,-0.00288707072,-0.000280435239,0.109321277,0.904329
3,6,0.49247052,0,0,0.00175880194,-0.000201717934,0.0786351321,0.904329
3,7,0.537226728,0,0,0.00698858959,0.000111064835,-0.0432960909,0.904329
3,8,0.581982936,0,0,0.00416670171,0.000297550604,-0.115993311,0.904329
3,9,0.626739144,0,0,-0.0046672859,8.86605853e-05,-0.0345623054,0.904329
3,10,0.671495352,0,0,-0.00367304002,-7.57307581e-05,0.0295219074,0.904329
3,11,0.71625156,0,0,0.0111520949,0.000423394719,-0.165050767,0.904329
3,12,0.761007768,0,0,-0.00109115944,0.00037455856,-0.146013105,0.904329
3,13,0.805763976,0,0,-0.0142911017,-0.00026505696,0.103326406,0.904329
3,14,0.850520184,0,0,-0.0154870401,-0.000958198148,0.373531676,0.904329
3,15,0.895276392,0,0,-0.00975835018,-0.0013949449,0.543787428,0.904329
3,16,0.9400326,0,0,-0.00298521453,-0.00152855178,0.595871021,0.904329
3,17,0.984788808,0,0,0.00321409551,-0.00138470105,0.539794099,0.904329
3,18,1.02954502,0,0,-0.00737799193,-0.00171491199,0.668519297,0.904329
3,19,1.07430122,0,0,-0.00990241734,-0.00215810664,0.841288615,0.904329
3,20,1.11905743,0,0,0.00281416943,-0.00203215509,0.792189277,0.904329
3,21,1.16381364,0,0,0.0277930731,-0.000788242532,0.307278359,0.904329
3,22,1.20856985,0,0,0.00713895931,-0.000468729784,0.182723607,0.904329
3,23,1.25332606,0,0,0.00342441703,-0.000315465863,0.122977166,0.904329
3,24,1.29808226,0,0,-0.00286634809,-0.000443752735,0.172986875,0.904329
3,25,1.34283847,0,0,0.0151341316,0.000233593607,-0.0910611356,0.904329
3,26,1.38759468,0,0,0.025237561,0.00136313114,-0.53138556,0.904329
3,27,1.43235089,0,0,0.0104923981,0.00183273109,-0.714448382,0.904329
3,28,1.4771071,0,0,0.00628196512,0.00211388803,-0.824050996,0.904329
3,29,1.5218633,0,0,0.0138031583,0.00273166505,-1.06487727,0.904329
3,30,1.56661951,0,0,0.0324351668,0.00418334013,-1.63077966,0.904329
3,31,1.61137572,0,0,0.015615018,0.00488220912,-1.90321779,0.904329
3,32,1.65613193,0,0,0.0120448685,0.00542129176,-2.11336685,0.904329
3,33,1.70088814,0,0,0.0102454506,0.00587983928,-2.29212113,0.904329
3,34,1.74564434,0,0,-0.286258057,-0.00693198584,2.70227645,0.904329
3,35,1.79040055,0,0,0.0684636416,-0.00386781286,1.50777856,0.904329
3,36,1.83515676,0,0,0.0566378109,-0.00133291922,0.519608132,0.904329
3,37,1.87991297,0,0,-0.017153745,-0.0021006558,0.818892713,0.904329
3,38,1.92466918,0,0,-0.0127003657,-0.002669076,1.04047836,0.904329
3,39,1.96942538,0,0,0.0219859608,-0.00168506777,0.656885207,0.904329
3,40,2.01418159,0,0,0.0431665006,0.000246901109,-0.0962487617,0.904329
3,41,2.0589378,0,0,0.00729330681,0.000573321866,-0.223496443,0.904329
3,42,2.10369401,0,0,0.0102212623,0.00103078681,-0.401828708,0.904329
3,43,2.14845022,0,0,-0.0130463188,0.000446883049,-0.174207156,0.904329
3,44,2.19320642,0,0,-0.00550969724,0.000200289893,-0.0780784432,0.904329
3,45,2.23796263,0,0,0.000257833415,0.000211829539,-0.0825769107,0.904329
3,46,2.28271884,0,0,0.0093559507,0.000630566415,-0.245811924,0.904329
3,47,2.32747505,0,0,-0.00413580441,0.000445463493,-0.173653774,0.904329
3,48,2.37223126,0,0,0.00375263694,0.000613417292,-0.239126729,0.904329
3,49,2.41698746,0,0,-0.00665693645,0.00031547806,-0.122981921,0.904329
3,50,2.46174367,0,0,-0.00329178904,0.000168150065,-0.0655494645,0.904329
3,51,2.50649988,0,0,-0.000355420323,0.000152242799,-0.05934838,0.904329
3,52,2.55125609,0,0,-0.00445060038,-4.69491978e-05,0.0183020731,0.904329
3,53,2.5960123,0,0,-0.00691791772,-0.000356568962,0.139000271,0.904329
3,54,2.6407685,0,0,0.0246525851,0.000746787267,-0.29111797,0.904329
3,55,2.68552471,0,0,0.0166659537,0.00149269216,-0.581891965,0.904329
3,56,2.73028092,0,0,-0.00674682642,0.00119072979,-0.464178829,0.904329
3,57,2.77503713,0,0,0.0116268685,0.00171110433,-0.667034967,0.904329
3,58,2.81979334,0,0,0.0299974643,0.00305367708,-1.19040631,0.904329
3,59,2.86454954,0,0,0.0231250658,0.00408866734,-1.59387363,0.904329
3,60,2.90930575,0,0,0.0106423576,0.00456497891,-1.77955283,0.904329
3,61,2.95406196,0,0,0.00841430841,0.00494157145,-1.92635883,0.904329
3,62,2.99881817,0,0,0.0207236866,0.00586908507,-2.28792885,0.904329
3,63,3.04357438,0,0,-0.00857225969,0.00548542324,-2.13836704,0.904329
3,64,3.08833058,0,0,-0.0327690514,0.00401880476,-1.5666393,0.904329
3,65,3.13308679,0,0,-0.132346766,-0.00190453462,0.742439351,0.904329
3,66,3.177843,0,0,0.0342539063,-0.00037145967,0.144805073,0.904329
3,67,3.22259921,0,0,0.00794818745,-1.57289389e-05,0.00613156781,0.904329
3,68,3.26735542,0,0,0.0178842839,0.00078470379,-0.305898861,0.904329
3,69,3.31211162,0,0,-0.0142151376,0.000148488136,-0.0578847106,0.904329
3,70,3.35686783,0,0,-0.00715839536,-0.000171894495,0.0670091453,0.904329
3,71,3.40162404,0,0,0.00568199075,8.24098646e-05,-0.0321256046,0.904329
3,72,3.44638025,0,0,0.0113253264,0.000589288528,-0.229720681,0.904329
3,73,3.49113646,0,0,0.00707889201,0.000906112891,-0.353227428,0.904329
3,74,3.53589266,0,0,0.000866204975,0.000944880941,-0.368340267,0.904329
3,75,3.58064887,0,0,0.00899843503,0.00134761677,-0.525337637,0.904329
3,76,3.62540508,0,0,-0.00507375703,0.00112053465,-0.436814854,0.904329
3,77,3.67016129,0,0,-0.0116443561,0.00059937742,-0.233653606,0.904329
3,78,3.7149175,0,0,-0.00993305504,0.000154811543,-0.0603497464,0.904329
3,79,3.7596737,0,0,-0.0233420739,-0.00088989117,0.34690376,0.904329
3,80,3.80442991,0,0,-0.0338457861,-0.00240470021,0.937417488,0.904329
3,81,3.84918612,0,0,-0.0172049085,-0.00317472667,1.23759473,0.904329
3,82,3.89394233,0,0,0.00918452327,-0.00276366224,1.07735064,0.904329
3,83,3.93869854,0,0,-0.0166333695,-0.00350810879,1.36755613,0.904329
3,84,3.98345474,0,0,0.00919058942,-0.00309677285,1.20720621,0.904329
3,85,4.02821095,0,0,0.00910238484,-0.00268938463,1.04839521,0.904329
3,86,4.07296716,0,0,0.0247571279,-0.00158134946,0.616452991,0.904329
3,87,4.11772337,0,0,0.00986957947,-0.00113962451,0.444256602,0.904329
3,88,4.16247958,0,0,0.000974898518,-0.00109599175,0.427247366,0.904329
3,89,4.20723578,0,0,0.000725657579,-0.00106351407,0.414586683,0.904329
3,90,4.25199199,0,0,0.00517219142,-0.000832026391,0.324346497,0.904329
3,91,4.2967482,0,0,0.0328362935,0.000637601591,-0.248554426,0.904329
3,92,4.34150441,0,0,0.00419381839,0.000825300999,-0.321724756,0.904329
3,93,4.38626062,0,0,0.0198841709,0.00171524109,-0.668647587,0.904329
3,94,4.43101682,0,0,-0.00269403651,0.00159466623,-0.621644231,0.904329
3,95,4.47577303,0,0,0.00731475892,0.0019220471,-0.749266191,0.904329
3,96,4.52052924,0,0,0.000695372434,0.00195316934,-0.761398483,0.904329
3,97,4.56528545,0,0,0.00539219903,0.00219450372,-0.855477183,0.904329
3,98,4.61004166,0,0,-0.208057867,-0.00711737746,2.77454714,0.904329
3,99,4.65479786,0,0,0.0139191525,-0.00649440898,2.5316971,0.904329
3,100,4.69955407,0,0,0.0510282976,-0.00421057588,1.64139689,0.904329
3,101,4.74431028,0,0,0.02216787,-0.00321842607,1.25462994,0.904329
3,102,4.78906649,0,0,0.00262429427,-0.00310097261,1.20884339,0.904329
3,103,4.8338227,0,0,0.00679735442,-0.00279674881,1.09024868,0.904329
3,104,4.8785789,0,0,0.0105160608,-0.0023260898,0.906773014,0.904329
3,105,4.92333511,0,0,0.00861530403,-0.00194050146,0.756460201,0.904329
3,106,4.96809132,0,0,0.00922971971,-0.00152741421,0.595427564,0.904329
3,107,5.01284753,0,0,0.00112454076,-0.00147708403,0.575807492,0.904329
3,108,5.05760374,0,0,0.0102086307,-0.00102018443,0.397695612,0.904329
3,109,5.10235994,0,0,-0.00110370536,-0.00106958209,0.416952165,0.904329
3,110,5.14711615,0,0,-0.00314282937,-0.00121024322,0.471785694,0.904329
3,111,5.19187236,0,0,0.00571121734,-0.000954630787,0.372141022,0.904329
3,112,5.23662857,0,0,0.00760401777,-0.000614303786,0.239472309,0.904329
3,113,5.28138478,0,0,0.0263115067,0.000563299479,-0.219589444,0.904329
3,114,5.32614098,0,0,0.0107631496,0.00104501724,-0.407376118,0.904329
3,115,5.37089719,0,0,0.0179060162,0.00184642262,-0.719785714,0.904329
3,116,5.4156534,0,0,0.0493872667,0.0040568094,-1.58145455,0.904329
3,117,5.46040961,0,0,0.0184555712,0.00488281079,-1.90345233,0.904329
3,118,5.50516582,0,0,-0.0302546989,0.00352872519,-1.37559297,0.904329
3,119,5.54992202,0,0,0.0303722013,0.00488806975,-1.90550242,0.904329
3,120,5.59467823,0,0,0.0105036387,0.00535817279,-2.08876136,0.904329
3,121,5.63943444,0,0,0.0115733382,0.00587615153,-2.29068354,0.904329
3,122,5.68419065,0,0,-0.0113529404,0.00536803696,-2.09260668,0.904329
3,123,5.72894686,0,0,-0.0399914954,0.00357816928,-1.39486762,0.904329
3,124,5.77370306,0,0,-0.0283551076,0.00230910218,-0.900150779,0.904329
3,125,5.81845927,0,0,0.0157240783,0.0030128523,-1.1744917,0.904329
3,126,5.86321548,0,0,0.0269128317,0.00421736859,-1.64404488,0.904329
3,127,5.90797169,0,0,0.0155469458,0.00491319093,-1.91529534,0.904329
4,0,0.223933272,0,0,0,-0.00019883001,0.0775093411,0.906517
4,1,0.26868948,0,0,-0.00261639056,-0.000315929731,0.123157994,0.906517
4,2,0.313445688,0,0,0.00737145866,1.39888063e-05,-0.00545321683,0.906517
4,3,0.358201896,0,0,0.00214239749,0.000109874394,-0.0428320245,0.906517
4,4,0.402958104,0,0,-0.00583372246,-0.000151220902,0.0589500168,0.906517
4,5,0.447714312,0,0,-0.00288707072,-0.000280435239,0.109321277,0.906517
4,6,0.49247052,0,0,0.00175880194,-0.000201717934,0.0786351321,0.906517
4,7,0.537226728,0,0,0.00698858959,0.000111064835,-0.0432960909,0.906517
4,8,0.581982936,0,0,0.00416670171,0.000297550604,-0.115993311,0.906517
4,9,0.626739144,0,0,-0.0046672859,8.86605853e-05,-0.0345623054,0.906517
4,10,0.671495352,0,0,-0.00367304002,-7.57307581e-05,0.0295219074,0.906517
4,11,0.71625156,0,0,0.0111520949,0.000423394719,-0.165050767,0.906517
4,12,0.761007768,0,0,-0.00109115944,0.00037455856,-0.146013105,0.906517
4,13,0.805763976,0,0,-0.0142911017,-0.00026505696,0.103326406,0.906517
4,14,0.850520184,0,0,-0.0154870401,-0.000958198148,0.373531676,0.906517
4,15,0.895276392,0,0,-0.00975835018,-0.0013949449,0.543787428,0.906517
4,16,0.9400326,0,0,-0.00298521453,-0.00152855178,0.595871021,0.906517
4,17,0.984788808,0,0,0.00321409551,-0.00138470105,0.539794099,0.906517
4,18,1.02954502,0,0,-0.00737799193,-0.00171491199,0.668519297,0.906517
4,19,1.07430122,0,0,-0.00990241734,-0.00215810664,0.841288615,0.906517
4,20,1.11905743,0,0,0.00281416943,-0.00203215509,0.792189277,0.906517
4,21,1.16381364,0,0,0.0277930731,-0.000788242532,0.307278359,0.906517
4,22,1.20856985,0,0,0.00713895931,-0.000468729784,0.182723607,0.906517
4,23,1.25332606,0,0,0.00342441703,-0.000315465863,0.122977166,0.906517
4,24,1.29808226,0,0,-0.00286634809,-0.000443752735,0.172986875,0.906517
4,25,1.34283847,0,0,0.0151341316,0.000233593607,-0.0910611356,0.906517
4,26,1.38759468,0,0,0.025237561,0.00136313114,-0.53138556,0.906517
4,27,1.43235089,0,0,0.0104923981,0.00183273109,-0.714448382,0.906517
4,28,1.4771071,0,0,0.00628196512,0.00211388803,-0.824050996,0.906517
4,29,1.5218633,0,0,0.0138031583,0.00273166505,-1.06487727,0.906517
4,30,1.56661951,0,0,0.0324351668,0.00418334013,-1.63077966,0.906517
4,31,1.61137572,0,0,0.015615018,0.00488220912,-1.90321779,0.906517
4,32,1.65613193,0,0,0.0120448685,0.00542129176,-2.11336685,0.906517
4,33,1.70088814,0,0,0.0102454506,0.00587983928,-2.29212113,0.906517
4,34,1.74564434,0,0,-0.286258057,-0.00693198584,2.70227645,0.906517
4,35,1.79040055,0,0,0.0684636416,-0.00386781286,1.50777856,0.906517
4,36,1.83515676,0,0,0.0566378109,-0.00133291922,0.519608132,0.906517
4,37,1.87991297,0,0,-0.017153745,-0.0021006558,0.818892713,0.906517
4,38,1.92466918,0,0,-0.0127003657,-0.002669076,1.04047836,0.906517
4,39,1.96942538,0,0,0.0219859608,-0.00168506777,0.656885207,0.906517
4,40,2.01418159,0,0,0.0431665006,0.000246901109,-0.0962487617,0.906517
4,41,2.0589378,0,0,0.00729330681,0.000573321866,-0.223496443,0.906517
4,42,2.10369401,0,0,0.0102212623,0.00103078681,-0.401828708,0.906517
4,43,2.14845022,0,0,-0.0130463188,0.000446883049,-0.174207156,0.906517
4,44,2.19320642,0,0,-0.00550969724,0.000200289893,-0.0780784432,0.906517
4,45,2.23796263,0,0,0.000257833415,0.000211829539,-0.0825769107,0.906517
4,46,2.28271884,0,0,0.0093559507,0.000630566415,-0.245811924,0.906517
4,47,2.32747505,0,0,-0.00413580441,0.000445463493,-0.173653774,0.906517
4,48,2.37223126,0,0,0.00375263694,0.000613417292,-0.239126729,0.906517
4,49,2.41698746,0,0,-0.00665693645,0.00031547806,-0.122981921,0.906517
4,50,2.46174367,0,0,-0.00329178904,0.000168150065,-0.0655494645,0.906517
4,51,2.50649988,0,0,-0.000355420323,0.000152242799,-0.05934838,0.906517
4,52,2.55125609,0,0,-0.00445060038,-4.69491978e-05,0.0183020731,0.906517
4,53,2.5960123,0,0,-0.00691791772,-0.000356568962,0.139000271,0.906517
4,54,2.6407685,0,0,0.0246525851,0.000746787267,-0.29111797,0.906517
4,55,2.68552471,0,0,0.0166659537,0.00149269216,-0.581891965,0.906517
4,56,2.73028092,0,0,-0.00674682642,0.00119072979,-0.464178829,0.906517
4,57,2.77503713,0,0,0.0116268685,0.00171110433,-0.667034967,0.906517
4,58,2.81979334,0,0,0.0299974643,0.00305367708,-1.19040631,0.906517
4,59,2.86454954,0,0,0.0231250658,0.00408866734,-1.59387363,0.906517
4,60,2.90930575,0,0,0.0106423576,0.00456497891,-1.77955283,0.906517
4,61,2.95406196,0,0,0.00841430841,0.00494157145,-1.92635883,0.906517
4,62,2.99881817,0,0,0.0207236866,0.00586908507,-2.28792885,0.906517
4,63,3.04357438,0,0,-0.00857225969,0.00548542324,-2.13836704,0.906517
4,64,3.08833058,0,0,-0.0327690514,0.00401880476,-1.5666393,0.906517
4,65,3.13308679,0,0,-0.132346766,-0.00190453462,0.742439351,0.906517
4,66,3.177843,0,0,0.0342539063,-0.00037145967,0.144805073,0.906517
4,67,3.22259921,0,0,0.00794818745,-1.57289389e-05,0.00613156781,0.906517
4,68,3.26735542,0,0,0.0178842839,0.00078470379,-0.305898861,0.906517
4,69,3.31211162,0,0,-0.0142151376,0.000148488136,-0.0578847106,0.906517
4,70,3.35686783,0,0,-0.00715839536,-0.000171894495,0.0670091453,0.906517
4,71,3.40162404,0,0,0.00568199075,8.24098646e-05,-0.0321256046,0.906517
4,72,3.44638025,0,0,0.0113253264,0.000589288528,-0.229720681,0.906517
4,73,3.49113646,0,0,0.00707889201,0.000906112891,-0.353227428,0.906517
4,74,3.53589266,0,0,0.000866204975,0.000944880941,-0.368340267,0.906517
4,75,3.58064887,0,0,0.00899843503,0.00134761677,-0.525337637,0.906517
4,76,3.62540508,0,0,-0.00507375703,0.00112053465,-0.436814854,0.906517
4,77,3.67016129,0,0,-0.0116443561,0.00059937742,-0.233653606,0.906517
4,78,3.7149175,0,0,-0.00993305504,0.000154811543,-0.0603497464,0.906517
4,79,3.7596737,0,0,-0.0233420739,-0.00088989117,0.34690376,0.906517
4,80,3.80442991,0,0,-0.0338457861,-0.00240470021,0.937417488,0.906517
4,81,3.84918612,0,0,-0.0172049085,-0.00317472667,1.23759473,0.906517
4,82,3.89394233,0,0,0.00918452327,-0.00276366224,1.07735064,0.906517
4,83,3.93869854,0,0,-0.0166333695,-0.00350810879,1.36755613,0.906517
4,84,3.98345474,0,0,0.00919058942,-0.00309677285,1.20720621,0.906517
4,85,4.02821095,0,0,0.00910238484,-0.00268938463,1.04839521,0.906517
4,86,4.07296716,0,0,0.0247571279,-0.00158134946,0.616452991,0.906517
4,87,4.11772337,0,0,0.00986957947,-0.00113962451,0.444256602,0.906517
4,88,4.16247958,0,0,0.000974898518,-0.00109599175,0.427247366,0.906517
4,89,4.20723578,0,0,0.000725657579,-0.00106351407,0.414586683,0.906517
4,90,4.25199199,0,0,0.00517219142,-0.000832026391,0.324346497,0.906517
4,91,4.2967482,0,0,0.0328362935,0.000637601591,-0.248554426,0.906517
4,92,4.34150441,0,0,0.00419381839,0.000825300999,-0.321724756,0.906517
4,93,4.38626062,0,0,0.0198841709,0.00171524109,-0.668647587,0.906517
4,94,4.43101682,0,0,-0.00269403651,0.00159466623,-0.621644231,0.906517
4,95,4.47577303,0,0,0.00731475892,0.0019220471,-0.749266191,0.906517
4,96,4.52052924,0,0,0.000695372434,0.00195316934,-0.761398483,0.906517
4,97,4.56528545,0,0,0.00539219903,0.00219450372,-0.855477183,0.906517
4,98,4.61004166,0,0,-0.208057867,-0.00711737746,2.77454714,0.906517
4,99,4.65479786,0,0,0.0139191525,-0.00649440898,2.5316971,0.906517
4,100,4.69955407,0,0,0.0510282976,-0.00421057588,1.64139689,0.906517
4,101,4.74431028,0,0,0.02216787,-0.00321842607,1.25462994,0.906517
4,102,4.78906649,0,0,0.00262429427,-0.00310097261,1.20884339,0.906517
4,103,4.8338227,0,0,0.00679735442,-0.00279674881,1.09024868,0.906517
4,104,4.8785789,0,0,0.0105160608,-0.0023260898,0.906773014,0.906517
4,105,4.92333511,0,0,0.00861530403,-0.00194050146,0.756460201,0.906517
4,106,4.96809132,0,0,0.00922971971,-0.00152741421,0.595427564,0.906517
4,107,5.01284753,0,0,0.00112454076,-0.00147708403,0.575807492,0.906517
4,108,5.05760374,0,0,0.0102086307,-0.00102018443,0.397695612,0.906517
4,109,5.10235994,0,0,-0.00110370536,-0.00106958209,0.416952165,0.906517
4,110,5.14711615,0,0,-0.00314282937,-0.00121024322,0.471785694,0.906517
4,111,5.19187236,0,0,0.00571121734,-0.000954630787,0.372141022,0.906517
4,112,5.23662857,0,0,0.00760401777,-0.000614303786,0.239472309,0.906517
4,113,5.28138478,0,0,0.0263115067,0.000563299479,-0.219589444,0.906517
4,114,5.32614098,0,0,0.0107631496,0.00104501724,-0.407376118,0.906517
4,115,5.37089719,0,0,0.0179060162,0.00184642262,-0.719785714,0.906517
4,116,5.4156534,0,0,0.0493872667,0.0040568094,-1.58145455,0.906517
4,117,5.46040961,0,0,0.0184555712,0.00488281079,-1.90345233,0.906517
4,118,5.50516582,0,0,-0.0302546989,0.00352872519,-1.37559297,0.906517
4,119,5.54992202,0,0,0.0303722013,0.00488806975,-1.90550242,0.906517
4,120,5.59467823,0,0,0.0105036387,0.00535817279,-2.08876136,0.906517
4,121,5.63943444,0,0,0.0115733382,0.00587615153,-2.29068354,0.906517
4,122,5.68419065,0,0,-0.0113529404,0.00536803696,-2.09260668,0.906517
4,123,5.72894686,0,0,-0.0399914954,0.00357816928,-1.39486762,0.906517
4,124,5.77370306,0,0,-0.0283551076,0.00230910218,-0.900150779,0.906517
4,125,5.81845927,0,0,0.0157240783,0.0030128523,-1.1744917,0.906517
4,126,5.86321548,0,0,0.0269128317,0.00421736859,-1.64404488,0.906517
4,127,5.90797169,0,0,0.0155469458,0.00491319093,-1.91529534,0.906517
5,0,0.223933272,0,0,0,-0.000129043596,0.0503047002,0.931070
5,1,0.26868948,0,0,-0.00254386212,-0.000242897218,0.0946879361,0.931070
5,2,0.313445688,0,0,-0.00366345688,-0.000406859656,0.15860495,0.931070
5,3,0.358201896,0,0,-7.55001616e-05,-0.000410238757,0.159922215,0.931070
5,4,0.402958104,0,0,0.00449993274,-0.000208838831,0.0814110514,0.931070
5,5,0.447714312,0,0,0.00393767271,-3.26035321e-05,0.0127097428,0.931070
5,6,0.49247052,0,0,0.00196258742,5.52344389e-05,-0.0215318852,0.931070
5,7,0.537226728,0,0,0.00294233027,0.000186921984,-0.072867269,0.931070
5,8,0.581982936,0,0,0.00269334902,0.000307466073,-0.11985863,0.931070
5,9,0.626739144,0,0,0.00179633615,0.000387863268,-0.151199642,0.931070
5,10,0.671495352,0,0,-0.000919136041,0.000346726224,-0.135163304,0.931070
5,11,0.71625156,0,0,0.0142208849,0.000983199107,-0.383277729,0.931070
5,12,0.761007768,0,0,0.00723716295,0.00130710708,-0.509545858,0.931070
5,13,0.805763976,0,0,-0.00874662791,0.000915641179,-0.356941813,0.931070
5,14,0.850520184,0,0,-0.00797905769,0.000558528814,-0.217729709,0.931070
5,15,0.895276392,0,0,0.000563638134,0.000583755119,-0.227563608,0.931070
5,16,0.9400326,0,0,-0.00204030384,0.000492438856,-0.191966048,0.931070
5,17,0.984788808,0,0,0.00563204728,0.000744507935,-0.290229425,0.931070
5,18,1.02954502,0,0,-0.0183190783,-7.53845449e-05,0.0293869441,0.931070
5,19,1.07430122,0,0,-0.00922268561,-0.00048815698,0.190296856,0.931070
5,20,1.11905743,0,0,0.0085848472,-0.000103931773,0.0405154295,0.931070
5,21,1.16381364,0,0,-0.00192889637,-0.000190261861,0.0741692435,0.931070
5,22,1.20856985,0,0,0.00869331722,0.000198818053,-0.0775046797,0.931070
5,23,1.25332606,0,0,0.00964852711,0.000630649539,-0.245844328,0.931070
5,24,1.29808226,0,0,-0.000195453305,0.00062190179,-0.242434217,0.931070
5,25,1.34283847,0,0,-0.00171814518,0.000545004127,-0.212457419,0.931070
5,26,1.38759468,0,0,0.0030543114,0.000681703523,-0.265746558,0.931070
5,27,1.43235089,0,0,0.00695605219,0.000993030042,-0.387110095,0.931070
5,28,1.4771071,0,0,0.00648652101,0.00128334213,-0.500281634,0.931070
5,29,1.5218633,0,0,0.00272165685,0.00140515317,-0.547766888,0.931070
5,30,1.56661951,0,0,0.000234293643,0.00141563926,-0.551854652,0.931070
5,31,1.61137572,0,0,0.00651848673,0.00170738201,-0.665583903,0.931070
5,32,1.65613193,0,0,-0.0120324366,0.00116885577,-0.455651743,0.931070
5,33,1.70088814,0,0,-0.0213582693,0.000212940629,-0.0830100438,0.931070
5,34,1.74564434,0,0,0.00297213606,0.000345962169,-0.134865455,0.931070
5,35,1.79040055,0,0,-0.0100587597,-0.000104229772,0.0406315975,0.931070
5,36,1.83515676,0,0,-0.00464524384,-0.000312133272,0.121678031,0.931070
5,37,1.87991297,0,0,-0.0168930961,-0.00106820419,0.416415022,0.931070
5,38,1.92466918,0,0,0.00154420574,-0.0009990914,0.389472977,0.931070
5,39,1.96942538,0,0,0.000746515169,-0.000965680211,0.376448388,0.931070
5,40,2.01418159,0,0,0.0109448807,-0.000475828855,0.185491018,0.931070
5,41,2.0589378,0,0,0.00994540266,-3.07103452e-05,0.0119717271,0.931070
5,42,2.10369401,0,0,-5.51838365e-05,-3.31801644e-05,0.0129345297,0.931070
5,43,2.14845022,0,0,0.0111594085,0.000466272644,-0.181765747,0.931070
5,44,2.19320642,0,0,-0.00303361393,0.000330499587,-0.12883772,0.931070
5,45,2.23796263,0,0,0.00323808542,0.000475424012,-0.185333199,0.931070
5,46,2.28271884,0,0,-0.00297207718,0.000342405108,-0.133478815,0.931070
5,47,2.32747505,0,0,0.00620673615,0.000620195082,-0.241768896,0.931070
5,48,2.37223126,0,0,-0.00135524042,0.00055953966,-0.218123764,0.931070
5,49,2.41698746,0,0,0.00397995957,0.000737667558,-0.28756286,0.931070
5,50,2.46174367,0,0,-0.0106154662,0.000262559545,-0.102352846,0.931070
5,51,2.50649988,0,0,-0.0287829346,-0.00102565546,0.399828371,0.931070
5,52,2.55125609,0,0,-0.0134133944,-0.00162598813,0.633854359,0.931070
5,53,2.5960123,0,0,-0.028828257,-0.0029162316,1.13682632,0.931070
5,54,2.6407685,0,0,-0.0106131828,-0.00339123741,1.3219965,0.931070
5,55,2.68552471,0,0,-0.00468674938,-0.00360099854,1.40376709,0.931070
5,56,2.73028092,0,0,-0.0162850008,-0.00432985343,1.68789453,0.931070
5,57,2.77503713,0,0,0.00577731773,-0.00407128259,1.58709659,0.931070
5,58,2.81979334,0,0,-0.00754196132,-0.00440883218,1.71868259,0.931070
5,59,2.86454954,0,0,0.0112974671,-0.00390320039,1.52157358,0.931070
5,60,2.90930575,0,0,0.0144576079,-0.00325613269,1.269329,0.931070
5,61,2.95406196,0,0,0.0164055524,-0.00252188237,0.983098279,0.931070
5,62,2.99881817,0,0,0.0111414713,-0.00202323237,0.788710955,0.931070
5,63,3.04357438,0,0,0.00410348559,-0.00183957591,0.717116679,0.931070
5,64,3.08833058,0,0,0.0145279155,-0.0011893615,0.463645434,0.931070
5,65,3.13308679,0,0,0.00460921753,-0.000983070405,0.383227558,0.931070
5,66,3.177843,0,0,0.00393178931,-0.000807098425,0.314628898,0.931070
5,67,3.22259921,0,0,0.00646059817,-0.000517946549,0.20190964,0.931070
5,68,3.26735542,0,0,-0.00265737543,-0.000636880597,0.248273363,0.931070
5,69,3.31211162,0,0,-0.00209878496,-0.000730814253,0.284891255,0.931070
5,70,3.35686783,0,0,-0.00303148146,-0.000866491868,0.337782076,0.931070
5,71,3.40162404,0,0,-0.00808966562,-0.00122855463,0.478923978,0.931070
5,72,3.44638025,0,0,-0.00552610459,-0.00147588211,0.575338953,0.931070
5,73,3.49113646,0,0,-0.00518405626,-0.00170790081,0.665786147,0.931070
5,74,3.53589266,0,0,-0.00514814016,-0.00193831204,0.755606706,0.931070
5,75,3.58064887,0,0,0.000122777833,-0.00193281697,0.753464579,0.931070
5,76,3.62540508,0,0,0.00465833303,-0.00172432765,0.672189775,0.931070
5,77,3.67016129,0,0,0.0101808513,-0.00126867135,0.494562568,0.931070
5,78,3.7149175,0,0,0.00746584256,-0.00093452855,0.364304624,0.931070
5,79,3.7596737,0,0,0.00721185763,-0.00061175315,0.238478002,0.931070
5,80,3.80442991,0,0,0.00865504174,-0.000224386302,0.0874718779,0.931070
5,81,3.84918612,0,0,0.00877618012,0.000168402241,-0.0656477698,0.931070
5,82,3.89394233,0,0,0.00776282039,0.000515836645,-0.201087142,0.931070
5,83,3.93869854,0,0,0.0116143498,0.0010356509,-0.403724864,0.931070
5,84,3.98345474,0,0,0.00947052475,0.00145951568,-0.568958871,0.931070
5,85,4.02821095,0,0,0.00717083212,0.00178045493,-0.694069714,0.931070
5,86,4.07296716,0,0,0.00771277278,0.00212564939,-0.828635896,0.931070
5,87,4.11772337,0,0,0.00858745036,0.00250999111,-0.97846274,0.931070
5,88,4.16247958,0,0,0.00739200071,0.00284082903,-1.10743235,0.931070
5,89,4.20723578,0,0,0.00484345231,0.00305760359,-1.19193697,0.931070
5,90,4.25199199,0,0,-0.00490410248,0.00283811456,-1.10637418,0.931070
5,91,4.2967482,0,0,-0.0203256501,0.00192841553,-0.751748778,0.931070
5,92,4.34150441,0,0,-0.0482303589,-0.000230192442,0.089735269,0.931070
5,93,4.38626062,0,0,-0.0227112209,-0.00124666057,0.485982167,0.931070
5,94,4.43101682,0,0,-0.00989527962,-0.00168953576,0.658626952,0.931070
5,95,4.47577303,0,0,0.00740577477,-0.00135808137,0.529417021,0.931070
5,96,4.52052924,0,0,0.00843300574,-0.000980652008,0.382284801,0.931070
5,97,4.56528545,0,0,0.00517293571,-0.000749131021,0.292031629,0.931070
5,98,4.61004166,0,0,0.00814121221,-0.000384761235,0.149990385,0.931070
5,99,4.65479786,0,0,0.00293843946,-0.000253247827,0.0987228848,0.931070
5,100,4.69955407,0,0,0.00672578088,4.77726211e-05,-0.0186230659,0.931070
5,101,4.74431028,0,0,0.00350116692,0.000204471576,-0.0797085767,0.931070
5,102,4.78906649,0,0,0.00484439756,0.000421288441,-0.164229682,0.931070
5,103,4.8338227,0,0,0.00560179146,0.000672003385,-0.26196518,0.931070
5,104,4.8785789,0,0,0.00467745906,0.000881348715,-0.343573679,0.931070
5,105,4.92333511,0,0,0.00372401042,0.0010480213,-0.408547182,0.931070
5,106,4.96809132,0,0,0.00597954516,0.00131564307,-0.512873419,0.931070
5,107,5.01284753,0,0,0.00739585494,0.00164665349,-0.641910276,0.931070
5,108,5.05760374,0,0,0.00661834911,0.0019428657,-0.757381845,0.931070
5,109,5.10235994,0,0,0.00883839674,0.00233843882,-0.911586998,0.931070
5,110,5.14711615,0,0,-0.000620370224,0.0023106734,-0.900763283,0.931070
5,111,5.19187236,0,0,0.00335610494,0.00246087993,-0.95931787,0.931070
5,112,5.23662857,0,0,-0.0309082874,0.00107754219,-0.420055228,0.931070
5,113,5.28138478,0,0,-0.0599302117,-0.00160470683,0.625558327,0.931070
5,114,5.32614098,0,0,-0.0151126667,-0.00228109248,0.889231835,0.931070
5,115,5.37089719,0,0,0.00727284201,-0.00195558765,0.762341207,0.931070
5,116,5.4156534,0,0,0.00171475878,-0.00187884155,0.732423491,0.931070
5,117,5.46040961,0,0,0.00436356471,-0.00168354494,0.656291566,0.931070
5,118,5.50516582,0,0,0.00546807965,-0.00143881443,0.560888963,0.931070
5,119,5.54992202,0,0,0.00313728665,-0.00129840137,0.506152139,0.931070
5,120,5.59467823,0,0,0.00377610165,-0.00112939738,0.440269791,0.931070
5,121,5.63943444,0,0,0.00870745071,-0.000739684909,0.288349278,0.931070
5,122,5.68419065,0,0,0.00742340447,-0.000407441474,0.158831758,0.931070
5,123,5.72894686,0,0,0.00744371361,-7.42890792e-05,0.0289599018,0.931070
5,124,5.77370306,0,0,0.00433237821,0.000119611741,-0.0466279071,0.931070
5,125,5.81845927,0,0,0.0024964574,0.000231343708,-0.0901840638,0.931070
5,126,5.86321548,0,0,0.00667211659,0.000529962345,-0.206593723,0.931070
5,127,5.90797169,0,0,0.0105952222,0.00100416432,-0.391450538,0.931070
6,0,0.223933272,0,0,0,-0.00110176831,0.429499225,0.941583
6,1,0.26868948,0,0,0.000967320803,-0.0010584747,0.412622199,0.941583
6,2,0.313445688,0,0,0.00360203392,-0.000897261316,0.349776843,0.941583
6,3,0.358201896,0,0,-0.00151587409,-0.000965106092,0.376224581,0.941583
6,4,0.402958104,0,0,0.0025026756,-0.000853095823,0.332559934,0.941583
6,5,0.447714312,0,0,0.0018919461,-0.000768419489,0.299550798,0.941583
6,6,0.49247052,0,0,0.00021623283,-0.000758741728,0.295778144,0.941583
6,7,0.537226728,0,0,0.00397702129,-0.000580745336,0.226390313,0.941583
6,8,0.581982936,0,0,-0.000259717037,-0.000592369286,0.230921645,0.941583
6,9,0.626739144,0,0,0.00318840305,-0.000449668455,0.175292983,0.941583
6,10,0.671495352,0,0,0.00151638527,-0.000381800801,0.148836327,0.941583
6,11,0.71625156,0,0,0.00282860635,-0.000255203107,0.099485106,0.941583
6,12,0.761007768,0,0,0.000395114608,-0.000237519275,0.0925914679,0.941583
6,13,0.805763976,0,0,0.00187084732,-0.000153787243,0.0599504465,0.941583
6,14,0.850520184,0,0,0.00254933228,-3.96887977e-05,0.0154717719,0.941583
6,15,0.895276392,0,0,0.00103432319,6.60358613e-06,-0.00257425732,0.941583
6,16,0.9400326,0,0,0.00264061229,0.000124787379,-0.0486455114,0.941583
6,17,0.984788808,0,0,0.00160246078,0.000196507447,-0.0766039429,0.941583
6,18,1.02954502,0,0,0.00183832773,0.000278784026,-0.108677589,0.941583
6,19,1.07430122,0,0,0.00147974254,0.000345011691,-0.134494932,0.941583
6,20,1.11905743,0,0,0.00218429128,0.000442772285,-0.172604669,0.941583
6,21,1.16381364,0,0,0.000870082439,0.000481713876,-0.187785159,0.941583
6,22,1.20856985,0,0,-4.86381148e-05,0.000479537018,-0.186936561,0.941583
6,23,1.25332606,0,0,0.00273442449,0.00060191949,-0.234644574,0.941583
6,24,1.29808226,0,0,0.00168000283,0.000677110046,-0.263955896,0.941583
6,25,1.34283847,0,0,0.00210071799,0.000771130217,-0.300607513,0.941583
6,26,1.38759468,0,0,0.000952594448,0.000813764732,-0.317227606,0.941583
6,27,1.43235089,0,0,0.000429689893,0.000832996023,-0.324724486,0.941583
6,28,1.4771071,0,0,0.000139460447,0.000839237743,-0.327157678,0.941583
6,29,1.5218633,0,0,0.00652139786,0.00113111078,-0.44093772,0.941583
6,30,1.56661951,0,0,0.00281227226,0.00125697742,-0.490003957,0.941583
6,31,1.61137572,0,0,0.000864011716,0.00129564731,-0.505078531,0.941583
6,32,1.65613193,0,0,0.0030613216,0.00143266046,-0.558489978,0.941583
6,33,1.70088814,0,0,0.00333921485,0.00158211105,-0.616749881,0.941583
6,34,1.74564434,0,0,0.00242289393,0.0016905506,-0.659022563,0.941583
6,35,1.79040055,0,0,0.00111153834,0.00174029884,-0.678415779,0.941583
6,36,1.83515676,0,0,0.00186476145,0.00182375849,-0.710950619,0.941583
6,37,1.87991297,0,0,0.00367351762,0.00198817121,-0.775043164,0.941583
6,38,1.92466918,0,0,0.00611477441,0.00226184532,-0.881728771,0.941583
6,39,1.96942538,0,0,-0.000170174118,0.00225422898,-0.878759712,0.941583
6,40,2.01418159,0,0,0.00181619284,0.00233551488,-0.910447166,0.941583
6,41,2.0589378,0,0,0.000701632021,0.00236691727,-0.92268867,0.941583
6,42,2.10369401,0,0,0.00178842583,0.00244696043,-0.953891669,0.941583
6,43,2.14845022,0,0,0.00114615481,0.00249825797,-0.973888845,0.941583
6,44,2.19320642,0,0,0.00199354904,0.00258748167,-1.00867067,0.941583
6,45,2.23796263,0,0,0.00223540503,0.00268752992,-1.04767219,0.941583
6,46,2.28271884,0,0,0.00100730841,0.00273261322,-1.06524689,0.941583
6,47,2.32747505,0,0,0.00257841867,0.00284801347,-1.11023304,0.941583
6,48,2.37223126,0,0,-0.00208862736,0.00275453443,-1.07379237,0.941583
6,49,2.41698746,0,0,0.00688037381,0.00306247387,-1.19383553,0.941583
6,50,2.46174367,0,0,-0.00194989935,0.00297520377,-1.15981528,0.941583
6,51,2.50649988,0,0,0.00390198275,0.00314984172,-1.2278939,0.941583
6,52,2.55125609,0,0,0.00598612942,0.00341775817,-1.33233501,0.941583
6,53,2.5960123,0,0,-0.000374047896,0.00340101721,-1.32580893,0.941583
6,54,2.6407685,0,0,0.0067682967,0.0037039405,-1.44389666,0.941583
6,55,2.68552471,0,0,0.00821710171,0.00407170681,-1.58726196,0.941583
6,56,2.73028092,0,0,0.0119512763,0.00460660062,-1.7957781,0.941583
6,57,2.77503713,0,0,0.0713060335,0.00779798829,-3.03986774,0.941583
6,58,2.81979334,0,0,-0.310339313,-0.00609162256,2.37468001,0.941583
6,59,2.86454954,0,0,0.0242349087,-0.00500695995,1.95184905,0.941583
6,60,2.90930575,0,0,-0.0102413359,-0.00546532331,2.13053154,0.941583
6,61,2.95406196,0,0,0.00340223871,-0.005313052,2.07117205,0.941583
6,62,2.99881817,0,0,0.0117861675,-0.00478554784,1.86553659,0.941583
6,63,3.04357438,0,0,-0.00264988457,-0.00490414662,1.91176962,0.941583
6,64,3.08833058,0,0,0.00829390921,-0.0045329427,1.76706424,0.941583
6,65,3.13308679,0,0,0.00182775813,-0.00445113918,1.73517501,0.941583
6,66,3.177843,0,0,0.000398257691,-0.00443331467,1.72822653,0.941583
6,67,3.22259921,0,0,0.00118486875,-0.00438028444,1.7075539,0.941583
6,68,3.26735542,0,0,0.0058023093,-0.00412059508,1.60631993,0.941583
6,69,3.31211162,0,0,0.00114047662,-0.00406955167,1.58642183,0.941583
6,70,3.35686783,0,0,0.00549281347,-0.00382371417,1.49058769,0.941583
6,71,3.40162404,0,0,0.000888641557,-0.00378394194,1.47508339,0.941583
6,72,3.44638025,0,0,0.00168649239,-0.00370846094,1.44565885,0.941583
6,73,3.49113646,0,0,0.0056696717,-0.00345470793,1.34673903,0.941583
6,74,3.53589266,0,0,0.000689977127,-0.00342382717,1.33470087,0.941583
6,75,3.58064887,0,0,0.00428339936,-0.00323211846,1.2599676,0.941583
6,76,3.62540508,0,0,0.00244350097,-0.00312275662,1.21733539,0.941583
6,77,3.67016129,0,0,0.00502067245,-0.00289805036,1.12973878,0.941583
6,78,3.7149175,0,0,0.00181552486,-0.00281679435,1.09806298,0.941583
6,79,3.7596737,0,0,0.00315664257,-0.002675515,1.04298845,0.941583
6,80,3.80442991,0,0,0.00785411277,-0.00232399469,0.905956284,0.941583
6,81,3.84918612,0,0,0.00253774004,-0.00221041507,0.861679861,0.941583
6,82,3.89394233,0,0,0.00201573719,-0.00212019832,0.82651092,0.941583
6,83,3.93869854,0,0,0.0024481856,-0.00201062682,0.78379697,0.941583
6,84,3.98345474,0,0,0.00390327879,-0.00183593086,0.715695739,0.941583
6,85,4.02821095,0,0,0.00300381675,-0.00170149141,0.663287589,0.941583
6,86,4.07296716,0,0,0.00468497834,-0.00149180955,0.5815479,0.941583
6,87,4.11772337,0,0,0.00176017973,-0.00141303058,0.550837717,0.941583
6,88,4.16247958,0,0,0.000236764253,-0.00140243391,0.546706847,0.941583
6,89,4.20723578,0,0,0.00393868173,-0.00122615345,0.477987933,0.941583
6,90,4.25199199,0,0,0.00245531299,-0.00111626295,0.435149631,0.941583
6,91,4.2967482,0,0,0.0019925859,-0.00102708236,0.400384614,0.941583
6,92,4.34150441,0,0,0.00291704855,-0.000896526328,0.349490325,0.941583
6,93,4.38626062,0,0,0.000533898385,-0.000872631061,0.3401753,0.941583
6,94,4.43101682,0,0,0.00296612743,-0.000739878444,0.288424723,0.941583
6,95,4.47577303,0,0,0.00226980062,-0.000638290776,0.248823089,0.941583
6,96,4.52052924,0,0,0.000844667238,-0.000600486673,0.234086023,0.941583
6,97,4.56528545,0,0,0.00243683647,-0.000491423113,0.191570084,0.941583
6,98,4.61004166,0,0,0.00357386448,-0.000331470491,0.129216205,0.941583
6,99,4.65479786,0,0,-0.000168744438,-0.000339022852,0.13216032,0.941583
6,100,4.69955407,0,0,0.00235003019,-0.000233844412,0.0911589064,0.941583
6,101,4.74431028,0,0,0.00354348416,-7.5251498e-05,0.0293350788,0.941583
6,102,4.78906649,0,0,-0.00040511307,-9.33828228e-05,0.0364031619,0.941583
6,103,4.8338227,0,0,0.00272890908,2.87527996e-05,-0.0112086226,0.941583
6,104,4.8785789,0,0,0.00491012261,0.000248511269,-0.0968764455,0.941583
6,105,4.92333511,0,0,0.00255462427,0.000362846564,-0.141447451,0.941583
6,106,4.96809132,0,0,0.000718053057,0.000394983896,-0.153975456,0.941583
6,107,5.01284753,0,0,0.00167537016,0.000469967111,-0.183205951,0.941583
6,108,5.05760374,0,0,0.00225726465,0.000570993717,-0.222588867,0.941583
6,109,5.10235994,0,0,0.00400815325,0.000750383458,-0.292519863,0.941583
6,110,5.14711615,0,0,0.00361744092,0.000912286396,-0.355634028,0.941583
6,111,5.19187236,0,0,0.00254772066,0.00102631271,-0.400084584,0.941583
6,112,5.23662857,0,0,0.000875103504,0.00106547903,-0.415352678,0.941583
6,113,5.28138478,0,0,0.00407215584,0.00124773328,-0.486400339,0.941583
6,114,5.32614098,0,0,0.00648227576,0.00153785536,-0.59949781,0.941583
6,115,5.37089719,0,0,0.00212939253,0.0016331589,-0.636649718,0.941583
6,116,5.4156534,0,0,0.00464089874,0.00184086793,-0.717620342,0.941583
6,117,5.46040961,0,0,0.00515084559,0.00207140024,-0.807488103,0.941583
6,118,5.50516582,0,0,0.00439227312,0.00226798173,-0.88412091,0.941583
6,119,5.54992202,0,0,0.00296228429,0.00240056234,-0.935804435,0.941583
6,120,5.59467823,0,0,0.0034334619,0.00255423108,-0.995708684,0.941583
6,121,5.63943444,0,0,0.00466901411,0.00276319845,-1.07716984,0.941583
6,122,5.68419065,0,0,0.00486654987,0.00298100676,-1.16207744,0.941583
6,123,5.72894686,0,0,0.0031011184,0.00311980106,-1.21618323,0.941583
6,124,5.77370306,0,0,0.00177491608,0.00319923958,-1.24715052,0.941583
6,125,5.81845927,0,0,0.00638469237,0.0034849942,-1.35854544,0.941583
6,126,5.86321548,0,0,0.00149319613,0.00355182399,-1.38459751,0.941583
6,127,5.90797169,0,0,0.00540876497,0.0037938998,-1.47896524,0.941583
7,0,0.223933272,0,0,0,0.00265375279,-1.03450495,0.885401
7,1,0.26868948,0,0,-0.0133931188,0.00205432758,-0.800832716,0.885401
7,2,0.313445688,0,0,-0.00148971984,0.00198765337,-0.774841297,0.885401
7,3,0.358201896,0,0,0.00333167256,0.0021367664,-0.832969608,0.885401
7,4,0.402958104,0,0,-0.00758231025,0.00179741095,-0.70067963,0.885401
7,5,0.447714312,0,0,8.02630586e-05,0.00180100322,-0.702079994,0.885401
7,6,0.49247052,0,0,-0.0127162444,0.00123187234,-0.480217312,0.885401
7,7,0.537226728,0,0,-0.0199719429,0.000338003905,-0.131763107,0.885401
7,8,0.581982936,0,0,0.00160878699,0.00041000711,-0.159831913,0.885401
7,9,0.626739144,0,0,0.00818452308,0.000776315327,-0.30262881,0.885401
7,10,0.671495352,0,0,-0.000123073637,0.000770807018,-0.300481521,0.885401
7,11,0.71625156,0,0,0.000515341113,0.000793871732,-0.309472774,0.885401
7,12,0.761007768,0,0,-0.0121703555,0.000249172771,-0.0971343171,0.885401
7,13,0.805763976,0,0,-0.0149205972,-0.00041861658,0.163188118,0.885401
7,14,0.850520184,0,0,0.0144445922,0.000227868593,-0.0888293695,0.885401
7,15,0.895276392,0,0,0.0023396365,0.000332581851,-0.129649443,0.885401
7,16,0.9400326,0,0,-0.00175993348,0.000253813902,-0.098943556,0.885401
7,17,0.984788808,0,0,0.00555300414,0.00050234531,-0.195827853,0.885401
7,18,1.02954502,0,0,-0.00577901807,0.000243698375,-0.0950002488,0.885401
7,19,1.07430122,0,0,-0.00190230841,0.000158558264,-0.0618103199,0.885401
7,20,1.11905743,0,0,0.0110507425,0.000653147592,-0.25461468,0.885401
7,21,1.16381364,0,0,-0.0174880603,-0.000129551672,0.0505027622,0.885401
7,22,1.20856985,0,0,-0.00862077955,-0.000515385075,0.200911107,0.885401
7,23,1.25332606,0,0,-0.00531970703,-0.000753474989,0.293725026,0.885401
7,24,1.29808226,0,0,-0.0281063941,-0.00201141061,0.784102514,0.885401
7,25,1.34283847,0,0,0.0042776329,-0.00181995998,0.709469856,0.885401
7,26,1.38759468,0,0,-0.0098881032,-0.00226251398,0.881989433,0.885401
7,27,1.43235089,0,0,-0.0217565764,-0.00323625585,1.26158047,0.885401
7,28,1.4771071,0,0,-0.046517205,-0.00531818955,2.0731748,0.885401
7,29,1.5218633,0,0,-0.0239735984,-0.0063911569,2.49144663,0.885401
7,30,1.56661951,0,0,-0.0120129975,-0.00692881312,2.70103964,0.885401
7,31,1.61137572,0,0,-0.0128727839,-0.00750495011,2.92563349,0.885401
7,32,1.65613193,0,0,0.345130868,0.00794179881,-3.09592899,0.885401
7,33,1.70088814,0,0,-0.349792563,-0.00771358991,3.00696696,0.885401
7,34,1.74564434,0,0,0.02517018,-0.0065870681,2.56781814,0.885401
7,35,1.79040055,0,0,-0.0182142518,-0.00740226895,2.88560558,0.885401
7,36,1.83515676,0,0,-0.0104589786,-0.00787037317,3.06808533,0.885401
7,37,1.87991297,0,0,0.346410174,0.00763363265,-2.97579744,0.885401
7,38,1.92466918,0,0,-0.312149851,-0.00633701099,2.47033909,0.885401
7,39,1.96942538,0,0,0.00431248346,-0.00614400058,2.39509838,0.885401
7,40,2.01418159,0,0,-0.0326522166,-0.00760538998,2.96478768,0.885401
7,41,2.0589378,0,0,0.00779794104,-0.00725638371,2.82873556,0.885401
7,42,2.10369401,0,0,-0.0147730451,-0.00791756919,3.08648362,0.885401
7,43,2.14845022,0,0,0.22957043,0.00235713272,-0.918874386,0.885401
7,44,2.19320642,0,0,-0.0675460625,-0.000665972904,0.259614335,0.885401
7,45,2.23796263,0,0,-0.0307854578,-0.00204381326,0.796733946,0.885401
7,46,2.28271884,0,0,-0.00998171501,-0.00249055697,0.970886785,0.885401
7,47,2.32747505,0,0,-0.00347912522,-0.00264626942,1.03158773,0.885401
7,48,2.37223126,0,0,0.014495439,-0.00199750854,0.778683109,0.885401
7,49,2.41698746,0,0,0.000431288803,-0.00197820569,0.771158333,0.885401
7,50,2.46174367,0,0,-0.0106969985,-0.00245696278,0.957790856,0.885401
7,51,2.50649988,0,0,0.00806311192,-0.00209608846,0.817112242,0.885401
7,52,2.55125609,0,0,-0.00195345698,-0.00218351779,0.851194569,0.885401
7,53,2.5960123,0,0,-0.00363349885,-0.00234613942,0.9145889,0.885401
7,54,2.6407685,0,0,0.0118271004,-0.00181680325,0.708239279,0.885401
7,55,2.68552471,0,0,0.00564203079,-0.00156428735,0.609801718,0.885401
7,56,2.73028092,0,0,0.00459285078,-0.00135872877,0.529669395,0.885401
7,57,2.77503713,0,0,-0.00233395641,-0.00146318781,0.570390367,0.885401
7,58,2.81979334,0,0,0.00366625569,-0.0012991001,0.506424522,0.885401
7,59,2.86454954,0,0,-0.00299924015,-0.00143333472,0.558752823,0.885401
7,60,2.90930575,0,0,-0.00683344856,-0.00173917396,0.677977272,0.885401
7,61,2.95406196,0,0,-0.00980933244,-0.00217820249,0.84912252,0.885401
7,62,2.99881817,0,0,-0.00578533152,-0.00243713199,0.950060276,0.885401
7,63,3.04357438,0,0,0.00715193282,-0.0021170386,0.825279173,0.885401
7,64,3.08833058,0,0,-0.0374979063,-0.00379530269,1.47951212,0.885401
7,65,3.13308679,0,0,0.0665275907,-0.000817780003,0.318792867,0.885401
7,66,3.177843,0,0,-0.0479795171,-0.00296516125,1.15590043,0.885401
7,67,3.22259921,0,0,-0.035643421,-0.00456042561,1.77777783,0.885401
7,68,3.26735542,0,0,-0.0695603489,-0.00767368305,2.99141018,0.885401
7,69,3.31211162,0,0,0.343666661,0.00770753351,-3.00460601,0.885401
7,70,3.35686783,0,0,-0.0422113255,0.00581831464,-2.26813716,0.885401
7,71,3.40162404,0,0,-0.150713144,-0.000927034193,0.36138312,0.885401
7,72,3.44638025,0,0,-0.0142380402,-0.00156427488,0.609796857,0.885401
7,73,3.49113646,0,0,-0.0209200111,-0.00250057525,0.974792183,0.885401
7,74,3.53589266,0,0,0.00398780681,-0.00232209614,0.905216175,0.885401
7,75,3.58064887,0,0,0.0071426232,-0.00200241941,0.780597499,0.885401
7,76,3.62540508,0,0,-0.0301766447,-0.00335301159,1.30709503,0.885401
7,77,3.67016129,0,0,0.0171896499,-0.00258366805,1.00718401,0.885401
7,78,3.7149175,0,0,-0.018114921,-0.00339442322,1.32323841,0.885401
7,79,3.7596737,0,0,0.00336245663,-0.00324393241,1.264573,0.885401
7,80,3.80442991,0,0,0.0245895205,-0.00214339872,0.835555064,0.885401
7,81,3.84918612,0,0,0.0406448114,-0.00032429108,0.126417475,0.885401
7,82,3.89394233,0,0,0.0104647273,0.000144070434,-0.0561625702,0.885401
7,83,3.93869854,0,0,0.00233293999,0.000248483982,-0.0968658084,0.885401
7,84,3.98345474,0,0,-0.00457951966,4.35220471e-05,-0.0169660766,0.885401
7,85,4.02821095,0,0,-0.00724038308,-0.000280530044,0.109358234,0.885401
7,86,4.07296716,0,0,-0.00449769874,-0.000481829984,0.187830421,0.885401
7,87,4.11772337,0,0,0.00206213064,-0.000389536836,0.151852044,0.885401
7,88,4.16247958,0,0,-0.00213765522,-0.000485210178,0.189148113,0.885401
7,89,4.20723578,0,0,0.0076833101,-0.000141334353,0.0550959714,0.885401
7,90,4.25199199,0,0,0.00964016723,0.000290122977,-0.11309782,0.885401
7,91,4.2967482,0,0,0.000510362627,0.000312964873,-0.122002212,0.885401
7,92,4.34150441,0,0,-0.00092620441,0.000271511475,-0.105842551,0.885401
7,93,4.38626062,0,0,0.00233654828,0.000376086516,-0.146608744,0.885401
7,94,4.43101682,0,0,-0.000252950855,0.000364765395,-0.142195463,0.885401
7,95,4.47577303,0,0,-0.0079909182,7.12219795e-06,-0.0027764263,0.885401
7,96,4.52052924,0,0,-0.0177344759,-0.000786605696,0.306640275,0.885401
7,97,4.56528545,0,0,0.00093869633,-0.000744593207,0.290262666,0.885401
7,98,4.61004166,0,0,0.00134529277,-0.000684383005,0.266791093,0.885401
7,99,4.65479786,0,0,0.0088640138,-0.000287663359,0.112138994,0.885401
7,100,4.69955407,0,0,0.00545766033,-4.33991784e-05,0.0169181791,0.885401
7,101,4.74431028,0,0,0.0354392589,0.00154272766,-0.601397166,0.885401
7,102,4.78906649,0,0,-0.030741677,0.000166846773,-0.065041406,0.885401
7,103,4.8338227,0,0,-0.0199842465,-0.000727572322,0.283627462,0.885401
7,104,4.8785789,0,0,-0.0178455408,-0.00152627106,0.594981933,0.885401
7,105,4.92333511,0,0,0.00494506178,-0.00130494884,0.50870452,0.885401
7,106,4.96809132,0,0,0.0133198062,-0.000708804825,0.276311382,0.885401
7,107,5.01284753,0,0,0.0169613935,5.03228323e-05,-0.0196172075,0.885401
7,108,5.05760374,0,0,0.00266165285,0.000169448321,-0.06605556,0.885401
7,109,5.10235994,0,0,-0.00855286295,-0.000213345393,0.0831678315,0.885401
7,110,5.14711615,0,0,-0.00028701293,-0.000226191003,0.0881753995,0.885401
7,111,5.19187236,0,0,0.00994404353,0.000218866678,-0.0853201785,0.885401
7,112,5.23662857,0,0,0.020189315,0.00112246386,-0.437566914,0.885401
7,113,5.28138478,0,0,-0.00995219788,0.000677041221,-0.263929066,0.885401
7,114,5.32614098,0,0,-0.00163743337,0.000603755912,-0.235360461,0.885401
7,115,5.37089719,0,0,-0.000629713311,0.000575572332,-0.224373736,0.885401
7,116,5.4156534,0,0,0.00918195402,0.000986521776,-0.384572996,0.885401
7,117,5.46040961,0,0,0.0107402449,0.00146721441,-0.571960047,0.885401
7,118,5.50516582,0,0,0.00244741738,0.00157675153,-0.614660594,0.885401
7,119,5.54992202,0,0,-0.00522032559,0.00134310955,-0.523580602,0.885401
7,120,5.59467823,0,0,-0.00315647621,0.00120183765,-0.468508974,0.885401
7,121,5.63943444,0,0,0.0180742695,0.00201077341,-0.783854117,0.885401
7,122,5.68419065,0,0,0.0242882512,0.00309782343,-1.20761575,0.885401
7,123,5.72894686,0,0,6.50644505e-05,0.00310073547,-1.20875095,0.885401
7,124,5.77370306,0,0,0.00301553508,0.00323569939,-1.26136355,0.885401
7,125,5.81845927,0,0,0.00752484052,0.00357248271,-1.39265084,0.885401
7,126,5.86321548,0,0,0.0101065929,0.00402481549,-1.56898245,0.885401
7,127,5.90797169,0,0,0.00891910787,0.00442400094,-1.72459578,0.885401
8,0,0.223933272,0,0,0,0.00265375279,-1.03450495,0.858308
8,1,0.26868948,0,0,-0.0133931188,0.00205432758,-0.800832716,0.858308
8,2,0.313445688,0,0,-0.00148971984,0.00198765337,-0.774841297,0.858308
8,3,0.358201896,0,0,0.00333167256,0.0021367664,-0.832969608,0.858308
8,4,0.402958104,0,0,-0.00758231025,0.00179741095,-0.70067963,0.858308
8,5,0.447714312,0,0,8.02630586e-05,0.00180100322,-0.702079994,0.858308
8,6,0.49247052,0,0,-0.0127162444,0.00123187234,-0.480217312,0.858308
8,7,0.537226728,0,0,-0.0199719429,0.000338003905,-0.131763107,0.858308
8,8,0.581982936,0,0,0.00160878699,0.00041000711,-0.159831913,0.858308
8,9,0.626739144,0,0,0.00818452308,0.000776315327,-0.30262881,0.858308
8,10,0.671495352,0,0,-0.000123073637,0.000770807018,-0.300481521,0.858308
8,11,0.71625156,0,0,0.000515341113,0.000793871732,-0.309472774,0.858308
8,12,0.761007768,0,0,-0.0121703555,0.000249172771,-0.0971343171,0.858308
8,13,0.805763976,0,0,-0.0149205972,-0.00041861658,0.163188118,0.858308
8,14,0.850520184,0,0,0.0144445922,0.000227868593,-0.0888293695,0.858308
8,15,0.895276392,0,0,0.0023396365,0.000332581851,-0.129649443,0.858308
8,16,0.9400326,0,0,-0.00175993348,0.000253813902,-0.098943556,0.858308
8,17,0.984788808,0,0,0.00555300414,0.00050234531,-0.195827853,0.858308
8,18,1.02954502,0,0,-0.00577901807,0.000243698375,-0.0950002488,0.858308
8,19,1.07430122,0,0,-0.00190230841,0.000158558264,-0.0618103199,0.858308
8,20,1.11905743,0,0,0.0110507425,0.000653147592,-0.25461468,0.858308
8,21,1.16381364,0,0,-0.0174880603,-0.000129551672,0.0505027622,0.858308
8,22,1.20856985,0,0,-0.00862077955,-0.000515385075,0.200911107,0.858308
8,23,1.25332606,0,0,-0.00531970703,-0.000753474989,0.293725026,0.858308
8,24,1.29808226,0,0,-0.0281063941,-0.00201141061,0.784102514,0.858308
8,25,1.34283847,0,0,0.0042776329,-0.00181995998,0.709469856,0.858308
8,26,1.38759468,0,0,-0.0098881032,-0.00226251398,0.881989433,0.858308
8,27,1.43235089,0,0,-0.0217565764,-0.00323625585,1.26158047,0.858308
8,28,1.4771071,0,0,-0.046517205,-0.00531818955,2.0731748,0.858308
8,29,1.5218633,0,0,-0.0239735984,-0.0063911569,2.49144663,0.858308
8,30,1.56661951,0,0,-0.0120129975,-0.00692881312,2.70103964,0.858308
8,31,1.61137572,0,0,-0.0128727839,-0.00750495011,2.92563349,0.858308
8,32,1.65613193,0,0,0.345130868,0.00794179881,-3.09592899,0.858308
8,33,1.70088814,0,0,-0.349792563,-0.00771358991,3.00696696,0.858308
8,34,1.74564434,0,0,0.02517018,-0.0065870681,2.56781814,0.858308
8,35,1.79040055,0,0,-0.0182142518,-0.00740226895,2.88560558,0.858308
8,36,1.83515676,0,0,-0.0104589786,-0.00787037317,3.06808533,0.858308
8,37,1.87991297,0,0,0.346410174,0.00763363265,-2.97579744,0.858308
8,38,1.92466918,0,0,-0.312149851,-0.00633701099,2.47033909,0.858308
8,39,1.96942538,0,0,0.00431248346,-0.00614400058,2.39509838,0.858308
8,40,2.01418159,0,0,-0.0326522166,-0.00760538998,2.96478768,0.858308
8,41,2.0589378,0,0,0.00779794104,-0.00725638371,2.82873556,0.858308
8,42,2.10369401,0,0,-0.0147730451,-0.00791756919,3.08648362,0.858308
8,43,2.14845022,0,0,0.22957043,0.00235713272,-0.918874386,0.858308
8,44,2.19320642,0,0,-0.0675460625,-0.000665972904,0.259614335,0.858308
8,45,2.23796263,0,0,-0.0307854578,-0.00204381326,0.796733946,0.858308
8,46,2.28271884,0,0,-0.00998171501,-0.00249055697,0.970886785,0.858308
8,47,2.32747505,0,0,-0.00347912522,-0.00264626942,1.03158773,0.858308
8,48,2.37223126,0,0,0.014495439,-0.00199750854,0.778683109,0.858308
8,49,2.41698746,0,0,0.000431288803,-0.00197820569,0.771158333,0.858308
8,50,2.46174367,0,0,-0.0106969985,-0.00245696278,0.957790856,0.858308
8,51,2.50649988,0,0,0.00806311192,-0.00209608846,0.817112242,0.858308
8,52,2.55125609,0,0,-0.00195345698,-0.00218351779,0.851194569,0.858308
8,53,2.5960123,0,0,-0.00363349885,-0.00234613942,0.9145889,0.858308
8,54,2.6407685,0,0,0.0118271004,-0.00181680325,0.708239279,0.858308
8,55,2.68552471,0,0,0.00564203079,-0.00156428735,0.609801718,0.858308
8,56,2.73028092,0,0,0.00459285078,-0.00135872877,0.529669395,0.858308
8,57,2.77503713,0,0,-0.00233395641,-0.00146318781,0.570390367,0.858308
8,58,2.81979334,0,0,0.00366625569,-0.0012991001,0.506424522,0.858308
8,59,2.86454954,0,0,-0.00299924015,-0.00143333472,0.558752823,0.858308
8,60,2.90930575,0,0,-0.00683344856,-0.00173917396,0.677977272,0.858308
8,61,2.95406196,0,0,-0.00980933244,-0.00217820249,0.84912252,0.858308
8,62,2.99881817,0,0,-0.00578533152,-0.00243713199,0.950060276,0.858308
8,63,3.04357438,0,0,0.00715193282,-0.0021170386,0.825279173,0.858308
8,64,3.08833058,0,0,-0.0374979063,-0.00379530269,1.47951212,0.858308
8,65,3.13308679,0,0,0.0665275907,-0.000817780003,0.318792867,0.858308
8,66,3.177843,0,0,-0.0479795171,-0.00296516125,1.15590043,0.858308
8,67,3.22259921,0,0,-0.035643421,-0.00456042561,1.77777783,0.858308
8,68,3.26735542,0,0,-0.0695603489,-0.00767368305,2.99141018,0.858308
8,69,3.31211162,0,0,0.343666661,0.00770753351,-3.00460601,0.858308
8,70,3.35686783,0,0,-0.0422113255,0.00581831464,-2.26813716,0.858308
8,71,3.40162404,0,0,-0.150713144,-0.000927034193,0.36138312,0.858308
8,72,3.44638025,0,0,-0.0142380402,-0.00156427488,0.609796857,0.858308
8,73,3.49113646,0,0,-0.0209200111,-0.00250057525,0.974792183,0.858308
8,74,3.53589266,0,0,0.00398780681,-0.00232209614,0.905216175,0.858308
8,75,3.58064887,0,0,0.0071426232,-0.00200241941,0.780597499,0.858308
8,76,3.62540508,0,0,-0.0301766447,-0.00335301159,1.30709503,0.858308
8,77,3.67016129,0,0,0.0171896499,-0.00258366805,1.00718401,0.858308
8,78,3.7149175,0,0,-0.018114921,-0.00339442322,1.32323841,0.858308
8,79,3.7596737,0,0,0.00336245663,-0.00324393241,1.264573,0.858308
8,80,3.80442991,0,0,0.0245895205,-0.00214339872,0.835555064,0.858308
8,81,3.84918612,0,0,0.0406448114,-0.00032429108,0.126417475,0.858308
8,82,3.89394233,0,0,0.0104647273,0.000144070434,-0.0561625702,0.858308
8,83,3.93869854,0,0,0.00233293999,0.000248483982,-0.0968658084,0.858308
8,84,3.98345474,0,0,-0.00457951966,4.35220471e-05,-0.0169660766,0.858308
8,85,4.02821095,0,0,-0.00724038308,-0.000280530044,0.109358234,0.858308
8,86,4.07296716,0,0,-0.00449769874,-0.000481829984,0.187830421,0.858308
8,87,4.11772337,0,0,0.00206213064,-0.000389536836,0.151852044,0.858308
8,88,4.16247958,0,0,-0.00213765522,-0.000485210178,0.189148113,0.858308
8,89,4.20723578,0,0,0.0076833101,-0.000141334353,0.0550959714,0.858308
8,90,4.25199199,0,0,0.00964016723,0.000290122977,-0.11309782,0.858308
8,91,4.2967482,0,0,0.000510362627,0.000312964873,-0.122002212,0.858308
8,92,4.34150441,0,0,-0.00092620441,0.000271511475,-0.105842551,0.858308
8,93,4.38626062,0,0,0.00233654828,0.000376086516,-0.146608744,0.858308
8,94,4.43101682,0,0,-0.000252950855,0.000364765395,-0.142195463,0.858308
8,95,4.47577303,0,0,-0.0079909182,7.12219795e-06,-0.0027764263,0.858308
8,96,4.52052924,0,0,-0.0177344759,-0.000786605696,0.306640275,0.858308
8,97,4.56528545,0,0,0.00093869633,-0.000744593207,0.290262666,0.858308
8,98,4.61004166,0,0,0.00134529277,-0.000684383005,0.266791093,0.858308
8,99,4.65479786,0,0,0.0088640138,-0.000287663359,0.112138994,0.858308
8,100,4.69955407,0,0,0.00545766033,-4.33991784e-05,0.0169181791,0.858308
8,101,4.74431028,0,0,0.0354392589,0.00154272766,-0.601397166,0.858308
8,102,4.78906649,0,0,-0.030741677,0.000166846773,-0.065041406,0.858308
8,103,4.8338227,0,0,-0.0199842465,-0.000727572322,0.283627462,0.858308
8,104,4.8785789,0,0,-0.0178455408,-0.00152627106,0.594981933,0.858308
8,105,4.92333511,0,0,0.00494506178,-0.00130494884,0.50870452,0.858308
8,106,4.96809132,0,0,0.0133198062,-0.000708804825,0.276311382,0.858308
8,107,5.01284753,0,0,0.0169613935,5.03228323e-05,-0.0196172075,0.858308
8,108,5.05760374,0,0,0.00266165285,0.000169448321,-0.06605556,0.858308
8,109,5.10235994,0,0,-0.00855286295,-0.000213345393,0.0831678315,0.858308
8,110,5.14711615,0,0,-0.00028701293,-0.000226191003,0.0881753995,0.858308
8,111,5.19187236,0,0,0.00994404353,0.000218866678,-0.0853201785,0.858308
8,112,5.23662857,0,0,0.020189315,0.00112246386,-0.437566914,0.858308
8,113,5.28138478,0,0,-0.00995219788,0.000677041221,-0.263929066,0.858308
8,114,5.32614098,0,0,-0.00163743337,0.000603755912,-0.235360461,0.858308
8,115,5.37089719,0,0,-0.000629713311,0.000575572332,-0.224373736,0.858308
8,116,5.4156534,0,0,0.00918195402,0.000986521776,-0.384572996,0.858308
8,117,5.46040961,0,0,0.0107402449,0.00146721441,-0.571960047,0.858308
8,118,5.50516582,0,0,0.00244741738,0.00157675153,-0.614660594,0.858308
8,119,5.54992202,0,0,-0.00522032559,0.00134310955,-0.523580602,0.858308
8,120,5.59467823,0,0,-0.00315647621,0.00120183765,-0.468508974,0.858308
8,121,5.63943444,0,0,0.0180742695,0.00201077341,-0.783854117,0.858308
8,122,5.68419065,0,0,0.0242882512,0.00309782343,-1.20761575,0.858308
8,123,5.72894686,0,0,6.50644505e-05,0.00310073547,-1.20875095,0.858308
8,124,5.77370306,0,0,0.00301553508,0.00323569939,-1.26136355,0.858308
8,125,5.81845927,0,0,0.00752484052,0.00357248271,-1.39265084,0.858308
8,126,5.86321548,0,0,0.0101065929,0.00402481549,-1.56898245,0.858308
8,127,5.90797169,0,0,0.00891910787,0.00442400094,-1.72459578,0.858308
9,0,0.223933272,0,0,0,-0.000537253329,0.209435947,0.867756
9,1,0.26868948,0,0,0.00914117987,-0.000128128781,0.0499480808,0.867756
9,2,0.313445688,0,0,-0.00121412094,-0.000182468231,0.0711310748,0.867756
9,3,0.358201896,0,0,-0.0119353765,-0.000716650425,0.27936981,0.867756
9,4,0.402958104,0,0,-0.0101111496,-0.00116918714,0.455780918,0.867756
9,5,0.447714312,0,0,-0.00289642116,-0.00129881997,0.506315317,0.867756
9,6,0.49247052,0,0,0.000569565498,-0.00127332837,0.496378002,0.867756
9,7,0.537226728,0,0,-0.000456391699,-0.00129375474,0.504340753,0.867756
9,8,0.581982936,0,0,0.00674006355,-0.00099209505,0.38674561,0.867756
9,9,0.626739144,0,0,-0.00213055638,-0.00108745067,0.423917823,0.867756
9,10,0.671495352,0,0,-0.0103479864,-0.00155058731,0.604461068,0.867756
9,11,0.71625156,0,0,0.00462150851,-0.00134374611,0.523828749,0.867756
9,12,0.761007768,0,0,0.0159530339,-0.000629748808,0.245493198,0.867756
9,13,0.805763976,0,0,0.0134442387,-2.80356634e-05,0.0109290634,0.867756
9,14,0.850520184,0,0,0.0031191066,0.00011156372,-0.0434905699,0.867756
9,15,0.895276392,0,0,-0.00659489322,-0.000183598692,0.0715717594,0.867756
9,16,0.9400326,0,0,-0.00469632175,-0.000393788245,0.153509359,0.867756
9,17,0.984788808,0,0,0.00228001525,-0.000291743408,0.113729508,0.867756
9,18,1.02954502,0,0,0.0128379467,0.000282834406,-0.110256537,0.867756
9,19,1.07430122,0,0,0.00818390715,0.000649115057,-0.253042688,0.867756
9,20,1.11905743,0,0,-0.00971501312,0.000214307909,-0.0835430464,0.867756
9,21,1.16381364,0,0,-0.00520999134,-1.88715475e-05,0.00735664202,0.867756
9,22,1.20856985,0,0,0.00293850358,0.00011264473,-0.0439119768,0.867756
9,23,1.25332606,0,0,0.0015866786,0.000183658448,-0.0715950536,0.867756
9,24,1.29808226,0,0,7.18702387e-05,0.000186875087,-0.072848987,0.867756
9,25,1.34283847,0,0,0.00763054048,0.000528389144,-0.205980447,0.867756
9,26,1.38759468,0,0,0.00634541349,0.00081238579,-0.316690057,0.867756
9,27,1.43235089,0,0,0.000384980904,0.000829616075,-0.32340689,0.867756
9,28,1.4771071,0,0,-0.0039873132,0.000651159056,-0.253839495,0.867756
9,29,1.5218633,0,0,-0.00714618244,0.000331323028,-0.12915872,0.867756
9,30,1.56661951,0,0,0.00338078635,0.000482634205,-0.188143928,0.867756
9,31,1.61137572,0,0,0.0171131015,0.00124855174,-0.486719395,0.867756
9,32,1.65613193,0,0,0.0135799616,0.00185633932,-0.723651512,0.867756
9,33,1.70088814,0,0,-0.0136557027,0.00124516185,-0.485397926,0.867756
9,34,1.74564434,0,0,-0.0216988825,0.000274002155,-0.106813486,0.867756
9,35,1.79040055,0,0,0.0041559051,0.000460004708,-0.179322335,0.867756
9,36,1.83515676,0,0,0.000770939344,0.00049450903,-0.192773058,0.867756
9,37,1.87991297,0,0,-0.00341372312,0.000341723728,-0.133213195,0.867756
9,38,1.92466918,0,0,0.00393598872,0.000517883658,-0.201885123,0.867756
9,39,1.96942538,0,0,0.000143398874,0.000524301648,-0.20438703,0.867756
9,40,2.01418159,0,0,0.00653273096,0.000816681914,-0.318364803,0.867756
9,41,2.0589378,0,0,0.0167302323,0.00156546367,-0.610260279,0.867756
9,42,2.10369401,0,0,0.0128318718,0.00213976959,-0.834140334,0.867756
9,43,2.14845022,0,0,-0.00808252392,0.00177802647,-0.693123035,0.867756
9,44,2.19320642,0,0,0.00827051406,0.00214818332,-0.837420233,0.867756
9,45,2.23796263,0,0,-0.00218911739,0.00205020673,-0.799226295,0.867756
9,46,2.28271884,0,0,-0.0123273709,0.00149848035,-0.584148361,0.867756
9,47,2.32747505,0,0,-0.0173656159,0.000721261237,-0.28116723,0.867756
9,48,2.37223126,0,0,0.00573648406,0.000978004511,-0.381252735,0.867756
9,49,2.41698746,0,0,0.00174469139,0.00105609028,-0.41169269,0.867756
9,50,2.46174367,0,0,-0.0119792506,0.000519944448,-0.202688475,0.867756
9,51,2.50649988,0,0,-0.0196810336,-0.000360903987,0.140690181,0.867756
9,52,2.55125609,0,0,-0.00531043828,-0.000598579068,0.233342386,0.867756
9,53,2.5960123,0,0,0.00670394662,-0.000298535838,0.116377382,0.867756
9,54,2.6407685,0,0,0.0171627254,0.00046960267,-0.183063882,0.867756
9,55,2.68552471,0,0,-0.00285842124,0.000341670575,-0.133192475,0.867756
9,56,2.73028092,0,0,-0.0110480917,-0.000152800116,0.0595656374,0.867756
9,57,2.77503713,0,0,-0.00444993848,-0.000351962488,0.137204542,0.867756
9,58,2.81979334,0,0,0.00327570394,-0.000205354401,0.080052726,0.867756
9,59,2.86454954,0,0,-0.0107752059,-0.000687611758,0.268049748,0.867756
9,60,2.90930575,0,0,4.78097247e-05,-0.000685471976,0.267215603,0.867756
9,61,2.95406196,0,0,0.0144518984,-3.86598033e-05,0.0150706419,0.867756
9,62,2.99881817,0,0,0.00395673008,0.000138428431,-0.0539631641,0.867756
9,63,3.04357438,0,0,-0.00452971479,-6.4304426e-05,0.0250676127,0.867756
9,64,3.08833058,0,0,-0.00571854792,-0.000320244946,0.124840182,0.867756
9,65,3.13308679,0,0,-0.00926753561,-0.000735024697,0.286532601,0.867756
9,66,3.177843,0,0,-0.00903621659,-0.00113945149,0.444189153,0.867756
9,67,3.22259921,0,0,0.00943019567,-0.000717391688,0.279658774,0.867756
9,68,3.26735542,0,0,-0.00932673595,-0.00113482102,0.442384072,0.867756
9,69,3.31211162,0,0,-0.0124105308,-0.00169026932,0.658912913,0.867756
9,70,3.35686783,0,0,0.00917948254,-0.00127943049,0.498756773,0.867756
9,71,3.40162404,0,0,0.0141512155,-0.00064607575,0.251857884,0.867756
9,72,3.44638025,0,0,-0.00389935876,-0.000820596261,0.319890722,0.867756
9,73,3.49113646,0,0,-0.00305359697,-0.000957263682,0.373167396,0.867756
9,74,3.53589266,0,0,0.00963831437,-0.00052588928,0.205005932,0.867756
9,75,3.58064887,0,0,-0.0201701262,-0.00142862764,0.556917877,0.867756
9,76,3.62540508,0,0,0.00127698424,-0.00137147467,0.534638095,0.867756
9,77,3.67016129,0,0,0.0196943493,-0.000490030276,0.191027118,0.867756
9,78,3.7149175,0,0,0.00907178406,-8.40116215e-05,0.032750013,0.867756
9,79,3.7596737,0,0,0.0236272249,0.000973453371,-0.379478577,0.867756
9,80,3.80442991,0,0,-0.00146830062,0.000907737802,-0.353860862,0.867756
9,81,3.84918612,0,0,-0.0343564511,-0.00062992667,0.245562534,0.867756
9,82,3.89394233,0,0,-0.0114995837,-0.00114460443,0.44619791,0.867756
9,83,3.93869854,0,0,0.0019977039,-0.00105519478,0.411343598,0.867756
9,84,3.98345474,0,0,0.00548557255,-0.000809681351,0.315635793,0.867756
9,85,4.02821095,0,0,-0.00232201088,-0.000913605753,0.356148349,0.867756
9,86,4.07296716,0,0,-0.0245055432,-0.00201038094,0.783701121,0.867756
9,87,4.11772337,0,0,0.00420353806,-0.00182224652,0.710361211,0.867756
9,88,4.16247958,0,0,0.00427405348,-0.00163095609,0.635791004,0.867756
9,89,4.20723578,0,0,0.028689793,-0.000346909746,0.135234846,0.867756
9,90,4.25199199,0,0,0.0285514032,0.000930942795,-0.362906799,0.867756
9,91,4.2967482,0,0,-0.00712702291,0.000611964275,-0.238560304,0.867756
9,92,4.34150441,0,0,-0.0300802285,-0.00073431269,0.286255041,0.867756
9,93,4.38626062,0,0,-0.00135120345,-0.000794787433,0.309829739,0.867756
9,94,4.43101682,0,0,0.00979381646,-0.000356453346,0.138955201,0.867756
9,95,4.47577303,0,0,0.012662486,0.000210271513,-0.0819695498,0.867756
9,96,4.52052924,0,0,0.000633444967,0.000238622108,-0.093021382,0.867756
9,97,4.56528545,0,0,-0.0520297872,-0.00209003387,0.814751998,0.867756
9,98,4.61004166,0,0,-0.00887778519,-0.00248736987,0.969644368,0.867756
9,99,4.65479786,0,0,0.0221021734,-0.0014981604,0.584023636,0.867756
9,100,4.69955407,0,0,0.0255093406,-0.000356459049,0.138957424,0.867756
9,101,4.74431028,0,0,0.0484642586,0.00181261739,-0.706607514,0.867756
9,102,4.78906649,0,0,0.000315687661,0.00182674637,-0.712115375,0.867756
9,103,4.8338227,0,0,-0.0379829917,0.000126771694,-0.0494190511,0.867756
9,104,4.8785789,0,0,-0.00130157352,6.85181987e-05,-0.0267102558,0.867756
9,105,4.92333511,0,0,0.00126873567,0.000125301996,-0.0488461231,0.867756
9,106,4.96809132,0,0,0.00996958211,0.000571502687,-0.222787277,0.867756
9,107,5.01284753,0,0,-0.0192068413,-0.000288122696,0.112318056,0.867756
9,108,5.05760374,0,0,-0.0420335118,-0.00216938329,0.845684559,0.867756
9,109,5.10235994,0,0,0.0234532548,-0.00111970454,0.436491258,0.867756
9,110,5.14711615,0,0,0.00449858188,-0.000918365076,0.358003662,0.867756
9,111,5.19187236,0,0,0.0239048648,0.000151526024,-0.0590689617,0.867756
9,112,5.23662857,0,0,0.0303953256,0.00151190554,-0.589381863,0.867756
9,113,5.28138478,0,0,-0.00845470407,0.00113350504,-0.441871067,0.867756
9,114,5.32614098,0,0,-0.03007273,-0.000212436316,0.0828134486,0.867756
9,115,5.37089719,0,0,0.00107957805,-0.000164118496,0.0639778495,0.867756
9,116,5.4156534,0,0,0.0149741349,0.000506067001,-0.197278669,0.867756
9,117,5.46040961,0,0,0.00537323478,0.000746552615,-0.291026496,0.867756
9,118,5.50516582,0,0,0.00323165649,0.000891189305,-0.347409808,0.867756
9,119,5.54992202,0,0,-0.00302735796,0.000755696242,-0.294590931,0.867756
9,120,5.59467823,0,0,-0.0272899617,-0.00046569896,0.18154211,0.867756
9,121,5.63943444,0,0,0.0104940137,3.97329877e-06,-0.00154889983,0.867756
9,122,5.68419065,0,0,-0.00040730162,-1.42559773e-05,0.00555736733,0.867756
9,123,5.72894686,0,0,0.0112517834,0.00048933118,-0.190754591,0.867756
9,124,5.77370306,0,0,0.000387057023,0.000506654385,-0.197507647,0.867756
9,125,5.81845927,0,0,0.00792370135,0.000861289211,-0.335753939,0.867756
9,126,5.86321548,0,0,-0.00633920366,0.000577570494,-0.225152673,0.867756
9,127,5.90797169,0,0,-0.00163271239,0.000504496478,-0.196666437,0.867756
10,0,0.223933272,0,0,0,-0.000129043596,0.0503047002,0.876764
10,1,0.26868948,0,0,-0.00254386212,-0.000242897218,0.0946879361,0.876764
10,2,0.313445688,0,0,-0.00366345688,-0.000406859656,0.15860495,0.876764
10,3,0.358201896,0,0,-7.55001616e-05,-0.000410238757,0.159922215,0.876764
10,4,0.402958104,0,0,0.00449993274,-0.000208838831,0.0814110514,0.876764
10,5,0.447714312,0,0,0.00393767271,-3.26035321e-05,0.0127097428,0.876764
10,6,0.49247052,0,0,0.00196258742,5.52344389e-05,-0.0215318852,0.876764
10,7,0.537226728,0,0,0.00294233027,0.000186921984,-0.072867269,0.876764
10,8,0.581982936,0,0,0.00269334902,0.000307466073,-0.11985863,0.876764
10,9,0.626739144,0,0,0.00179633615,0.000387863268,-0.151199642,0.876764
10,10,0.671495352,0,0,-0.000919136041,0.000346726224,-0.135163304,0.876764
10,11,0.71625156,0,0,0.0142208849,0.000983199107,-0.383277729,0.876764
10,12,0.761007768,0,0,0.00723716295,0.00130710708,-0.509545858,0.876764
10,13,0.805763976,0,0,-0.00874662791,0.000915641179,-0.356941813,0.876764
10,14,0.850520184,0,0,-0.00797905769,0.000558528814,-0.217729709,0.876764
10,15,0.895276392,0,0,0.000563638134,0.000583755119,-0.227563608,0.876764
10,16,0.9400326,0,0,-0.00204030384,0.000492438856,-0.191966048,0.876764
10,17,0.984788808,0,0,0.00563204728,0.000744507935,-0.290229425,0.876764
10,18,1.02954502,0,0,-0.0183190783,-7.53845449e-05,0.0293869441,0.876764
10,19,1.07430122,0,0,-0.00922268561,-0.00048815698,0.190296856,0.876764
10,20,1.11905743,0,0,0.0085848472,-0.000103931773,0.0405154295,0.876764
10,21,1.16381364,0,0,-0.00192889637,-0.000190261861,0.0741692435,0.876764
10,22,1.20856985,0,0,0.00869331722,0.000198818053,-0.0775046797,0.876764
10,23,1.25332606,0,0,0.00964852711,0.000630649539,-0.245844328,0.876764
10,24,1.29808226,0,0,-0.000195453305,0.00062190179,-0.242434217,0.876764
10,25,1.34283847,0,0,-0.00171814518,0.000545004127,-0.212457419,0.876764
10,26,1.38759468,0,0,0.0030543114,0.000681703523,-0.265746558,0.876764
10,27,1.43235089,0,0,0.00695605219,0.000993030042,-0.387110095,0.876764
10,28,1.4771071,0,0,0.00648652101,0.00128334213,-0.500281634,0.876764
10,29,1.5218633,0,0,0.00272165685,0.00140515317,-0.547766888,0.876764
10,30,1.56661951,0,0,0.000234293643,0.00141563926,-0.551854652,0.876764
10,31,1.61137572,0,0,0.00651848673,0.00170738201,-0.665583903,0.876764
10,32,1.65613193,0,0,-0.0120324366,0.00116885577,-0.455651743,0.876764
10,33,1.70088814,0,0,-0.0213582693,0.000212940629,-0.0830100438,0.876764
10,34,1.74564434,0,0,0.00297213606,0.000345962169,-0.134865455,0.876764
10,35,1.79040055,0,0,-0.0100587597,-0.000104229772,0.0406315975,0.876764
10,36,1.83515676,0,0,-0.00464524384,-0.000312133272,0.121678031,0.876764
10,37,1.87991297,0,0,-0.0168930961,-0.00106820419,0.416415022,0.876764
10,38,1.92466918,0,0,0.00154420574,-0.0009990914,0.389472977,0.876764
10,39,1.96942538,0,0,0.000746515169,-0.000965680211,0.376448388,0.876764
10,40,2.01418159,0,0,0.0109448807,-0.000475828855,0.185491018,0.876764
10,41,2.0589378,0,0,0.00994540266,-3.07103452e-05,0.0119717271,0.876764
10,42,2.10369401,0,0,-5.51838365e-05,-3.31801644e-05,0.0129345297,0.876764
10,43,2.14845022,0,0,0.0111594085,0.000466272644,-0.181765747,0.876764
10,44,2.19320642,0,0,-0.00303361393,0.000330499587,-0.12883772,0.876764
10,45,2.23796263,0,0,0.00323808542,0.000475424012,-0.185333199,0.876764
10,46,2.28271884,0,0,-0.00297207718,0.000342405108,-0.133478815,0.876764
10,47,2.32747505,0,0,0.00620673615,0.000620195082,-0.241768896,0.876764
10,48,2.37223126,0,0,-0.00135524042,0.00055953966,-0.218123764,0.876764
10,49,2.41698746,0,0,0.00397995957,0.000737667558,-0.28756286,0.876764
10,50,2.46174367,0,0,-0.0106154662,0.000262559545,-0.102352846,0.876764
10,51,2.50649988,0,0,-0.0287829346,-0.00102565546,0.399828371,0.876764
10,52,2.55125609,0,0,-0.0134133944,-0.00162598813,0.633854359,0.876764
10,53,2.5960123,0,0,-0.028828257,-0.0029162316,1.13682632,0.876764
10,54,2.6407685,0,0,-0.0106131828,-0.00339123741,1.3219965,0.876764
10,55,2.68552471,0,0,-0.00468674938,-0.00360099854,1.40376709,0.876764
10,56,2.73028092,0,0,-0.0162850008,-0.00432985343,1.68789453,0.876764
10,57,2.77503713,0,0,0.00577731773,-0.00407128259,1.58709659,0.876764
10,58,2.81979334,0,0,-0.00754196132,-0.00440883218,1.71868259,0.876764
10,59,2.86454954,0,0,0.0112974671,-0.00390320039,1.52157358,0.876764
10,60,2.90930575,0,0,0.0144576079,-0.00325613269,1.269329,0.876764
10,61,2.95406196,0,0,0.0164055524,-0.00252188237,0.983098279,0.876764
10,62,2.99881817,0,0,0.0111414713,-0.00202323237,0.788710955,0.876764
10,63,3.04357438,0,0,0.00410348559,-0.00183957591,0.717116679,0.876764
10,64,3.08833058,0,0,0.0145279155,-0.0011893615,0.463645434,0.876764
10,65,3.13308679,0,0,0.00460921753,-0.000983070405,0.383227558,0.876764
10,66,3.177843,0,0,0.00393178931,-0.000807098425,0.314628898,0.876764
10,67,3.22259921,0,0,0.00646059817,-0.000517946549,0.20190964,0.876764
10,68,3.26735542,0,0,-0.00265737543,-0.000636880597,0.248273363,0.876764
10,69,3.31211162,0,0,-0.00209878496,-0.000730814253,0.284891255,0.876764
10,70,3.35686783,0,0,-0.00303148146,-0.000866491868,0.337782076,0.876764
10,71,3.40162404,0,0,-0.00808966562,-0.00122855463,0.478923978,0.876764
10,72,3.44638025,0,0,-0.00552610459,-0.00147588211,0.575338953,0.876764
10,73,3.49113646,0,0,-0.00518405626,-0.00170790081,0.665786147,0.876764
10,74,3.53589266,0,0,-0.00514814016,-0.00193831204,0.755606706,0.876764
10,75,3.58064887,0,0,0.000122777833,-0.00193281697,0.753464579,0.876764
10,76,3.62540508,0,0,0.00465833303,-0.00172432765,0.672189775,0.876764
10,77,3.67016129,0,0,0.0101808513,-0.00126867135,0.494562568,0.876764
10,78,3.7149175,0,0,0.00746584256,-0.00093452855,0.364304624,0.876764
10,79,3.7596737,0,0,0.00721185763,-0.00061175315,0.238478002,0.876764
10,80,3.80442991,0,0,0.00865504174,-0.000224386302,0.0874718779,0.876764
10,81,3.84918612,0,0,0.00877618012,0.000168402241,-0.0656477698,0.876764
10,82,3.89394233,0,0,0.00776282039,0.000515836645,-0.201087142,0.876764
10,83,3.93869854,0,0,0.0116143498,0.0010356509,-0.403724864,0.876764
10,84,3.98345474,0,0,0.00947052475,0.00145951568,-0.568958871,0.876764
10,85,4.02821095,0,0,0.00717083212,0.00178045493,-0.694069714,0.876764
10,86,4.07296716,0,0,0.00771277278,0.00212564939,-0.828635896,0.876764
10,87,4.11772337,0,0,0.00858745036,0.00250999111,-0.97846274,0.876764
10,88,4.16247958,0,0,0.00739200071,0.00284082903,-1.10743235,0.876764
10,89,4.20723578,0,0,0.00484345231,0.00305760359,-1.19193697,0.876764
10,90,4.25199199,0,0,-0.00490410248,0.00283811456,-1.10637418,0.876764
10,91,4.2967482,0,0,-0.0203256501,0.00192841553,-0.751748778,0.876764
10,92,4.34150441,0,0,-0.0482303589,-0.000230192442,0.089735269,0.876764
10,93,4.38626062,0,0,-0.0227112209,-0.00124666057,0.485982167,0.876764
10,94,4.43101682,0,0,-0.00989527962,-0.00168953576,0.658626952,0.876764
10,95,4.47577303,0,0,0.00740577477,-0.00135808137,0.529417021,0.876764
10,96,4.52052924,0,0,0.00843300574,-0.000980652008,0.382284801,0.876764
10,97,4.56528545,0,0,0.00517293571,-0.000749131021,0.292031629,0.876764
10,98,4.61004166,0,0,0.00814121221,-0.000384761235,0.149990385,0.876764
10,99,4.65479786,0,0,0.00293843946,-0.000253247827,0.0987228848,0.876764
10,100,4.69955407,0,0,0.00672578088,4.77726211e-05,-0.0186230659,0.876764
10,101,4.74431028,0,0,0.00350116692,0.000204471576,-0.0797085767,0.876764
10,102,4.78906649,0,0,0.00484439756,0.000421288441,-0.164229682,0.876764
10,103,4.8338227,0,0,0.00560179146,0.000672003385,-0.26196518,0.876764
10,104,4.8785789,0,0,0.00467745906,0.000881348715,-0.343573679,0.876764
10,105,4.92333511,0,0,0.00372401042,0.0010480213,-0.408547182,0.876764
10,106,4.96809132,0,0,0.00597954516,0.00131564307,-0.512873419,0.876764
10,107,5.01284753,0,0,0.00739585494,0.00164665349,-0.641910276,0.876764
10,108,5.05760374,0,0,0.00661834911,0.0019428657,-0.757381845,0.876764
10,109,5.10235994,0,0,0.00883839674,0.00233843882,-0.911586998,0.876764
10,110,5.14711615,0,0,-0.000620370224,0.0023106734,-0.900763283,0.876764
10,111,5.19187236,0,0,0.00335610494,0.00246087993,-0.95931787,0.876764
10,112,5.23662857,0,0,-0.0309082874,0.00107754219,-0.420055228,0.876764
10,113,5.28138478,0,0,-0.0599302117,-0.00160470683,0.625558327,0.876764
10,114,5.32614098,0,0,-0.0151126667,-0.00228109248,0.889231835,0.876764
10,115,5.37089719,0,0,0.00727284201,-0.00195558765,0.762341207,0.876764
10,116,5.4156534,0,0,0.00171475878,-0.00187884155,0.732423491,0.876764
10,117,5.46040961,0,0,0.00436356471,-0.00168354494,0.656291566,0.876764
10,118,5.50516582,0,0,0.00546807965,-0.00143881443,0.560888963,0.876764
10,119,5.54992202,0,0,0.00313728665,-0.00129840137,0.506152139,0.876764
10,120,5.59467823,0,0,0.00377610165,-0.00112939738,0.440269791,0.876764
10,121,5.63943444,0,0,0.00870745071,-0.000739684909,0.288349278,0.876764
10,122,5.68419065,0,0,0.00742340447,-0.000407441474,0.158831758,0.876764
10,123,5.72894686,0,0,0.00744371361,-7.42890792e-05,0.0289599018,0.876764
10,124,5.77370306,0,0,0.00433237821,0.000119611741,-0.0466279071,0.876764
10,125,5.81845927,0,0,0.0024964574,0.000231343708,-0.0901840638,0.876764
10,126,5.86321548,0,0,0.00667211659,0.000529962345,-0.206593723,0.876764
10,127,5.90797169,0,0,0.0105952222,0.00100416432,-0.391450538,0.876764
11,0,0.223933272,0,0,0,-0.00110176831,0.429499225,0.911769
11,1,0.26868948,0,0,0.000967320803,-0.0010584747,0.412622199,0.911769
11,2,0.313445688,0,0,0.00360203392,-0.000897261316,0.349776843,0.911769
11,3,0.358201896,0,0,-0.00151587409,-0.000965106092,0.376224581,0.911769
11,4,0.402958104,0,0,0.0025026756,-0.000853095823,0.332559934,0.911769
11,5,0.447714312,0,0,0.0018919461,-0.000768419489,0.299550798,0.911769
11,6,0.49247052,0,0,0.00021623283,-0.000758741728,0.295778144,0.911769
11,7,0.537226728,0,0,0.00397702129,-0.000580745336,0.226390313,0.911769
11,8,0.581982936,0,0,-0.000259717037,-0.000592369286,0.230921645,0.911769
11,9,0.626739144,0,0,0.00318840305,-0.000449668455,0.175292983,0.911769
11,10,0.671495352,0,0,0.00151638527,-0.000381800801,0.148836327,0.911769
11,11,0.71625156,0,0,0.00282860635,-0.000255203107,0.099485106,0.911769
11,12,0.761007768,0,0,0.000395114608,-0.000237519275,0.0925914679,0.911769
11,13,0.805763976,0,0,0.00187084732,-0.000153787243,0.0599504465,0.911769
11,14,0.850520184,0,0,0.00254933228,-3.96887977e-05,0.0154717719,0.911769
11,15,0.895276392,0,0,0.00103432319,6.60358613e-06,-0.00257425732,0.911769
11,16,0.9400326,0,0,0.00264061229,0.000124787379,-0.0486455114,0.911769
11,17,0.984788808,0,0,0.00160246078,0.000196507447,-0.0766039429,0.911769
11,18,1.02954502,0,0,0.00183832773,0.000278784026,-0.108677589,0.911769
11,19,1.07430122,0,0,0.00147974254,0.000345011691,-0.134494932,0.911769
11,20,1.11905743,0,0,0.00218429128,0.000442772285,-0.172604669,0.911769
11,21,1.16381364,0,0,0.000870082439,0.000481713876,-0.187785159,0.911769
11,22,1.20856985,0,0,-4.86381148e-05,0.000479537018,-0.186936561,0.911769
11,23,1.25332606,0,0,0.00273442449,0.00060191949,-0.234644574,0.911769
11,24,1.29808226,0,0,0.00168000283,0.000677110046,-0.263955896,0.911769
11,25,1.34283847,0,0,0.00210071799,0.000771130217,-0.300607513,0.911769
11,26,1.38759468,0,0,0.000952594448,0.000813764732,-0.317227606,0.911769
11,27,1.43235089,0,0,0.000429689893,0.000832996023,-0.324724486,0.911769
11,28,1.4771071,0,0,0.000139460447,0.000839237743,-0.327157678,0.911769
11,29,1.5218633,0,0,0.00652139786,0.00113111078,-0.44093772,0.911769
11,30,1.56661951,0,0,0.00281227226,0.00125697742,-0.490003957,0.911769
11,31,1.61137572,0,0,0.000864011716,0.00129564731,-0.505078531,0.911769
11,32,1.65613193,0,0,0.0030613216,0.00143266046,-0.558489978,0.911769
11,33,1.70088814,0,0,0.00333921485,0.00158211105,-0.616749881,0.911769
11,34,1.74564434,0,0,0.00242289393,0.0016905506,-0.659022563,0.911769
11,35,1.79040055,0,0,0.00111153834,0.00174029884,-0.678415779,0.911769
11,36,1.83515676,0,0,0.00186476145,0.00182375849,-0.710950619,0.911769
11,37,1.87991297,0,0,0.00367351762,0.00198817121,-0.775043164,0.911769
11,38,1.92466918,0,0,0.00611477441,0.00226184532,-0.881728771,0.911769
11,39,1.96942538,0,0,-0.000170174118,0.00225422898,-0.878759712,0.911769
11,40,2.01418159,0,0,0.00181619284,0.00233551488,-0.910447166,0.911769
11,41,2.0589378,0,0,0.000701632021,0.00236691727,-0.92268867,0.911769
11,42,2.10369401,0,0,0.00178842583,0.00244696043,-0.953891669,0.911769
11,43,2.14845022,0,0,0.00114615481,0.00249825797,-0.973888845,0.911769
11,44,2.19320642,0,0,0.00199354904,0.00258748167,-1.00867067,0.911769
11,45,2.23796263,0,0,0.00223540503,0.00268752992,-1.04767219,0.911769
11,46,2.28271884,0,0,0.00100730841,0.00273261322,-1.06524689,0.911769
11,47,2.32747505,0,0,0.00257841867,0.00284801347,-1.11023304,0.911769
11,48,2.37223126,0,0,-0.00208862736,0.00275453443,-1.07379237,0.911769
11,49,2.41698746,0,0,0.00688037381,0.00306247387,-1.19383553,0.911769
11,50,2.46174367,0,0,-0.00194989935,0.00297520377,-1.15981528,0.911769
11,51,2.50649988,0,0,0.00390198275,0.00314984172,-1.2278939,0.911769
11,52,2.55125609,0,0,0.00598612942,0.00341775817,-1.33233501,0.911769
11,53,2.5960123,0,0,-0.000374047896,0.00340101721,-1.32580893,0.911769
11,54,2.6407685,0,0,0.0067682967,0.0037039405,-1.44389666,0.911769
11,55,2.68552471,0,0,0.00821710171,0.00407170681,-1.58726196,0.911769
11,56,2.73028092,0,0,0.0119512763,0.00460660062,-1.7957781,0.911769
11,57,2.77503713,0,0,0.0713060335,0.00779798829,-3.03986774,0.911769
11,58,2.81979334,0,0,-0.310339313,-0.00609162256,2.37468001,0.911769
11,59,2.86454954,0,0,0.0242349087,-0.00500695995,1.95184905,0.911769
11,60,2.90930575,0,0,-0.0102413359,-0.00546532331,2.13053154,0.911769
11,61,2.95406196,0,0,0.00340223871,-0.005313052,2.07117205,0.911769
11,62,2.99881817,0,0,0.0117861675,-0.00478554784,1.86553659,0.911769
11,63,3.04357438,0,0,-0.00264988457,-0.00490414662,1.91176962,0.911769
11,64,3.08833058,0,0,0.00829390921,-0.0045329427,1.76706424,0.911769
11,65,3.13308679,0,0,0.00182775813,-0.00445113918,1.73517501,0.911769
11,66,3.177843,0,0,0.000398257691,-0.00443331467,1.72822653,0.911769
11,67,3.22259921,0,0,0.00118486875,-0.00438028444,1.7075539,0.911769
11,68,3.26735542,0,0,0.0058023093,-0.00412059508,1.60631993,0.911769
11,69,3.31211162,0,0,0.00114047662,-0.00406955167,1.58642183,0.911769
11,70,3.35686783,0,0,0.00549281347,-0.00382371417,1.49058769,0.911769
11,71,3.40162404,0,0,0.000888641557,-0.00378394194,1.47508339,0.911769
11,72,3.44638025,0,0,0.00168649239,-0.00370846094,1.44565885,0.911769
11,73,3.49113646,0,0,0.0056696717,-0.00345470793,1.34673903,0.911769
11,74,3.53589266,0,0,0.000689977127,-0.00342382717,1.33470087,0.911769
11,75,3.58064887,0,0,0.00428339936,-0.00323211846,1.2599676,0.911769
11,76,3.62540508,0,0,0.00244350097,-0.00312275662,1.21733539,0.911769
11,77,3.67016129,0,0,0.00502067245,-0.00289805036,1.12973878,0.911769
11,78,3.7149175,0,0,0.00181552486,-0.00281679435,1.09806298,0.911769
11,79,3.7596737,0,0,0.00315664257,-0.002675515,1.04298845,0.911769
11,80,3.80442991,0,0,0.00785411277,-0.00232399469,0.905956284,0.911769
11,81,3.84918612,0,0,0.00253774004,-0.00221041507,0.861679861,0.911769
11,82,3.89394233,0,0,0.00201573719,-0.00212019832,0.82651092,0.911769
11,83,3.93869854,0,0,0.0024481856,-0.00201062682,0.78379697,0.911769
11,84,3.98345474,0,0,0.00390327879,-0.00183593086,0.715695739,0.911769
11,85,4.02821095,0,0,0.00300381675,-0.00170149141,0.663287589,0.911769
11,86,4.07296716,0,0,0.00468497834,-0.00149180955,0.5815479,0.911769
11,87,4.11772337,0,0,0.00176017973,-0.00141303058,0.550837717,0.911769
11,88,4.16247958,0,0,0.000236764253,-0.00140243391,0.546706847,0.911769
11,89,4.20723578,0,0,0.00393868173,-0.00122615345,0.477987933,0.911769
11,90,4.25199199,0,0,0.00245531299,-0.00111626295,0.435149631,0.911769
11,91,4.2967482,0,0,0.0019925859,-0.00102708236,0.400384614,0.911769
11,92,4.34150441,0,0,0.00291704855,-0.000896526328,0.349490325,0.911769
11,93,4.38626062,0,0,0.000533898385,-0.000872631061,0.3401753,0.911769
11,94,4.43101682,0,0,0.00296612743,-0.000739878444,0.288424723,0.911769
11,95,4.47577303,0,0,0.00226980062,-0.000638290776,0.248823089,0.911769
11,96,4.52052924,0,0,0.000844667238,-0.000600486673,0.234086023,0.911769
11,97,4.56528545,0,0,0.00243683647,-0.000491423113,0.191570084,0.911769
11,98,4.61004166,0,0,0.00357386448,-0.000331470491,0.129216205,0.911769
11,99,4.65479786,0,0,-0.000168744438,-0.000339022852,0.13216032,0.911769
11,100,4.69955407,0,0,0.00235003019,-0.000233844412,0.0911589064,0.911769
11,101,4.74431028,0,0,0.00354348416,-7.5251498e-05,0.0293350788,0.911769
11,102,4.78906649,0,0,-0.00040511307,-9.33828228e-05,0.0364031619,0.911769
11,103,4.8338227,0,0,0.00272890908,2.87527996e-05,-0.0112086226,0.911769
11,104,4.8785789,0,0,0.00491012261,0.000248511269,-0.0968764455,0.911769
11,105,4.92333511,0,0,0.00255462427,0.000362846564,-0.141447451,0.911769
11,106,4.96809132,0,0,0.000718053057,0.000394983896,-0.153975456,0.911769
11,107,5.01284753,0,0,0.00167537016,0.000469967111,-0.183205951,0.911769
11,108,5.05760374,0,0,0.00225726465,0.000570993717,-0.222588867,0.911769
11,109,5.10235994,0,0,0.00400815325,0.000750383458,-0.292519863,0.911769
11,110,5.14711615,0,0,0.00361744092,0.000912286396,-0.355634028,0.911769
11,111,5.19187236,0,0,0.00254772066,0.00102631271,-0.400084584,0.911769
11,112,5.23662857,0,0,0.000875103504,0.00106547903,-0.415352678,0.911769
11,113,5.28138478,0,0,0.00407215584,0.00124773328,-0.486400339,0.911769
11,114,5.32614098,0,0,0.00648227576,0.00153785536,-0.59949781,0.911769
11,115,5.37089719,0,0,0.00212939253,0.0016331589,-0.636649718,0.911769
11,116,5.4156534,0,0,0.00464089874,0.00184086793,-0.717620342,0.911769
11,117,5.46040961,0,0,0.00515084559,0.00207140024,-0.807488103,0.911769
11,118,5.50516582,0,0,0.00439227312,0.00226798173,-0.88412091,0.911769
11,119,5.54992202,0,0,0.00296228429,0.00240056234,-0.935804435,0.911769
11,120,5.59467823,0,0,0.0034334619,0.00255423108,-0.995708684,0.911769
11,121,5.63943444,0,0,0.00466901411,0.00276319845,-1.07716984,0.911769
11,122,5.68419065,0,0,0.00486654987,0.00298100676,-1.16207744,0.911769
11,123,5.72894686,0,0,0.0031011184,0.00311980106,-1.21618323,0.911769
11,124,5.77370306,0,0,0.00177491608,0.00319923958,-1.24715052,0.911769
11,125,5.81845927,0,0,0.00638469237,0.0034849942,-1.35854544,0.911769
11,126,5.86321548,0,0,0.00149319613,0.00355182399,-1.38459751,0.911769
11,127,5.90797169,0,0,0.00540876497,0.0037938998,-1.47896524,0.911769
12,0,0.223933272,0,0,0,0.000445216724,-0.173557577,0.811088
12,1,0.26868948,0,0,-0.00485757302,0.000227810175,-0.0888065969,0.811088
12,2,0.313445688,0,0,-0.0111413635,-0.000270835006,0.105578845,0.811088
12,3,0.358201896,0,0,-0.00535466505,-0.000510489509,0.199002683,0.811088
12,4,0.402958104,0,0,-0.000531318137,-0.000534269294,0.208272689,0.811088
12,5,0.447714312,0,0,-0.00757222971,-0.000873173582,0.34038679,0.811088
12,6,0.49247052,0,0,0.00312460699,-0.000733328021,0.28587119,0.811088
12,7,0.537226728,0,0,0.000248848493,-0.000722190507,0.281529484,0.811088
12,8,0.581982936,0,0,0.00169348044,-0.000646396744,0.251983016,0.811088
12,9,0.626739144,0,0,0.00576283201,-0.000388474236,0.151437814,0.811088
12,10,0.671495352,0,0,0.00140977069,-0.000325378246,0.126841282,0.811088
12,11,0.71625156,0,0,-0.000139398467,-0.000331617192,0.129273393,0.811088
12,12,0.761007768,0,0,0.00595957149,-6.4889371e-05,0.0252956401,0.811088
12,13,0.805763976,0,0,0.00656254528,0.00022882527,-0.0892023085,0.811088
12,14,0.850520184,0,0,-0.00123592732,0.00017350985,-0.0676388547,0.811088
12,15,0.895276392,0,0,-0.00775756775,-0.000173689466,0.0677088736,0.811088
12,16,0.9400326,0,0,0.00484837069,4.33052216e-05,-0.0168815522,0.811088
12,17,0.984788808,0,0,0.00869830478,0.00043260836,-0.168642494,0.811088
12,18,1.02954502,0,0,-0.000727272201,0.000400058414,-0.155953641,0.811088
12,19,1.07430122,0,0,-0.016898599,-0.000356258798,0.13887936,0.811088
12,20,1.11905743,0,0,0.0170112735,0.000405101297,-0.157919494,0.811088
12,21,1.16381364,0,0,0.0245520119,0.00150395625,-0.586283014,0.811088
12,22,1.20856985,0,0,0.0215334185,0.0024677104,-0.961980573,0.811088
12,23,1.25332606,0,0,0.0117022339,0.00299145802,-1.16615163,0.811088
12,24,1.29808226,0,0,-0.00296605239,0.00285870876,-1.11440236,0.811088
12,25,1.34283847,0,0,-0.00504260373,0.00263302094,-1.02642311,0.811088
12,26,1.38759468,0,0,-0.00248694409,0.00252171475,-0.983032936,0.811088
12,27,1.43235089,0,0,0.00173867985,0.00259953147,-1.01336801,0.811088
12,28,1.4771071,0,0,0.00198222904,0.00268824853,-1.04795233,0.811088
12,29,1.5218633,0,0,-0.0175511963,0.00190272354,-0.741733339,0.811088
12,30,1.56661951,0,0,0.00235642989,0.0020081884,-0.78284641,0.811088
12,31,1.61137572,0,0,-0.0140965479,0.00137728037,-0.536901315,0.811088
12,32,1.65613193,0,0,-0.0155918988,0.000679446107,-0.264866556,0.811088
12,33,1.70088814,0,0,-0.0181019125,-0.000130726854,0.0509608799,0.811088
12,34,1.74564434,0,0,-0.0127013103,-0.000699189339,0.272563004,0.811088
12,35,1.79040055,0,0,-0.00466312033,-0.000907892922,0.353921332,0.811088
12,36,1.83515676,0,0,-0.000602133488,-0.000934842134,0.364426867,0.811088
12,37,1.87991297,0,0,-0.00602567615,-0.00120452855,0.46955796,0.811088
12,38,1.92466918,0,0,-0.0122409054,-0.00175238506,0.683127315,0.811088
12,39,1.96942538,0,0,-0.00516422656,-0.00198351626,0.773228537,0.811088
12,40,2.01418159,0,0,-0.0108409451,-0.00246871585,0.962372524,0.811088
12,41,2.0589378,0,0,0.00930527719,-0.00205224693,0.800021621,0.811088
12,42,2.10369401,0,0,0.000589146931,-0.00202587895,0.789742665,0.811088
12,43,2.14845022,0,0,0.00293776242,-0.00189439584,0.738486978,0.811088
12,44,2.19320642,0,0,0.00937229957,-0.00147492725,0.574966723,0.811088
12,45,2.23796263,0,0,0.00816430672,-0.00110952384,0.432522544,0.811088
12,46,2.28271884,0,0,0.0031555184,-0.000968294805,0.377467628,0.811088
12,47,2.32747505,0,0,-0.00828071322,-0.00133890813,0.521942772,0.811088
12,48,2.37223126,0,0,0.00350903934,-0.00118185683,0.46071991,0.811088
12,49,2.41698746,0,0,0.00935145232,-0.000763321288,0.297563381,0.811088
12,50,2.46174367,0,0,-0.005266449,-0.000999027575,0.389448097,0.811088
12,51,2.50649988,0,0,-0.0192032701,-0.00185849313,0.724491124,0.811088
12,52,2.55125609,0,0,0.00880282168,-0.00146451221,0.570906656,0.811088
12,53,2.5960123,0,0,-0.00493701524,-0.00168547429,0.65704368,0.811088
12,54,2.6407685,0,0,-0.022463234,-0.00269084346,1.0489639,0.811088
12,55,2.68552471,0,0,-0.0226555531,-0.00370482011,1.44423955,0.811088
12,56,2.73028092,0,0,-0.0208598997,-0.00463843012,1.80818611,0.811088
12,57,2.77503713,0,0,-0.00697800497,-0.00495073916,1.92993266,0.811088
12,58,2.81979334,0,0,-0.0180440006,-0.00575832021,2.24474969,0.811088
12,59,2.86454954,0,0,-0.0186807469,-0.0065943996,2.57067616,0.811088
12,60,2.90930575,0,0,-0.00822988879,-0.00696273822,2.71426456,0.811088
12,61,2.95406196,0,0,-0.0221644747,-0.00795473605,3.10097228,0.811088
12,62,2.99881817,0,0,0.346793725,0.00756643604,-2.94960238,0.811088
12,63,3.04357438,0,0,-0.0146829622,0.00690928233,-2.69342601,0.811088
12,64,3.08833058,0,0,0.00156748619,0.00697943707,-2.72077423,0.811088
12,65,3.13308679,0,0,-0.0290979261,0.00567712424,-2.2130973,0.811088
12,66,3.177843,0,0,0.0165476986,0.00641773648,-2.50180808,0.811088
12,67,3.22259921,0,0,-0.00975787554,0.00598101097,-2.33156061,0.811088
12,68,3.26735542,0,0,-0.0227211916,0.00496409659,-1.93513975,0.811088
12,69,3.31211162,0,0,-0.0145192475,0.00431427013,-1.68181973,0.811088
12,70,3.35686783,0,0,-0.0175054555,0.00353079232,-1.37639879,0.811088
12,71,3.40162404,0,0,0.00940402873,0.00395168099,-1.54047263,0.811088
12,72,3.44638025,0,0,-0.00420963068,0.00376327388,-1.46702642,0.811088
12,73,3.49113646,0,0,-0.00699590056,0.0034501639,-1.34496764,0.811088
12,74,3.53589266,0,0,-0.00810225248,0.00308753781,-1.20360614,0.811088
12,75,3.58064887,0,0,0.00136202138,0.00314849672,-1.22736958,0.811088
12,76,3.62540508,0,0,-0.0100434342,0.00269899069,-1.05213991,0.811088
12,77,3.67016129,0,0,-0.00858390114,0.00231480782,-0.902374993,0.811088
12,78,3.7149175,0,0,0.0132757915,0.00290898191,-1.1340002,0.811088
12,79,3.7596737,0,0,0.00303878262,0.0030449863,-1.1870184,0.811088
12,80,3.80442991,0,0,0.008178138,0.00341100874,-1.3297039,0.811088
12,81,3.84918612,0,0,-0.00633790266,0.00312734825,-1.21912533,0.811088
12,82,3.89394233,0,0,-0.00980124237,0.00268868181,-1.04812123,0.811088
12,83,3.93869854,0,0,-0.00303513364,0.00255284074,-0.99516669,0.811088
12,84,3.98345474,0,0,-0.00041808111,0.00253412901,-0.987872351,0.811088
12,85,4.02821095,0,0,0.0033375092,0.00268350327,-1.0461025,0.811088
12,86,4.07296716,0,0,0.00291677507,0.00281404706,-1.09699201,0.811088
12,87,4.11772337,0,0,-0.00589289203,0.00255030356,-0.994177629,0.811088
12,88,4.16247958,0,0,0.00821464443,0.00291795989,-1.13750006,0.811088
12,89,4.20723578,0,0,-0.00742889649,0.00258547066,-1.00788672,0.811088
12,90,4.25199199,0,0,-0.00465202406,0.0023772637,-0.92672199,0.811088
12,91,4.2967482,0,0,-0.0145830159,0.00172458321,-0.672289399,0.811088
12,92,4.34150441,0,0,-0.0139625887,0.00109967069,-0.428681516,0.811088
12,93,4.38626062,0,0,-0.00132068626,0.00104056178,-0.405639257,0.811088
12,94,4.43101682,0,0,-0.0132765978,0.000446351604,-0.173999984,0.811088
12,95,4.47577303,0,0,-0.00986201137,4.96537142e-06,-0.00193563671,0.811088
12,96,4.52052924,0,0,-0.00404484985,-0.00017606677,0.0686356113,0.811088
12,97,4.56528545,0,0,-0.0174747873,-0.000958171985,0.373521477,0.811088
12,98,4.61004166,0,0,-0.0246071672,-0.00205949548,0.802847302,0.811088
12,99,4.65479786,0,0,-0.00937272793,-0.00247898324,0.96637503,0.811088
12,100,4.69955407,0,0,-0.01541285,-0.00316880396,1.23528589,0.811088
12,101,4.74431028,0,0,-0.0142747494,-0.00380768761,1.4843401,0.811088
12,102,4.78906649,0,0,0.00251729068,-0.00369502323,1.44042046,0.811088
12,103,4.8338227,0,0,-0.0127649931,-0.00426633592,1.66313367,0.811088
12,104,4.8785789,0,0,-0.0142007583,-0.00490190801,1.91089695,0.811088
12,105,4.92333511,0,0,-0.00919320847,-0.00531336116,2.07129257,0.811088
12,106,4.96809132,0,0,-0.0194185484,-0.00618246175,2.41009159,0.811088
12,107,5.01284753,0,0,-0.00834889189,-0.00655612649,2.55575626,0.811088
12,108,5.05760374,0,0,-0.0127163372,-0.00712526153,2.77762057,0.811088
12,109,5.10235994,0,0,0.331972102,0.0077325509,-3.01435847,0.811088
12,110,5.14711615,0,0,-0.0121115083,0.00719048571,-2.80304673,0.811088
12,111,5.19187236,0,0,-0.0382426631,0.00547888913,-2.13581987,0.811088
12,112,5.23662857,0,0,-0.012322909,0.00492736245,-1.92081978,0.811088
12,113,5.28138478,0,0,-0.0478729451,0.00278475096,-1.0855716,0.811088
12,114,5.32614098,0,0,-0.0281929034,0.00152294352,-0.593684768,0.811088
12,115,5.37089719,0,0,-0.00426813917,0.00133191779,-0.519217749,0.811088
12,116,5.4156534,0,0,-0.00964307343,0.000900330393,-0.350973253,0.811088
12,117,5.46040961,0,0,-0.00892771319,0.000500759804,-0.195209779,0.811088
12,118,5.50516582,0,0,-0.00242762003,0.000392108737,-0.152854641,0.811088
12,119,5.54992202,0,0,-0.0124293641,-0.00016418247,0.0640027882,0.811088
12,120,5.59467823,0,0,-0.00704907397,-0.00047967229,0.186989293,0.811088
12,121,5.63943444,0,0,0.0025773709,-0.000364318942,0.142021424,0.811088
12,122,5.68419065,0,0,-0.00478874632,-0.000578645069,0.225571572,0.811088
12,123,5.72894686,0,0,-0.00225142089,-0.00067941013,0.264852531,0.811088
12,124,5.77370306,0,0,0.00070360445,-0.000647919463,0.252576613,0.811088
12,125,5.81845927,0,0,-0.00680308869,-0.000952399915,0.371271368,0.811088
12,126,5.86321548,0,0,-0.00443081474,-0.00115070638,0.448576617,0.811088
12,127,5.90797169,0,0,-0.0125116573,-0.00171068072,0.66686983,0.811088
13,0,0.223933272,0,0,0,-0.00135497483,0.52820601,0.889828
13,1,0.26868948,0,0,0.00763499437,-0.00101326144,0.394996842,0.889828
13,2,0.313445688,0,0,0.010711633,-0.000533849362,0.208108988,0.889828
13,3,0.358201896,0,0,0.011140704,-3.52336972e-05,0.0137350526,0.889828
13,4,0.402958104,0,0,0.0436412403,0.00191798273,-0.747681788,0.889828
13,5,0.447714312,0,0,0.0183022404,0.00273712161,-1.06700438,0.889828
13,6,0.49247052,0,0,0.0228808227,0.00376118047,-1.46621035,0.889828
13,7,0.537226728,0,0,0.0186090323,0.00459405019,-1.7908856,0.889828
13,8,0.581982936,0,0,0.0198541874,0.00548264833,-2.1372853,0.889828
13,9,0.626739144,0,0,0.0296955587,0.00681170893,-2.65538924,0.889828
13,10,0.671495352,0,0,0.0247202628,0.00791809415,-3.08668827,0.889828
13,11,0.71625156,0,0,-0.348439582,-0.00767674023,2.99260195,0.889828
13,12,0.761007768,0,0,0.0138023202,-0.00705900072,2.7517903,0.889828
13,13,0.805763976,0,0,0.00360918498,-0.00689746729,2.68882018,0.889828
13,14,0.850520184,0,0,0.0103034186,-0.00643632534,2.50905452,0.889828
13,15,0.895276392,0,0,0.00777707107,-0.00608825313,2.37336651,0.889828
13,16,0.9400326,0,0,-0.00115437129,-0.00613991841,2.39350704,0.889828
13,17,0.984788808,0,0,-0.00262332804,-0.00625732863,2.43927674,0.889828
13,18,1.02954502,0,0,0.0191485637,-0.00540031153,2.10518818,0.889828
13,19,1.07430122,0,0,0.0248724217,-0.00428711625,1.67123441,0.889828
13,20,1.11905743,0,0,0.0390959126,-0.00253733146,0.989120751,0.889828
13,21,1.16381364,0,0,0.024767803,-0.00142881851,0.556992283,0.889828
13,22,1.20856985,0,0,0.00901730356,-0.0010252382,0.39966571,0.889828
13,23,1.25332606,0,0,0.0226384584,-1.2026646e-05,0.00468831343,0.889828
13,24,1.29808226,0,0,0.0143980207,0.000632374162,-0.246516633,0.889828
13,25,1.34283847,0,0,0.00779018969,0.000981033512,-0.382433522,0.889828
13,26,1.38759468,0,0,0.0073321042,0.00130919069,-0.510358108,0.889828
13,27,1.43235089,0,0,-0.00372899056,0.00114229522,-0.445297716,0.889828
13,28,1.4771071,0,0,-0.00271844386,0.00102062798,-0.39786852,0.889828
13,29,1.5218633,0,0,-0.000375860847,0.00100380587,-0.391310806,0.889828
13,30,1.56661951,0,0,-0.00673722783,0.0007022731,-0.273765138,0.889828
13,31,1.61137572,0,0,0.00122258676,0.000756991448,-0.295095837,0.889828
13,32,1.65613193,0,0,0.0107136734,0.00123649484,-0.482019291,0.889828
13,33,1.70088814,0,0,0.00627246208,0.00151722646,-0.591456104,0.889828
13,34,1.74564434,0,0,0.00482187299,0.00173303521,-0.675584219,0.889828
13,35,1.79040055,0,0,0.0161063977,0.0024538965,-0.956595538,0.889828
13,36,1.83515676,0,0,0.0139256241,0.00307715463,-1.19955849,0.889828
13,37,1.87991297,0,0,0.00551595578,0.00332402789,-1.2957964,0.889828
13,38,1.92466918,0,0,0.000592663265,0.00335055325,-1.30613671,0.889828
13,39,1.96942538,0,0,-0.14084305,-0.0029530476,1.1511782,0.889828
13,40,2.01418159,0,0,-0.00374169083,-0.00312051149,1.21646018,0.889828
13,41,2.0589378,0,0,0.0120639465,-0.00258057499,1.00597826,0.889828
13,42,2.10369401,0,0,0.0113797519,-0.00207126045,0.807433607,0.889828
13,43,2.14845022,0,0,0.00933687698,-0.00165337724,0.644531377,0.889828
13,44,2.19320642,0,0,0.00674608186,-0.0013514482,0.526831232,0.889828
13,45,2.23796263,0,0,0.011359008,-0.000843062074,0.328648506,0.889828
13,46,2.28271884,0,0,0.0100780524,-0.000392006666,0.152814851,0.889828
13,47,2.32747505,0,0,0.00925969786,2.2422297e-05,-0.00874082068,0.889828
13,48,2.37223126,0,0,0.010573006,0.000495629951,-0.193210023,0.889828
13,49,2.41698746,0,0,0.00488396554,0.000714217729,-0.278421479,0.889828
13,50,2.46174367,0,0,0.00815700338,0.00107929427,-0.420738235,0.889828
13,51,2.50649988,0,0,0.00721735413,0.00140231567,-0.546660755,0.889828
13,52,2.55125609,0,0,-0.00588373884,0.00113898183,-0.444006069,0.889828
13,53,2.5960123,0,0,-0.0427871402,-0.000776008316,0.302509129,0.889828
13,54,2.6407685,0,0,-0.0220675435,-0.00176366788,0.687525668,0.889828
13,55,2.68552471,0,0,-0.00892675574,-0.00216319562,0.843272436,0.889828
13,56,2.73028092,0,0,0.000856710989,-0.00212485249,0.82832524,0.889828
13,57,2.77503713,0,0,0.0041979781,-0.00193696691,0.755082335,0.889828
13,58,2.81979334,0,0,0.010563583,-0.00146418099,0.570777536,0.889828
13,59,2.86454954,0,0,-0.000352899671,-0.00147997544,0.576934642,0.889828
13,60,2.90930575,0,0,-0.00137326339,-0.0015414375,0.600894224,0.889828
13,61,2.95406196,0,0,0.0130922543,-0.000955477841,0.372471227,0.889828
13,62,2.99881817,0,0,-0.0104150397,-0.00142161553,0.554184363,0.889828
13,63,3.04357438,0,0,-0.0629889297,-0.00424076117,1.65316394,0.889828
13,64,3.08833058,0,0,0.0302919173,-0.00288500981,1.12465522,0.889828
13,65,3.13308679,0,0,0.025323114,-0.00175164326,0.682838142,0.889828
13,66,3.177843,0,0,0.0242766397,-0.000665112925,0.259279092,0.889828
13,67,3.22259921,0,0,0.0258710041,0.000492775117,-0.192097131,0.889828
13,68,3.26735542,0,0,0.0317111478,0.00191204584,-0.745367428,0.889828
13,69,3.31211162,0,0,0.0262116899,0.00308518169,-1.20268766,0.889828
13,70,3.35686783,0,0,0.0240831421,0.00416305181,-1.62287072,0.889828
13,71,3.40162404,0,0,0.014092907,0.00479379688,-1.86875229,0.889828
13,72,3.44638025,0,0,0.0130575755,0.00537820445,-2.09657024,0.889828
13,73,3.49113646,0,0,0.0106546317,0.00585506536,-2.28246358,0.889828
13,74,3.53589266,0,0,0.0169991172,0.00661588139,-2.57905034,0.889828
13,75,3.58064887,0,0,0.0316110129,0.00803067046,-3.13057357,0.889828
13,76,3.62540508,0,0,-0.308305484,-0.00576791393,2.24848959,0.889828
13,77,3.67016129,0,0,0.0444563955,-0.00377821424,1.47285058,0.889828
13,78,3.7149175,0,0,0.0292070213,-0.00247101872,0.963270245,0.889828
13,79,3.7596737,0,0,0.033276573,-0.000981685495,0.382687682,0.889828
13,80,3.80442991,0,0,0.021585186,-1.56144194e-05,0.00608692499,0.889828
13,81,3.84918612,0,0,0.00605232529,0.00025526471,-0.0995091205,0.889828
13,82,3.89394233,0,0,-0.131857047,-0.00564615671,2.20102532,0.889828
13,83,3.93869854,0,0,0.0352966035,-0.00406641459,1.58519891,0.889828
13,84,3.98345474,0,0,0.0222961115,-0.00306852518,1.1961945,0.889828
13,85,4.02821095,0,0,0.00885437636,-0.00267223687,1.04171055,0.889828
13,86,4.07296716,0,0,-0.00309457211,-0.00281073819,1.09570212,0.889828
13,87,4.11772337,0,0,0.0130007024,-0.00222887604,0.86887645,0.889828
13,88,4.16247958,0,0,0.0217620327,-0.00125488998,0.489190216,0.889828
13,89,4.20723578,0,0,0.0210917438,-0.000310903512,0.121198637,0.889828
13,90,4.25199199,0,0,0.0339618283,0.00120909914,-0.4713397,0.889828
13,91,4.2967482,0,0,0.0362382478,0.00283098569,-1.10359515,0.889828
13,92,4.34150441,0,0,0.017258456,0.00360340874,-1.40470665,0.889828
13,93,4.38626062,0,0,0.0317034057,0.00502233296,-1.95784187,0.889828
13,94,4.43101682,0,0,-0.0662552162,0.00205700072,-0.80187478,0.889828
13,95,4.47577303,0,0,-0.0221295081,0.00106656786,-0.415777133,0.889828
13,96,4.52052924,0,0,0.0167881361,0.00181794117,-0.708682868,0.889828
13,97,4.56528545,0,0,0.000251936098,0.00182921687,-0.713078444,0.889828
13,98,4.61004166,0,0,-0.0189285175,0.000982048206,-0.382829077,0.889828
13,99,4.65479786,0,0,0.0101451184,0.00143610524,-0.559832846,0.889828
13,100,4.69955407,0,0,0.0210501668,0.00237823088,-0.927099023,0.889828
13,101,4.74431028,0,0,0.0196068743,0.00325576022,-1.26918381,0.889828
13,102,4.78906649,0,0,0.0265478744,0.00444394241,-1.73236951,0.889828
13,103,4.8338227,0,0,0.0364651721,0.00607598524,-2.36858416,0.889828
13,104,4.8785789,0,0,0.0361728637,0.00769494545,-2.99969884,0.889828
13,105,4.92333511,0,0,-0.31585654,-0.00644159557,2.511109,0.889828
13,106,4.96809132,0,0,0.00672643645,-0.00614054578,2.39375161,0.889828
13,107,5.01284753,0,0,0.000778982944,-0.00610568146,2.38016055,0.889828
13,108,5.05760374,0,0,-0.0223716853,-0.00710695326,2.77048351,0.889828
13,109,5.10235994,0,0,-0.00878681121,-0.00750021761,2.92378864,0.889828
13,110,5.14711615,0,0,0.0137951667,-0.00688279826,2.68310179,0.889828
13,111,5.19187236,0,0,0.00121052992,-0.00682861953,2.66198145,0.889828
13,112,5.23662857,0,0,-0.0221730927,-0.00782100308,3.04883953,0.889828
13,113,5.28138478,0,0,-0.00234830958,-0.00792610451,3.08981092,0.889828
13,114,5.32614098,0,0,0.0337045671,-0.00641761589,2.50176107,0.889828
13,115,5.37089719,0,0,0.0320818812,-0.00498175255,1.94202252,0.889828
13,116,5.4156534,0,0,0.0352347676,-0.00340477796,1.32727497,0.889828
13,117,5.46040961,0,0,0.0209865439,-0.00246549984,0.961118835,0.889828
13,118,5.50516582,0,0,-0.00509035189,-0.00269332469,1.04993115,0.889828
13,119,5.54992202,0,0,-0.0176766706,-0.00348446543,1.35833931,0.889828
13,120,5.59467823,0,0,0.00905177959,-0.0030793421,1.20041123,0.889828
13,121,5.63943444,0,0,0.0255572978,-0.00193549437,0.754508299,0.889828
13,122,5.68419065,0,0,0.0396106008,-0.000162674076,0.0634147753,0.889828
13,123,5.72894686,0,0,0.00811131326,0.000200357548,-0.0781048166,0.889828
13,124,5.77370306,0,0,-0.00531904674,-3.77028145e-05,0.0146975816,0.889828
13,125,5.81845927,0,0,0.00280914481,8.80238548e-05,-0.0343140906,0.889828
13,126,5.86321548,0,0,0.00423009353,0.000277346801,-0.10811732,0.889828
13,127,5.90797169,0,0,0.0223703354,0.00127855818,-0.498416723,0.889828
14,0,0.223933272,0,0,0,-0.00135497483,0.52820601,0.889713
14,1,0.26868948,0,0,0.00763499437,-0.00101326144,0.394996842,0.889713
14,2,0.313445688,0,0,0.010711633,-0.000533849362,0.208108988,0.889713
14,3,0.358201896,0,0,0.011140704,-3.52336972e-05,0.0137350526,0.889713
14,4,0.402958104,0,0,0.0436412403,0.00191798273,-0.747681788,0.889713
14,5,0.447714312,0,0,0.0183022404,0.00273712161,-1.06700438,0.889713
14,6,0.49247052,0,0,0.0228808227,0.00376118047,-1.46621035,0.889713
14,7,0.537226728,0,0,0.0186090323,0.00459405019,-1.7908856,0.889713
14,8,0.581982936,0,0,0.0198541874,0.00548264833,-2.1372853,0.889713
14,9,0.626739144,0,0,0.0296955587,0.00681170893,-2.65538924,0.889713
14,10,0.671495352,0,0,0.0247202628,0.00791809415,-3.08668827,0.889713
14,11,0.71625156,0,0,-0.348439582,-0.00767674023,2.99260195,0.889713
14,12,0.761007768,0,0,0.0138023202,-0.00705900072,2.7517903,0.889713
14,13,0.805763976,0,0,0.00360918498,-0.00689746729,2.68882018,0.889713
14,14,0.850520184,0,0,0.0103034186,-0.00643632534,2.50905452,0.889713
14,15,0.895276392,0,0,0.00777707107,-0.00608825313,2.37336651,0.889713
14,16,0.9400326,0,0,-0.00115437129,-0.00613991841,2.39350704,0.889713
14,17,0.984788808,0,0,-0.00262332804,-0.00625732863,2.43927674,0.889713
14,18,1.02954502,0,0,0.0191485637,-0.00540031153,2.10518818,0.889713
14,19,1.07430122,0,0,0.0248724217,-0.00428711625,1.67123441,0.889713
14,20,1.11905743,0,0,0.0390959126,-0.00253733146,0.989120751,0.889713
14,21,1.16381364,0,0,0.024767803,-0.00142881851,0.556992283,0.889713
14,22,1.20856985,0,0,0.00901730356,-0.0010252382,0.39966571,0.889713
14,23,1.25332606,0,0,0.0226384584,-1.2026646e-05,0.00468831343,0.889713
14,24,1.29808226,0,0,0.0143980207,0.000632374162,-0.246516633,0.889713
14,25,1.34283847,0,0,0.00779018969,0.000981033512,-0.382433522,0.889713
14,26,1.38759468,0,0,0.0073321042,0.00130919069,-0.510358108,0.889713
14,27,1.43235089,0,0,-0.00372899056,0.00114229522,-0.445297716,0.889713
14,28,1.4771071,0,0,-0.00271844386,0.00102062798,-0.39786852,0.889713
14,29,1.5218633,0,0,-0.000375860847,0.00100380587,-0.391310806,0.889713
14,30,1.56661951,0,0,-0.00673722783,0.0007022731,-0.273765138,0.889713
14,31,1.61137572,0,0,0.00122258676,0.000756991448,-0.295095837,0.889713
14,32,1.65613193,0,0,0.0107136734,0.00123649484,-0.482019291,0.889713
14,33,1.70088814,0,0,0.00627246208,0.00151722646,-0.591456104,0.889713
14,34,1.74564434,0,0,0.00482187299,0.00173303521,-0.675584219,0.889713
14,35,1.79040055,0,0,0.0161063977,0.0024538965,-0.956595538,0.889713
14,36,1.83515676,0,0,0.0139256241,0.00307715463,-1.19955849,0.889713
14,37,1.87991297,0,0,0.00551595578,0.00332402789,-1.2957964,0.889713
14,38,1.92466918,0,0,0.000592663265,0.00335055325,-1.30613671,0.889713
14,39,1.96942538,0,0,-0.14084305,-0.0029530476,1.1511782,0.889713
14,40,2.01418159,0,0,-0.00374169083,-0.00312051149,1.21646018,0.889713
14,41,2.0589378,0,0,0.0120639465,-0.00258057499,1.00597826,0.889713
14,42,2.10369401,0,0,0.0113797519,-0.00207126045,0.807433607,0.889713
14,43,2.14845022,0,0,0.00933687698,-0.00165337724,0.644531377,0.889713
14,44,2.19320642,0,0,0.00674608186,-0.0013514482,0.526831232,0.889713
14,45,2.23796263,0,0,0.011359008,-0.000843062074,0.328648506,0.889713
14,46,2.28271884,0,0,0.0100780524,-0.000392006666,0.152814851,0.889713
14,47,2.32747505,0,0,0.00925969786,2.2422297e-05,-0.00874082068,0.889713
14,48,2.37223126,0,0,0.010573006,0.000495629951,-0.193210023,0.889713
14,49,2.41698746,0,0,0.00488396554,0.000714217729,-0.278421479,0.889713
14,50,2.46174367,0,0,0.00815700338,0.00107929427,-0.420738235,0.889713
14,51,2.50649988,0,0,0.00721735413,0.00140231567,-0.546660755,0.889713
14,52,2.55125609,0,0,-0.00588373884,0.00113898183,-0.444006069,0.889713
14,53,2.5960123,0,0,-0.0427871402,-0.000776008316,0.302509129,0.889713
14,54,2.6407685,0,0,-0.0220675435,-0.00176366788,0.687525668,0.889713
14,55,2.68552471,0,0,-0.00892675574,-0.00216319562,0.843272436,0.889713
14,56,2.73028092,0,0,0.000856710989,-0.00212485249,0.82832524,0.889713
14,57,2.77503713,0,0,0.0041979781,-0.00193696691,0.755082335,0.889713
14,58,2.81979334,0,0,0.010563583,-0.00146418099,0.570777536,0.889713
14,59,2.86454954,0,0,-0.000352899671,-0.00147997544,0.576934642,0.889713
14,60,2.90930575,0,0,-0.00137326339,-0.0015414375,0.600894224,0.889713
14,61,2.95406196,0,0,0.0130922543,-0.000955477841,0.372471227,0.889713
14,62,2.99881817,0,0,-0.0104150397,-0.00142161553,0.554184363,0.889713
14,63,3.04357438,0,0,-0.0629889297,-0.00424076117,1.65316394,0.889713
14,64,3.08833058,0,0,0.0302919173,-0.00288500981,1.12465522,0.889713
14,65,3.13308679,0,0,0.025323114,-0.00175164326,0.682838142,0.889713
14,66,3.177843,0,0,0.0242766397,-0.000665112925,0.259279092,0.889713
14,67,3.22259921,0,0,0.0258710041,0.000492775117,-0.192097131,0.889713
14,68,3.26735542,0,0,0.0317111478,0.00191204584,-0.745367428,0.889713
14,69,3.31211162,0,0,0.0262116899,0.00308518169,-1.20268766,0.889713
14,70,3.35686783,0,0,0.0240831421,0.00416305181,-1.62287072,0.889713
14,71,3.40162404,0,0,0.014092907,0.00479379688,-1.86875229,0.889713
14,72,3.44638025,0,0,0.0130575755,0.00537820445,-2.09657024,0.889713
14,73,3.49113646,0,0,0.0106546317,0.00585506536,-2.28246358,0.889713
14,74,3.53589266,0,0,0.0169991172,0.00661588139,-2.57905034,0.889713
14,75,3.58064887,0,0,0.0316110129,0.00803067046,-3.13057357,0.889713
14,76,3.62540508,0,0,-0.308305484,-0.00576791393,2.24848959,0.889713
14,77,3.67016129,0,0,0.0444563955,-0.00377821424,1.47285058,0.889713
14,78,3.7149175,0,0,0.0292070213,-0.00247101872,0.963270245,0.889713
14,79,3.7596737,0,0,0.033276573,-0.000981685495,0.382687682,0.889713
14,80,3.80442991,0,0,0.021585186,-1.56144194e-05,0.00608692499,0.889713
14,81,3.84918612,0,0,0.00605232529,0.00025526471,-0.0995091205,0.889713
14,82,3.89394233,0,0,-0.131857047,-0.00564615671,2.20102532,0.889713
14,83,3.93869854,0,0,0.0352966035,-0.00406641459,1.58519891,0.889713
14,84,3.98345474,0,0,0.0222961115,-0.00306852518,1.1961945,0.889713
14,85,4.02821095,0,0,0.00885437636,-0.00267223687,1.04171055,0.889713
14,86,4.07296716,0,0,-0.00309457211,-0.00281073819,1.09570212,0.889713
14,87,4.11772337,0,0,0.0130007024,-0.00222887604,0.86887645,0.889713
14,88,4.16247958,0,0,0.0217620327,-0.00125488998,0.489190216,0.889713
14,89,4.20723578,0,0,0.0210917438,-0.000310903512,0.121198637,0.889713
14,90,4.25199199,0,0,0.0339618283,0.00120909914,-0.4713397,0.889713
14,91,4.2967482,0,0,0.0362382478,0.00283098569,-1.10359515,0.889713
14,92,4.34150441,0,0,0.017258456,0.00360340874,-1.40470665,0.889713
14,93,4.38626062,0,0,0.0317034057,0.00502233296,-1.95784187,0.889713
14,94,4.43101682,0,0,-0.0662552162,0.00205700072,-0.80187478,0.889713
14,95,4.47577303,0,0,-0.0221295081,0.00106656786,-0.415777133,0.889713
14,96,4.52052924,0,0,0.0167881361,0.00181794117,-0.708682868,0.889713
14,97,4.56528545,0,0,0.000251936098,0.00182921687,-0.713078444,0.889713
14,98,4.61004166,0,0,-0.0189285175,0.000982048206,-0.382829077,0.889713
14,99,4.65479786,0,0,0.0101451184,0.00143610524,-0.559832846,0.889713
14,100,4.69955407,0,0,0.0210501668,0.00237823088,-0.927099023,0.889713
14,101,4.74431028,0,0,0.0196068743,0.00325576022,-1.26918381,0.889713
14,102,4.78906649,0,0,0.0265478744,0.00444394241,-1.73236951,0.889713
14,103,4.8338227,0,0,0.0364651721,0.00607598524,-2.36858416,0.889713
14,104,4.8785789,0,0,0.0361728637,0.00769494545,-2.99969884,0.889713
14,105,4.92333511,0,0,-0.31585654,-0.00644159557,2.511109,0.889713
14,106,4.96809132,0,0,0.00672643645,-0.00614054578,2.39375161,0.889713
14,107,5.01284753,0,0,0.000778982944,-0.00610568146,2.38016055,0.889713
14,108,5.05760374,0,0,-0.0223716853,-0.00710695326,2.77048351,0.889713
14,109,5.10235994,0,0,-0.00878681121,-0.00750021761,2.92378864,0.889713
14,110,5.14711615,0,0,0.0137951667,-0.00688279826,2.68310179,0.889713
14,111,5.19187236,0,0,0.00121052992,-0.00682861953,2.66198145,0.889713
14,112,5.23662857,0,0,-0.0221730927,-0.00782100308,3.04883953,0.889713
14,113,5.28138478,0,0,-0.00234830958,-0.00792610451,3.08981092,0.889713
14,114,5.32614098,0,0,0.0337045671,-0.00641761589,2.50176107,0.889713
14,115,5.37089719,0,0,0.0320818812,-0.00498175255,1.94202252,0.889713
14,116,5.4156534,0,0,0.0352347676,-0.00340477796,1.32727497,0.889713
14,117,5.46040961,0,0,0.0209865439,-0.00246549984,0.961118835,0.889713
14,118,5.50516582,0,0,-0.00509035189,-0.00269332469,1.04993115,0.889713
14,119,5.54992202,0,0,-0.0176766706,-0.00348446543,1.35833931,0.889713
14,120,5.59467823,0,0,0.00905177959,-0.0030793421,1.20041123,0.889713
14,121,5.63943444,0,0,0.0255572978,-0.00193549437,0.754508299,0.889713
14,122,5.68419065,0,0,0.0396106008,-0.000162674076,0.0634147753,0.889713
14,123,5.72894686,0,0,0.00811131326,0.000200357548,-0.0781048166,0.889713
14,124,5.77370306,0,0,-0.00531904674,-3.77028145e-05,0.0146975816,0.889713
14,125,5.81845927,0,0,0.00280914481,8.80238548e-05,-0.0343140906,0.889713
14,126,5.86321548,0,0,0.00423009353,0.000277346801,-0.10811732,0.889713
14,127,5.90797169,0,0,0.0223703354,0.00127855818,-0.498416723,0.889713
15,0,0.223933272,0,0,0,0.00012260119,-0.0477932756,0.835217
15,1,0.26868948,0,0,-0.000926800924,8.11210954e-05,-0.0316232074,0.835217
15,2,0.313445688,0,0,-0.00590517386,-0.000183172094,0.0714054599,0.835217
15,3,0.358201896,0,0,-0.00409982763,-0.000366664832,0.142935915,0.835217
15,4,0.402958104,0,0,0.000116112993,-0.000361468055,0.14091007,0.835217
15,5,0.447714312,0,0,0.00606908011,-8.98390433e-05,0.0350217004,0.835217
15,6,0.49247052,0,0,0.00714370207,0.000229885972,-0.089615799,0.835217
15,7,0.537226728,0,0,0.00112027608,0.000280025282,-0.109161464,0.835217
15,8,0.581982936,0,0,-0.00491399824,6.00933541e-05,-0.0234260224,0.835217
15,9,0.626739144,0,0,-0.00545569684,-0.000184082948,0.0717605356,0.835217
15,10,0.671495352,0,0,-0.00178841479,-0.000264125613,0.102963341,0.835217
15,11,0.71625156,0,0,-0.000224291756,-0.000274164061,0.106876601,0.835217
15,12,0.761007768,0,0,0.00632906393,9.10084062e-06,-0.00354775498,0.835217
15,13,0.805763976,0,0,0.00381293048,0.00017975315,-0.0700726627,0.835217
15,14,0.850520184,0,0,-0.00144100176,0.000115259376,-0.0449312369,0.835217
15,15,0.895276392,0,0,-0.00216117181,1.85335208e-05,-0.00722487003,0.835217
15,16,0.9400326,0,0,-0.00746709512,-0.000315665342,0.123054928,0.835217
15,17,0.984788808,0,0,0.00134151593,-0.000255624176,0.0996492501,0.835217
15,18,1.02954502,0,0,0.00428973025,-6.36321164e-05,0.0248055281,0.835217
15,19,1.07430122,0,0,0.00578354864,0.00019521759,-0.0761011213,0.835217
15,20,1.11905743,0,0,0.00551903503,0.000442228669,-0.172392752,0.835217
15,21,1.16381364,0,0,-0.00569468351,0.00018735623,-0.0730365496,0.835217
15,22,1.20856985,0,0,-0.00544379343,-5.62873211e-05,0.0219423273,0.835217
15,23,1.25332606,0,0,0.000420064586,-3.74868231e-05,0.0146133823,0.835217
15,24,1.29808226,0,0,0.00412749086,0.000147244016,-0.0573997188,0.835217
15,25,1.34283847,0,0,0.000563650605,0.00017247088,-0.0672338358,0.835217
15,26,1.38759468,0,0,0.0053768209,0.000413116995,-0.161044231,0.835217
15,27,1.43235089,0,0,0.00318714359,0.000555761456,-0.216650918,0.835217
15,28,1.4771071,0,0,0.00379610677,0.0007256608,-0.282882299,0.835217
15,29,1.5218633,0,0,-0.00574041924,0.000468741402,-0.182728136,0.835217
15,30,1.56661951,0,0,-0.00544935333,0.000224849012,-0.0876522548,0.835217
15,31,1.61137572,0,0,-0.000535470484,0.000200883383,-0.0783098016,0.835217
15,32,1.65613193,0,0,-0.000542439122,0.000176605865,-0.0688457653,0.835217
15,33,1.70088814,0,0,0.00600738825,0.000445473783,-0.173657786,0.835217
15,34,1.74564434,0,0,-0.000866062609,0.000406712105,-0.15854743,0.835217
15,35,1.79040055,0,0,-0.000321698248,0.000392314111,-0.152934701,0.835217
15,36,1.83515676,0,0,-0.00982590963,-4.74563443e-05,0.0184997726,0.835217
15,37,1.87991297,0,0,0.00315391535,9.37009473e-05,-0.0365271755,0.835217
15,38,1.92466918,0,0,-0.00124458686,3.79979591e-05,-0.014812637,0.835217
15,39,1.96942538,0,0,-0.00204877439,-5.36974134e-05,0.0209327109,0.835217
15,40,2.01418159,0,0,-0.00167993915,-0.000128885119,0.0502429219,0.835217
15,41,2.0589378,0,0,0.00256184583,-1.42266147e-05,0.00554592101,0.835217
15,42,2.10369401,0,0,-0.00717224026,-0.000335228892,0.130681331,0.835217
15,43,2.14845022,0,0,-0.00280334242,-0.000460695868,0.179591768,0.835217
15,44,2.19320642,0,0,-0.010516663,-0.000931381825,0.363077945,0.835217
15,45,2.23796263,0,0,-0.00189425408,-0.00101616145,0.396127348,0.835217
15,46,2.28271884,0,0,-0.0117952156,-0.00154407058,0.601920671,0.835217
15,47,2.32747505,0,0,-0.0061954914,-0.00182135728,0.710014562,0.835217
15,48,2.37223126,0,0,0.00332721226,-0.00167244388,0.651964071,0.835217
15,49,2.41698746,0,0,0.0133662618,-0.00107422069,0.418760414,0.835217
15,50,2.46174367,0,0,0.00851191798,-0.000693259514,0.270251397,0.835217
15,51,2.50649988,0,0,0.00144070916,-0.000628778835,0.245115076,0.835217
15,52,2.55125609,0,0,-0.00358501671,-0.000789230588,0.30766353,0.835217
15,53,2.5960123,0,0,0.00972775584,-0.000353853125,0.137941564,0.835217
15,54,2.6407685,0,0,0.00439061257,-0.000157345955,0.0613377292,0.835217
15,55,2.68552471,0,0,-0.0100608302,-0.000607630563,0.236870905,0.835217
15,56,2.73028092,0,0,-0.000552235965,-0.000632346551,0.246505869,0.835217
15,57,2.77503713,0,0,0.0100041803,-0.000184597376,0.0719610736,0.835217
15,58,2.81979334,0,0,-0.0142974372,-0.000824496449,0.321411121,0.835217
15,59,2.86454954,0,0,0.0229679018,0.000203459742,-0.0793141361,0.835217
15,60,2.90930575,0,0,-5.01894461e-05,0.000201213452,-0.0784384715,0.835217
15,61,2.95406196,0,0,-0.00839522422,-0.000174524949,0.0680345676,0.835217
15,62,2.99881817,0,0,-0.0116328238,-0.000695166029,0.270994608,0.835217
15,63,3.04357438,0,0,-0.00560016495,-0.000945808176,0.368701728,0.835217
15,64,3.08833058,0,0,0.00858544047,-0.000561556416,0.218909951,0.835217
15,65,3.13308679,0,0,0.000424020361,-0.000542578873,0.211511989,0.835217
15,66,3.177843,0,0,2.25115247e-05,-0.000541571342,0.211119226,0.835217
15,67,3.22259921,0,0,0.00574986194,-0.000284229325,0.110800315,0.835217
15,68,3.26735542,0,0,-0.00324291481,-0.000429369895,0.167380053,0.835217
15,69,3.31211162,0,0,0.0173513902,0.000347212533,-0.135352881,0.835217
15,70,3.35686783,0,0,-0.0069937442,3.41990631e-05,-0.0133317241,0.835217
15,71,3.40162404,0,0,-0.0111051076,-0.000462823444,0.180421155,0.835217
15,72,3.44638025,0,0,0.00875062463,-7.11786674e-05,0.0277473788,0.835217
15,73,3.49113646,0,0,0.0337905243,0.00144115707,-0.561802188,0.835217
15,74,3.53589266,0,0,-0.00511624931,0.00121217315,-0.472538034,0.835217
15,75,3.58064887,0,0,-0.0140120932,0.000585044991,-0.228066435,0.835217
15,76,3.62540508,0,0,0.0168638245,0.00133980583,-0.522292719,0.835217
15,77,3.67016129,0,0,-0.0122263952,0.000792598739,-0.308976527,0.835217
15,78,3.7149175,0,0,0.00406314288,0.000974449606,-0.379866936,0.835217
15,79,3.7596737,0,0,0.00317212898,0.00111642207,-0.435211661,0.835217
15,80,3.80442991,0,0,-0.0193280102,0.000251373627,-0.0979922707,0.835217
15,81,3.84918612,0,0,0.0114405422,0.000763408915,-0.29759754,0.835217
15,82,3.89394233,0,0,-0.00108518058,0.000714840347,-0.278664192,0.835217
15,83,3.93869854,0,0,0.00436711716,0.000910295951,-0.354858098,0.835217
15,84,3.98345474,0,0,0.00780289964,0.00125952415,-0.49099674,0.835217
15,85,4.02821095,0,0,0.00743012904,0.00159206855,-0.620631584,0.835217
15,86,4.07296716,0,0,-0.00389753716,0.00141762957,-0.552630528,0.835217
15,87,4.11772337,0,0,-0.0126607054,0.000850984403,-0.331736845,0.835217
15,88,4.16247958,0,0,-0.00298094333,0.000717568684,-0.279727772,0.835217
15,89,4.20723578,0,0,-0.00217793414,0.000620092611,-0.24172895,0.835217
15,90,4.25199199,0,0,0.0418793778,0.00249445475,-0.972406247,0.835217
15,91,4.2967482,0,0,-0.0015249291,0.00242620471,-0.945800525,0.835217
15,92,4.34150441,0,0,0.000235449821,0.00243674255,-0.949908462,0.835217
15,93,4.38626062,0,0,-0.0242239262,0.00135257147,-0.527269113,0.835217
15,94,4.43101682,0,0,-0.00323674957,0.00120770683,-0.470796941,0.835217
15,95,4.47577303,0,0,0.077987738,0.00469814225,-1.83146352,0.835217
15,96,4.52052924,0,0,-0.281335011,-0.00789334601,3.07704077,0.835217
15,97,4.56528545,0,0,0.047983199,-0.00574579998,2.23986897,0.835217
15,98,4.61004166,0,0,0.00488789173,-0.00552703648,2.15458901,0.835217
15,99,4.65479786,0,0,-0.02955424,-0.00684977219,2.67022734,0.835217
15,100,4.69955407,0,0,0.00122523894,-0.00679493514,2.64885036,0.835217
15,101,4.74431028,0,0,0.0202506747,-0.00588859173,2.29553307,0.835217
15,102,4.78906649,0,0,0.0346167271,-0.00433927829,1.69156859,0.835217
15,103,4.8338227,0,0,-0.00582358709,-0.00459991997,1.7931738,0.835217
15,104,4.8785789,0,0,-0.0189150654,-0.00544648657,2.12318847,0.835217
15,105,4.92333511,0,0,-0.0408121637,-0.00727308426,2.83524588,0.835217
15,106,4.96809132,0,0,0.295771402,0.00596452211,-2.3251328,0.835217
15,107,5.01284753,0,0,0.028974875,0.00726132764,-2.83066284,0.835217
15,108,5.05760374,0,0,-0.0666607082,0.00427784712,-1.66762106,0.835217
15,109,5.10235994,0,0,0.0177201906,0.00507093566,-1.97678852,0.835217
15,110,5.14711615,0,0,-0.00654131388,0.00477817125,-1.862661,0.835217
15,111,5.19187236,0,0,0.0229507347,0.00580535911,-2.26308674,0.835217
15,112,5.23662857,0,0,-0.0117075783,0.0052813723,-2.05882244,0.835217
15,113,5.28138478,0,0,-0.00167145449,0.00520656434,-2.02966026,0.835217
15,114,5.32614098,0,0,0.00106058005,0.00525403188,-2.0481644,0.835217
15,115,5.37089719,0,0,0.0253764467,0.00638978541,-2.49091199,0.835217
15,116,5.4156534,0,0,0.00857655014,0.00677363927,-2.64054865,0.835217
15,117,5.46040961,0,0,0.0175849113,0.00756067321,-2.94735587,0.835217
15,118,5.50516582,0,0,-0.314737864,-0.0065258001,2.54393421,0.835217
15,119,5.54992202,0,0,-0.00332111317,-0.00667444053,2.60187829,0.835217
15,120,5.59467823,0,0,0.0427105634,-0.00476287767,1.85669914,0.835217
15,121,5.63943444,0,0,-0.00150280137,-0.00483013736,1.8829188,0.835217
15,122,5.68419065,0,0,0.0197131837,-0.00394785001,1.53897921,0.835217
15,123,5.72894686,0,0,0.0322783459,-0.00250319365,0.975812907,0.835217
15,124,5.77370306,0,0,0.0184626359,-0.00167687608,0.653691863,0.835217
15,125,5.81845927,0,0,-0.00295621154,-0.0018091849,0.705269436,0.835217
15,126,5.86321548,0,0,0.0159439543,-0.00109559396,0.427092298,0.835217
15,127,5.90797169,0,0,-0.0124870488,-0.00165446692,0.644956163,0.835217
16,0,0.223933272,0,0,0,0.00012260119,-0.0477932756,0.868695
16,1,0.26868948,0,0,-0.000926800924,8.11210954e-05,-0.0316232074,0.868695
16,2,0.313445688,0,0,-0.00590517386,-0.000183172094,0.0714054599,0.868695
16,3,0.358201896,0,0,-0.00409982763,-0.000366664832,0.142935915,0.868695
16,4,0.402958104,0,0,0.000116112993,-0.000361468055,0.14091007,0.868695
16,5,0.447714312,0,0,0.00606908011,-8.98390433e-05,0.0350217004,0.868695
16,6,0.49247052,0,0,0.00714370207,0.000229885972,-0.089615799,0.868695
16,7,0.537226728,0,0,0.00112027608,0.000280025282,-0.109161464,0.868695
16,8,0.581982936,0,0,-0.00491399824,6.00933541e-05,-0.0234260224,0.868695
16,9,0.626739144,0,0,-0.00545569684,-0.000184082948,0.0717605356,0.868695
16,10,0.671495352,0,0,-0.00178841479,-0.000264125613,0.102963341,0.868695
16,11,0.71625156,0,0,-0.000224291756,-0.000274164061,0.106876601,0.868695
16,12,0.761007768,0,0,0.00632906393,9.10084062e-06,-0.00354775498,0.868695
16,13,0.805763976,0,0,0.00381293048,0.00017975315,-0.0700726627,0.868695
16,14,0.850520184,0,0,-0.00144100176,0.000115259376,-0.0449312369,0.868695
16,15,0.895276392,0,0,-0.00216117181,1.85335208e-05,-0.00722487003,0.868695
16,16,0.9400326,0,0,-0.00746709512,-0.000315665342,0.123054928,0.868695
16,17,0.984788808,0,0,0.00134151593,-0.000255624176,0.0996492501,0.868695
16,18,1.02954502,0,0,0.00428973025,-6.36321164e-05,0.0248055281,0.868695
16,19,1.07430122,0,0,0.00578354864,0.00019521759,-0.0761011213,0.868695
16,20,1.11905743,0,0,0.00551903503,0.000442228669,-0.172392752,0.868695
16,21,1.16381364,0,0,-0.00569468351,0.00018735623,-0.0730365496,0.868695
16,22,1.20856985,0,0,-0.00544379343,-5.62873211e-05,0.0219423273,0.868695
16,23,1.25332606,0,0,0.000420064586,-3.74868231e-05,0.0146133823,0.868695
16,24,1.29808226,0,0,0.00412749086,0.000147244016,-0.0573997188,0.868695
16,25,1.34283847,0,0,0.000563650605,0.00017247088,-0.0672338358,0.868695
16,26,1.38759468,0,0,0.0053768209,0.000413116995,-0.161044231,0.868695
16,27,1.43235089,0,0,0.00318714359,0.000555761456,-0.216650918,0.868695
16,28,1.4771071,0,0,0.00379610677,0.0007256608,-0.282882299,0.868695
16,29,1.5218633,0,0,-0.00574041924,0.000468741402,-0.182728136,0.868695
16,30,1.56661951,0,0,-0.00544935333,0.000224849012,-0.0876522548,0.868695
16,31,1.61137572,0,0,-0.000535470484,0.000200883383,-0.0783098016,0.868695
16,32,1.65613193,0,0,-0.000542439122,0.000176605865,-0.0688457653,0.868695
16,33,1.70088814,0,0,0.00600738825,0.000445473783,-0.173657786,0.868695
16,34,1.74564434,0,0,-0.000866062609,0.000406712105,-0.15854743,0.868695
16,35,1.79040055,0,0,-0.000321698248,0.000392314111,-0.152934701,0.868695
16,36,1.83515676,0,0,-0.00982590963,-4.74563443e-05,0.0184997726,0.868695
16,37,1.87991297,0,0,0.00315391535,9.37009473e-05,-0.0365271755,0.868695
16,38,1.92466918,0,0,-0.00124458686,3.79979591e-05,-0.014812637,0.868695
16,39,1.96942538,0,0,-0.00204877439,-5.36974134e-05,0.0209327109,0.868695
16,40,2.01418159,0,0,-0.00167993915,-0.000128885119,0.0502429219,0.868695
16,41,2.0589378,0,0,0.00256184583,-1.42266147e-05,0.00554592101,0.868695
16,42,2.10369401,0,0,-0.00717224026,-0.000335228892,0.130681331,0.868695
16,43,2.14845022,0,0,-0.00280334242,-0.000460695868,0.179591768,0.868695
16,44,2.19320642,0,0,-0.010516663,-0.000931381825,0.363077945,0.868695
16,45,2.23796263,0,0,-0.00189425408,-0.00101616145,0.396127348,0.868695
16,46,2.28271884,0,0,-0.0117952156,-0.00154407058,0.601920671,0.868695
16,47,2.32747505,0,0,-0.0061954914,-0.00182135728,0.710014562,0.868695
16,48,2.37223126,0,0,0.00332721226,-0.00167244388,0.651964071,0.868695
16,49,2.41698746,0,0,0.0133662618,-0.00107422069,0.418760414,0.868695
16,50,2.46174367,0,0,0.00851191798,-0.000693259514,0.270251397,0.868695
16,51,2.50649988,0,0,0.00144070916,-0.000628778835,0.245115076,0.868695
16,52,2.55125609,0,0,-0.00358501671,-0.000789230588,0.30766353,0.868695
16,53,2.5960123,0,0,0.00972775584,-0.000353853125,0.137941564,0.868695
16,54,2.6407685,0,0,0.00439061257,-0.000157345955,0.0613377292,0.868695
16,55,2.68552471,0,0,-0.0100608302,-0.000607630563,0.236870905,0.868695
16,56,2.73028092,0,0,-0.000552235965,-0.000632346551,0.246505869,0.868695
16,57,2.77503713,0,0,0.0100041803,-0.000184597376,0.0719610736,0.868695
16,58,2.81979334,0,0,-0.0142974372,-0.000824496449,0.321411121,0.868695
16,59,2.86454954,0,0,0.0229679018,0.000203459742,-0.0793141361,0.868695
16,60,2.90930575,0,0,-5.01894461e-05,0.000201213452,-0.0784384715,0.868695
16,61,2.95406196,0,0,-0.00839522422,-0.000174524949,0.0680345676,0.868695
16,62,2.99881817,0,0,-0.0116328238,-0.000695166029,0.270994608,0.868695
16,63,3.04357438,0,0,-0.00560016495,-0.000945808176,0.368701728,0.868695
16,64,3.08833058,0,0,0.00858544047,-0.000561556416,0.218909951,0.868695
16,65,3.13308679,0,0,0.000424020361,-0.000542578873,0.211511989,0.868695
16,66,3.177843,0,0,2.25115247e-05,-0.000541571342,0.211119226,0.868695
16,67,3.22259921,0,0,0.00574986194,-0.000284229325,0.110800315,0.868695
16,68,3.26735542,0,0,-0.00324291481,-0.000429369895,0.167380053,0.868695
16,69,3.31211162,0,0,0.0173513902,0.000347212533,-0.135352881,0.868695
16,70,3.35686783,0,0,-0.0069937442,3.41990631e-05,-0.0133317241,0.868695
16,71,3.40162404,0,0,-0.0111051076,-0.000462823444,0.180421155,0.868695
16,72,3.44638025,0,0,0.00875062463,-7.11786674e-05,0.0277473788,0.868695
16,73,3.49113646,0,0,0.0337905243,0.00144115707,-0.561802188,0.868695
16,74,3.53589266,0,0,-0.00511624931,0.00121217315,-0.472538034,0.868695
16,75,3.58064887,0,0,-0.0140120932,0.000585044991,-0.228066435,0.868695
16,76,3.62540508,0,0,0.0168638245,0.00133980583,-0.522292719,0.868695
16,77,3.67016129,0,0,-0.0122263952,0.000792598739,-0.308976527,0.868695
16,78,3.7149175,0,0,0.00406314288,0.000974449606,-0.379866936,0.868695
16,79,3.7596737,0,0,0.00317212898,0.00111642207,-0.435211661,0.868695
16,80,3.80442991,0,0,-0.0193280102,0.000251373627,-0.0979922707,0.868695
16,81,3.84918612,0,0,0.0114405422,0.000763408915,-0.29759754,0.868695
16,82,3.89394233,0,0,-0.00108518058,0.000714840347,-0.278664192,0.868695
16,83,3.93869854,0,0,0.00436711716,0.000910295951,-0.354858098,0.868695
16,84,3.98345474,0,0,0.00780289964,0.00125952415,-0.49099674,0.868695
16,85,4.02821095,0,0,0.00743012904,0.00159206855,-0.620631584,0.868695
16,86,4.07296716,0,0,-0.00389753716,0.00141762957,-0.552630528,0.868695
16,87,4.11772337,0,0,-0.0126607054,0.000850984403,-0.331736845,0.868695
16,88,4.16247958,0,0,-0.00298094333,0.000717568684,-0.279727772,0.868695
16,89,4.20723578,0,0,-0.00217793414,0.000620092611,-0.24172895,0.868695
16,90,4.25199199,0,0,0.0418793778,0.00249445475,-0.972406247,0.868695
16,91,4.2967482,0,0,-0.0015249291,0.00242620471,-0.945800525,0.868695
16,92,4.34150441,0,0,0.000235449821,0.00243674255,-0.949908462,0.868695
16,93,4.38626062,0,0,-0.0242239262,0.00135257147,-0.527269113,0.868695
16,94,4.43101682,0,0,-0.00323674957,0.00120770683,-0.470796941,0.868695
16,95,4.47577303,0,0,0.077987738,0.00469814225,-1.83146352,0.868695
16,96,4.52052924,0,0,-0.281335011,-0.00789334601,3.07704077,0.868695
16,97,4.56528545,0,0,0.047983199,-0.00574579998,2.23986897,0.868695
16,98,4.61004166,0,0,0.00488789173,-0.00552703648,2.15458901,0.868695
16,99,4.65479786,0,0,-0.02955424,-0.00684977219,2.67022734,0.868695
16,100,4.69955407,0,0,0.00122523894,-0.00679493514,2.64885036,0.868695
16,101,4.74431028,0,0,0.0202506747,-0.00588859173,2.29553307,0.868695
16,102,4.78906649,0,0,0.0346167271,-0.00433927829,1.69156859,0.868695
16,103,4.8338227,0,0,-0.00582358709,-0.00459991997,1.7931738,0.868695
16,104,4.8785789,0,0,-0.0189150654,-0.00544648657,2.12318847,0.868695
16,105,4.92333511,0,0,-0.0408121637,-0.00727308426,2.83524588,0.868695
16,106,4.96809132,0,0,0.295771402,0.00596452211,-2.3251328,0.868695
16,107,5.01284753,0,0,0.028974875,0.00726132764,-2.83066284,0.868695
16,108,5.05760374,0,0,-0.0666607082,0.00427784712,-1.66762106,0.868695
16,109,5.10235994,0,0,0.0177201906,0.00507093566,-1.97678852,0.868695
16,110,5.14711615,0,0,-0.00654131388,0.00477817125,-1.862661,0.868695
16,111,5.19187236,0,0,0.0229507347,0.00580535911,-2.26308674,0.868695
16,112,5.23662857,0,0,-0.0117075783,0.0052813723,-2.05882244,0.868695
16,113,5.28138478,0,0,-0.00167145449,0.00520656434,-2.02966026,0.868695
16,114,5.32614098,0,0,0.00106058005,0.00525403188,-2.0481644,0.868695
16,115,5.37089719,0,0,0.0253764467,0.00638978541,-2.49091199,0.868695
16,116,5.4156534,0,0,0.00857655014,0.00677363927,-2.64054865,0.868695
16,117,5.46040961,0,0,0.0175849113,0.00756067321,-2.94735587,0.868695
16,118,5.50516582,0,0,-0.314737864,-0.0065258001,2.54393421,0.868695
16,119,5.54992202,0,0,-0.00332111317,-0.00667444053,2.60187829,0.868695
16,120,5.59467823,0,0,0.0427105634,-0.00476287767,1.85669914,0.868695
16,121,5.63943444,0,0,-0.00150280137,-0.00483013736,1.8829188,0.868695
16,122,5.68419065,0,0,0.0197131837,-0.00394785001,1.53897921,0.868695
16,123,5.72894686,0,0,0.0322783459,-0.00250319365,0.975812907,0.868695
16,124,5.77370306,0,0,0.0184626359,-0.00167687608,0.653691863,0.868695
16,125,5.81845927,0,0,-0.00295621154,-0.0018091849,0.705269436,0.868695
16,126,5.86321548,0,0,0.0159439543,-0.00109559396,0.427092298,0.868695
16,127,5.90797169,0,0,-0.0124870488,-0.00165446692,0.644956163,0.868695
17,0,0.223933272,0,0,0,-0.00290522375,1.13253516,0.917398
17,1,0.26868948,0,0,0.00874839532,-0.00251367875,0.979900282,0.917398
17,2,0.313445688,0,0,0.0105966866,-0.00203941124,0.795017919,0.917398
17,3,0.358201896,0,0,0.00908236121,-0.00163291919,0.636556272,0.917398
17,4,0.402958104,0,0,0.00943121661,-0.0012108137,0.472008081,0.917398
17,5,0.447714312,0,0,0.00756479832,-0.000872242008,0.340023637,0.917398
17,6,0.49247052,0,0,0.00703045737,-0.000557585396,0.217361939,0.917398
17,7,0.537226728,0,0,0.00536463137,-0.000317484838,0.123764217,0.917398
17,8,0.581982936,0,0,0.00758622533,2.20458405e-05,-0.00859406772,0.917398
17,9,0.626739144,0,0,0.0126405016,0.000587786758,-0.229135251,0.917398
17,10,0.671495352,0,0,0.0107304674,0.00106804179,-0.416351712,0.917398
17,11,0.71625156,0,0,0.0109829706,0.00155959791,-0.607973644,0.917398
17,12,0.761007768,0,0,0.00411254293,0.00174365973,-0.679725946,0.917398
17,13,0.805763976,0,0,0.00450840416,0.00194543881,-0.758384913,0.917398
17,14,0.850520184,0,0,0.0108847542,0.00243259913,-0.948293245,0.917398
17,15,0.895276392,0,0,0.0147882263,0.00309446406,-1.20630618,0.917398
17,16,0.9400326,0,0,0.0101776475,0.00354997697,-1.38387749,0.917398
17,17,0.984788808,0,0,0.00741013472,0.0038816265,-1.51316349,0.917398
17,18,1.02954502,0,0,0.00559366139,0.00413197757,-1.61075714,0.917398
17,19,1.07430122,0,0,0.00778928379,0.00448059638,-1.74665822,0.917398
17,20,1.11905743,0,0,0.00985851491,0.00492182612,-1.91866157,0.917398
17,21,1.16381364,0,0,0.00824093079,0.00529065893,-2.06244262,0.917398
17,22,1.20856985,0,0,0.00776165048,0.00563804098,-2.19786158,0.917398
17,23,1.25332606,0,0,0.0119974011,0.00617499916,-2.40718247,0.917398
17,24,1.29808226,0,0,0.0111095546,0.00667222069,-2.60101294,0.917398
17,25,1.34283847,0,0,0.00689311145,0.00698073022,-2.72127834,0.917398
17,26,1.38759468,0,0,0.00444700674,0.00717976138,-2.79886609,0.917398
17,27,1.43235089,0,0,0.0145758106,0.00783211939,-3.05317297,0.917398
17,28,1.4771071,0,0,-0.34442801,-0.00758317225,2.95612661,0.917398
17,29,1.5218633,0,0,0.0136635388,-0.00697164407,2.71773631,0.917398
17,30,1.56661951,0,0,0.0143635379,-0.00632878658,2.46713299,0.917398
17,31,1.61137572,0,0,0.0196450128,-0.0054495503,2.12438279,0.917398
17,32,1.65613193,0,0,0.0120547275,-0.0049100264,1.91406172,0.917398
17,33,1.70088814,0,0,0.00859530805,-0.00452533301,1.76409778,0.917398
17,34,1.74564434,0,0,0.00620298932,-0.00424771073,1.65587307,0.917398
17,35,1.79040055,0,0,0.0111288759,-0.00374962444,1.4617055,0.917398
17,36,1.83515676,0,0,0.017514362,-0.00296574801,1.15612917,0.917398
17,37,1.87991297,0,0,0.0133937863,-0.00236629293,0.922445285,0.917398
17,38,1.92466918,0,0,0.00454762294,-0.00216275857,0.843102062,0.917398
17,39,1.96942538,0,0,0.00335946335,-0.00201240173,0.78448888,0.917398
17,40,2.01418159,0,0,0.00442286325,-0.00181445114,0.707322361,0.917398
17,41,2.0589378,0,0,0.0028179923,-0.00168832849,0.658156325,0.917398
17,42,2.10369401,0,0,0.0183002555,-0.000869278452,0.338868362,0.917398
17,43,2.14845022,0,0,0.0110426956,-0.00037504927,0.146204397,0.917398
17,44,2.19320642,0,0,0.00863402265,1.13768443e-05,-0.00443500305,0.917398
17,45,2.23796263,0,0,0.000358566905,2.74249393e-05,-0.0106909866,0.917398
17,46,2.28271884,0,0,0.00591295905,0.000292066564,-0.113855483,0.917398
17,47,2.32747505,0,0,0.00151287101,0.000359776934,-0.140250825,0.917398
17,48,2.37223126,0,0,0.0184097007,0.00118372533,-0.461448299,0.917398
17,49,2.41698746,0,0,0.0122719082,0.0017329694,-0.675558565,0.917398
17,50,2.46174367,0,0,0.0134698015,0.00233582664,-0.910568698,0.917398
17,51,2.50649988,0,0,0.0126302998,0.00290111096,-1.13093189,0.917398
17,52,2.55125609,0,0,-0.0120086255,0.00236365043,-0.921415166,0.917398
17,53,2.5960123,0,0,-0.000763466873,0.00232948054,-0.908094817,0.917398
17,54,2.6407685,0,0,0.00933703108,0.00274737065,-1.07099974,0.917398
17,55,2.68552471,0,0,0.0171555716,0.00351518898,-1.37031619,0.917398
17,56,2.73028092,0,0,0.00980191008,0.00395388531,-1.54133194,0.917398
17,57,2.77503713,0,0,0.0227095587,0.00497027904,-1.93754983,0.917398
17,58,2.81979334,0,0,-0.00773570001,0.00462405844,-1.80258363,0.917398
17,59,2.86454954,0,0,-0.0168407069,0.00387033226,-1.50876069,0.917398
17,60,2.90930575,0,0,-0.0289650949,0.00257396445,-1.00340129,0.917398
17,61,2.95406196,0,0,-0.0148428613,0.00190965426,-0.744435123,0.917398
17,62,2.99881817,0,0,-0.13574036,-0.00416556953,1.6238522,0.917398
17,63,3.04357438,0,0,0.019749778,-0.00328164436,1.27927415,0.917398
17,64,3.08833058,0,0,0.0271763632,-0.00206533339,0.805123079,0.917398
17,65,3.13308679,0,0,0.0104419649,-0.00159799064,0.622940174,0.917398
17,66,3.177843,0,0,0.016867582,-0.000843061627,0.328648331,0.917398
17,67,3.22259921,0,0,0.00360066047,-0.000681909718,0.265826938,0.917398
17,68,3.26735542,0,0,-0.026297917,-0.00185890476,0.72465159,0.917398
17,69,3.31211162,0,0,0.00199093087,-0.00176979824,0.689915448,0.917398
17,70,3.35686783,0,0,0.00631538861,-0.0014871454,0.579729688,0.917398
17,71,3.40162404,0,0,0.0288558107,-0.000195668735,0.07627699,0.917398
17,72,3.44638025,0,0,0.0163253035,0.000534989946,-0.208553619,0.917398
17,73,3.49113646,0,0,-0.00957208511,0.000106579714,-0.0415476686,0.917398
17,74,3.53589266,0,0,-0.0219184358,-0.000874406358,0.34086736,0.917398
17,75,3.58064887,0,0,-0.00252799323,-0.000987549749,0.384973728,0.917398
17,76,3.62540508,0,0,0.00254667587,-0.000873570194,0.3405414,0.917398
17,77,3.67016129,0,0,0.0074421601,-0.000540487329,0.210696648,0.917398
17,78,3.7149175,0,0,0.00891201555,-0.000141619307,0.0552070542,0.917398
17,79,3.7596737,0,0,-0.00408896701,-0.000324625965,0.126548023,0.917398
17,80,3.80442991,0,0,-0.010583593,-0.000798307453,0.311201938,0.917398
17,81,3.84918612,0,0,0.0164413665,-6.24542359e-05,0.0243463583,0.917398
17,82,3.89394233,0,0,0.00646867224,0.000227059004,-0.0885137701,0.917398
17,83,3.93869854,0,0,0.00561142881,0.000478205279,-0.186417413,0.917398
17,84,3.98345474,0,0,0.00848122195,0.000857792613,-0.33439087,0.917398
17,85,4.02821095,0,0,-0.0425394735,-0.00104611291,0.40780324,0.917398
17,86,4.07296716,0,0,-0.00427749655,-0.00123755744,0.482433518,0.917398
17,87,4.11772337,0,0,0.0175828193,-0.00045061712,0.175662798,0.917398
17,88,4.16247958,0,0,0.00695619383,-0.000139284262,0.0542967902,0.917398
17,89,4.20723578,0,0,0.00454154847,6.3978226e-05,-0.024940451,0.917398
17,90,4.25199199,0,0,-0.0211827532,-0.00088408148,0.344638985,0.917398
17,91,4.2967482,0,0,-0.00753942674,-0.00122151763,0.476180766,0.917398
17,92,4.34150441,0,0,0.012491389,-0.000662450425,0.258241177,0.917398
17,93,4.38626062,0,0,0.0171379388,0.000104578727,-0.0407676296,0.917398
17,94,4.43101682,0,0,0.00911978953,0.000512745924,-0.199882295,0.917398
17,95,4.47577303,0,0,-0.00676027794,0.000210181519,-0.0819344675,0.917398
17,96,4.52052924,0,0,-0.0271334347,-0.00100420813,0.391467617,0.917398
17,97,4.56528545,0,0,0.00231485004,-0.000900604218,0.351079997,0.917398
17,98,4.61004166,0,0,0.00973871293,-0.000464736356,0.181166861,0.917398
17,99,4.65479786,0,0,0.0166078965,0.000278570113,-0.1085942,0.917398
17,100,4.69955407,0,0,0.00747943864,0.000613321424,-0.239089358,0.917398
17,101,4.74431028,0,0,-0.00569171186,0.000358581984,-0.139785002,0.917398
17,102,4.78906649,0,0,-0.0124956565,-0.000200676215,0.078229042,0.917398
17,103,4.8338227,0,0,0.00871078361,0.000189185428,-0.0737496206,0.917398
17,104,4.8785789,0,0,0.0133537647,0.0007868493,-0.306735239,0.917398
17,105,4.92333511,0,0,0.0127579626,0.00135784733,-0.529325786,0.917398
17,106,4.96809132,0,0,0.0167919099,0.00210938954,-0.822297363,0.917398
17,107,5.01284753,0,0,-0.0279783719,0.000857183705,-0.334153501,0.917398
17,108,5.05760374,0,0,-0.00826455754,0.000487293449,-0.189960228,0.917398
17,109,5.10235994,0,0,0.00546722706,0.0007319858,-0.285347956,0.917398
17,110,5.14711615,0,0,0.0119905942,0.00126863933,-0.494550084,0.917398
17,111,5.19187236,0,0,0.00358287695,0.00142899531,-0.557061205,0.917398
17,112,5.23662857,0,0,-0.045610132,-0.000612341238,0.238707254,0.917398
17,113,5.28138478,0,0,0.000137378434,-0.0006061927,0.236310387,0.917398
17,114,5.32614098,0,0,0.0188455368,0.000237262066,-0.0924912009,0.917398
17,115,5.37089719,0,0,0.00970203293,0.00067148827,-0.261764375,0.917398
17,116,5.4156534,0,0,0.0092920239,0.00108736402,-0.423884045,0.917398
17,117,5.46040961,0,0,-0.0185560153,0.000256867144,-0.100133793,0.917398
17,118,5.50516582,0,0,-0.027179708,-0.000959593521,0.374075631,0.917398
17,119,5.54992202,0,0,0.00223495783,-0.000859565284,0.335081906,0.917398
17,120,5.59467823,0,0,0.023330749,0.000184630571,-0.0719740138,0.917398
17,121,5.63943444,0,0,0.0163653293,0.000917080653,-0.357502959,0.917398
17,122,5.68419065,0,0,-0.0117388852,0.000391692664,-0.152692444,0.917398
17,123,5.72894686,0,0,-0.0177510806,-0.000402778393,0.157013963,0.917398
17,124,5.77370306,0,0,-0.00353881154,-0.000561162178,0.218756266,0.917398
17,125,5.81845927,0,0,0.0126332054,4.25218986e-06,-0.00165761916,0.917398
17,126,5.86321548,0,0,0.0093611553,0.000423222004,-0.164983438,0.917398
17,127,5.90797169,0,0,-0.00490325827,0.000203770757,-0.0794353782,0.917398
18,0,0.223933272,0,0,0,-0.00156374048,0.609588532,0.835660
18,1,0.26868948,0,0,0.00271125949,-0.00144239479,0.562284684,0.835660
18,2,0.313445688,0,0,0.00528955642,-0.0012056543,0.469996808,0.835660
18,3,0.358201896,0,0,0.00742254504,-0.000873449329,0.340494284,0.835660
18,4,0.402958104,0,0,0.00466051712,-0.000664862256,0.259181374,0.835660
18,5,0.447714312,0,0,0.00765387083,-0.000322304021,0.125642866,0.835660
18,6,0.49247052,0,0,0.00505352172,-9.61275519e-05,0.0374731319,0.835660
18,7,0.537226728,0,0,0.00934145723,0.000321960651,-0.125509011,0.835660
18,8,0.581982936,0,0,0.00810946222,0.000684909428,-0.266996307,0.835660
18,9,0.626739144,0,0,0.0136929325,0.00129775316,-0.505899448,0.835660
18,10,0.671495352,0,0,0.00479502735,0.0015123604,-0.589559183,0.835660
18,11,0.71625156,0,0,0.0100499183,0.00196215664,-0.764901977,0.835660
18,12,0.761007768,0,0,0.0131494959,0.00255067821,-0.994323678,0.835660
18,13,0.805763976,0,0,0.00403312869,0.00273118576,-1.06469042,0.835660
18,14,0.850520184,0,0,-0.000445375573,0.00271125243,-1.05691987,0.835660
18,15,0.895276392,0,0,-0.0949409974,-0.00153794659,0.599533375,0.835660
18,16,0.9400326,0,0,-0.039894539,-0.00332347488,1.29558082,0.835660
18,17,0.984788808,0,0,-0.0303988709,-0.00468401307,1.82595558,0.835660
18,18,1.02954502,0,0,0.0315292097,-0.0032728852,1.27585959,0.835660
18,19,1.07430122,0,0,0.000361367376,-0.00325671177,1.26955474,0.835660
18,20,1.11905743,0,0,0.0131732224,-0.00266712829,1.03971908,0.835660
18,21,1.16381364,0,0,0.00880145014,-0.00227320875,0.886158544,0.835660
18,22,1.20856985,0,0,0.00484668466,-0.00205628953,0.801597535,0.835660
18,23,1.25332606,0,0,0.0139781702,-0.00143067963,0.557717798,0.835660
18,24,1.29808226,0,0,0.00876891677,-0.00103821617,0.404724875,0.835660
18,25,1.34283847,0,0,0.00817632007,-0.000672275087,0.262071097,0.835660
18,26,1.38759468,0,0,0.00650002317,-0.000381358698,0.148663983,0.835660
18,27,1.43235089,0,0,0.0150046671,0.000290193306,-0.113125236,0.835660
18,28,1.4771071,0,0,0.00584447176,0.000551769699,-0.215094823,0.835660
18,29,1.5218633,0,0,0.0179953759,0.00135717448,-0.529063494,0.835660
18,30,1.56661951,0,0,0.00970931466,0.00179172659,-0.698463714,0.835660
18,31,1.61137572,0,0,0.0152526491,0.00247437733,-0.964579522,0.835660
18,32,1.65613193,0,0,0.0155201157,0.00316899886,-1.23536187,0.835660
18,33,1.70088814,0,0,-0.000746567737,0.00313558532,-1.22233636,0.835660
18,34,1.74564434,0,0,0.0105910367,0.00360959996,-1.40712015,0.835660
18,35,1.79040055,0,0,0.0162758303,0.0043380444,-1.69108759,0.835660
18,36,1.83515676,0,0,-0.00188967484,0.00425346972,-1.65811808,0.835660
18,37,1.87991297,0,0,-0.00350414947,0.00409663728,-1.59698053,0.835660
18,38,1.92466918,0,0,-0.000562184436,0.00407147603,-1.587172,0.835660
18,39,1.96942538,0,0,-0.0246524806,0.00296812448,-1.15705558,0.835660
18,40,2.01418159,0,0,-0.0229767232,0.00193977348,-0.756176415,0.835660
18,41,2.0589378,0,0,-0.0170567998,0.0011763758,-0.458583254,0.835660
18,42,2.10369401,0,0,-0.0261263314,7.06027678e-06,-0.00275228775,0.835660
18,43,2.14845022,0,0,0.00328080336,0.000153896594,-0.0599930745,0.835660
18,44,2.19320642,0,0,-0.00592933639,-0.000111478018,0.0434571609,0.835660
18,45,2.23796263,0,0,0.00928923088,0.000304272731,-0.118613779,0.835660
18,46,2.28271884,0,0,-0.00855697252,-7.87049105e-05,0.0306813129,0.835660
18,47,2.32747505,0,0,0.00903194368,0.00032553064,-0.126900689,0.835660
18,48,2.37223126,0,0,0.00265109546,0.00044418362,-0.173154845,0.835660
18,49,2.41698746,0,0,-0.00930972059,2.75158283e-05,-0.0107264176,0.835660
18,50,2.46174367,0,0,0.00740852647,0.00035909338,-0.139984358,0.835660
18,51,2.50649988,0,0,-0.00299353875,0.000225113937,-0.0877555299,0.835660
18,52,2.55125609,0,0,0.00186393601,0.000308536645,-0.120275968,0.835660
18,53,2.5960123,0,0,-0.00184744086,0.000225852197,-0.0880433239,0.835660
18,54,2.6407685,0,0,-0.0018849005,0.000141491199,-0.0551571141,0.835660
18,55,2.68552471,0,0,-0.0111636198,-0.000358150092,0.139616638,0.835660
18,56,2.73028092,0,0,0.0189042724,0.000487933454,-0.19020972,0.835660
18,57,2.77503713,0,0,-0.102506186,-0.00409985472,1.59823478,0.835660
18,58,2.81979334,0,0,0.0093257525,-0.0036824694,1.43552664,0.835660
18,59,2.86454954,0,0,-0.00241151136,-0.0037903995,1.47760073,0.835660
18,60,2.90930575,0,0,0.0347179895,-0.00223655395,0.871869504,0.835660
18,61,2.95406196,0,0,0.00907328949,-0.00183046791,0.713566134,0.835660
18,62,2.99881817,0,0,0.0287429717,-0.000544041492,0.212082158,0.835660
18,63,3.04357438,0,0,-0.0140946701,-0.00117486548,0.45799449,0.835660
18,64,3.08833058,0,0,0.0326199084,0.000285077926,-0.111131122,0.835660
18,65,3.13308679,0,0,0.00938168843,0.000704966725,-0.274815186,0.835660
18,66,3.177843,0,0,0.0197258655,0.00158782167,-0.618976033,0.835660
18,67,3.22259921,0,0,0.00535244663,0.00182737688,-0.712361165,0.835660
18,68,3.26735542,0,0,0.000884311928,0.00186695533,-0.72778992,0.835660
18,69,3.31211162,0,0,0.0058939318,0.00213074537,-0.830622445,0.835660
18,70,3.35686783,0,0,0.000363426681,0.00214701097,-0.836963218,0.835660
18,71,3.40162404,0,0,0.000212988954,0.00215654354,-0.840679276,0.835660
18,72,3.44638025,0,0,-0.01015638,0.00170198249,-0.663479023,0.835660
18,73,3.49113646,0,0,0.0207500349,0.00263067536,-1.02550874,0.835660
18,74,3.53589266,0,0,-0.0260060688,0.00146674234,-0.571776021,0.835660
18,75,3.58064887,0,0,0.0113012884,0.00197254515,-0.768951703,0.835660
18,76,3.62540508,0,0,-0.0160640328,0.00125357996,-0.488679534,0.835660
18,77,3.67016129,0,0,0.0218558231,0.00223176373,-0.870002147,0.835660
18,78,3.7149175,0,0,-0.00425767863,0.00204120618,-0.795717636,0.835660
18,79,3.7596737,0,0,0.0015700963,0.00211147773,-0.823111398,0.835660
18,80,3.80442991,0,0,0.00531903458,0.00234953755,-0.915913584,0.835660
18,81,3.84918612,0,0,-0.0408008871,0.000523444562,-0.204052914,0.835660
18,82,3.89394233,0,0,-0.00356665156,0.000363814763,-0.141824881,0.835660
18,83,3.93869854,0,0,-0.10537151,-0.00435221446,1.69661146,0.835660
18,84,3.98345474,0,0,-0.0396853597,-0.00612838067,2.38900932,0.835660
18,85,4.02821095,0,0,0.0440320987,-0.00415767091,1.6207731,0.835660
18,86,4.07296716,0,0,0.0256752252,-0.00300854518,1.17281267,0.835660
18,87,4.11772337,0,0,-0.0118281182,-0.0035379269,1.37918005,0.835660
18,88,4.16247958,0,0,0.00690538142,-0.00322886821,1.25870057,0.835660
18,89,4.20723578,0,0,0.033389963,-0.00173446008,0.676139673,0.835660
18,90,4.25199199,0,0,0.010019049,-0.00128604544,0.501335461,0.835660
18,91,4.2967482,0,0,-0.0123304791,-0.00183791093,0.716467624,0.835660
18,92,4.34150441,0,0,0.158537541,0.00525762824,-2.04956636,0.835660
18,93,4.38626062,0,0,0.0332506626,0.00674580181,-2.62969686,0.835660
18,94,4.43101682,0,0,0.00800407987,0.00710403407,-2.76934553,0.835660
18,95,4.47577303,0,0,-0.00164984397,0.00703019332,-2.74056039,0.835660
18,96,4.52052924,0,0,0.0219846675,0.00801414367,-3.12413098,0.835660
18,97,4.56528545,0,0,-0.00378252907,0.00784485201,-3.05813649,0.835660
18,98,4.61004166,0,0,-0.340440889,-0.00739199122,2.88159905,0.835660
18,99,4.65479786,0,0,0.0271168283,-0.00617834481,2.4084867,0.835660
18,100,4.69955407,0,0,0.00992031503,-0.00573434913,2.23540512,0.835660
18,101,4.74431028,0,0,0.013691318,-0.00512157766,1.99653014,0.835660
18,102,4.78906649,0,0,0.0164785599,-0.0043840598,1.70902564,0.835660
18,103,4.8338227,0,0,0.0027369811,-0.00426156291,1.66127303,0.835660
18,104,4.8785789,0,0,0.0131664672,-0.00367228176,1.43155522,0.835660
18,105,4.92333511,0,0,0.0317382495,-0.00225179807,0.877812078,0.835660
18,106,4.96809132,0,0,0.0294228449,-0.000934943104,0.364466228,0.835660
18,107,5.01284753,0,0,0.00419319371,-0.000747271654,0.291306797,0.835660
18,108,5.05760374,0,0,0.025746857,0.000405060035,-0.157903409,0.835660
18,109,5.10235994,0,0,0.00280010375,0.000530382061,-0.20675734,0.835660
18,110,5.14711615,0,0,-0.0411560028,-0.00131160456,0.5112991,0.835660
18,111,5.19187236,0,0,0.0690116098,0.0017770934,-0.692759297,0.835660
18,112,5.23662857,0,0,0.0471639631,0.00388797354,-1.51563774,0.835660
18,113,5.28138478,0,0,0.028744464,0.00517446675,-2.01714775,0.835660
18,114,5.32614098,0,0,0.0486770909,0.00735306875,-2.86642601,0.835660
18,115,5.37089719,0,0,-0.323124932,-0.00710877793,2.77119481,0.835660
18,116,5.4156534,0,0,0.0531892287,-0.00472822975,1.84319244,0.835660
18,117,5.46040961,0,0,0.032274228,-0.00328375768,1.28009798,0.835660
18,118,5.50516582,0,0,0.023210048,-0.00224496394,0.875147951,0.835660
18,119,5.54992202,0,0,0.0134828879,-0.00164152101,0.639909497,0.835660
18,120,5.59467823,0,0,0.0105285696,-0.00117030216,0.456215584,0.835660
18,121,5.63943444,0,0,0.00591951751,-0.000905367004,0.352936661,0.835660
18,122,5.68419065,0,0,0.0184343187,-8.03168027e-05,0.0313096722,0.835660
18,123,5.72894686,0,0,-0.00267575541,-0.000200073468,0.0779940748,0.835660
18,124,5.77370306,0,0,0.0231683225,0.000836852792,-0.326227959,0.835660
18,125,5.81845927,0,0,0.0129002827,0.00141422053,-0.551301593,0.835660
18,126,5.86321548,0,0,0.0263913183,0.00259539586,-1.01175583,0.835660
18,127,5.90797169,0,0,0.0108526653,0.00308112001,-1.20110431,0.835660
19,0,0.223933272,0,0,0,0.00186155039,-0.725682927,0.840126
19,1,0.26868948,0,0,-0.00859674473,0.00147679269,-0.575693922,0.840126
19,2,0.313445688,0,0,-0.00710637056,0.00115873849,-0.451707752,0.840126
19,3,0.358201896,0,0,-0.00474885451,0.000946197772,-0.368853604,0.840126
19,4,0.402958104,0,0,-0.00992983412,0.000501776051,-0.19560594,0.840126
19,5,0.447714312,0,0,-0.0126185517,-6.29824719e-05,0.024552279,0.840126
19,6,0.49247052,0,0,-0.0054209871,-0.000305605298,0.11913325,0.840126
19,7,0.537226728,0,0,-0.00700294995,-0.000619030783,0.241315021,0.840126
19,8,0.581982936,0,0,-0.0238393246,-0.00168598855,0.657244153,0.840126
19,9,0.626739144,0,0,-0.0131448269,-0.00227430116,0.886584394,0.840126
19,10,0.671495352,0,0,-0.0124094871,-0.00282970274,1.10309502,0.840126
19,11,0.71625156,0,0,0.0054361439,-0.00258640156,1.00824961,0.840126
19,12,0.761007768,0,0,0.0509349854,-0.000306744755,0.119577441,0.840126
19,13,0.805763976,0,0,-0.139857893,-0.00656625371,2.55970413,0.840126
19,14,0.850520184,0,0,0.280933164,0.0060072494,-2.34178906,0.840126
19,15,0.895276392,0,0,-0.0184315352,0.00518232377,-2.02021063,0.840126
19,16,0.9400326,0,0,0.00976084612,0.00561918223,-2.19050993,0.840126
19,17,0.984788808,0,0,-0.0283075769,0.00435224243,-1.69662237,0.840126
19,18,1.02954502,0,0,-0.0294210513,0.00303546774,-1.18330781,0.840126
19,19,1.07430122,0,0,-0.0402983513,0.00123186635,-0.480214977,0.840126
19,20,1.11905743,0,0,0.00310526127,0.00137084607,-0.534393048,0.840126
19,21,1.16381364,0,0,-0.0133114368,0.00077507663,-0.302145932,0.840126
19,22,1.20856985,0,0,0.00268714743,0.00089534316,-0.349029094,0.840126
19,23,1.25332606,0,0,-0.0137599046,0.000279502005,-0.108957477,0.840126
19,24,1.29808226,0,0,-0.031307956,-0.00112172339,0.437278258,0.840126
19,25,1.34283847,0,0,-0.00597762434,-0.00138925918,0.541570982,0.840126
19,26,1.38759468,0,0,-0.00813410483,-0.00175331087,0.683488223,0.840126
19,27,1.43235089,0,0,0.013578464,-0.00114559031,0.446582234,0.840126
19,28,1.4771071,0,0,-0.00585676313,-0.00140771682,0.54876627,0.840126
19,29,1.5218633,0,0,0.0191744814,-0.000549539741,0.214225524,0.840126
19,30,1.56661951,0,0,-0.0125929488,-0.00111315238,0.433937045,0.840126
19,31,1.61137572,0,0,0.00565770072,-0.000859935146,0.335226088,0.840126
19,32,1.65613193,0,0,0.00282448741,-0.0007335218,0.28594673,0.840126
19,33,1.70088814,0,0,0.00166821123,-0.000658858991,0.256841138,0.840126
19,34,1.74564434,0,0,-0.00524171717,-0.000893458374,0.348294353,0.840126
19,35,1.79040055,0,0,-0.0113693354,-0.00140230671,0.546657263,0.840126
19,36,1.83515676,0,0,0.011064411,-0.000907105633,0.353614425,0.840126
19,37,1.87991297,0,0,-0.0163178853,-0.0016374323,0.638315607,0.840126
19,38,1.92466918,0,0,0.00012244114,-0.0016319523,0.636179354,0.840126
19,39,1.96942538,0,0,-0.0111153856,-0.00212943481,0.830111556,0.840126
19,40,2.01418159,0,0,0.0363472935,-0.000502667785,0.195953562,0.840126
19,41,2.0589378,0,0,-0.000630760695,-0.000530898242,0.206958561,0.840126
19,42,2.10369401,0,0,0.00178025943,-0.00045122058,0.175898044,0.840126
19,43,2.14845022,0,0,0.0108999967,3.66219374e-05,-0.0142762264,0.840126
19,44,2.19320642,0,0,0.0240477118,0.00111290633,-0.433841129,0.840126
19,45,2.23796263,0,0,-0.0177988187,0.000316298699,-0.123301828,0.840126
19,46,2.28271884,0,0,0.0145407173,0.000967086067,-0.376996428,0.840126
19,47,2.32747505,0,0,0.00139589759,0.00102956115,-0.401350913,0.840126
19,48,2.37223126,0,0,-0.00460711378,0.000823364207,-0.320969742,0.840126
19,49,2.41698746,0,0,0.000108383114,0.000828215024,-0.322860722,0.840126
19,50,2.46174367,0,0,-0.0155812327,0.000130858135,-0.0510120568,0.840126
19,51,2.50649988,0,0,0.0158265415,0.000839194119,-0.327140672,0.840126
19,52,2.55125609,0,0,-0.0228064288,-0.000181535152,0.0707673352,0.840126
19,53,2.5960123,0,0,-0.00301241298,-0.000316359333,0.123325465,0.840126
19,54,2.6407685,0,0,-0.0125722617,-0.000879046093,0.342676054,0.840126
19,55,2.68552471,0,0,0.014194283,-0.000243763808,0.0950257566,0.840126
19,56,2.73028092,0,0,-0.0162765762,-0.000972241638,0.37900621,0.840126
19,57,2.77503713,0,0,-0.0107292298,-0.00145244128,0.56620108,0.840126
19,58,2.81979334,0,0,-0.0146899857,-0.00210990934,0.822499994,0.840126
19,59,2.86454954,0,0,-0.0264587234,-0.00329410147,1.28413027,0.840126
19,60,2.90930575,0,0,0.0208385069,-0.00236144892,0.920556958,0.840126
19,61,2.95406196,0,0,-0.0075701967,-0.00270026221,1.05263559,0.840126
19,62,2.99881817,0,0,0.0210727367,-0.00175712643,0.68497563,0.840126
19,63,3.04357438,0,0,-0.039323944,-0.00351711705,1.3710678,0.840126
19,64,3.08833058,0,0,-0.0566216569,-0.0060512877,2.35895638,0.840126
19,65,3.13308679,0,0,-0.0030763791,-0.00618897476,2.41263054,0.840126
19,66,3.177843,0,0,-0.0276090073,-0.00742464924,2.89433003,0.840126
19,67,3.22259921,0,0,0.306715173,0.00630275884,-2.45698667,0.840126
19,68,3.26735542,0,0,-0.00916831743,0.00589241972,-2.29702533,0.840126
19,69,3.31211162,0,0,-0.0439937025,0.00392342842,-1.52945901,0.840126
19,70,3.35686783,0,0,-0.0107393052,0.00344277784,-1.34208836,0.840126
19,71,3.40162404,0,0,-0.000679310399,0.00341237448,-1.3302363,0.840126
19,72,3.44638025,0,0,0.0355926363,0.00500536592,-1.95122765,0.840126
19,73,3.49113646,0,0,-0.0620693907,0.00222737535,-0.86829144,0.840126
19,74,3.53589266,0,0,-0.0620390791,-0.000549258572,0.214115917,0.840126
19,75,3.58064887,0,0,0.00351823412,-0.000391795754,0.152732631,0.840126
19,76,3.62540508,0,0,0.00643401027,-0.000103833852,0.040477257,0.840126
19,77,3.67016129,0,0,-0.123680365,-0.00563929799,2.1983516,0.840126
19,78,3.7149175,0,0,0.00269614945,-0.00551862857,2.15131138,0.840126
19,79,3.7596737,0,0,0.0553662567,-0.00304064486,1.18532599,0.840126
19,80,3.80442991,0,0,0.0673864823,-2.4681446e-05,0.00962149835,0.840126
19,81,3.84918612,0,0,-0.146623365,-0.00658698726,2.56778663,0.840126
19,82,3.89394233,0,0,0.0706686773,-0.00342412524,1.33481707,0.840126
19,83,3.93869854,0,0,0.157807411,0.00363873608,-1.4184782,0.840126
19,84,3.98345474,0,0,0.0468163164,0.00573405687,-2.23529119,0.840126
19,85,4.02821095,0,0,-0.129145159,-4.59907209e-05,0.0179284328,0.840126
19,86,4.07296716,0,0,-0.0141486531,-0.000679230782,0.264782616,0.840126
19,87,4.11772337,0,0,-0.0258658699,-0.00183688904,0.716069262,0.840126
19,88,4.16247958,0,0,0.0127525677,-0.00126613246,0.49357284,0.840126
19,89,4.20723578,0,0,0.105099819,0.00343773691,-1.34012326,0.840126
19,90,4.25199199,0,0,0.0739255261,0.00674636313,-2.62991567,0.840126
19,91,4.2967482,0,0,-0.096100434,0.00244527212,-0.953233519,0.840126
19,92,4.34150441,0,0,-0.102104638,-0.0021245443,0.828205099,0.840126
19,93,4.38626062,0,0,-0.071637243,-0.00533075564,2.07807341,0.840126
19,94,4.43101682,0,0,0.0500105014,-0.00309247524,1.20553088,0.840126
19,95,4.47577303,0,0,-0.0841353231,-0.00685805326,2.67345552,0.840126
19,96,4.52052924,0,0,0.128506116,-0.0011066068,0.431385404,0.840126
19,97,4.56528545,0,0,-0.0652747839,-0.00402805861,1.57024671,0.840126
19,98,4.61004166,0,0,0.223665268,0.00598235063,-2.33208284,0.840126
19,99,4.65479786,0,0,-0.242150602,-0.00485539209,1.89276378,0.840126
19,100,4.69955407,0,0,-0.0287395829,-0.00614166684,2.39418863,0.840126
19,101,4.74431028,0,0,-0.0141782711,-0.00677623249,2.64155956,0.840126
19,102,4.78906649,0,0,0.0618098451,-0.0040098582,1.56315169,0.840126
19,103,4.8338227,0,0,0.0204004595,-0.00309681099,1.20722108,0.840126
19,104,4.8785789,0,0,-0.0953574665,-0.0073646496,2.87094054,0.840126
19,105,4.92333511,0,0,0.126537697,-0.00170130212,0.663213798,0.840126
19,106,4.96809132,0,0,0.0690079358,0.00138723141,-0.5407805,0.840126
19,107,5.01284753,0,0,0.0422851536,0.00327975454,-1.27853744,0.840126
19,108,5.05760374,0,0,-0.0110275434,0.00278620351,-1.08613784,0.840126
19,109,5.10235994,0,0,0.0269366649,0.00399178649,-1.55610685,0.840126
19,110,5.14711615,0,0,0.0302176062,0.00534421196,-2.08331905,0.840126
19,111,5.19187236,0,0,-0.177084212,-0.00258140585,1.00630215,0.840126
19,112,5.23662857,0,0,0.153995374,0.00431084312,-1.68048379,0.840126
19,113,5.28138478,0,0,-0.0290853019,0.0030090953,-1.17302712,0.840126
19,114,5.32614098,0,0,-0.0689418676,-7.64812668e-05,0.0298144761,0.840126
19,115,5.37089719,0,0,0.0516275136,0.00223417047,-0.870940361,0.840126
19,116,5.4156534,0,0,-0.0039641403,0.00205675058,-0.801777267,0.840126
19,117,5.46040961,0,0,0.0879930986,0.00599498801,-2.33700923,0.840126
19,118,5.50516582,0,0,-0.0377515822,0.00430537034,-1.67835035,0.840126
19,119,5.54992202,0,0,-0.0962616294,-2.93516269e-06,0.00114420618,0.840126
19,120,5.59467823,0,0,-0.111881147,-0.00501031104,1.9531554,0.840126
19,121,5.63943444,0,0,0.129811536,0.000799561066,-0.311690631,0.840126
19,122,5.68419065,0,0,0.0626923589,0.00360543332,-1.40549588,0.840126
19,123,5.72894686,0,0,-0.0447918409,0.00160072037,-0.624004299,0.840126
19,124,5.77370306,0,0,0.0289675151,0.0028971965,-1.12940593,0.840126
19,125,5.81845927,0,0,-0.0302430452,0.00154363248,-0.601749887,0.840126
19,126,5.86321548,0,0,0.0254716478,0.00268364685,-1.04615847,0.840126
19,127,5.90797169,0,0,-0.00293216614,0.00255241421,-0.995000418,0.840126
20,0,0.223933272,0,0,0,0.00012260119,-0.0477932756,0.861696
20,1,0.26868948,0,0,-0.000926800924,8.11210954e-05,-0.0316232074,0.861696
20,2,0.313445688,0,0,-0.00590517386,-0.000183172094,0.0714054599,0.861696
20,3,0.358201896,0,0,-0.00409982763,-0.000366664832,0.142935915,0.861696
20,4,0.402958104,0,0,0.000116112993,-0.000361468055,0.14091007,0.861696
20,5,0.447714312,0,0,0.00606908011,-8.98390433e-05,0.0350217004,0.861696
20,6,0.49247052,0,0,0.00714370207,0.000229885972,-0.089615799,0.861696
20,7,0.537226728,0,0,0.00112027608,0.000280025282,-0.109161464,0.861696
20,8,0.581982936,0,0,-0.00491399824,6.00933541e-05,-0.0234260224,0.861696
20,9,0.626739144,0,0,-0.00545569684,-0.000184082948,0.0717605356,0.861696
20,10,0.671495352,0,0,-0.00178841479,-0.000264125613,0.102963341,0.861696
20,11,0.71625156,0,0,-0.000224291756,-0.000274164061,0.106876601,0.861696
20,12,0.761007768,0,0,0.00632906393,9.10084062e-06,-0.00354775498,0.861696
20,13,0.805763976,0,0,0.00381293048,0.00017975315,-0.0700726627,0.861696
20,14,0.850520184,0,0,-0.00144100176,0.000115259376,-0.0449312369,0.861696
20,15,0.895276392,0,0,-0.00216117181,1.85335208e-05,-0.00722487003,0.861696
20,16,0.9400326,0,0,-0.00746709512,-0.000315665342,0.123054928,0.861696
20,17,0.984788808,0,0,0.00134151593,-0.000255624176,0.0996492501,0.861696
20,18,1.02954502,0,0,0.00428973025,-6.36321164e-05,0.0248055281,0.861696
20,19,1.07430122,0,0,0.00578354864,0.00019521759,-0.0761011213,0.861696
20,20,1.11905743,0,0,0.00551903503,0.000442228669,-0.172392752,0.861696
20,21,1.16381364,0,0,-0.00569468351,0.00018735623,-0.0730365496,0.861696
20,22,1.20856985,0,0,-0.00544379343,-5.62873211e-05,0.0219423273,0.861696
20,23,1.25332606,0,0,0.000420064586,-3.74868231e-05,0.0146133823,0.861696
20,24,1.29808226,0,0,0.00412749086,0.000147244016,-0.0573997188,0.861696
20,25,1.34283847,0,0,0.000563650605,0.00017247088,-0.0672338358,0.861696
20,26,1.38759468,0,0,0.0053768209,0.000413116995,-0.161044231,0.861696
20,27,1.43235089,0,0,0.00318714359,0.000555761456,-0.216650918,0.861696
20,28,1.4771071,0,0,0.00379610677,0.0007256608,-0.282882299,0.861696
20,29,1.5218633,0,0,-0.00574041924,0.000468741402,-0.182728136,0.861696
20,30,1.56661951,0,0,-0.00544935333,0.000224849012,-0.0876522548,0.861696
20,31,1.61137572,0,0,-0.000535470484,0.000200883383,-0.0783098016,0.861696
20,32,1.65613193,0,0,-0.000542439122,0.000176605865,-0.0688457653,0.861696
20,33,1.70088814,0,0,0.00600738825,0.000445473783,-0.173657786,0.861696
20,34,1.74564434,0,0,-0.000866062609,0.000406712105,-0.15854743,0.861696
20,35,1.79040055,0,0,-0.000321698248,0.000392314111,-0.152934701,0.861696
20,36,1.83515676,0,0,-0.00982590963,-4.74563443e-05,0.0184997726,0.861696
20,37,1.87991297,0,0,0.00315391535,9.37009473e-05,-0.0365271755,0.861696
20,38,1.92466918,0,0,-0.00124458686,3.79979591e-05,-0.014812637,0.861696
20,39,1.96942538,0,0,-0.00204877439,-5.36974134e-05,0.0209327109,0.861696
20,40,2.01418159,0,0,-0.00167993915,-0.000128885119,0.0502429219,0.861696
20,41,2.0589378,0,0,0.00256184583,-1.42266147e-05,0.00554592101,0.861696
20,42,2.10369401,0,0,-0.00717224026,-0.000335228892,0.130681331,0.861696
20,43,2.14845022,0,0,-0.00280334242,-0.000460695868,0.179591768,0.861696
20,44,2.19320642,0,0,-0.010516663,-0.000931381825,0.363077945,0.861696
20,45,2.23796263,0,0,-0.00189425408,-0.00101616145,0.396127348,0.861696
20,46,2.28271884,0,0,-0.0117952156,-0.00154407058,0.601920671,0.861696
20,47,2.32747505,0,0,-0.0061954914,-0.00182135728,0.710014562,0.861696
20,48,2.37223126,0,0,0.00332721226,-0.00167244388,0.651964071,0.861696
20,49,2.41698746,0,0,0.0133662618,-0.00107422069,0.418760414,0.861696
20,50,2.46174367,0,0,0.00851191798,-0.000693259514,0.270251397,0.861696
20,51,2.50649988,0,0,0.00144070916,-0.000628778835,0.245115076,0.861696
20,52,2.55125609,0,0,-0.00358501671,-0.000789230588,0.30766353,0.861696
20,53,2.5960123,0,0,0.00972775584,-0.000353853125,0.137941564,0.861696
20,54,2.6407685,0,0,0.00439061257,-0.000157345955,0.0613377292,0.861696
20,55,2.68552471,0,0,-0.0100608302,-0.000607630563,0.236870905,0.861696
20,56,2.73028092,0,0,-0.000552235965,-0.000632346551,0.246505869,0.861696
20,57,2.77503713,0,0,0.0100041803,-0.000184597376,0.0719610736,0.861696
20,58,2.81979334,0,0,-0.0142974372,-0.000824496449,0.321411121,0.861696
20,59,2.86454954,0,0,0.0229679018,0.000203459742,-0.0793141361,0.861696
20,60,2.90930575,0,0,-5.01894461e-05,0.000201213452,-0.0784384715,0.861696
20,61,2.95406196,0,0,-0.00839522422,-0.000174524949,0.0680345676,0.861696
20,62,2.99881817,0,0,-0.0116328238,-0.000695166029,0.270994608,0.861696
20,63,3.04357438,0,0,-0.00560016495,-0.000945808176,0.368701728,0.861696
20,64,3.08833058,0,0,0.00858544047,-0.000561556416,0.218909951,0.861696
20,65,3.13308679,0,0,0.000424020361,-0.000542578873,0.211511989,0.861696
20,66,3.177843,0,0,2.25115247e-05,-0.000541571342,0.211119226,0.861696
20,67,3.22259921,0,0,0.00574986194,-0.000284229325,0.110800315,0.861696
20,68,3.26735542,0,0,-0.00324291481,-0.000429369895,0.167380053,0.861696
20,69,3.31211162,0,0,0.0173513902,0.000347212533,-0.135352881,0.861696
20,70,3.35686783,0,0,-0.0069937442,3.41990631e-05,-0.0133317241,0.861696
20,71,3.40162404,0,0,-0.0111051076,-0.000462823444,0.180421155,0.861696
20,72,3.44638025,0,0,0.00875062463,-7.11786674e-05,0.0277473788,0.861696
20,73,3.49113646,0,0,0.0337905243,0.00144115707,-0.561802188,0.861696
20,74,3.53589266,0,0,-0.00511624931,0.00121217315,-0.472538034,0.861696
20,75,3.58064887,0,0,-0.0140120932,0.000585044991,-0.228066435,0.861696
20,76,3.62540508,0,0,0.0168638245,0.00133980583,-0.522292719,0.861696
20,77,3.67016129,0,0,-0.0122263952,0.000792598739,-0.308976527,0.861696
20,78,3.7149175,0,0,0.00406314288,0.000974449606,-0.379866936,0.861696
20,79,3.7596737,0,0,0.00317212898,0.00111642207,-0.435211661,0.861696
20,80,3.80442991,0,0,-0.0193280102,0.000251373627,-0.0979922707,0.861696
20,81,3.84918612,0,0,0.0114405422,0.000763408915,-0.29759754,0.861696
20,82,3.89394233,0,0,-0.00108518058,0.000714840347,-0.278664192,0.861696
20,83,3.93869854,0,0,0.00436711716,0.000910295951,-0.354858098,0.861696
20,84,3.98345474,0,0,0.00780289964,0.00125952415,-0.49099674,0.861696
20,85,4.02821095,0,0,0.00743012904,0.00159206855,-0.620631584,0.861696
20,86,4.07296716,0,0,-0.00389753716,0.00141762957,-0.552630528,0.861696
20,87,4.11772337,0,0,-0.0126607054,0.000850984403,-0.331736845,0.861696
20,88,4.16247958,0,0,-0.00298094333,0.000717568684,-0.279727772,0.861696
20,89,4.20723578,0,0,-0.00217793414,0.000620092611,-0.24172895,0.861696
20,90,4.25199199,0,0,0.0418793778,0.00249445475,-0.972406247,0.861696
20,91,4.2967482,0,0,-0.0015249291,0.00242620471,-0.945800525,0.861696
20,92,4.34150441,0,0,0.000235449821,0.00243674255,-0.949908462,0.861696
20,93,4.38626062,0,0,-0.0242239262,0.00135257147,-0.527269113,0.861696
20,94,4.43101682,0,0,-0.00323674957,0.00120770683,-0.470796941,0.861696
20,95,4.47577303,0,0,0.077987738,0.00469814225,-1.83146352,0.861696
20,96,4.52052924,0,0,-0.281335011,-0.00789334601,3.07704077,0.861696
20,97,4.56528545,0,0,0.047983199,-0.00574579998,2.23986897,0.861696
20,98,4.61004166,0,0,0.00488789173,-0.00552703648,2.15458901,0.861696
20,99,4.65479786,0,0,-0.02955424,-0.00684977219,2.67022734,0.861696
20,100,4.69955407,0,0,0.00122523894,-0.00679493514,2.64885036,0.861696
20,101,4.74431028,0,0,0.0202506747,-0.00588859173,2.29553307,0.861696
20,102,4.78906649,0,0,0.0346167271,-0.00433927829,1.69156859,0.861696
20,103,4.8338227,0,0,-0.00582358709,-0.00459991997,1.7931738,0.861696
20,104,4.8785789,0,0,-0.0189150654,-0.00544648657,2.12318847,0.861696
20,105,4.92333511,0,0,-0.0408121637,-0.00727308426,2.83524588,0.861696
20,106,4.96809132,0,0,0.295771402,0.00596452211,-2.3251328,0.861696
20,107,5.01284753,0,0,0.028974875,0.00726132764,-2.83066284,0.861696
20,108,5.05760374,0,0,-0.0666607082,0.00427784712,-1.66762106,0.861696
20,109,5.10235994,0,0,0.0177201906,0.00507093566,-1.97678852,0.861696
20,110,5.14711615,0,0,-0.00654131388,0.00477817125,-1.862661,0.861696
20,111,5.19187236,0,0,0.0229507347,0.00580535911,-2.26308674,0.861696
20,112,5.23662857,0,0,-0.0117075783,0.0052813723,-2.05882244,0.861696
20,113,5.28138478,0,0,-0.00167145449,0.00520656434,-2.02966026,0.861696
20,114,5.32614098,0,0,0.00106058005,0.00525403188,-2.0481644,0.861696
20,115,5.37089719,0,0,0.0253764467,0.00638978541,-2.49091199,0.861696
20,116,5.4156534,0,0,0.00857655014,0.00677363927,-2.64054865,0.861696
20,117,5.46040961,0,0,0.0175849113,0.00756067321,-2.94735587,0.861696
20,118,5.50516582,0,0,-0.314737864,-0.0065258001,2.54393421,0.861696
20,119,5.54992202,0,0,-0.00332111317,-0.00667444053,2.60187829,0.861696
20,120,5.59467823,0,0,0.0427105634,-0.00476287767,1.85669914,0.861696
20,121,5.63943444,0,0,-0.00150280137,-0.00483013736,1.8829188,0.861696
20,122,5.68419065,0,0,0.0197131837,-0.00394785001,1.53897921,0.861696
20,123,5.72894686,0,0,0.0322783459,-0.00250319365,0.975812907,0.861696
20,124,5.77370306,0,0,0.0184626359,-0.00167687608,0.653691863,0.861696
20,125,5.81845927,0,0,-0.00295621154,-0.0018091849,0.705269436,0.861696
20,126,5.86321548,0,0,0.0159439543,-0.00109559396,0.427092298,0.861696
20,127,5.90797169,0,0,-0.0124870488,-0.00165446692,0.644956163,0.861696
21,0,0.223933272,0,0,0,0.00012260119,-0.0477932756,0.859045
21,1,0.26868948,0,0,-0.000926800924,8.11210954e-05,-0.0316232074,0.859045
21,2,0.313445688,0,0,-0.00590517386,-0.000183172094,0.0714054599,0.859045
21,3,0.358201896,0,0,-0.00409982763,-0.000366664832,0.142935915,0.859045
21,4,0.402958104,0,0,0.000116112993,-0.000361468055,0.14091007,0.859045
21,5,0.447714312,0,0,0.00606908011,-8.98390433e-05,0.0350217004,0.859045
21,6,0.49247052,0,0,0.00714370207,0.000229885972,-0.089615799,0.859045
21,7,0.537226728,0,0,0.00112027608,0.000280025282,-0.109161464,0.859045
21,8,0.581982936,0,0,-0.00491399824,6.00933541e-05,-0.0234260224,0.859045
21,9,0.626739144,0,0,-0.00545569684,-0.000184082948,0.0717605356,0.859045
21,10,0.671495352,0,0,-0.00178841479,-0.000264125613,0.102963341,0.859045
21,11,0.71625156,0,0,-0.000224291756,-0.000274164061,0.106876601,0.859045
21,12,0.761007768,0,0,0.00632906393,9.10084062e-06,-0.00354775498,0.859045
21,13,0.805763976,0,0,0.00381293048,0.00017975315,-0.0700726627,0.859045
21,14,0.850520184,0,0,-0.00144100176,0.000115259376,-0.0449312369,0.859045
21,15,0.895276392,0,0,-0.00216117181,1.85335208e-05,-0.00722487003,0.859045
21,16,0.9400326,0,0,-0.00746709512,-0.000315665342,0.123054928,0.859045
21,17,0.984788808,0,0,0.00134151593,-0.000255624176,0.0996492501,0.859045
21,18,1.02954502,0,0,0.00428973025,-6.36321164e-05,0.0248055281,0.859045
21,19,1.07430122,0,0,0.00578354864,0.00019521759,-0.0761011213,0.859045
21,20,1.11905743,0,0,0.00551903503,0.000442228669,-0.172392752,0.859045
21,21,1.16381364,0,0,-0.00569468351,0.00018735623,-0.0730365496,0.859045
21,22,1.20856985,0,0,-0.00544379343,-5.62873211e-05,0.0219423273,0.859045
21,23,1.25332606,0,0,0.000420064586,-3.74868231e-05,0.0146133823,0.859045
21,24,1.29808226,0,0,0.00412749086,0.000147244016,-0.0573997188,0.859045
21,25,1.34283847,0,0,0.000563650605,0.00017247088,-0.0672338358,0.859045
21,26,1.38759468,0,0,0.0053768209,0.000413116995,-0.161044231,0.859045
21,27,1.43235089,0,0,0.00318714359,0.000555761456,-0.216650918,0.859045
21,28,1.4771071,0,0,0.00379610677,0.0007256608,-0.282882299,0.859045
21,29,1.5218633,0,0,-0.00574041924,0.000468741402,-0.182728136,0.859045
21,30,1.56661951,0,0,-0.00544935333,0.000224849012,-0.0876522548,0.859045
21,31,1.61137572,0,0,-0.000535470484,0.000200883383,-0.0783098016,0.859045
21,32,1.65613193,0,0,-0.000542439122,0.000176605865,-0.0688457653,0.859045
21,33,1.70088814,0,0,0.00600738825,0.000445473783,-0.173657786,0.859045
21,34,1.74564434,0,0,-0.000866062609,0.000406712105,-0.15854743,0.859045
21,35,1.79040055,0,0,-0.000321698248,0.000392314111,-0.152934701,0.859045
21,36,1.83515676,0,0,-0.00982590963,-4.74563443e-05,0.0184997726,0.859045
21,37,1.87991297,0,0,0.00315391535,9.37009473e-05,-0.0365271755,0.859045
21,38,1.92466918,0,0,-0.00124458686,3.79979591e-05,-0.014812637,0.859045
21,39,1.96942538,0,0,-0.00204877439,-5.36974134e-05,0.0209327109,0.859045
21,40,2.01418159,0,0,-0.00167993915,-0.000128885119,0.0502429219,0.859045
21,41,2.0589378,0,0,0.00256184583,-1.42266147e-05,0.00554592101,0.859045
21,42,2.10369401,0,0,-0.00717224026,-0.000335228892,0.130681331,0.859045
21,43,2.14845022,0,0,-0.00280334242,-0.000460695868,0.179591768,0.859045
21,44,2.19320642,0,0,-0.010516663,-0.000931381825,0.363077945,0.859045
21,45,2.23796263,0,0,-0.00189425408,-0.00101616145,0.396127348,0.859045
21,46,2.28271884,0,0,-0.0117952156,-0.00154407058,0.601920671,0.859045
21,47,2.32747505,0,0,-0.0061954914,-0.00182135728,0.710014562,0.859045
21,48,2.37223126,0,0,0.00332721226,-0.00167244388,0.651964071,0.859045
21,49,2.41698746,0,0,0.0133662618,-0.00107422069,0.418760414,0.859045
21,50,2.46174367,0,0,0.00851191798,-0.000693259514,0.270251397,0.859045
21,51,2.50649988,0,0,0.00144070916,-0.000628778835,0.245115076,0.859045
21,52,2.55125609,0,0,-0.00358501671,-0.000789230588,0.30766353,0.859045
21,53,2.5960123,0,0,0.00972775584,-0.000353853125,0.137941564,0.859045
21,54,2.6407685,0,0,0.00439061257,-0.000157345955,0.0613377292,0.859045
21,55,2.68552471,0,0,-0.0100608302,-0.000607630563,0.236870905,0.859045
21,56,2.73028092,0,0,-0.000552235965,-0.000632346551,0.246505869,0.859045
21,57,2.77503713,0,0,0.0100041803,-0.000184597376,0.0719610736,0.859045
21,58,2.81979334,0,0,-0.0142974372,-0.000824496449,0.321411121,0.859045
21,59,2.86454954,0,0,0.0229679018,0.000203459742,-0.0793141361,0.859045
21,60,2.90930575,0,0,-5.01894461e-05,0.000201213452,-0.0784384715,0.859045
21,61,2.95406196,0,0,-0.00839522422,-0.000174524949,0.0680345676,0.859045
21,62,2.99881817,0,0,-0.0116328238,-0.000695166029,0.270994608,0.859045
21,63,3.04357438,0,0,-0.00560016495,-0.000945808176,0.368701728,0.859045
21,64,3.08833058,0,0,0.00858544047,-0.000561556416,0.218909951,0.859045
21,65,3.13308679,0,0,0.000424020361,-0.000542578873,0.211511989,0.859045
21,66,3.177843,0,0,2.25115247e-05,-0.000541571342,0.211119226,0.859045
21,67,3.22259921,0,0,0.00574986194,-0.000284229325,0.110800315,0.859045
21,68,3.26735542,0,0,-0.00324291481,-0.000429369895,0.167380053,0.859045
21,69,3.31211162,0,0,0.0173513902,0.000347212533,-0.135352881,0.859045
21,70,3.35686783,0,0,-0.0069937442,3.41990631e-05,-0.0133317241,0.859045
21,71,3.40162404,0,0,-0.0111051076,-0.000462823444,0.180421155,0.859045
21,72,3.44638025,0,0,0.00875062463,-7.11786674e-05,0.0277473788,0.859045
21,73,3.49113646,0,0,0.0337905243,0.00144115707,-0.561802188,0.859045
21,74,3.53589266,0,0,-0.00511624931,0.00121217315,-0.472538034,0.859045
21,75,3.58064887,0,0,-0.0140120932,0.000585044991,-0.228066435,0.859045
21,76,3.62540508,0,0,0.0168638245,0.00133980583,-0.522292719,0.859045
21,77,3.67016129,0,0,-0.0122263952,0.000792598739,-0.308976527,0.859045
21,78,3.7149175,0,0,0.00406314288,0.000974449606,-0.379866936,0.859045
21,79,3.7596737,0,0,0.00317212898,0.00111642207,-0.435211661,0.859045
21,80,3.80442991,0,0,-0.0193280102,0.000251373627,-0.0979922707,0.859045
21,81,3.84918612,0,0,0.0114405422,0.000763408915,-0.29759754,0.859045
21,82,3.89394233,0,0,-0.00108518058,0.000714840347,-0.278664192,0.859045
21,83,3.93869854,0,0,0.00436711716,0.000910295951,-0.354858098,0.859045
21,84,3.98345474,0,0,0.00780289964,0.00125952415,-0.49099674,0.859045
21,85,4.02821095,0,0,0.00743012904,0.00159206855,-0.620631584,0.859045
21,86,4.07296716,0,0,-0.00389753716,0.00141762957,-0.552630528,0.859045
21,87,4.11772337,0,0,-0.0126607054,0.000850984403,-0.331736845,0.859045
21,88,4.16247958,0,0,-0.00298094333,0.000717568684,-0.279727772,0.859045
21,89,4.20723578,0,0,-0.00217793414,0.000620092611,-0.24172895,0.859045
21,90,4.25199199,0,0,0.0418793778,0.00249445475,-0.972406247,0.859045
21,91,4.2967482,0,0,-0.0015249291,0.00242620471,-0.945800525,0.859045
21,92,4.34150441,0,0,0.000235449821,0.00243674255,-0.949908462,0.859045
21,93,4.38626062,0,0,-0.0242239262,0.00135257147,-0.527269113,0.859045
21,94,4.43101682,0,0,-0.00323674957,0.00120770683,-0.470796941,0.859045
21,95,4.47577303,0,0,0.077987738,0.00469814225,-1.83146352,0.859045
21,96,4.52052924,0,0,-0.281335011,-0.00789334601,3.07704077,0.859045
21,97,4.56528545,0,0,0.047983199,-0.00574579998,2.23986897,0.859045
21,98,4.61004166,0,0,0.00488789173,-0.00552703648,2.15458901,0.859045
21,99,4.65479786,0,0,-0.02955424,-0.00684977219,2.67022734,0.859045
21,100,4.69955407,0,0,0.00122523894,-0.00679493514,2.64885036,0.859045
21,101,4.74431028,0,0,0.0202506747,-0.00588859173,2.29553307,0.859045
21,102,4.78906649,0,0,0.0346167271,-0.00433927829,1.69156859,0.859045
21,103,4.8338227,0,0,-0.00582358709,-0.00459991997,1.7931738,0.859045
21,104,4.8785789,0,0,-0.0189150654,-0.00544648657,2.12318847,0.859045
21,105,4.92333511,0,0,-0.0408121637,-0.00727308426,2.83524588,0.859045
21,106,4.96809132,0,0,0.295771402,0.00596452211,-2.3251328,0.859045
21,107,5.01284753,0,0,0.028974875,0.00726132764,-2.83066284,0.859045
21,108,5.05760374,0,0,-0.0666607082,0.00427784712,-1.66762106,0.859045
21,109,5.10235994,0,0,0.0177201906,0.00507093566,-1.97678852,0.859045
21,110,5.14711615,0,0,-0.00654131388,0.00477817125,-1.862661,0.859045
21,111,5.19187236,0,0,0.0229507347,0.00580535911,-2.26308674,0.859045
21,112,5.23662857,0,0,-0.0117075783,0.0052813723,-2.05882244,0.859045
21,113,5.28138478,0,0,-0.00167145449,0.00520656434,-2.02966026,0.859045
21,114,5.32614098,0,0,0.00106058005,0.00525403188,-2.0481644,0.859045
21,115,5.37089719,0,0,0.0253764467,0.00638978541,-2.49091199,0.859045
21,116,5.4156534,0,0,0.00857655014,0.00677363927,-2.64054865,0.859045
21,117,5.46040961,0,0,0.0175849113,0.00756067321,-2.94735587,0.859045
21,118,5.50516582,0,0,-0.314737864,-0.0065258001,2.54393421,0.859045
21,119,5.54992202,0,0,-0.00332111317,-0.00667444053,2.60187829,0.859045
21,120,5.59467823,0,0,0.0427105634,-0.00476287767,1.85669914,0.859045
21,121,5.63943444,0,0,-0.00150280137,-0.00483013736,1.8829188,0.859045
21,122,5.68419065,0,0,0.0197131837,-0.00394785001,1.53897921,0.859045
21,123,5.72894686,0,0,0.0322783459,-0.00250319365,0.975812907,0.859045
21,124,5.77370306,0,0,0.0184626359,-0.00167687608,0.653691863,0.859045
21,125,5.81845927,0,0,-0.00295621154,-0.0018091849,0.705269436,0.859045
21,126,5.86321548,0,0,0.0159439543,-0.00109559396,0.427092298,0.859045
21,127,5.90797169,0,0,-0.0124870488,-0.00165446692,0.644956163,0.859045
22,0,0.223933272,0,0,0,-0.00290522375,1.13253516,0.893268
22,1,0.26868948,0,0,0.00874839532,-0.00251367875,0.979900282,0.893268
22,2,0.313445688,0,0,0.0105966866,-0.00203941124,0.795017919,0.893268
22,3,0.358201896,0,0,0.00908236121,-0.00163291919,0.636556272,0.893268
22,4,0.402958104,0,0,0.00943121661,-0.0012108137,0.472008081,0.893268
22,5,0.447714312,0,0,0.00756479832,-0.000872242008,0.340023637,0.893268
22,6,0.49247052,0,0,0.00703045737,-0.000557585396,0.217361939,0.893268
22,7,0.537226728,0,0,0.00536463137,-0.000317484838,0.123764217,0.893268
22,8,0.581982936,0,0,0.00758622533,2.20458405e-05,-0.00859406772,0.893268
22,9,0.626739144,0,0,0.0126405016,0.000587786758,-0.229135251,0.893268
22,10,0.671495352,0,0,0.0107304674,0.00106804179,-0.416351712,0.893268
22,11,0.71625156,0,0,0.0109829706,0.00155959791,-0.607973644,0.893268
22,12,0.761007768,0,0,0.00411254293,0.00174365973,-0.679725946,0.893268
22,13,0.805763976,0,0,0.00450840416,0.00194543881,-0.758384913,0.893268
22,14,0.850520184,0,0,0.0108847542,0.00243259913,-0.948293245,0.893268
22,15,0.895276392,0,0,0.0147882263,0.00309446406,-1.20630618,0.893268
22,16,0.9400326,0,0,0.0101776475,0.00354997697,-1.38387749,0.893268
22,17,0.984788808,0,0,0.00741013472,0.0038816265,-1.51316349,0.893268
22,18,1.02954502,0,0,0.00559366139,0.00413197757,-1.61075714,0.893268
22,19,1.07430122,0,0,0.00778928379,0.00448059638,-1.74665822,0.893268
22,20,1.11905743,0,0,0.00985851491,0.00492182612,-1.91866157,0.893268
22,21,1.16381364,0,0,0.00824093079,0.00529065893,-2.06244262,0.893268
22,22,1.20856985,0,0,0.00776165048,0.00563804098,-2.19786158,0.893268
22,23,1.25332606,0,0,0.0119974011,0.00617499916,-2.40718247,0.893268
22,24,1.29808226,0,0,0.0111095546,0.00667222069,-2.60101294,0.893268
22,25,1.34283847,0,0,0.00689311145,0.00698073022,-2.72127834,0.893268
22,26,1.38759468,0,0,0.00444700674,0.00717976138,-2.79886609,0.893268
22,27,1.43235089,0,0,0.0145758106,0.00783211939,-3.05317297,0.893268
22,28,1.4771071,0,0,-0.34442801,-0.00758317225,2.95612661,0.893268
22,29,1.5218633,0,0,0.0136635388,-0.00697164407,2.71773631,0.893268
22,30,1.56661951,0,0,0.0143635379,-0.00632878658,2.46713299,0.893268
22,31,1.61137572,0,0,0.0196450128,-0.0054495503,2.12438279,0.893268
22,32,1.65613193,0,0,0.0120547275,-0.0049100264,1.91406172,0.893268
22,33,1.70088814,0,0,0.00859530805,-0.00452533301,1.76409778,0.893268
22,34,1.74564434,0,0,0.00620298932,-0.00424771073,1.65587307,0.893268
22,35,1.79040055,0,0,0.0111288759,-0.00374962444,1.4617055,0.893268
22,36,1.83515676,0,0,0.017514362,-0.00296574801,1.15612917,0.893268
22,37,1.87991297,0,0,0.0133937863,-0.00236629293,0.922445285,0.893268
22,38,1.92466918,0,0,0.00454762294,-0.00216275857,0.843102062,0.893268
22,39,1.96942538,0,0,0.00335946335,-0.00201240173,0.78448888,0.893268
22,40,2.01418159,0,0,0.00442286325,-0.00181445114,0.707322361,0.893268
22,41,2.0589378,0,0,0.0028179923,-0.00168832849,0.658156325,0.893268
22,42,2.10369401,0,0,0.0183002555,-0.000869278452,0.338868362,0.893268
22,43,2.14845022,0,0,0.0110426956,-0.00037504927,0.146204397,0.893268
22,44,2.19320642,0,0,0.00863402265,1.13768443e-05,-0.00443500305,0.893268
22,45,2.23796263,0,0,0.000358566905,2.74249393e-05,-0.0106909866,0.893268
22,46,2.28271884,0,0,0.00591295905,0.000292066564,-0.113855483,0.893268
22,47,2.32747505,0,0,0.00151287101,0.000359776934,-0.140250825,0.893268
22,48,2.37223126,0,0,0.0184097007,0.00118372533,-0.461448299,0.893268
22,49,2.41698746,0,0,0.0122719082,0.0017329694,-0.675558565,0.893268
22,50,2.46174367,0,0,0.0134698015,0.00233582664,-0.910568698,0.893268
22,51,2.50649988,0,0,0.0126302998,0.00290111096,-1.13093189,0.893268
22,52,2.55125609,0,0,-0.0120086255,0.00236365043,-0.921415166,0.893268
22,53,2.5960123,0,0,-0.000763466873,0.00232948054,-0.908094817,0.893268
22,54,2.6407685,0,0,0.00933703108,0.00274737065,-1.07099974,0.893268
22,55,2.68552471,0,0,0.0171555716,0.00351518898,-1.37031619,0.893268
22,56,2.73028092,0,0,0.00980191008,0.00395388531,-1.54133194,0.893268
22,57,2.77503713,0,0,0.0227095587,0.00497027904,-1.93754983,0.893268
22,58,2.81979334,0,0,-0.00773570001,0.00462405844,-1.80258363,0.893268
22,59,2.86454954,0,0,-0.0168407069,0.00387033226,-1.50876069,0.893268
22,60,2.90930575,0,0,-0.0289650949,0.00257396445,-1.00340129,0.893268
22,61,2.95406196,0,0,-0.0148428613,0.00190965426,-0.744435123,0.893268
22,62,2.99881817,0,0,-0.13574036,-0.00416556953,1.6238522,0.893268
22,63,3.04357438,0,0,0.019749778,-0.00328164436,1.27927415,0.893268
22,64,3.08833058,0,0,0.0271763632,-0.00206533339,0.805123079,0.893268
22,65,3.13308679,0,0,0.0104419649,-0.00159799064,0.622940174,0.893268
22,66,3.177843,0,0,0.016867582,-0.000843061627,0.328648331,0.893268
22,67,3.22259921,0,0,0.00360066047,-0.000681909718,0.265826938,0.893268
22,68,3.26735542,0,0,-0.026297917,-0.00185890476,0.72465159,0.893268
22,69,3.31211162,0,0,0.00199093087,-0.00176979824,0.689915448,0.893268
22,70,3.35686783,0,0,0.00631538861,-0.0014871454,0.579729688,0.893268
22,71,3.40162404,0,0,0.0288558107,-0.000195668735,0.07627699,0.893268
22,72,3.44638025,0,0,0.0163253035,0.000534989946,-0.208553619,0.893268
22,73,3.49113646,0,0,-0.00957208511,0.000106579714,-0.0415476686,0.893268
22,74,3.53589266,0,0,-0.0219184358,-0.000874406358,0.34086736,0.893268
22,75,3.58064887,0,0,-0.00252799323,-0.000987549749,0.384973728,0.893268
22,76,3.62540508,0,0,0.00254667587,-0.000873570194,0.3405414,0.893268
22,77,3.67016129,0,0,0.0074421601,-0.000540487329,0.210696648,0.893268
22,78,3.7149175,0,0,0.00891201555,-0.000141619307,0.0552070542,0.893268
22,79,3.7596737,0,0,-0.00408896701,-0.000324625965,0.126548023,0.893268
22,80,3.80442991,0,0,-0.010583593,-0.000798307453,0.311201938,0.893268
22,81,3.84918612,0,0,0.0164413665,-6.24542359e-05,0.0243463583,0.893268
22,82,3.89394233,0,0,0.00646867224,0.000227059004,-0.0885137701,0.893268
22,83,3.93869854,0,0,0.00561142881,0.000478205279,-0.186417413,0.893268
22,84,3.98345474,0,0,0.00848122195,0.000857792613,-0.33439087,0.893268
22,85,4.02821095,0,0,-0.0425394735,-0.00104611291,0.40780324,0.893268
22,86,4.07296716,0,0,-0.00427749655,-0.00123755744,0.482433518,0.893268
22,87,4.11772337,0,0,0.0175828193,-0.00045061712,0.175662798,0.893268
22,88,4.16247958,0,0,0.00695619383,-0.000139284262,0.0542967902,0.893268
22,89,4.20723578,0,0,0.00454154847,6.3978226e-05,-0.024940451,0.893268
22,90,4.25199199,0,0,-0.0211827532,-0.00088408148,0.344638985,0.893268
22,91,4.2967482,0,0,-0.00753942674,-0.00122151763,0.476180766,0.893268
22,92,4.34150441,0,0,0.012491389,-0.000662450425,0.258241177,0.893268
22,93,4.38626062,0,0,0.0171379388,0.000104578727,-0.0407676296,0.893268
22,94,4.43101682,0,0,0.00911978953,0.000512745924,-0.199882295,0.893268
22,95,4.47577303,0,0,-0.00676027794,0.000210181519,-0.0819344675,0.893268
22,96,4.52052924,0,0,-0.0271334347,-0.00100420813,0.391467617,0.893268
22,97,4.56528545,0,0,0.00231485004,-0.000900604218,0.351079997,0.893268
22,98,4.61004166,0,0,0.00973871293,-0.000464736356,0.181166861,0.893268
22,99,4.65479786,0,0,0.0166078965,0.000278570113,-0.1085942,0.893268
22,100,4.69955407,0,0,0.00747943864,0.000613321424,-0.239089358,0.893268
22,101,4.74431028,0,0,-0.00569171186,0.000358581984,-0.139785002,0.893268
22,102,4.78906649,0,0,-0.0124956565,-0.000200676215,0.078229042,0.893268
22,103,4.8338227,0,0,0.00871078361,0.000189185428,-0.0737496206,0.893268
22,104,4.8785789,0,0,0.0133537647,0.0007868493,-0.306735239,0.893268
22,105,4.92333511,0,0,0.0127579626,0.00135784733,-0.529325786,0.893268
22,106,4.96809132,0,0,0.0167919099,0.00210938954,-0.822297363,0.893268
22,107,5.01284753,0,0,-0.0279783719,0.000857183705,-0.334153501,0.893268
22,108,5.05760374,0,0,-0.00826455754,0.000487293449,-0.189960228,0.893268
22,109,5.10235994,0,0,0.00546722706,0.0007319858,-0.285347956,0.893268
22,110,5.14711615,0,0,0.0119905942,0.00126863933,-0.494550084,0.893268
22,111,5.19187236,0,0,0.00358287695,0.00142899531,-0.557061205,0.893268
22,112,5.23662857,0,0,-0.045610132,-0.000612341238,0.238707254,0.893268
22,113,5.28138478,0,0,0.000137378434,-0.0006061927,0.236310387,0.893268
22,114,5.32614098,0,0,0.0188455368,0.000237262066,-0.0924912009,0.893268
22,115,5.37089719,0,0,0.00970203293,0.00067148827,-0.261764375,0.893268
22,116,5.4156534,0,0,0.0092920239,0.00108736402,-0.423884045,0.893268
22,117,5.46040961,0,0,-0.0185560153,0.000256867144,-0.100133793,0.893268
22,118,5.50516582,0,0,-0.027179708,-0.000959593521,0.374075631,0.893268
22,119,5.54992202,0,0,0.00223495783,-0.000859565284,0.335081906,0.893268
22,120,5.59467823,0,0,0.023330749,0.000184630571,-0.0719740138,0.893268
22,121,5.63943444,0,0,0.0163653293,0.000917080653,-0.357502959,0.893268
22,122,5.68419065,0,0,-0.0117388852,0.000391692664,-0.152692444,0.893268
22,123,5.72894686,0,0,-0.0177510806,-0.000402778393,0.157013963,0.893268
22,124,5.77370306,0,0,-0.00353881154,-0.000561162178,0.218756266,0.893268
22,125,5.81845927,0,0,0.0126332054,4.25218986e-06,-0.00165761916,0.893268
22,126,5.86321548,0,0,0.0093611553,0.000423222004,-0.164983438,0.893268
22,127,5.90797169,0,0,-0.00490325827,0.000203770757,-0.0794353782,0.893268
23,0,0.223933272,0,0,0,0.00108018888,-0.421086978,0.903121
23,1,0.26868948,0,0,-0.00450575829,0.000878528223,-0.342474175,0.903121
23,2,0.313445688,0,0,0.00454133951,0.00108178136,-0.42170777,0.903121
23,3,0.358201896,0,0,0.00597393113,0.00134915186,-0.525936058,0.903121
23,4,0.402958104,0,0,-0.00944578995,0.000926394124,-0.361133603,0.903121
23,5,0.447714312,0,0,-0.00234566119,0.000821411224,-0.320208416,0.903121
23,6,0.49247052,0,0,0.00284655372,0.000948812174,-0.369872769,0.903121
23,7,0.537226728,0,0,-0.0018762925,0.000864836437,-0.337136744,0.903121
23,8,0.581982936,0,0,-0.00621279599,0.000586775247,-0.228740936,0.903121
23,9,0.626739144,0,0,0.00123633795,0.000642109045,-0.250311555,0.903121
23,10,0.671495352,0,0,0.0017225985,0.000719206022,-0.280366051,0.903121
23,11,0.71625156,0,0,-0.00778036159,0.00037098654,-0.144620635,0.903121
23,12,0.761007768,0,0,-0.00497093522,0.00014850633,-0.0578918029,0.903121
23,13,0.805763976,0,0,0.00436902081,0.000344047134,-0.134118922,0.903121
23,14,0.850520184,0,0,0.00286242228,0.000472158301,-0.184060136,0.903121
23,15,0.895276392,0,0,-0.0129612773,-0.00010793932,0.04207768,0.903121
23,16,0.9400326,0,0,0.00460985687,9.83803931e-05,-0.0383513506,0.903121
23,17,0.984788808,0,0,0.00228411821,0.000200608863,-0.0782027861,0.903121
23,18,1.02954502,0,0,-0.015014039,-0.000471362589,0.183749946,0.903121
23,19,1.07430122,0,0,-0.000991064031,-0.000515718857,0.201041224,0.903121
23,20,1.11905743,0,0,0.00715334399,-0.000195562305,0.0762355007,0.903121
23,21,1.16381364,0,0,-0.00617811802,-0.00047207144,0.184026275,0.903121
23,22,1.20856985,0,0,-0.00499807244,-0.00069576621,0.271228575,0.903121
23,23,1.25332606,0,0,-0.00121995812,-0.000750366909,0.292513412,0.903121
23,24,1.29808226,0,0,0.00673553018,-0.00044891012,0.174997363,0.903121
23,25,1.34283847,0,0,0.0100744706,1.98498392e-06,-0.000773800672,0.903121
23,26,1.38759468,0,0,-0.0118289337,-0.000527433231,0.205607806,0.903121
23,27,1.43235089,0,0,0.000440504497,-0.00050771792,0.197922242,0.903121
23,28,1.4771071,0,0,0.00789851999,-0.000154210116,0.0601152939,0.903121
23,29,1.5218633,0,0,-0.0217287123,-0.00112670488,0.439220181,0.903121
23,30,1.56661951,0,0,-0.000985532826,-0.0011708136,0.456414955,0.903121
23,31,1.61137572,0,0,0.0262097323,2.23463632e-06,-0.000871121962,0.903121
23,32,1.65613193,0,0,0.00664570667,0.000299671266,-0.116820003,0.903121
23,33,1.70088814,0,0,0.00303307843,0.000435420355,-0.169738687,0.903121
23,34,1.74564434,0,0,0.00105605371,0.000482685315,-0.188163852,0.903121
23,35,1.79040055,0,0,-0.0118581295,-4.8039596e-05,0.0187271399,0.903121
23,36,1.83515676,0,0,0.00716136188,0.000272475806,-0.106218473,0.903121
23,37,1.87991297,0,0,-0.0177048207,-0.000519924833,0.202680828,0.903121
23,38,1.92466918,0,0,-0.00643235268,-0.000807812548,0.314907283,0.903121
23,39,1.96942538,0,0,0.0248020555,0.000302233409,-0.117818796,0.903121
23,40,2.01418159,0,0,0.00135329036,0.000362801554,-0.141429905,0.903121
23,41,2.0589378,0,0,-0.0345365734,-0.00118292451,0.461136118,0.903121
23,42,2.10369401,0,0,-0.0211668038,-0.00213027038,0.830437282,0.903121
23,43,2.14845022,0,0,0.00844989974,-0.00175208491,0.683010309,0.903121
23,44,2.19320642,0,0,-0.0069944436,-0.00206512968,0.805043668,0.903121
23,45,2.23796263,0,0,0.0130398705,-0.00148151453,0.577534621,0.903121
23,46,2.28271884,0,0,-0.00724257146,-0.00180566456,0.703897113,0.903121
23,47,2.32747505,0,0,-0.00431289394,-0.00199869334,0.779144976,0.903121
23,48,2.37223126,0,0,-0.0145719715,-0.00265087953,1.03338488,0.903121
23,49,2.41698746,0,0,0.0217783674,-0.00167616239,0.653413647,0.903121
23,50,2.46174367,0,0,0.00818701576,-0.00130974261,0.51057326,0.903121
23,51,2.50649988,0,0,-0.00307187248,-0.00144722797,0.56416879,0.903121
23,52,2.55125609,0,0,0.00820353874,-0.00108006869,0.421040123,0.903121
23,53,2.5960123,0,0,-0.00647196447,-0.00136972927,0.533957692,0.903121
23,54,2.6407685,0,0,-0.00496935473,-0.00159213875,0.620658949,0.903121
23,55,2.68552471,0,0,-0.000807176822,-0.00162826492,0.634741913,0.903121
23,56,2.73028092,0,0,0.00368728822,-0.00146323588,0.570409109,0.903121
23,57,2.77503713,0,0,0.00307635148,-0.00132555006,0.516735432,0.903121
23,58,2.81979334,0,0,0.00484421101,-0.00110874154,0.432217581,0.903121
23,59,2.86454954,0,0,-0.00928996959,-0.00152452535,0.59430141,0.903121
23,60,2.90930575,0,0,0.00592297626,-0.00125943539,0.490962141,0.903121
23,61,2.95406196,0,0,0.00567091667,-0.00100562667,0.392020602,0.903121
23,62,2.99881817,0,0,-0.00471937175,-0.00121684785,0.474360359,0.903121
23,63,3.04357438,0,0,-0.00144772693,-0.00128164262,0.499619121,0.903121
23,64,3.08833058,0,0,0.00259245327,-0.00116561424,0.454388106,0.903121
23,65,3.13308679,0,0,-0.00641481312,-0.00145271695,0.566308544,0.903121
23,66,3.177843,0,0,0.0070140501,-0.00113879467,0.443933107,0.903121
23,67,3.22259921,0,0,-0.00083616052,-0.00117621804,0.458521755,0.903121
23,68,3.26735542,0,0,-0.00460660134,-0.00138239205,0.538893986,0.903121
23,69,3.31211162,0,0,-0.0109117756,-0.00187076175,0.729273765,0.903121
23,70,3.35686783,0,0,0.00784873891,-0.00151948196,0.592335357,0.903121
23,71,3.40162404,0,0,-0.00663318603,-0.00181635821,0.708065788,0.903121
23,72,3.44638025,0,0,0.00548208246,-0.00157100099,0.612418875,0.903121
23,73,3.49113646,0,0,0.00421925979,-0.00138216292,0.538804665,0.903121
23,74,3.53589266,0,0,0.00112548333,-0.00133179055,0.519168147,0.903121
23,75,3.58064887,0,0,-0.00294915259,-0.00146378344,0.570622562,0.903121
23,76,3.62540508,0,0,-0.00118580641,-0.00151685564,0.591311547,0.903121
23,77,3.67016129,0,0,0.00170985064,-0.00144032921,0.561479464,0.903121
23,78,3.7149175,0,0,0.00700376773,-0.00112686712,0.439283426,0.903121
23,79,3.7596737,0,0,-0.00216864186,-0.00122392731,0.477120124,0.903121
23,80,3.80442991,0,0,-0.00445104517,-0.00142313921,0.554778337,0.903121
23,81,3.84918612,0,0,-0.00151030771,-0.00149073486,0.581128957,0.903121
23,82,3.89394233,0,0,-0.00444894935,-0.00168985296,0.658750604,0.903121
23,83,3.93869854,0,0,0.00752477506,-0.00135307256,0.527464453,0.903121
23,84,3.98345474,0,0,0.00928947443,-0.000937310913,0.365389264,0.903121
23,85,4.02821095,0,0,0.00671492111,-0.000636776507,0.248232786,0.903121
23,86,4.07296716,0,0,-0.00511161962,-0.000865553218,0.337416165,0.903121
23,87,4.11772337,0,0,0.00939800475,-0.000444934163,0.173447427,0.903121
23,88,4.16247958,0,0,0.0081137748,-8.17923701e-05,0.0318848885,0.903121
23,89,4.20723578,0,0,0.00611767642,0.000192011628,-0.0748513504,0.903121
23,90,4.25199199,0,0,-0.00947757055,-0.000232168491,0.0905055866,0.903121
23,91,4.2967482,0,0,0.0111616583,0.000267385009,-0.104233942,0.903121
23,92,4.34150441,0,0,0.0166214079,0.0010112962,-0.394230739,0.903121
23,93,4.38626062,0,0,-0.00531716624,0.000773320001,-0.301461151,0.903121
23,94,4.43101682,0,0,-0.00580634059,0.000513450214,-0.200156846,0.903121
23,95,4.47577303,0,0,-0.00532338805,0.000275195551,-0.107278704,0.903121
23,96,4.52052924,0,0,0.00929703326,0.000691295505,-0.269485773,0.903121
23,97,4.56528545,0,0,-0.00582936623,0.000430395178,-0.167779736,0.903121
23,98,4.61004166,0,0,-0.00559420824,0.00018001963,-0.0701765438,0.903121
23,99,4.65479786,0,0,0.00263027698,0.000297740854,-0.116067476,0.903121
23,100,4.69955407,0,0,0.00657574701,0.000592046355,-0.230795757,0.903121
23,101,4.74431028,0,0,-0.000561641539,0.000566909409,-0.220996693,0.903121
23,102,4.78906649,0,0,-0.00443227227,0.00036853771,-0.143666014,0.903121
23,103,4.8338227,0,0,0.00455422357,0.000572367487,-0.2231244,0.903121
23,104,4.8785789,0,0,-0.0175908426,-0.000214931923,0.0837863042,0.903121
23,105,4.92333511,0,0,0.011250759,0.000288609389,-0.112507783,0.903121
23,106,4.96809132,0,0,0.0104180655,0.000754882494,-0.294273709,0.903121
23,107,5.01284753,0,0,-0.00599574573,0.000486535651,-0.189664818,0.903121
23,108,5.05760374,0,0,0.00703283605,0.000801298724,-0.312368017,0.903121
23,109,5.10235994,0,0,-0.000461978192,0.000780622332,-0.304307798,0.903121
23,110,5.14711615,0,0,0.00911232747,0.00118845556,-0.463292271,0.903121
23,111,5.19187236,0,0,-0.0122817692,0.000638770139,-0.249009958,0.903121
23,112,5.23662857,0,0,0.0079044562,0.000992543625,-0.386920476,0.903121
23,113,5.28138478,0,0,0.00975056375,0.00142894188,-0.557040377,0.903121
23,114,5.32614098,0,0,0.0101051247,0.00188120895,-0.733346367,0.903121
23,115,5.37089719,0,0,0.00683196511,0.0021869818,-0.852544933,0.903121
23,116,5.4156534,0,0,-0.00289025736,0.00205762484,-0.802118075,0.903121
23,117,5.46040961,0,0,0.0228671543,0.00308107195,-1.20108557,0.903121
23,118,5.50516582,0,0,0.00665680761,0.00337900542,-1.31722813,0.903121
23,119,5.54992202,0,0,0.0130022956,0.00396093886,-1.5440816,0.903121
23,120,5.59467823,0,0,0.00413279924,0.00414590729,-1.61618732,0.903121
23,121,5.63943444,0,0,0.0165893296,0.00488838277,-1.90562444,0.903121
23,122,5.68419065,0,0,0.00396416795,0.0050658039,-1.97478802,0.903121
23,123,5.72894686,0,0,-0.0397908563,0.00328491606,-1.28054954,0.903121
23,124,5.77370306,0,0,0.00338250445,0.00343630413,-1.33956473,0.903121
23,125,5.81845927,0,0,0.000578194308,0.00346218192,-1.34965259,0.903121
23,126,5.86321548,0,0,-0.00574126795,0.00320522453,-1.24948362,0.903121
23,127,5.90797169,0,0,0.00197675297,0.0032936965,-1.2839724,0.903121
24,0,0.223933272,0,0,0,0.00108018888,-0.421086978,0.905196
24,1,0.26868948,0,0,-0.00450575829,0.000878528223,-0.342474175,0.905196
24,2,0.313445688,0,0,0.00454133951,0.00108178136,-0.42170777,0.905196
24,3,0.358201896,0,0,0.00597393113,0.00134915186,-0.525936058,0.905196
24,4,0.402958104,0,0,-0.00944578995,0.000926394124,-0.361133603,0.905196
24,5,0.447714312,0,0,-0.00234566119,0.000821411224,-0.320208416,0.905196
24,6,0.49247052,0,0,0.00284655372,0.000948812174,-0.369872769,0.905196
24,7,0.537226728,0,0,-0.0018762925,0.000864836437,-0.337136744,0.905196
24,8,0.581982936,0,0,-0.00621279599,0.000586775247,-0.228740936,0.905196
24,9,0.626739144,0,0,0.00123633795,0.000642109045,-0.250311555,0.905196
24,10,0.671495352,0,0,0.0017225985,0.000719206022,-0.280366051,0.905196
24,11,0.71625156,0,0,-0.00778036159,0.00037098654,-0.144620635,0.905196
24,12,0.761007768,0,0,-0.00497093522,0.00014850633,-0.0578918029,0.905196
24,13,0.805763976,0,0,0.00436902081,0.000344047134,-0.134118922,0.905196
24,14,0.850520184,0,0,0.00286242228,0.000472158301,-0.184060136,0.905196
24,15,0.895276392,0,0,-0.0129612773,-0.00010793932,0.04207768,0.905196
24,16,0.9400326,0,0,0.00460985687,9.83803931e-05,-0.0383513506,0.905196
24,17,0.984788808,0,0,0.00228411821,0.000200608863,-0.0782027861,0.905196
24,18,1.02954502,0,0,-0.015014039,-0.000471362589,0.183749946,0.905196
24,19,1.07430122,0,0,-0.000991064031,-0.000515718857,0.201041224,0.905196
24,20,1.11905743,0,0,0.00715334399,-0.000195562305,0.0762355007,0.905196
24,21,1.16381364,0,0,-0.00617811802,-0.00047207144,0.184026275,0.905196
24,22,1.20856985,0,0,-0.00499807244,-0.00069576621,0.271228575,0.905196
24,23,1.25332606,0,0,-0.00121995812,-0.000750366909,0.292513412,0.905196
24,24,1.29808226,0,0,0.00673553018,-0.00044891012,0.174997363,0.905196
24,25,1.34283847,0,0,0.0100744706,1.98498392e-06,-0.000773800672,0.905196
24,26,1.38759468,0,0,-0.0118289337,-0.000527433231,0.205607806,0.905196
24,27,1.43235089,0,0,0.000440504497,-0.00050771792,0.197922242,0.905196
24,28,1.4771071,0,0,0.00789851999,-0.000154210116,0.0601152939,0.905196
24,29,1.5218633,0,0,-0.0217287123,-0.00112670488,0.439220181,0.905196
24,30,1.56661951,0,0,-0.000985532826,-0.0011708136,0.456414955,0.905196
24,31,1.61137572,0,0,0.0262097323,2.23463632e-06,-0.000871121962,0.905196
24,32,1.65613193,0,0,0.00664570667,0.000299671266,-0.116820003,0.905196
24,33,1.70088814,0,0,0.00303307843,0.000435420355,-0.169738687,0.905196
24,34,1.74564434,0,0,0.00105605371,0.000482685315,-0.188163852,0.905196
24,35,1.79040055,0,0,-0.0118581295,-4.8039596e-05,0.0187271399,0.905196
24,36,1.83515676,0,0,0.00716136188,0.000272475806,-0.106218473,0.905196
24,37,1.87991297,0,0,-0.0177048207,-0.000519924833,0.202680828,0.905196
24,38,1.92466918,0,0,-0.00643235268,-0.000807812548,0.314907283,0.905196
24,39,1.96942538,0,0,0.0248020555,0.000302233409,-0.117818796,0.905196
24,40,2.01418159,0,0,0.00135329036,0.000362801554,-0.141429905,0.905196
24,41,2.0589378,0,0,-0.0345365734,-0.00118292451,0.461136118,0.905196
24,42,2.10369401,0,0,-0.0211668038,-0.00213027038,0.830437282,0.905196
24,43,2.14845022,0,0,0.00844989974,-0.00175208491,0.683010309,0.905196
24,44,2.19320642,0,0,-0.0069944436,-0.00206512968,0.805043668,0.905196
24,45,2.23796263,0,0,0.0130398705,-0.00148151453,0.577534621,0.905196
24,46,2.28271884,0,0,-0.00724257146,-0.00180566456,0.703897113,0.905196
24,47,2.32747505,0,0,-0.00431289394,-0.00199869334,0.779144976,0.905196
24,48,2.37223126,0,0,-0.0145719715,-0.00265087953,1.03338488,0.905196
24,49,2.41698746,0,0,0.0217783674,-0.00167616239,0.653413647,0.905196
24,50,2.46174367,0,0,0.00818701576,-0.00130974261,0.51057326,0.905196
24,51,2.50649988,0,0,-0.00307187248,-0.00144722797,0.56416879,0.905196
24,52,2.55125609,0,0,0.00820353874,-0.00108006869,0.421040123,0.905196
24,53,2.5960123,0,0,-0.00647196447,-0.00136972927,0.533957692,0.905196
24,54,2.6407685,0,0,-0.00496935473,-0.00159213875,0.620658949,0.905196
24,55,2.68552471,0,0,-0.000807176822,-0.00162826492,0.634741913,0.905196
24,56,2.73028092,0,0,0.00368728822,-0.00146323588,0.570409109,0.905196
24,57,2.77503713,0,0,0.00307635148,-0.00132555006,0.516735432,0.905196
24,58,2.81979334,0,0,0.00484421101,-0.00110874154,0.432217581,0.905196
24,59,2.86454954,0,0,-0.00928996959,-0.00152452535,0.59430141,0.905196
24,60,2.90930575,0,0,0.00592297626,-0.00125943539,0.490962141,0.905196
24,61,2.95406196,0,0,0.00567091667,-0.00100562667,0.392020602,0.905196
24,62,2.99881817,0,0,-0.00471937175,-0.00121684785,0.474360359,0.905196
24,63,3.04357438,0,0,-0.00144772693,-0.00128164262,0.499619121,0.905196
24,64,3.08833058,0,0,0.00259245327,-0.00116561424,0.454388106,0.905196
24,65,3.13308679,0,0,-0.00641481312,-0.00145271695,0.566308544,0.905196
24,66,3.177843,0,0,0.0070140501,-0.00113879467,0.443933107,0.905196
24,67,3.22259921,0,0,-0.00083616052,-0.00117621804,0.458521755,0.905196
24,68,3.26735542,0,0,-0.00460660134,-0.00138239205,0.538893986,0.905196
24,69,3.31211162,0,0,-0.0109117756,-0.00187076175,0.729273765,0.905196
24,70,3.35686783,0,0,0.00784873891,-0.00151948196,0.592335357,0.905196
24,71,3.40162404,0,0,-0.00663318603,-0.00181635821,0.708065788,0.905196
24,72,3.44638025,0,0,0.00548208246,-0.00157100099,0.612418875,0.905196
24,73,3.49113646,0,0,0.00421925979,-0.00138216292,0.538804665,0.905196
24,74,3.53589266,0,0,0.00112548333,-0.00133179055,0.519168147,0.905196
24,75,3.58064887,0,0,-0.00294915259,-0.00146378344,0.570622562,0.905196
24,76,3.62540508,0,0,-0.00118580641,-0.00151685564,0.591311547,0.905196
24,77,3.67016129,0,0,0.00170985064,-0.00144032921,0.561479464,0.905196
24,78,3.7149175,0,0,0.00700376773,-0.00112686712,0.439283426,0.905196
24,79,3.7596737,0,0,-0.00216864186,-0.00122392731,0.477120124,0.905196
24,80,3.80442991,0,0,-0.00445104517,-0.00142313921,0.554778337,0.905196
24,81,3.84918612,0,0,-0.00151030771,-0.00149073486,0.581128957,0.905196
24,82,3.89394233,0,0,-0.00444894935,-0.00168985296,0.658750604,0.905196
24,83,3.93869854,0,0,0.00752477506,-0.00135307256,0.527464453,0.905196
24,84,3.98345474,0,0,0.00928947443,-0.000937310913,0.365389264,0.905196
24,85,4.02821095,0,0,0.00671492111,-0.000636776507,0.248232786,0.905196
24,86,4.07296716,0,0,-0.00511161962,-0.000865553218,0.337416165,0.905196
24,87,4.11772337,0,0,0.00939800475,-0.000444934163,0.173447427,0.905196
24,88,4.16247958,0,0,0.0081137748,-8.17923701e-05,0.0318848885,0.905196
24,89,4.20723578,0,0,0.00611767642,0.000192011628,-0.0748513504,0.905196
24,90,4.25199199,0,0,-0.00947757055,-0.000232168491,0.0905055866,0.905196
24,91,4.2967482,0,0,0.0111616583,0.000267385009,-0.104233942,0.905196
24,92,4.34150441,0,0,0.0166214079,0.0010112962,-0.394230739,0.905196
24,93,4.38626062,0,0,-0.00531716624,0.000773320001,-0.301461151,0.905196
24,94,4.43101682,0,0,-0.00580634059,0.000513450214,-0.200156846,0.905196
24,95,4.47577303,0,0,-0.00532338805,0.000275195551,-0.107278704,0.905196
24,96,4.52052924,0,0,0.00929703326,0.000691295505,-0.269485773,0.905196
24,97,4.56528545,0,0,-0.00582936623,0.000430395178,-0.167779736,0.905196
24,98,4.61004166,0,0,-0.00559420824,0.00018001963,-0.0701765438,0.905196
24,99,4.65479786,0,0,0.00263027698,0.000297740854,-0.116067476,0.905196
24,100,4.69955407,0,0,0.00657574701,0.000592046355,-0.230795757,0.905196
24,101,4.74431028,0,0,-0.000561641539,0.000566909409,-0.220996693,0.905196
24,102,4.78906649,0,0,-0.00443227227,0.00036853771,-0.143666014,0.905196
24,103,4.8338227,0,0,0.00455422357,0.000572367487,-0.2231244,0.905196
24,104,4.8785789,0,0,-0.0175908426,-0.000214931923,0.0837863042,0.905196
24,105,4.92333511,0,0,0.011250759,0.000288609389,-0.112507783,0.905196
24,106,4.96809132,0,0,0.0104180655,0.000754882494,-0.294273709,0.905196
24,107,5.01284753,0,0,-0.00599574573,0.000486535651,-0.189664818,0.905196
24,108,5.05760374,0,0,0.00703283605,0.000801298724,-0.312368017,0.905196
24,109,5.10235994,0,0,-0.000461978192,0.000780622332,-0.304307798,0.905196
24,110,5.14711615,0,0,0.00911232747,0.00118845556,-0.463292271,0.905196
24,111,5.19187236,0,0,-0.0122817692,0.000638770139,-0.249009958,0.905196
24,112,5.23662857,0,0,0.0079044562,0.000992543625,-0.386920476,0.905196
24,113,5.28138478,0,0,0.00975056375,0.00142894188,-0.557040377,0.905196
24,114,5.32614098,0,0,0.0101051247,0.00188120895,-0.733346367,0.905196
24,115,5.37089719,0,0,0.00683196511,0.0021869818,-0.852544933,0.905196
24,116,5.4156534,0,0,-0.00289025736,0.00205762484,-0.802118075,0.905196
24,117,5.46040961,0,0,0.0228671543,0.00308107195,-1.20108557,0.905196
24,118,5.50516582,0,0,0.00665680761,0.00337900542,-1.31722813,0.905196
24,119,5.54992202,0,0,0.0130022956,0.00396093886,-1.5440816,0.905196
24,120,5.59467823,0,0,0.00413279924,0.00414590729,-1.61618732,0.905196
24,121,5.63943444,0,0,0.0165893296,0.00488838277,-1.90562444,0.905196
24,122,5.68419065,0,0,0.00396416795,0.0050658039,-1.97478802,0.905196
24,123,5.72894686,0,0,-0.0397908563,0.00328491606,-1.28054954,0.905196
24,124,5.77370306,0,0,0.00338250445,0.00343630413,-1.33956473,0.905196
24,125,5.81845927,0,0,0.000578194308,0.00346218192,-1.34965259,0.905196
24,126,5.86321548,0,0,-0.00574126795,0.00320522453,-1.24948362,0.905196
24,127,5.90797169,0,0,0.00197675297,0.0032936965,-1.2839724,0.905196
